layer,head,pair,n_rows,n_layers,n_heads,l2_mean_mean,l2_mean_std,l2_mean_median
0,0,gpqa_orgn_vs_gpqa_ver1,1,1,1,0.140835,,0.140835
0,0,gsm8k_orgn_vs_gpqa_orgn,1,1,1,0.139649,,0.139649
0,0,gsm8k_orgn_vs_gpqa_ver1,1,1,1,0.155089,,0.155089
0,0,gsm8k_orgn_vs_gsm8k_ver1,1,1,1,0.172749,,0.172749
0,0,gsm8k_ver1_vs_gpqa_orgn,1,1,1,0.165308,,0.165308
0,0,gsm8k_ver1_vs_gpqa_ver1,1,1,1,0.178695,,0.178695
0,1,gpqa_orgn_vs_gpqa_ver1,1,1,1,0.160979,,0.160979
0,1,gsm8k_orgn_vs_gpqa_orgn,1,1,1,0.158102,,0.158102
0,1,gsm8k_orgn_vs_gpqa_ver1,1,1,1,0.171925,,0.171925
0,1,gsm8k_orgn_vs_gsm8k_ver1,1,1,1,0.179493,,0.179493
0,1,gsm8k_ver1_vs_gpqa_orgn,1,1,1,0.1746,,0.1746
0,1,gsm8k_ver1_vs_gpqa_ver1,1,1,1,0.186369,,0.186369
0,2,gpqa_orgn_vs_gpqa_ver1,1,1,1,0.246004,,0.246004
0,2,gsm8k_orgn_vs_gpqa_orgn,1,1,1,0.249802,,0.249802
0,2,gsm8k_orgn_vs_gpqa_ver1,1,1,1,0.265251,,0.265251
0,2,gsm8k_orgn_vs_gsm8k_ver1,1,1,1,0.307741,,0.307741
0,2,gsm8k_ver1_vs_gpqa_orgn,1,1,1,0.295944,,0.295944
0,2,gsm8k_ver1_vs_gpqa_ver1,1,1,1,0.307775,,0.307775
0,3,gpqa_orgn_vs_gpqa_ver1,1,1,1,0.155201,,0.155201
0,3,gsm8k_orgn_vs_gpqa_orgn,1,1,1,0.141514,,0.141514
0,3,gsm8k_orgn_vs_gpqa_ver1,1,1,1,0.165032,,0.165032
0,3,gsm8k_orgn_vs_gsm8k_ver1,1,1,1,0.168656,,0.168656
0,3,gsm8k_ver1_vs_gpqa_orgn,1,1,1,0.163687,,0.163687
0,3,gsm8k_ver1_vs_gpqa_ver1,1,1,1,0.184184,,0.184184
0,4,gpqa_orgn_vs_gpqa_ver1,1,1,1,0.369876,,0.369876
0,4,gsm8k_orgn_vs_gpqa_orgn,1,1,1,0.351167,,0.351167
0,4,gsm8k_orgn_vs_gpqa_ver1,1,1,1,0.373125,,0.373125
0,4,gsm8k_orgn_vs_gsm8k_ver1,1,1,1,0.404183,,0.404183
0,4,gsm8k_ver1_vs_gpqa_orgn,1,1,1,0.405528,,0.405528
0,4,gsm8k_ver1_vs_gpqa_ver1,1,1,1,0.420021,,0.420021
0,5,gpqa_orgn_vs_gpqa_ver1,1,1,1,0.385087,,0.385087
0,5,gsm8k_orgn_vs_gpqa_orgn,1,1,1,0.400651,,0.400651
0,5,gsm8k_orgn_vs_gpqa_ver1,1,1,1,0.414375,,0.414375
0,5,gsm8k_orgn_vs_gsm8k_ver1,1,1,1,0.438972,,0.438972
0,5,gsm8k_ver1_vs_gpqa_orgn,1,1,1,0.428451,,0.428451
0,5,gsm8k_ver1_vs_gpqa_ver1,1,1,1,0.423127,,0.423127
0,6,gpqa_orgn_vs_gpqa_ver1,1,1,1,0.290013,,0.290013
0,6,gsm8k_orgn_vs_gpqa_orgn,1,1,1,0.296586,,0.296586
0,6,gsm8k_orgn_vs_gpqa_ver1,1,1,1,0.313302,,0.313302
0,6,gsm8k_orgn_vs_gsm8k_ver1,1,1,1,0.302332,,0.302332
0,6,gsm8k_ver1_vs_gpqa_orgn,1,1,1,0.312841,,0.312841
0,6,gsm8k_ver1_vs_gpqa_ver1,1,1,1,0.308328,,0.308328
0,7,gpqa_orgn_vs_gpqa_ver1,1,1,1,0.207308,,0.207308
0,7,gsm8k_orgn_vs_gpqa_orgn,1,1,1,0.191132,,0.191132
0,7,gsm8k_orgn_vs_gpqa_ver1,1,1,1,0.212228,,0.212228
0,7,gsm8k_orgn_vs_gsm8k_ver1,1,1,1,0.200595,,0.200595
0,7,gsm8k_ver1_vs_gpqa_orgn,1,1,1,0.210176,,0.210176
0,7,gsm8k_ver1_vs_gpqa_ver1,1,1,1,0.213492,,0.213492
0,8,gpqa_orgn_vs_gpqa_ver1,1,1,1,0.151953,,0.151953
0,8,gsm8k_orgn_vs_gpqa_orgn,1,1,1,0.140242,,0.140242
0,8,gsm8k_orgn_vs_gpqa_ver1,1,1,1,0.160841,,0.160841
0,8,gsm8k_orgn_vs_gsm8k_ver1,1,1,1,0.137271,,0.137271
0,8,gsm8k_ver1_vs_gpqa_orgn,1,1,1,0.143409,,0.143409
0,8,gsm8k_ver1_vs_gpqa_ver1,1,1,1,0.144436,,0.144436
0,9,gpqa_orgn_vs_gpqa_ver1,1,1,1,0.262325,,0.262325
0,9,gsm8k_orgn_vs_gpqa_orgn,1,1,1,0.263599,,0.263599
0,9,gsm8k_orgn_vs_gpqa_ver1,1,1,1,0.27612,,0.27612
0,9,gsm8k_orgn_vs_gsm8k_ver1,1,1,1,0.256637,,0.256637
0,9,gsm8k_ver1_vs_gpqa_orgn,1,1,1,0.279131,,0.279131
0,9,gsm8k_ver1_vs_gpqa_ver1,1,1,1,0.279775,,0.279775
0,10,gpqa_orgn_vs_gpqa_ver1,1,1,1,0.333223,,0.333223
0,10,gsm8k_orgn_vs_gpqa_orgn,1,1,1,0.313136,,0.313136
0,10,gsm8k_orgn_vs_gpqa_ver1,1,1,1,0.330488,,0.330488
0,10,gsm8k_orgn_vs_gsm8k_ver1,1,1,1,0.329765,,0.329765
0,10,gsm8k_ver1_vs_gpqa_orgn,1,1,1,0.339078,,0.339078
0,10,gsm8k_ver1_vs_gpqa_ver1,1,1,1,0.349245,,0.349245
0,11,gpqa_orgn_vs_gpqa_ver1,1,1,1,0.485336,,0.485336
0,11,gsm8k_orgn_vs_gpqa_orgn,1,1,1,0.511669,,0.511669
0,11,gsm8k_orgn_vs_gpqa_ver1,1,1,1,0.511867,,0.511867
0,11,gsm8k_orgn_vs_gsm8k_ver1,1,1,1,0.536972,,0.536972
0,11,gsm8k_ver1_vs_gpqa_orgn,1,1,1,0.522452,,0.522452
0,11,gsm8k_ver1_vs_gpqa_ver1,1,1,1,0.514212,,0.514212
0,12,gpqa_orgn_vs_gpqa_ver1,1,1,1,0.219164,,0.219164
0,12,gsm8k_orgn_vs_gpqa_orgn,1,1,1,0.202268,,0.202268
0,12,gsm8k_orgn_vs_gpqa_ver1,1,1,1,0.22462,,0.22462
0,12,gsm8k_orgn_vs_gsm8k_ver1,1,1,1,0.245236,,0.245236
0,12,gsm8k_ver1_vs_gpqa_orgn,1,1,1,0.246443,,0.246443
0,12,gsm8k_ver1_vs_gpqa_ver1,1,1,1,0.260368,,0.260368
0,13,gpqa_orgn_vs_gpqa_ver1,1,1,1,0.236478,,0.236478
0,13,gsm8k_orgn_vs_gpqa_orgn,1,1,1,0.232462,,0.232462
0,13,gsm8k_orgn_vs_gpqa_ver1,1,1,1,0.249645,,0.249645
0,13,gsm8k_orgn_vs_gsm8k_ver1,1,1,1,0.331494,,0.331494
0,13,gsm8k_ver1_vs_gpqa_orgn,1,1,1,0.323029,,0.323029
0,13,gsm8k_ver1_vs_gpqa_ver1,1,1,1,0.333793,,0.333793
0,14,gpqa_orgn_vs_gpqa_ver1,1,1,1,0.112952,,0.112952
0,14,gsm8k_orgn_vs_gpqa_orgn,1,1,1,0.06906,,0.06906
0,14,gsm8k_orgn_vs_gpqa_ver1,1,1,1,0.102211,,0.102211
0,14,gsm8k_orgn_vs_gsm8k_ver1,1,1,1,0.078941,,0.078941
0,14,gsm8k_ver1_vs_gpqa_orgn,1,1,1,0.090326,,0.090326
0,14,gsm8k_ver1_vs_gpqa_ver1,1,1,1,0.115427,,0.115427
0,15,gpqa_orgn_vs_gpqa_ver1,1,1,1,0.47081,,0.47081
0,15,gsm8k_orgn_vs_gpqa_orgn,1,1,1,0.483637,,0.483637
0,15,gsm8k_orgn_vs_gpqa_ver1,1,1,1,0.45806,,0.45806
0,15,gsm8k_orgn_vs_gsm8k_ver1,1,1,1,0.427733,,0.427733
0,15,gsm8k_ver1_vs_gpqa_orgn,1,1,1,0.453617,,0.453617
0,15,gsm8k_ver1_vs_gpqa_ver1,1,1,1,0.403301,,0.403301
0,16,gpqa_orgn_vs_gpqa_ver1,1,1,1,0.379201,,0.379201
0,16,gsm8k_orgn_vs_gpqa_orgn,1,1,1,0.371957,,0.371957
0,16,gsm8k_orgn_vs_gpqa_ver1,1,1,1,0.390705,,0.390705
0,16,gsm8k_orgn_vs_gsm8k_ver1,1,1,1,0.372083,,0.372083
0,16,gsm8k_ver1_vs_gpqa_orgn,1,1,1,0.37617,,0.37617
0,16,gsm8k_ver1_vs_gpqa_ver1,1,1,1,0.368515,,0.368515
0,17,gpqa_orgn_vs_gpqa_ver1,1,1,1,0.340163,,0.340163
0,17,gsm8k_orgn_vs_gpqa_orgn,1,1,1,0.258659,,0.258659
0,17,gsm8k_orgn_vs_gpqa_ver1,1,1,1,0.342738,,0.342738
0,17,gsm8k_orgn_vs_gsm8k_ver1,1,1,1,0.408737,,0.408737
0,17,gsm8k_ver1_vs_gpqa_orgn,1,1,1,0.412133,,0.412133
0,17,gsm8k_ver1_vs_gpqa_ver1,1,1,1,0.448094,,0.448094
0,18,gpqa_orgn_vs_gpqa_ver1,1,1,1,0.626287,,0.626287
0,18,gsm8k_orgn_vs_gpqa_orgn,1,1,1,0.632879,,0.632879
0,18,gsm8k_orgn_vs_gpqa_ver1,1,1,1,0.625956,,0.625956
0,18,gsm8k_orgn_vs_gsm8k_ver1,1,1,1,0.609708,,0.609708
0,18,gsm8k_ver1_vs_gpqa_orgn,1,1,1,0.620721,,0.620721
0,18,gsm8k_ver1_vs_gpqa_ver1,1,1,1,0.596191,,0.596191
0,19,gpqa_orgn_vs_gpqa_ver1,1,1,1,0.356527,,0.356527
0,19,gsm8k_orgn_vs_gpqa_orgn,1,1,1,0.346465,,0.346465
0,19,gsm8k_orgn_vs_gpqa_ver1,1,1,1,0.361535,,0.361535
0,19,gsm8k_orgn_vs_gsm8k_ver1,1,1,1,0.346468,,0.346468
0,19,gsm8k_ver1_vs_gpqa_orgn,1,1,1,0.360703,,0.360703
0,19,gsm8k_ver1_vs_gpqa_ver1,1,1,1,0.349081,,0.349081
0,20,gpqa_orgn_vs_gpqa_ver1,1,1,1,0.202978,,0.202978
0,20,gsm8k_orgn_vs_gpqa_orgn,1,1,1,0.186216,,0.186216
0,20,gsm8k_orgn_vs_gpqa_ver1,1,1,1,0.210212,,0.210212
0,20,gsm8k_orgn_vs_gsm8k_ver1,1,1,1,0.274778,,0.274778
0,20,gsm8k_ver1_vs_gpqa_orgn,1,1,1,0.270735,,0.270735
0,20,gsm8k_ver1_vs_gpqa_ver1,1,1,1,0.2871,,0.2871
0,21,gpqa_orgn_vs_gpqa_ver1,1,1,1,0.108832,,0.108832
0,21,gsm8k_orgn_vs_gpqa_orgn,1,1,1,0.115149,,0.115149
0,21,gsm8k_orgn_vs_gpqa_ver1,1,1,1,0.109795,,0.109795
0,21,gsm8k_orgn_vs_gsm8k_ver1,1,1,1,0.108057,,0.108057
0,21,gsm8k_ver1_vs_gpqa_orgn,1,1,1,0.108312,,0.108312
0,21,gsm8k_ver1_vs_gpqa_ver1,1,1,1,0.097823,,0.097823
0,22,gpqa_orgn_vs_gpqa_ver1,1,1,1,0.372959,,0.372959
0,22,gsm8k_orgn_vs_gpqa_orgn,1,1,1,0.346299,,0.346299
0,22,gsm8k_orgn_vs_gpqa_ver1,1,1,1,0.38974,,0.38974
0,22,gsm8k_orgn_vs_gsm8k_ver1,1,1,1,0.433366,,0.433366
0,22,gsm8k_ver1_vs_gpqa_orgn,1,1,1,0.421351,,0.421351
0,22,gsm8k_ver1_vs_gpqa_ver1,1,1,1,0.452304,,0.452304
0,23,gpqa_orgn_vs_gpqa_ver1,1,1,1,0.104287,,0.104287
0,23,gsm8k_orgn_vs_gpqa_orgn,1,1,1,0.094962,,0.094962
0,23,gsm8k_orgn_vs_gpqa_ver1,1,1,1,0.111158,,0.111158
0,23,gsm8k_orgn_vs_gsm8k_ver1,1,1,1,0.098857,,0.098857
0,23,gsm8k_ver1_vs_gpqa_orgn,1,1,1,0.095294,,0.095294
0,23,gsm8k_ver1_vs_gpqa_ver1,1,1,1,0.107034,,0.107034
0,24,gpqa_orgn_vs_gpqa_ver1,1,1,1,0.159069,,0.159069
0,24,gsm8k_orgn_vs_gpqa_orgn,1,1,1,0.106205,,0.106205
0,24,gsm8k_orgn_vs_gpqa_ver1,1,1,1,0.152544,,0.152544
0,24,gsm8k_orgn_vs_gsm8k_ver1,1,1,1,0.111435,,0.111435
0,24,gsm8k_ver1_vs_gpqa_orgn,1,1,1,0.123091,,0.123091
0,24,gsm8k_ver1_vs_gpqa_ver1,1,1,1,0.158061,,0.158061
0,25,gpqa_orgn_vs_gpqa_ver1,1,1,1,0.280273,,0.280273
0,25,gsm8k_orgn_vs_gpqa_orgn,1,1,1,0.261295,,0.261295
0,25,gsm8k_orgn_vs_gpqa_ver1,1,1,1,0.300828,,0.300828
0,25,gsm8k_orgn_vs_gsm8k_ver1,1,1,1,0.349015,,0.349015
0,25,gsm8k_ver1_vs_gpqa_orgn,1,1,1,0.334745,,0.334745
0,25,gsm8k_ver1_vs_gpqa_ver1,1,1,1,0.354511,,0.354511
0,26,gpqa_orgn_vs_gpqa_ver1,1,1,1,0.163927,,0.163927
0,26,gsm8k_orgn_vs_gpqa_orgn,1,1,1,0.144813,,0.144813
0,26,gsm8k_orgn_vs_gpqa_ver1,1,1,1,0.170439,,0.170439
0,26,gsm8k_orgn_vs_gsm8k_ver1,1,1,1,0.173058,,0.173058
0,26,gsm8k_ver1_vs_gpqa_orgn,1,1,1,0.174211,,0.174211
0,26,gsm8k_ver1_vs_gpqa_ver1,1,1,1,0.179456,,0.179456
0,27,gpqa_orgn_vs_gpqa_ver1,1,1,1,0.212733,,0.212733
0,27,gsm8k_orgn_vs_gpqa_orgn,1,1,1,0.110273,,0.110273
0,27,gsm8k_orgn_vs_gpqa_ver1,1,1,1,0.216324,,0.216324
0,27,gsm8k_orgn_vs_gsm8k_ver1,1,1,1,0.30919,,0.30919
0,27,gsm8k_ver1_vs_gpqa_orgn,1,1,1,0.306655,,0.306655
0,27,gsm8k_ver1_vs_gpqa_ver1,1,1,1,0.356939,,0.356939
0,28,gpqa_orgn_vs_gpqa_ver1,1,1,1,0.16876,,0.16876
0,28,gsm8k_orgn_vs_gpqa_orgn,1,1,1,0.147952,,0.147952
0,28,gsm8k_orgn_vs_gpqa_ver1,1,1,1,0.170447,,0.170447
0,28,gsm8k_orgn_vs_gsm8k_ver1,1,1,1,0.170783,,0.170783
0,28,gsm8k_ver1_vs_gpqa_orgn,1,1,1,0.177573,,0.177573
0,28,gsm8k_ver1_vs_gpqa_ver1,1,1,1,0.181162,,0.181162
0,29,gpqa_orgn_vs_gpqa_ver1,1,1,1,0.171226,,0.171226
0,29,gsm8k_orgn_vs_gpqa_orgn,1,1,1,0.156047,,0.156047
0,29,gsm8k_orgn_vs_gpqa_ver1,1,1,1,0.177207,,0.177207
0,29,gsm8k_orgn_vs_gsm8k_ver1,1,1,1,0.17491,,0.17491
0,29,gsm8k_ver1_vs_gpqa_orgn,1,1,1,0.177992,,0.177992
0,29,gsm8k_ver1_vs_gpqa_ver1,1,1,1,0.178731,,0.178731
0,30,gpqa_orgn_vs_gpqa_ver1,1,1,1,0.226013,,0.226013
0,30,gsm8k_orgn_vs_gpqa_orgn,1,1,1,0.210186,,0.210186
0,30,gsm8k_orgn_vs_gpqa_ver1,1,1,1,0.240793,,0.240793
0,30,gsm8k_orgn_vs_gsm8k_ver1,1,1,1,0.252628,,0.252628
0,30,gsm8k_ver1_vs_gpqa_orgn,1,1,1,0.244513,,0.244513
0,30,gsm8k_ver1_vs_gpqa_ver1,1,1,1,0.270832,,0.270832
0,31,gpqa_orgn_vs_gpqa_ver1,1,1,1,0.254416,,0.254416
0,31,gsm8k_orgn_vs_gpqa_orgn,1,1,1,0.230061,,0.230061
0,31,gsm8k_orgn_vs_gpqa_ver1,1,1,1,0.261328,,0.261328
0,31,gsm8k_orgn_vs_gsm8k_ver1,1,1,1,0.264652,,0.264652
0,31,gsm8k_ver1_vs_gpqa_orgn,1,1,1,0.263715,,0.263715
0,31,gsm8k_ver1_vs_gpqa_ver1,1,1,1,0.291365,,0.291365
0,32,gpqa_orgn_vs_gpqa_ver1,1,1,1,0.363254,,0.363254
0,32,gsm8k_orgn_vs_gpqa_orgn,1,1,1,0.358773,,0.358773
0,32,gsm8k_orgn_vs_gpqa_ver1,1,1,1,0.390355,,0.390355
0,32,gsm8k_orgn_vs_gsm8k_ver1,1,1,1,0.408225,,0.408225
0,32,gsm8k_ver1_vs_gpqa_orgn,1,1,1,0.386287,,0.386287
0,32,gsm8k_ver1_vs_gpqa_ver1,1,1,1,0.41342,,0.41342
0,33,gpqa_orgn_vs_gpqa_ver1,1,1,1,0.087244,,0.087244
0,33,gsm8k_orgn_vs_gpqa_orgn,1,1,1,0.089843,,0.089843
0,33,gsm8k_orgn_vs_gpqa_ver1,1,1,1,0.092649,,0.092649
0,33,gsm8k_orgn_vs_gsm8k_ver1,1,1,1,0.090028,,0.090028
0,33,gsm8k_ver1_vs_gpqa_orgn,1,1,1,0.08807,,0.08807
0,33,gsm8k_ver1_vs_gpqa_ver1,1,1,1,0.088163,,0.088163
0,34,gpqa_orgn_vs_gpqa_ver1,1,1,1,0.360404,,0.360404
0,34,gsm8k_orgn_vs_gpqa_orgn,1,1,1,0.33386,,0.33386
0,34,gsm8k_orgn_vs_gpqa_ver1,1,1,1,0.377669,,0.377669
0,34,gsm8k_orgn_vs_gsm8k_ver1,1,1,1,0.419172,,0.419172
0,34,gsm8k_ver1_vs_gpqa_orgn,1,1,1,0.407556,,0.407556
0,34,gsm8k_ver1_vs_gpqa_ver1,1,1,1,0.439721,,0.439721
0,35,gpqa_orgn_vs_gpqa_ver1,1,1,1,0.270384,,0.270384
0,35,gsm8k_orgn_vs_gpqa_orgn,1,1,1,0.237192,,0.237192
0,35,gsm8k_orgn_vs_gpqa_ver1,1,1,1,0.310795,,0.310795
0,35,gsm8k_orgn_vs_gsm8k_ver1,1,1,1,0.390896,,0.390896
0,35,gsm8k_ver1_vs_gpqa_orgn,1,1,1,0.365985,,0.365985
0,35,gsm8k_ver1_vs_gpqa_ver1,1,1,1,0.416168,,0.416168
0,36,gpqa_orgn_vs_gpqa_ver1,1,1,1,0.382586,,0.382586
0,36,gsm8k_orgn_vs_gpqa_orgn,1,1,1,0.37376,,0.37376
0,36,gsm8k_orgn_vs_gpqa_ver1,1,1,1,0.400589,,0.400589
0,36,gsm8k_orgn_vs_gsm8k_ver1,1,1,1,0.455539,,0.455539
0,36,gsm8k_ver1_vs_gpqa_orgn,1,1,1,0.44818,,0.44818
0,36,gsm8k_ver1_vs_gpqa_ver1,1,1,1,0.467295,,0.467295
0,37,gpqa_orgn_vs_gpqa_ver1,1,1,1,0.143348,,0.143348
0,37,gsm8k_orgn_vs_gpqa_orgn,1,1,1,0.143458,,0.143458
0,37,gsm8k_orgn_vs_gpqa_ver1,1,1,1,0.164943,,0.164943
0,37,gsm8k_orgn_vs_gsm8k_ver1,1,1,1,0.186174,,0.186174
0,37,gsm8k_ver1_vs_gpqa_orgn,1,1,1,0.172581,,0.172581
0,37,gsm8k_ver1_vs_gpqa_ver1,1,1,1,0.189486,,0.189486
0,38,gpqa_orgn_vs_gpqa_ver1,1,1,1,0.174497,,0.174497
0,38,gsm8k_orgn_vs_gpqa_orgn,1,1,1,0.159084,,0.159084
0,38,gsm8k_orgn_vs_gpqa_ver1,1,1,1,0.191135,,0.191135
0,38,gsm8k_orgn_vs_gsm8k_ver1,1,1,1,0.208745,,0.208745
0,38,gsm8k_ver1_vs_gpqa_orgn,1,1,1,0.200023,,0.200023
0,38,gsm8k_ver1_vs_gpqa_ver1,1,1,1,0.226593,,0.226593
0,39,gpqa_orgn_vs_gpqa_ver1,1,1,1,0.122809,,0.122809
0,39,gsm8k_orgn_vs_gpqa_orgn,1,1,1,0.12549,,0.12549
0,39,gsm8k_orgn_vs_gpqa_ver1,1,1,1,0.144191,,0.144191
0,39,gsm8k_orgn_vs_gsm8k_ver1,1,1,1,0.164035,,0.164035
0,39,gsm8k_ver1_vs_gpqa_orgn,1,1,1,0.152795,,0.152795
0,39,gsm8k_ver1_vs_gpqa_ver1,1,1,1,0.167624,,0.167624
1,0,gpqa_orgn_vs_gpqa_ver1,1,1,1,0.227003,,0.227003
1,0,gsm8k_orgn_vs_gpqa_orgn,1,1,1,0.263999,,0.263999
1,0,gsm8k_orgn_vs_gpqa_ver1,1,1,1,0.201662,,0.201662
1,0,gsm8k_orgn_vs_gsm8k_ver1,1,1,1,0.182664,,0.182664
1,0,gsm8k_ver1_vs_gpqa_orgn,1,1,1,0.216504,,0.216504
1,0,gsm8k_ver1_vs_gpqa_ver1,1,1,1,0.146548,,0.146548
1,1,gpqa_orgn_vs_gpqa_ver1,1,1,1,0.330767,,0.330767
1,1,gsm8k_orgn_vs_gpqa_orgn,1,1,1,0.330806,,0.330806
1,1,gsm8k_orgn_vs_gpqa_ver1,1,1,1,0.319704,,0.319704
1,1,gsm8k_orgn_vs_gsm8k_ver1,1,1,1,0.311809,,0.311809
1,1,gsm8k_ver1_vs_gpqa_orgn,1,1,1,0.329307,,0.329307
1,1,gsm8k_ver1_vs_gpqa_ver1,1,1,1,0.317112,,0.317112
1,2,gpqa_orgn_vs_gpqa_ver1,1,1,1,0.389068,,0.389068
1,2,gsm8k_orgn_vs_gpqa_orgn,1,1,1,0.401805,,0.401805
1,2,gsm8k_orgn_vs_gpqa_ver1,1,1,1,0.414729,,0.414729
1,2,gsm8k_orgn_vs_gsm8k_ver1,1,1,1,0.476969,,0.476969
1,2,gsm8k_ver1_vs_gpqa_orgn,1,1,1,0.455716,,0.455716
1,2,gsm8k_ver1_vs_gpqa_ver1,1,1,1,0.467003,,0.467003
1,3,gpqa_orgn_vs_gpqa_ver1,1,1,1,0.391713,,0.391713
1,3,gsm8k_orgn_vs_gpqa_orgn,1,1,1,0.370832,,0.370832
1,3,gsm8k_orgn_vs_gpqa_ver1,1,1,1,0.394034,,0.394034
1,3,gsm8k_orgn_vs_gsm8k_ver1,1,1,1,0.41687,,0.41687
1,3,gsm8k_ver1_vs_gpqa_orgn,1,1,1,0.419192,,0.419192
1,3,gsm8k_ver1_vs_gpqa_ver1,1,1,1,0.439643,,0.439643
1,4,gpqa_orgn_vs_gpqa_ver1,1,1,1,0.522672,,0.522672
1,4,gsm8k_orgn_vs_gpqa_orgn,1,1,1,0.478306,,0.478306
1,4,gsm8k_orgn_vs_gpqa_ver1,1,1,1,0.514438,,0.514438
1,4,gsm8k_orgn_vs_gsm8k_ver1,1,1,1,0.597894,,0.597894
1,4,gsm8k_ver1_vs_gpqa_orgn,1,1,1,0.60964,,0.60964
1,4,gsm8k_ver1_vs_gpqa_ver1,1,1,1,0.638593,,0.638593
1,5,gpqa_orgn_vs_gpqa_ver1,1,1,1,0.177438,,0.177438
1,5,gsm8k_orgn_vs_gpqa_orgn,1,1,1,0.18783,,0.18783
1,5,gsm8k_orgn_vs_gpqa_ver1,1,1,1,0.200699,,0.200699
1,5,gsm8k_orgn_vs_gsm8k_ver1,1,1,1,0.219751,,0.219751
1,5,gsm8k_ver1_vs_gpqa_orgn,1,1,1,0.210243,,0.210243
1,5,gsm8k_ver1_vs_gpqa_ver1,1,1,1,0.190694,,0.190694
1,6,gpqa_orgn_vs_gpqa_ver1,1,1,1,0.140315,,0.140315
1,6,gsm8k_orgn_vs_gpqa_orgn,1,1,1,0.111188,,0.111188
1,6,gsm8k_orgn_vs_gpqa_ver1,1,1,1,0.142293,,0.142293
1,6,gsm8k_orgn_vs_gsm8k_ver1,1,1,1,0.131153,,0.131153
1,6,gsm8k_ver1_vs_gpqa_orgn,1,1,1,0.135919,,0.135919
1,6,gsm8k_ver1_vs_gpqa_ver1,1,1,1,0.136382,,0.136382
1,7,gpqa_orgn_vs_gpqa_ver1,1,1,1,0.118905,,0.118905
1,7,gsm8k_orgn_vs_gpqa_orgn,1,1,1,0.116523,,0.116523
1,7,gsm8k_orgn_vs_gpqa_ver1,1,1,1,0.127193,,0.127193
1,7,gsm8k_orgn_vs_gsm8k_ver1,1,1,1,0.128411,,0.128411
1,7,gsm8k_ver1_vs_gpqa_orgn,1,1,1,0.130537,,0.130537
1,7,gsm8k_ver1_vs_gpqa_ver1,1,1,1,0.11786,,0.11786
1,8,gpqa_orgn_vs_gpqa_ver1,1,1,1,0.162898,,0.162898
1,8,gsm8k_orgn_vs_gpqa_orgn,1,1,1,0.148776,,0.148776
1,8,gsm8k_orgn_vs_gpqa_ver1,1,1,1,0.173974,,0.173974
1,8,gsm8k_orgn_vs_gsm8k_ver1,1,1,1,0.175534,,0.175534
1,8,gsm8k_ver1_vs_gpqa_orgn,1,1,1,0.183125,,0.183125
1,8,gsm8k_ver1_vs_gpqa_ver1,1,1,1,0.164044,,0.164044
1,9,gpqa_orgn_vs_gpqa_ver1,1,1,1,0.115,,0.115
1,9,gsm8k_orgn_vs_gpqa_orgn,1,1,1,0.116004,,0.116004
1,9,gsm8k_orgn_vs_gpqa_ver1,1,1,1,0.12309,,0.12309
1,9,gsm8k_orgn_vs_gsm8k_ver1,1,1,1,0.117347,,0.117347
1,9,gsm8k_ver1_vs_gpqa_orgn,1,1,1,0.121636,,0.121636
1,9,gsm8k_ver1_vs_gpqa_ver1,1,1,1,0.11557,,0.11557
1,10,gpqa_orgn_vs_gpqa_ver1,1,1,1,0.282514,,0.282514
1,10,gsm8k_orgn_vs_gpqa_orgn,1,1,1,0.263371,,0.263371
1,10,gsm8k_orgn_vs_gpqa_ver1,1,1,1,0.265393,,0.265393
1,10,gsm8k_orgn_vs_gsm8k_ver1,1,1,1,0.231332,,0.231332
1,10,gsm8k_ver1_vs_gpqa_orgn,1,1,1,0.257526,,0.257526
1,10,gsm8k_ver1_vs_gpqa_ver1,1,1,1,0.247332,,0.247332
1,11,gpqa_orgn_vs_gpqa_ver1,1,1,1,0.263064,,0.263064
1,11,gsm8k_orgn_vs_gpqa_orgn,1,1,1,0.245057,,0.245057
1,11,gsm8k_orgn_vs_gpqa_ver1,1,1,1,0.248986,,0.248986
1,11,gsm8k_orgn_vs_gsm8k_ver1,1,1,1,0.233134,,0.233134
1,11,gsm8k_ver1_vs_gpqa_orgn,1,1,1,0.256758,,0.256758
1,11,gsm8k_ver1_vs_gpqa_ver1,1,1,1,0.251602,,0.251602
1,12,gpqa_orgn_vs_gpqa_ver1,1,1,1,0.132951,,0.132951
1,12,gsm8k_orgn_vs_gpqa_orgn,1,1,1,0.128999,,0.128999
1,12,gsm8k_orgn_vs_gpqa_ver1,1,1,1,0.136168,,0.136168
1,12,gsm8k_orgn_vs_gsm8k_ver1,1,1,1,0.119729,,0.119729
1,12,gsm8k_ver1_vs_gpqa_orgn,1,1,1,0.125991,,0.125991
1,12,gsm8k_ver1_vs_gpqa_ver1,1,1,1,0.12842,,0.12842
1,13,gpqa_orgn_vs_gpqa_ver1,1,1,1,0.379867,,0.379867
1,13,gsm8k_orgn_vs_gpqa_orgn,1,1,1,0.372871,,0.372871
1,13,gsm8k_orgn_vs_gpqa_ver1,1,1,1,0.402842,,0.402842
1,13,gsm8k_orgn_vs_gsm8k_ver1,1,1,1,0.418218,,0.418218
1,13,gsm8k_ver1_vs_gpqa_orgn,1,1,1,0.40707,,0.40707
1,13,gsm8k_ver1_vs_gpqa_ver1,1,1,1,0.417594,,0.417594
1,14,gpqa_orgn_vs_gpqa_ver1,1,1,1,0.293973,,0.293973
1,14,gsm8k_orgn_vs_gpqa_orgn,1,1,1,0.259803,,0.259803
1,14,gsm8k_orgn_vs_gpqa_ver1,1,1,1,0.262627,,0.262627
1,14,gsm8k_orgn_vs_gsm8k_ver1,1,1,1,0.236828,,0.236828
1,14,gsm8k_ver1_vs_gpqa_orgn,1,1,1,0.27997,,0.27997
1,14,gsm8k_ver1_vs_gpqa_ver1,1,1,1,0.264695,,0.264695
1,15,gpqa_orgn_vs_gpqa_ver1,1,1,1,0.206432,,0.206432
1,15,gsm8k_orgn_vs_gpqa_orgn,1,1,1,0.202606,,0.202606
1,15,gsm8k_orgn_vs_gpqa_ver1,1,1,1,0.206804,,0.206804
1,15,gsm8k_orgn_vs_gsm8k_ver1,1,1,1,0.191219,,0.191219
1,15,gsm8k_ver1_vs_gpqa_orgn,1,1,1,0.214495,,0.214495
1,15,gsm8k_ver1_vs_gpqa_ver1,1,1,1,0.213815,,0.213815
1,16,gpqa_orgn_vs_gpqa_ver1,1,1,1,0.082341,,0.082341
1,16,gsm8k_orgn_vs_gpqa_orgn,1,1,1,0.087464,,0.087464
1,16,gsm8k_orgn_vs_gpqa_ver1,1,1,1,0.085997,,0.085997
1,16,gsm8k_orgn_vs_gsm8k_ver1,1,1,1,0.076294,,0.076294
1,16,gsm8k_ver1_vs_gpqa_orgn,1,1,1,0.084721,,0.084721
1,16,gsm8k_ver1_vs_gpqa_ver1,1,1,1,0.076173,,0.076173
1,17,gpqa_orgn_vs_gpqa_ver1,1,1,1,0.224485,,0.224485
1,17,gsm8k_orgn_vs_gpqa_orgn,1,1,1,0.337796,,0.337796
1,17,gsm8k_orgn_vs_gpqa_ver1,1,1,1,0.305307,,0.305307
1,17,gsm8k_orgn_vs_gsm8k_ver1,1,1,1,0.323915,,0.323915
1,17,gsm8k_ver1_vs_gpqa_orgn,1,1,1,0.257956,,0.257956
1,17,gsm8k_ver1_vs_gpqa_ver1,1,1,1,0.216783,,0.216783
1,18,gpqa_orgn_vs_gpqa_ver1,1,1,1,0.175702,,0.175702
1,18,gsm8k_orgn_vs_gpqa_orgn,1,1,1,0.186198,,0.186198
1,18,gsm8k_orgn_vs_gpqa_ver1,1,1,1,0.184506,,0.184506
1,18,gsm8k_orgn_vs_gsm8k_ver1,1,1,1,0.187495,,0.187495
1,18,gsm8k_ver1_vs_gpqa_orgn,1,1,1,0.189817,,0.189817
1,18,gsm8k_ver1_vs_gpqa_ver1,1,1,1,0.181376,,0.181376
1,19,gpqa_orgn_vs_gpqa_ver1,1,1,1,0.323357,,0.323357
1,19,gsm8k_orgn_vs_gpqa_orgn,1,1,1,0.315759,,0.315759
1,19,gsm8k_orgn_vs_gpqa_ver1,1,1,1,0.322088,,0.322088
1,19,gsm8k_orgn_vs_gsm8k_ver1,1,1,1,0.30306,,0.30306
1,19,gsm8k_ver1_vs_gpqa_orgn,1,1,1,0.328975,,0.328975
1,19,gsm8k_ver1_vs_gpqa_ver1,1,1,1,0.329346,,0.329346
1,20,gpqa_orgn_vs_gpqa_ver1,1,1,1,0.434959,,0.434959
1,20,gsm8k_orgn_vs_gpqa_orgn,1,1,1,0.382731,,0.382731
1,20,gsm8k_orgn_vs_gpqa_ver1,1,1,1,0.436306,,0.436306
1,20,gsm8k_orgn_vs_gsm8k_ver1,1,1,1,0.468488,,0.468488
1,20,gsm8k_ver1_vs_gpqa_orgn,1,1,1,0.476705,,0.476705
1,20,gsm8k_ver1_vs_gpqa_ver1,1,1,1,0.510398,,0.510398
1,21,gpqa_orgn_vs_gpqa_ver1,1,1,1,0.512834,,0.512834
1,21,gsm8k_orgn_vs_gpqa_orgn,1,1,1,0.46649,,0.46649
1,21,gsm8k_orgn_vs_gpqa_ver1,1,1,1,0.509079,,0.509079
1,21,gsm8k_orgn_vs_gsm8k_ver1,1,1,1,0.5217,,0.5217
1,21,gsm8k_ver1_vs_gpqa_orgn,1,1,1,0.534385,,0.534385
1,21,gsm8k_ver1_vs_gpqa_ver1,1,1,1,0.562343,,0.562343
1,22,gpqa_orgn_vs_gpqa_ver1,1,1,1,0.454025,,0.454025
1,22,gsm8k_orgn_vs_gpqa_orgn,1,1,1,0.420699,,0.420699
1,22,gsm8k_orgn_vs_gpqa_ver1,1,1,1,0.467855,,0.467855
1,22,gsm8k_orgn_vs_gsm8k_ver1,1,1,1,0.503686,,0.503686
1,22,gsm8k_ver1_vs_gpqa_orgn,1,1,1,0.495999,,0.495999
1,22,gsm8k_ver1_vs_gpqa_ver1,1,1,1,0.529779,,0.529779
1,23,gpqa_orgn_vs_gpqa_ver1,1,1,1,0.339225,,0.339225
1,23,gsm8k_orgn_vs_gpqa_orgn,1,1,1,0.282599,,0.282599
1,23,gsm8k_orgn_vs_gpqa_ver1,1,1,1,0.285641,,0.285641
1,23,gsm8k_orgn_vs_gsm8k_ver1,1,1,1,0.277009,,0.277009
1,23,gsm8k_ver1_vs_gpqa_orgn,1,1,1,0.336197,,0.336197
1,23,gsm8k_ver1_vs_gpqa_ver1,1,1,1,0.331869,,0.331869
1,24,gpqa_orgn_vs_gpqa_ver1,1,1,1,0.423449,,0.423449
1,24,gsm8k_orgn_vs_gpqa_orgn,1,1,1,0.283097,,0.283097
1,24,gsm8k_orgn_vs_gpqa_ver1,1,1,1,0.40008,,0.40008
1,24,gsm8k_orgn_vs_gsm8k_ver1,1,1,1,0.487846,,0.487846
1,24,gsm8k_ver1_vs_gpqa_orgn,1,1,1,0.513709,,0.513709
1,24,gsm8k_ver1_vs_gpqa_ver1,1,1,1,0.583098,,0.583098
1,25,gpqa_orgn_vs_gpqa_ver1,1,1,1,0.19053,,0.19053
1,25,gsm8k_orgn_vs_gpqa_orgn,1,1,1,0.17324,,0.17324
1,25,gsm8k_orgn_vs_gpqa_ver1,1,1,1,0.175333,,0.175333
1,25,gsm8k_orgn_vs_gsm8k_ver1,1,1,1,0.122341,,0.122341
1,25,gsm8k_ver1_vs_gpqa_orgn,1,1,1,0.17078,,0.17078
1,25,gsm8k_ver1_vs_gpqa_ver1,1,1,1,0.170921,,0.170921
1,26,gpqa_orgn_vs_gpqa_ver1,1,1,1,0.193004,,0.193004
1,26,gsm8k_orgn_vs_gpqa_orgn,1,1,1,0.204102,,0.204102
1,26,gsm8k_orgn_vs_gpqa_ver1,1,1,1,0.20718,,0.20718
1,26,gsm8k_orgn_vs_gsm8k_ver1,1,1,1,0.215411,,0.215411
1,26,gsm8k_ver1_vs_gpqa_orgn,1,1,1,0.207207,,0.207207
1,26,gsm8k_ver1_vs_gpqa_ver1,1,1,1,0.206927,,0.206927
1,27,gpqa_orgn_vs_gpqa_ver1,1,1,1,0.172816,,0.172816
1,27,gsm8k_orgn_vs_gpqa_orgn,1,1,1,0.161625,,0.161625
1,27,gsm8k_orgn_vs_gpqa_ver1,1,1,1,0.158804,,0.158804
1,27,gsm8k_orgn_vs_gsm8k_ver1,1,1,1,0.15483,,0.15483
1,27,gsm8k_ver1_vs_gpqa_orgn,1,1,1,0.175224,,0.175224
1,27,gsm8k_ver1_vs_gpqa_ver1,1,1,1,0.169805,,0.169805
1,28,gpqa_orgn_vs_gpqa_ver1,1,1,1,0.24716,,0.24716
1,28,gsm8k_orgn_vs_gpqa_orgn,1,1,1,0.263899,,0.263899
1,28,gsm8k_orgn_vs_gpqa_ver1,1,1,1,0.263371,,0.263371
1,28,gsm8k_orgn_vs_gsm8k_ver1,1,1,1,0.298543,,0.298543
1,28,gsm8k_ver1_vs_gpqa_orgn,1,1,1,0.287789,,0.287789
1,28,gsm8k_ver1_vs_gpqa_ver1,1,1,1,0.284473,,0.284473
1,29,gpqa_orgn_vs_gpqa_ver1,1,1,1,0.1399,,0.1399
1,29,gsm8k_orgn_vs_gpqa_orgn,1,1,1,0.129258,,0.129258
1,29,gsm8k_orgn_vs_gpqa_ver1,1,1,1,0.132303,,0.132303
1,29,gsm8k_orgn_vs_gsm8k_ver1,1,1,1,0.106135,,0.106135
1,29,gsm8k_ver1_vs_gpqa_orgn,1,1,1,0.127678,,0.127678
1,29,gsm8k_ver1_vs_gpqa_ver1,1,1,1,0.12884,,0.12884
1,30,gpqa_orgn_vs_gpqa_ver1,1,1,1,0.399996,,0.399996
1,30,gsm8k_orgn_vs_gpqa_orgn,1,1,1,0.467382,,0.467382
1,30,gsm8k_orgn_vs_gpqa_ver1,1,1,1,0.483383,,0.483383
1,30,gsm8k_orgn_vs_gsm8k_ver1,1,1,1,0.565655,,0.565655
1,30,gsm8k_ver1_vs_gpqa_orgn,1,1,1,0.499807,,0.499807
1,30,gsm8k_ver1_vs_gpqa_ver1,1,1,1,0.511383,,0.511383
1,31,gpqa_orgn_vs_gpqa_ver1,1,1,1,0.200368,,0.200368
1,31,gsm8k_orgn_vs_gpqa_orgn,1,1,1,0.28946,,0.28946
1,31,gsm8k_orgn_vs_gpqa_ver1,1,1,1,0.266855,,0.266855
1,31,gsm8k_orgn_vs_gsm8k_ver1,1,1,1,0.326175,,0.326175
1,31,gsm8k_ver1_vs_gpqa_orgn,1,1,1,0.270116,,0.270116
1,31,gsm8k_ver1_vs_gpqa_ver1,1,1,1,0.243588,,0.243588
1,32,gpqa_orgn_vs_gpqa_ver1,1,1,1,0.18977,,0.18977
1,32,gsm8k_orgn_vs_gpqa_orgn,1,1,1,0.242678,,0.242678
1,32,gsm8k_orgn_vs_gpqa_ver1,1,1,1,0.199246,,0.199246
1,32,gsm8k_orgn_vs_gsm8k_ver1,1,1,1,0.217517,,0.217517
1,32,gsm8k_ver1_vs_gpqa_orgn,1,1,1,0.212584,,0.212584
1,32,gsm8k_ver1_vs_gpqa_ver1,1,1,1,0.165316,,0.165316
1,33,gpqa_orgn_vs_gpqa_ver1,1,1,1,0.357448,,0.357448
1,33,gsm8k_orgn_vs_gpqa_orgn,1,1,1,0.373448,,0.373448
1,33,gsm8k_orgn_vs_gpqa_ver1,1,1,1,0.389743,,0.389743
1,33,gsm8k_orgn_vs_gsm8k_ver1,1,1,1,0.475841,,0.475841
1,33,gsm8k_ver1_vs_gpqa_orgn,1,1,1,0.456731,,0.456731
1,33,gsm8k_ver1_vs_gpqa_ver1,1,1,1,0.463846,,0.463846
1,34,gpqa_orgn_vs_gpqa_ver1,1,1,1,0.304102,,0.304102
1,34,gsm8k_orgn_vs_gpqa_orgn,1,1,1,0.429761,,0.429761
1,34,gsm8k_orgn_vs_gpqa_ver1,1,1,1,0.422836,,0.422836
1,34,gsm8k_orgn_vs_gsm8k_ver1,1,1,1,0.472945,,0.472945
1,34,gsm8k_ver1_vs_gpqa_orgn,1,1,1,0.367266,,0.367266
1,34,gsm8k_ver1_vs_gpqa_ver1,1,1,1,0.356408,,0.356408
1,35,gpqa_orgn_vs_gpqa_ver1,1,1,1,0.110059,,0.110059
1,35,gsm8k_orgn_vs_gpqa_orgn,1,1,1,0.109223,,0.109223
1,35,gsm8k_orgn_vs_gpqa_ver1,1,1,1,0.12107,,0.12107
1,35,gsm8k_orgn_vs_gsm8k_ver1,1,1,1,0.101145,,0.101145
1,35,gsm8k_ver1_vs_gpqa_orgn,1,1,1,0.105206,,0.105206
1,35,gsm8k_ver1_vs_gpqa_ver1,1,1,1,0.113719,,0.113719
1,36,gpqa_orgn_vs_gpqa_ver1,1,1,1,0.273052,,0.273052
1,36,gsm8k_orgn_vs_gpqa_orgn,1,1,1,0.298503,,0.298503
1,36,gsm8k_orgn_vs_gpqa_ver1,1,1,1,0.303009,,0.303009
1,36,gsm8k_orgn_vs_gsm8k_ver1,1,1,1,0.305149,,0.305149
1,36,gsm8k_ver1_vs_gpqa_orgn,1,1,1,0.283428,,0.283428
1,36,gsm8k_ver1_vs_gpqa_ver1,1,1,1,0.286123,,0.286123
1,37,gpqa_orgn_vs_gpqa_ver1,1,1,1,0.237772,,0.237772
1,37,gsm8k_orgn_vs_gpqa_orgn,1,1,1,0.241546,,0.241546
1,37,gsm8k_orgn_vs_gpqa_ver1,1,1,1,0.244238,,0.244238
1,37,gsm8k_orgn_vs_gsm8k_ver1,1,1,1,0.259223,,0.259223
1,37,gsm8k_ver1_vs_gpqa_orgn,1,1,1,0.259292,,0.259292
1,37,gsm8k_ver1_vs_gpqa_ver1,1,1,1,0.260068,,0.260068
1,38,gpqa_orgn_vs_gpqa_ver1,1,1,1,0.161495,,0.161495
1,38,gsm8k_orgn_vs_gpqa_orgn,1,1,1,0.147267,,0.147267
1,38,gsm8k_orgn_vs_gpqa_ver1,1,1,1,0.163027,,0.163027
1,38,gsm8k_orgn_vs_gsm8k_ver1,1,1,1,0.163349,,0.163349
1,38,gsm8k_ver1_vs_gpqa_orgn,1,1,1,0.168083,,0.168083
1,38,gsm8k_ver1_vs_gpqa_ver1,1,1,1,0.178327,,0.178327
1,39,gpqa_orgn_vs_gpqa_ver1,1,1,1,0.180299,,0.180299
1,39,gsm8k_orgn_vs_gpqa_orgn,1,1,1,0.199305,,0.199305
1,39,gsm8k_orgn_vs_gpqa_ver1,1,1,1,0.210524,,0.210524
1,39,gsm8k_orgn_vs_gsm8k_ver1,1,1,1,0.195875,,0.195875
1,39,gsm8k_ver1_vs_gpqa_orgn,1,1,1,0.174044,,0.174044
1,39,gsm8k_ver1_vs_gpqa_ver1,1,1,1,0.183196,,0.183196
2,0,gpqa_orgn_vs_gpqa_ver1,1,1,1,0.299594,,0.299594
2,0,gsm8k_orgn_vs_gpqa_orgn,1,1,1,0.350467,,0.350467
2,0,gsm8k_orgn_vs_gpqa_ver1,1,1,1,0.36108,,0.36108
2,0,gsm8k_orgn_vs_gsm8k_ver1,1,1,1,0.415904,,0.415904
2,0,gsm8k_ver1_vs_gpqa_orgn,1,1,1,0.382689,,0.382689
2,0,gsm8k_ver1_vs_gpqa_ver1,1,1,1,0.383972,,0.383972
2,1,gpqa_orgn_vs_gpqa_ver1,1,1,1,0.181045,,0.181045
2,1,gsm8k_orgn_vs_gpqa_orgn,1,1,1,0.189759,,0.189759
2,1,gsm8k_orgn_vs_gpqa_ver1,1,1,1,0.196653,,0.196653
2,1,gsm8k_orgn_vs_gsm8k_ver1,1,1,1,0.161973,,0.161973
2,1,gsm8k_ver1_vs_gpqa_orgn,1,1,1,0.186981,,0.186981
2,1,gsm8k_ver1_vs_gpqa_ver1,1,1,1,0.18851,,0.18851
2,2,gpqa_orgn_vs_gpqa_ver1,1,1,1,0.196336,,0.196336
2,2,gsm8k_orgn_vs_gpqa_orgn,1,1,1,0.195842,,0.195842
2,2,gsm8k_orgn_vs_gpqa_ver1,1,1,1,0.196995,,0.196995
2,2,gsm8k_orgn_vs_gsm8k_ver1,1,1,1,0.173216,,0.173216
2,2,gsm8k_ver1_vs_gpqa_orgn,1,1,1,0.196348,,0.196348
2,2,gsm8k_ver1_vs_gpqa_ver1,1,1,1,0.19234,,0.19234
2,3,gpqa_orgn_vs_gpqa_ver1,1,1,1,0.399312,,0.399312
2,3,gsm8k_orgn_vs_gpqa_orgn,1,1,1,0.430829,,0.430829
2,3,gsm8k_orgn_vs_gpqa_ver1,1,1,1,0.4551,,0.4551
2,3,gsm8k_orgn_vs_gsm8k_ver1,1,1,1,0.441503,,0.441503
2,3,gsm8k_ver1_vs_gpqa_orgn,1,1,1,0.461537,,0.461537
2,3,gsm8k_ver1_vs_gpqa_ver1,1,1,1,0.453359,,0.453359
2,4,gpqa_orgn_vs_gpqa_ver1,1,1,1,0.283644,,0.283644
2,4,gsm8k_orgn_vs_gpqa_orgn,1,1,1,0.31308,,0.31308
2,4,gsm8k_orgn_vs_gpqa_ver1,1,1,1,0.339496,,0.339496
2,4,gsm8k_orgn_vs_gsm8k_ver1,1,1,1,0.28963,,0.28963
2,4,gsm8k_ver1_vs_gpqa_orgn,1,1,1,0.334873,,0.334873
2,4,gsm8k_ver1_vs_gpqa_ver1,1,1,1,0.325667,,0.325667
2,5,gpqa_orgn_vs_gpqa_ver1,1,1,1,0.313059,,0.313059
2,5,gsm8k_orgn_vs_gpqa_orgn,1,1,1,0.295442,,0.295442
2,5,gsm8k_orgn_vs_gpqa_ver1,1,1,1,0.298361,,0.298361
2,5,gsm8k_orgn_vs_gsm8k_ver1,1,1,1,0.274383,,0.274383
2,5,gsm8k_ver1_vs_gpqa_orgn,1,1,1,0.297992,,0.297992
2,5,gsm8k_ver1_vs_gpqa_ver1,1,1,1,0.297516,,0.297516
2,6,gpqa_orgn_vs_gpqa_ver1,1,1,1,0.582749,,0.582749
2,6,gsm8k_orgn_vs_gpqa_orgn,1,1,1,0.62797,,0.62797
2,6,gsm8k_orgn_vs_gpqa_ver1,1,1,1,0.635044,,0.635044
2,6,gsm8k_orgn_vs_gsm8k_ver1,1,1,1,0.682159,,0.682159
2,6,gsm8k_ver1_vs_gpqa_orgn,1,1,1,0.660918,,0.660918
2,6,gsm8k_ver1_vs_gpqa_ver1,1,1,1,0.656457,,0.656457
2,7,gpqa_orgn_vs_gpqa_ver1,1,1,1,0.488714,,0.488714
2,7,gsm8k_orgn_vs_gpqa_orgn,1,1,1,0.534465,,0.534465
2,7,gsm8k_orgn_vs_gpqa_ver1,1,1,1,0.550131,,0.550131
2,7,gsm8k_orgn_vs_gsm8k_ver1,1,1,1,0.632161,,0.632161
2,7,gsm8k_ver1_vs_gpqa_orgn,1,1,1,0.592938,,0.592938
2,7,gsm8k_ver1_vs_gpqa_ver1,1,1,1,0.602824,,0.602824
2,8,gpqa_orgn_vs_gpqa_ver1,1,1,1,0.245772,,0.245772
2,8,gsm8k_orgn_vs_gpqa_orgn,1,1,1,0.248515,,0.248515
2,8,gsm8k_orgn_vs_gpqa_ver1,1,1,1,0.261342,,0.261342
2,8,gsm8k_orgn_vs_gsm8k_ver1,1,1,1,0.252384,,0.252384
2,8,gsm8k_ver1_vs_gpqa_orgn,1,1,1,0.244158,,0.244158
2,8,gsm8k_ver1_vs_gpqa_ver1,1,1,1,0.25242,,0.25242
2,9,gpqa_orgn_vs_gpqa_ver1,1,1,1,0.442147,,0.442147
2,9,gsm8k_orgn_vs_gpqa_orgn,1,1,1,0.410326,,0.410326
2,9,gsm8k_orgn_vs_gpqa_ver1,1,1,1,0.425493,,0.425493
2,9,gsm8k_orgn_vs_gsm8k_ver1,1,1,1,0.338269,,0.338269
2,9,gsm8k_ver1_vs_gpqa_orgn,1,1,1,0.412316,,0.412316
2,9,gsm8k_ver1_vs_gpqa_ver1,1,1,1,0.422267,,0.422267
2,10,gpqa_orgn_vs_gpqa_ver1,1,1,1,0.187515,,0.187515
2,10,gsm8k_orgn_vs_gpqa_orgn,1,1,1,0.210034,,0.210034
2,10,gsm8k_orgn_vs_gpqa_ver1,1,1,1,0.222072,,0.222072
2,10,gsm8k_orgn_vs_gsm8k_ver1,1,1,1,0.231386,,0.231386
2,10,gsm8k_ver1_vs_gpqa_orgn,1,1,1,0.219516,,0.219516
2,10,gsm8k_ver1_vs_gpqa_ver1,1,1,1,0.221957,,0.221957
2,11,gpqa_orgn_vs_gpqa_ver1,1,1,1,0.168176,,0.168176
2,11,gsm8k_orgn_vs_gpqa_orgn,1,1,1,0.246041,,0.246041
2,11,gsm8k_orgn_vs_gpqa_ver1,1,1,1,0.22799,,0.22799
2,11,gsm8k_orgn_vs_gsm8k_ver1,1,1,1,0.255413,,0.255413
2,11,gsm8k_ver1_vs_gpqa_orgn,1,1,1,0.204085,,0.204085
2,11,gsm8k_ver1_vs_gpqa_ver1,1,1,1,0.179333,,0.179333
2,12,gpqa_orgn_vs_gpqa_ver1,1,1,1,0.284811,,0.284811
2,12,gsm8k_orgn_vs_gpqa_orgn,1,1,1,0.319317,,0.319317
2,12,gsm8k_orgn_vs_gpqa_ver1,1,1,1,0.308523,,0.308523
2,12,gsm8k_orgn_vs_gsm8k_ver1,1,1,1,0.345939,,0.345939
2,12,gsm8k_ver1_vs_gpqa_orgn,1,1,1,0.328286,,0.328286
2,12,gsm8k_ver1_vs_gpqa_ver1,1,1,1,0.313958,,0.313958
2,13,gpqa_orgn_vs_gpqa_ver1,1,1,1,0.30031,,0.30031
2,13,gsm8k_orgn_vs_gpqa_orgn,1,1,1,0.357779,,0.357779
2,13,gsm8k_orgn_vs_gpqa_ver1,1,1,1,0.337787,,0.337787
2,13,gsm8k_orgn_vs_gsm8k_ver1,1,1,1,0.341582,,0.341582
2,13,gsm8k_ver1_vs_gpqa_orgn,1,1,1,0.324397,,0.324397
2,13,gsm8k_ver1_vs_gpqa_ver1,1,1,1,0.297442,,0.297442
2,14,gpqa_orgn_vs_gpqa_ver1,1,1,1,0.205151,,0.205151
2,14,gsm8k_orgn_vs_gpqa_orgn,1,1,1,0.311389,,0.311389
2,14,gsm8k_orgn_vs_gpqa_ver1,1,1,1,0.29091,,0.29091
2,14,gsm8k_orgn_vs_gsm8k_ver1,1,1,1,0.310493,,0.310493
2,14,gsm8k_ver1_vs_gpqa_orgn,1,1,1,0.237161,,0.237161
2,14,gsm8k_ver1_vs_gpqa_ver1,1,1,1,0.210441,,0.210441
2,15,gpqa_orgn_vs_gpqa_ver1,1,1,1,0.335169,,0.335169
2,15,gsm8k_orgn_vs_gpqa_orgn,1,1,1,0.424265,,0.424265
2,15,gsm8k_orgn_vs_gpqa_ver1,1,1,1,0.418359,,0.418359
2,15,gsm8k_orgn_vs_gsm8k_ver1,1,1,1,0.462472,,0.462472
2,15,gsm8k_ver1_vs_gpqa_orgn,1,1,1,0.386081,,0.386081
2,15,gsm8k_ver1_vs_gpqa_ver1,1,1,1,0.378443,,0.378443
2,16,gpqa_orgn_vs_gpqa_ver1,1,1,1,0.449095,,0.449095
2,16,gsm8k_orgn_vs_gpqa_orgn,1,1,1,0.45635,,0.45635
2,16,gsm8k_orgn_vs_gpqa_ver1,1,1,1,0.449867,,0.449867
2,16,gsm8k_orgn_vs_gsm8k_ver1,1,1,1,0.474894,,0.474894
2,16,gsm8k_ver1_vs_gpqa_orgn,1,1,1,0.477676,,0.477676
2,16,gsm8k_ver1_vs_gpqa_ver1,1,1,1,0.469356,,0.469356
2,17,gpqa_orgn_vs_gpqa_ver1,1,1,1,0.3903,,0.3903
2,17,gsm8k_orgn_vs_gpqa_orgn,1,1,1,0.406175,,0.406175
2,17,gsm8k_orgn_vs_gpqa_ver1,1,1,1,0.411217,,0.411217
2,17,gsm8k_orgn_vs_gsm8k_ver1,1,1,1,0.421638,,0.421638
2,17,gsm8k_ver1_vs_gpqa_orgn,1,1,1,0.405683,,0.405683
2,17,gsm8k_ver1_vs_gpqa_ver1,1,1,1,0.409444,,0.409444
2,18,gpqa_orgn_vs_gpqa_ver1,1,1,1,0.506178,,0.506178
2,18,gsm8k_orgn_vs_gpqa_orgn,1,1,1,0.532022,,0.532022
2,18,gsm8k_orgn_vs_gpqa_ver1,1,1,1,0.548333,,0.548333
2,18,gsm8k_orgn_vs_gsm8k_ver1,1,1,1,0.594755,,0.594755
2,18,gsm8k_ver1_vs_gpqa_orgn,1,1,1,0.558473,,0.558473
2,18,gsm8k_ver1_vs_gpqa_ver1,1,1,1,0.572365,,0.572365
2,19,gpqa_orgn_vs_gpqa_ver1,1,1,1,0.704738,,0.704738
2,19,gsm8k_orgn_vs_gpqa_orgn,1,1,1,0.666586,,0.666586
2,19,gsm8k_orgn_vs_gpqa_ver1,1,1,1,0.714845,,0.714845
2,19,gsm8k_orgn_vs_gsm8k_ver1,1,1,1,0.758852,,0.758852
2,19,gsm8k_ver1_vs_gpqa_orgn,1,1,1,0.753307,,0.753307
2,19,gsm8k_ver1_vs_gpqa_ver1,1,1,1,0.796722,,0.796722
2,20,gpqa_orgn_vs_gpqa_ver1,1,1,1,0.330417,,0.330417
2,20,gsm8k_orgn_vs_gpqa_orgn,1,1,1,0.44587,,0.44587
2,20,gsm8k_orgn_vs_gpqa_ver1,1,1,1,0.41051,,0.41051
2,20,gsm8k_orgn_vs_gsm8k_ver1,1,1,1,0.471165,,0.471165
2,20,gsm8k_ver1_vs_gpqa_orgn,1,1,1,0.400999,,0.400999
2,20,gsm8k_ver1_vs_gpqa_ver1,1,1,1,0.36047,,0.36047
2,21,gpqa_orgn_vs_gpqa_ver1,1,1,1,0.367095,,0.367095
2,21,gsm8k_orgn_vs_gpqa_orgn,1,1,1,0.444552,,0.444552
2,21,gsm8k_orgn_vs_gpqa_ver1,1,1,1,0.435417,,0.435417
2,21,gsm8k_orgn_vs_gsm8k_ver1,1,1,1,0.473049,,0.473049
2,21,gsm8k_ver1_vs_gpqa_orgn,1,1,1,0.413922,,0.413922
2,21,gsm8k_ver1_vs_gpqa_ver1,1,1,1,0.401411,,0.401411
2,22,gpqa_orgn_vs_gpqa_ver1,1,1,1,0.404059,,0.404059
2,22,gsm8k_orgn_vs_gpqa_orgn,1,1,1,0.520625,,0.520625
2,22,gsm8k_orgn_vs_gpqa_ver1,1,1,1,0.514399,,0.514399
2,22,gsm8k_orgn_vs_gsm8k_ver1,1,1,1,0.562488,,0.562488
2,22,gsm8k_ver1_vs_gpqa_orgn,1,1,1,0.461627,,0.461627
2,22,gsm8k_ver1_vs_gpqa_ver1,1,1,1,0.451665,,0.451665
2,23,gpqa_orgn_vs_gpqa_ver1,1,1,1,0.331111,,0.331111
2,23,gsm8k_orgn_vs_gpqa_orgn,1,1,1,0.456873,,0.456873
2,23,gsm8k_orgn_vs_gpqa_ver1,1,1,1,0.436243,,0.436243
2,23,gsm8k_orgn_vs_gsm8k_ver1,1,1,1,0.513336,,0.513336
2,23,gsm8k_ver1_vs_gpqa_orgn,1,1,1,0.425068,,0.425068
2,23,gsm8k_ver1_vs_gpqa_ver1,1,1,1,0.400714,,0.400714
2,24,gpqa_orgn_vs_gpqa_ver1,1,1,1,0.271271,,0.271271
2,24,gsm8k_orgn_vs_gpqa_orgn,1,1,1,0.385418,,0.385418
2,24,gsm8k_orgn_vs_gpqa_ver1,1,1,1,0.327863,,0.327863
2,24,gsm8k_orgn_vs_gsm8k_ver1,1,1,1,0.358739,,0.358739
2,24,gsm8k_ver1_vs_gpqa_orgn,1,1,1,0.309281,,0.309281
2,24,gsm8k_ver1_vs_gpqa_ver1,1,1,1,0.245227,,0.245227
2,25,gpqa_orgn_vs_gpqa_ver1,1,1,1,0.249713,,0.249713
2,25,gsm8k_orgn_vs_gpqa_orgn,1,1,1,0.267826,,0.267826
2,25,gsm8k_orgn_vs_gpqa_ver1,1,1,1,0.28636,,0.28636
2,25,gsm8k_orgn_vs_gsm8k_ver1,1,1,1,0.251698,,0.251698
2,25,gsm8k_ver1_vs_gpqa_orgn,1,1,1,0.218936,,0.218936
2,25,gsm8k_ver1_vs_gpqa_ver1,1,1,1,0.235694,,0.235694
2,26,gpqa_orgn_vs_gpqa_ver1,1,1,1,0.437894,,0.437894
2,26,gsm8k_orgn_vs_gpqa_orgn,1,1,1,0.503706,,0.503706
2,26,gsm8k_orgn_vs_gpqa_ver1,1,1,1,0.510635,,0.510635
2,26,gsm8k_orgn_vs_gsm8k_ver1,1,1,1,0.586516,,0.586516
2,26,gsm8k_ver1_vs_gpqa_orgn,1,1,1,0.526821,,0.526821
2,26,gsm8k_ver1_vs_gpqa_ver1,1,1,1,0.529499,,0.529499
2,27,gpqa_orgn_vs_gpqa_ver1,1,1,1,0.361303,,0.361303
2,27,gsm8k_orgn_vs_gpqa_orgn,1,1,1,0.426436,,0.426436
2,27,gsm8k_orgn_vs_gpqa_ver1,1,1,1,0.36313,,0.36313
2,27,gsm8k_orgn_vs_gsm8k_ver1,1,1,1,0.443142,,0.443142
2,27,gsm8k_ver1_vs_gpqa_orgn,1,1,1,0.444233,,0.444233
2,27,gsm8k_ver1_vs_gpqa_ver1,1,1,1,0.380598,,0.380598
2,28,gpqa_orgn_vs_gpqa_ver1,1,1,1,0.29789,,0.29789
2,28,gsm8k_orgn_vs_gpqa_orgn,1,1,1,0.384716,,0.384716
2,28,gsm8k_orgn_vs_gpqa_ver1,1,1,1,0.32629,,0.32629
2,28,gsm8k_orgn_vs_gsm8k_ver1,1,1,1,0.317823,,0.317823
2,28,gsm8k_ver1_vs_gpqa_orgn,1,1,1,0.293309,,0.293309
2,28,gsm8k_ver1_vs_gpqa_ver1,1,1,1,0.228235,,0.228235
2,29,gpqa_orgn_vs_gpqa_ver1,1,1,1,0.585815,,0.585815
2,29,gsm8k_orgn_vs_gpqa_orgn,1,1,1,0.744486,,0.744486
2,29,gsm8k_orgn_vs_gpqa_ver1,1,1,1,0.725092,,0.725092
2,29,gsm8k_orgn_vs_gsm8k_ver1,1,1,1,0.789603,,0.789603
2,29,gsm8k_ver1_vs_gpqa_orgn,1,1,1,0.668633,,0.668633
2,29,gsm8k_ver1_vs_gpqa_ver1,1,1,1,0.641914,,0.641914
2,30,gpqa_orgn_vs_gpqa_ver1,1,1,1,0.164102,,0.164102
2,30,gsm8k_orgn_vs_gpqa_orgn,1,1,1,0.154909,,0.154909
2,30,gsm8k_orgn_vs_gpqa_ver1,1,1,1,0.173614,,0.173614
2,30,gsm8k_orgn_vs_gsm8k_ver1,1,1,1,0.175448,,0.175448
2,30,gsm8k_ver1_vs_gpqa_orgn,1,1,1,0.175398,,0.175398
2,30,gsm8k_ver1_vs_gpqa_ver1,1,1,1,0.17896,,0.17896
2,31,gpqa_orgn_vs_gpqa_ver1,1,1,1,0.169216,,0.169216
2,31,gsm8k_orgn_vs_gpqa_orgn,1,1,1,0.161808,,0.161808
2,31,gsm8k_orgn_vs_gpqa_ver1,1,1,1,0.176854,,0.176854
2,31,gsm8k_orgn_vs_gsm8k_ver1,1,1,1,0.169008,,0.169008
2,31,gsm8k_ver1_vs_gpqa_orgn,1,1,1,0.166741,,0.166741
2,31,gsm8k_ver1_vs_gpqa_ver1,1,1,1,0.175285,,0.175285
2,32,gpqa_orgn_vs_gpqa_ver1,1,1,1,0.192949,,0.192949
2,32,gsm8k_orgn_vs_gpqa_orgn,1,1,1,0.165263,,0.165263
2,32,gsm8k_orgn_vs_gpqa_ver1,1,1,1,0.188203,,0.188203
2,32,gsm8k_orgn_vs_gsm8k_ver1,1,1,1,0.157345,,0.157345
2,32,gsm8k_ver1_vs_gpqa_orgn,1,1,1,0.169019,,0.169019
2,32,gsm8k_ver1_vs_gpqa_ver1,1,1,1,0.182431,,0.182431
2,33,gpqa_orgn_vs_gpqa_ver1,1,1,1,0.178255,,0.178255
2,33,gsm8k_orgn_vs_gpqa_orgn,1,1,1,0.199567,,0.199567
2,33,gsm8k_orgn_vs_gpqa_ver1,1,1,1,0.21363,,0.21363
2,33,gsm8k_orgn_vs_gsm8k_ver1,1,1,1,0.216957,,0.216957
2,33,gsm8k_ver1_vs_gpqa_orgn,1,1,1,0.19121,,0.19121
2,33,gsm8k_ver1_vs_gpqa_ver1,1,1,1,0.193794,,0.193794
2,34,gpqa_orgn_vs_gpqa_ver1,1,1,1,0.152399,,0.152399
2,34,gsm8k_orgn_vs_gpqa_orgn,1,1,1,0.147402,,0.147402
2,34,gsm8k_orgn_vs_gpqa_ver1,1,1,1,0.16494,,0.16494
2,34,gsm8k_orgn_vs_gsm8k_ver1,1,1,1,0.147475,,0.147475
2,34,gsm8k_ver1_vs_gpqa_orgn,1,1,1,0.142496,,0.142496
2,34,gsm8k_ver1_vs_gpqa_ver1,1,1,1,0.150872,,0.150872
2,35,gpqa_orgn_vs_gpqa_ver1,1,1,1,0.378965,,0.378965
2,35,gsm8k_orgn_vs_gpqa_orgn,1,1,1,0.33464,,0.33464
2,35,gsm8k_orgn_vs_gpqa_ver1,1,1,1,0.338266,,0.338266
2,35,gsm8k_orgn_vs_gsm8k_ver1,1,1,1,0.302207,,0.302207
2,35,gsm8k_ver1_vs_gpqa_orgn,1,1,1,0.353789,,0.353789
2,35,gsm8k_ver1_vs_gpqa_ver1,1,1,1,0.353329,,0.353329
2,36,gpqa_orgn_vs_gpqa_ver1,1,1,1,0.300492,,0.300492
2,36,gsm8k_orgn_vs_gpqa_orgn,1,1,1,0.291759,,0.291759
2,36,gsm8k_orgn_vs_gpqa_ver1,1,1,1,0.301959,,0.301959
2,36,gsm8k_orgn_vs_gsm8k_ver1,1,1,1,0.324836,,0.324836
2,36,gsm8k_ver1_vs_gpqa_orgn,1,1,1,0.330906,,0.330906
2,36,gsm8k_ver1_vs_gpqa_ver1,1,1,1,0.335073,,0.335073
2,37,gpqa_orgn_vs_gpqa_ver1,1,1,1,0.169728,,0.169728
2,37,gsm8k_orgn_vs_gpqa_orgn,1,1,1,0.183621,,0.183621
2,37,gsm8k_orgn_vs_gpqa_ver1,1,1,1,0.177767,,0.177767
2,37,gsm8k_orgn_vs_gsm8k_ver1,1,1,1,0.18295,,0.18295
2,37,gsm8k_ver1_vs_gpqa_orgn,1,1,1,0.183002,,0.183002
2,37,gsm8k_ver1_vs_gpqa_ver1,1,1,1,0.170202,,0.170202
2,38,gpqa_orgn_vs_gpqa_ver1,1,1,1,0.45967,,0.45967
2,38,gsm8k_orgn_vs_gpqa_orgn,1,1,1,0.367955,,0.367955
2,38,gsm8k_orgn_vs_gpqa_ver1,1,1,1,0.389676,,0.389676
2,38,gsm8k_orgn_vs_gsm8k_ver1,1,1,1,0.291265,,0.291265
2,38,gsm8k_ver1_vs_gpqa_orgn,1,1,1,0.377929,,0.377929
2,38,gsm8k_ver1_vs_gpqa_ver1,1,1,1,0.397152,,0.397152
2,39,gpqa_orgn_vs_gpqa_ver1,1,1,1,0.516913,,0.516913
2,39,gsm8k_orgn_vs_gpqa_orgn,1,1,1,0.416025,,0.416025
2,39,gsm8k_orgn_vs_gpqa_ver1,1,1,1,0.426671,,0.426671
2,39,gsm8k_orgn_vs_gsm8k_ver1,1,1,1,0.308974,,0.308974
2,39,gsm8k_ver1_vs_gpqa_orgn,1,1,1,0.418827,,0.418827
2,39,gsm8k_ver1_vs_gpqa_ver1,1,1,1,0.427386,,0.427386
3,0,gpqa_orgn_vs_gpqa_ver1,1,1,1,0.376225,,0.376225
3,0,gsm8k_orgn_vs_gpqa_orgn,1,1,1,0.458575,,0.458575
3,0,gsm8k_orgn_vs_gpqa_ver1,1,1,1,0.447117,,0.447117
3,0,gsm8k_orgn_vs_gsm8k_ver1,1,1,1,0.490941,,0.490941
3,0,gsm8k_ver1_vs_gpqa_orgn,1,1,1,0.455041,,0.455041
3,0,gsm8k_ver1_vs_gpqa_ver1,1,1,1,0.440074,,0.440074
3,1,gpqa_orgn_vs_gpqa_ver1,1,1,1,0.505246,,0.505246
3,1,gsm8k_orgn_vs_gpqa_orgn,1,1,1,0.561654,,0.561654
3,1,gsm8k_orgn_vs_gpqa_ver1,1,1,1,0.568686,,0.568686
3,1,gsm8k_orgn_vs_gsm8k_ver1,1,1,1,0.571682,,0.571682
3,1,gsm8k_ver1_vs_gpqa_orgn,1,1,1,0.544739,,0.544739
3,1,gsm8k_ver1_vs_gpqa_ver1,1,1,1,0.547836,,0.547836
3,2,gpqa_orgn_vs_gpqa_ver1,1,1,1,0.41728,,0.41728
3,2,gsm8k_orgn_vs_gpqa_orgn,1,1,1,0.357789,,0.357789
3,2,gsm8k_orgn_vs_gpqa_ver1,1,1,1,0.43241,,0.43241
3,2,gsm8k_orgn_vs_gsm8k_ver1,1,1,1,0.367976,,0.367976
3,2,gsm8k_ver1_vs_gpqa_orgn,1,1,1,0.366763,,0.366763
3,2,gsm8k_ver1_vs_gpqa_ver1,1,1,1,0.438766,,0.438766
3,3,gpqa_orgn_vs_gpqa_ver1,1,1,1,0.284768,,0.284768
3,3,gsm8k_orgn_vs_gpqa_orgn,1,1,1,0.307753,,0.307753
3,3,gsm8k_orgn_vs_gpqa_ver1,1,1,1,0.324616,,0.324616
3,3,gsm8k_orgn_vs_gsm8k_ver1,1,1,1,0.323916,,0.323916
3,3,gsm8k_ver1_vs_gpqa_orgn,1,1,1,0.314817,,0.314817
3,3,gsm8k_ver1_vs_gpqa_ver1,1,1,1,0.326378,,0.326378
3,4,gpqa_orgn_vs_gpqa_ver1,1,1,1,0.541691,,0.541691
3,4,gsm8k_orgn_vs_gpqa_orgn,1,1,1,0.532001,,0.532001
3,4,gsm8k_orgn_vs_gpqa_ver1,1,1,1,0.621647,,0.621647
3,4,gsm8k_orgn_vs_gsm8k_ver1,1,1,1,0.636595,,0.636595
3,4,gsm8k_ver1_vs_gpqa_orgn,1,1,1,0.582536,,0.582536
3,4,gsm8k_ver1_vs_gpqa_ver1,1,1,1,0.663291,,0.663291
3,5,gpqa_orgn_vs_gpqa_ver1,1,1,1,0.593547,,0.593547
3,5,gsm8k_orgn_vs_gpqa_orgn,1,1,1,0.472035,,0.472035
3,5,gsm8k_orgn_vs_gpqa_ver1,1,1,1,0.537881,,0.537881
3,5,gsm8k_orgn_vs_gsm8k_ver1,1,1,1,0.432403,,0.432403
3,5,gsm8k_ver1_vs_gpqa_orgn,1,1,1,0.4962,,0.4962
3,5,gsm8k_ver1_vs_gpqa_ver1,1,1,1,0.559215,,0.559215
3,6,gpqa_orgn_vs_gpqa_ver1,1,1,1,0.449935,,0.449935
3,6,gsm8k_orgn_vs_gpqa_orgn,1,1,1,0.341984,,0.341984
3,6,gsm8k_orgn_vs_gpqa_ver1,1,1,1,0.350095,,0.350095
3,6,gsm8k_orgn_vs_gsm8k_ver1,1,1,1,0.250761,,0.250761
3,6,gsm8k_ver1_vs_gpqa_orgn,1,1,1,0.365533,,0.365533
3,6,gsm8k_ver1_vs_gpqa_ver1,1,1,1,0.371882,,0.371882
3,7,gpqa_orgn_vs_gpqa_ver1,1,1,1,0.513665,,0.513665
3,7,gsm8k_orgn_vs_gpqa_orgn,1,1,1,0.508931,,0.508931
3,7,gsm8k_orgn_vs_gpqa_ver1,1,1,1,0.545122,,0.545122
3,7,gsm8k_orgn_vs_gsm8k_ver1,1,1,1,0.625121,,0.625121
3,7,gsm8k_ver1_vs_gpqa_orgn,1,1,1,0.598487,,0.598487
3,7,gsm8k_ver1_vs_gpqa_ver1,1,1,1,0.630884,,0.630884
3,8,gpqa_orgn_vs_gpqa_ver1,1,1,1,0.429753,,0.429753
3,8,gsm8k_orgn_vs_gpqa_orgn,1,1,1,0.327364,,0.327364
3,8,gsm8k_orgn_vs_gpqa_ver1,1,1,1,0.333077,,0.333077
3,8,gsm8k_orgn_vs_gsm8k_ver1,1,1,1,0.243031,,0.243031
3,8,gsm8k_ver1_vs_gpqa_orgn,1,1,1,0.34828,,0.34828
3,8,gsm8k_ver1_vs_gpqa_ver1,1,1,1,0.352153,,0.352153
3,9,gpqa_orgn_vs_gpqa_ver1,1,1,1,0.417727,,0.417727
3,9,gsm8k_orgn_vs_gpqa_orgn,1,1,1,0.389678,,0.389678
3,9,gsm8k_orgn_vs_gpqa_ver1,1,1,1,0.435026,,0.435026
3,9,gsm8k_orgn_vs_gsm8k_ver1,1,1,1,0.432596,,0.432596
3,9,gsm8k_ver1_vs_gpqa_orgn,1,1,1,0.419786,,0.419786
3,9,gsm8k_ver1_vs_gpqa_ver1,1,1,1,0.462359,,0.462359
3,10,gpqa_orgn_vs_gpqa_ver1,1,1,1,0.517788,,0.517788
3,10,gsm8k_orgn_vs_gpqa_orgn,1,1,1,0.552558,,0.552558
3,10,gsm8k_orgn_vs_gpqa_ver1,1,1,1,0.545504,,0.545504
3,10,gsm8k_orgn_vs_gsm8k_ver1,1,1,1,0.525117,,0.525117
3,10,gsm8k_ver1_vs_gpqa_orgn,1,1,1,0.52258,,0.52258
3,10,gsm8k_ver1_vs_gpqa_ver1,1,1,1,0.507699,,0.507699
3,11,gpqa_orgn_vs_gpqa_ver1,1,1,1,0.467957,,0.467957
3,11,gsm8k_orgn_vs_gpqa_orgn,1,1,1,0.547604,,0.547604
3,11,gsm8k_orgn_vs_gpqa_ver1,1,1,1,0.516238,,0.516238
3,11,gsm8k_orgn_vs_gsm8k_ver1,1,1,1,0.549009,,0.549009
3,11,gsm8k_ver1_vs_gpqa_orgn,1,1,1,0.531965,,0.531965
3,11,gsm8k_ver1_vs_gpqa_ver1,1,1,1,0.496013,,0.496013
3,12,gpqa_orgn_vs_gpqa_ver1,1,1,1,0.373055,,0.373055
3,12,gsm8k_orgn_vs_gpqa_orgn,1,1,1,0.321693,,0.321693
3,12,gsm8k_orgn_vs_gpqa_ver1,1,1,1,0.345628,,0.345628
3,12,gsm8k_orgn_vs_gsm8k_ver1,1,1,1,0.310751,,0.310751
3,12,gsm8k_ver1_vs_gpqa_orgn,1,1,1,0.351371,,0.351371
3,12,gsm8k_ver1_vs_gpqa_ver1,1,1,1,0.366693,,0.366693
3,13,gpqa_orgn_vs_gpqa_ver1,1,1,1,0.334662,,0.334662
3,13,gsm8k_orgn_vs_gpqa_orgn,1,1,1,0.391166,,0.391166
3,13,gsm8k_orgn_vs_gpqa_ver1,1,1,1,0.383429,,0.383429
3,13,gsm8k_orgn_vs_gsm8k_ver1,1,1,1,0.378676,,0.378676
3,13,gsm8k_ver1_vs_gpqa_orgn,1,1,1,0.366973,,0.366973
3,13,gsm8k_ver1_vs_gpqa_ver1,1,1,1,0.344924,,0.344924
3,14,gpqa_orgn_vs_gpqa_ver1,1,1,1,0.432728,,0.432728
3,14,gsm8k_orgn_vs_gpqa_orgn,1,1,1,0.347203,,0.347203
3,14,gsm8k_orgn_vs_gpqa_ver1,1,1,1,0.374923,,0.374923
3,14,gsm8k_orgn_vs_gsm8k_ver1,1,1,1,0.272812,,0.272812
3,14,gsm8k_ver1_vs_gpqa_orgn,1,1,1,0.356038,,0.356038
3,14,gsm8k_ver1_vs_gpqa_ver1,1,1,1,0.37898,,0.37898
3,15,gpqa_orgn_vs_gpqa_ver1,1,1,1,0.478801,,0.478801
3,15,gsm8k_orgn_vs_gpqa_orgn,1,1,1,0.445395,,0.445395
3,15,gsm8k_orgn_vs_gpqa_ver1,1,1,1,0.459399,,0.459399
3,15,gsm8k_orgn_vs_gsm8k_ver1,1,1,1,0.441525,,0.441525
3,15,gsm8k_ver1_vs_gpqa_orgn,1,1,1,0.493631,,0.493631
3,15,gsm8k_ver1_vs_gpqa_ver1,1,1,1,0.503835,,0.503835
3,16,gpqa_orgn_vs_gpqa_ver1,1,1,1,0.452072,,0.452072
3,16,gsm8k_orgn_vs_gpqa_orgn,1,1,1,0.500711,,0.500711
3,16,gsm8k_orgn_vs_gpqa_ver1,1,1,1,0.540295,,0.540295
3,16,gsm8k_orgn_vs_gsm8k_ver1,1,1,1,0.529533,,0.529533
3,16,gsm8k_ver1_vs_gpqa_orgn,1,1,1,0.549555,,0.549555
3,16,gsm8k_ver1_vs_gpqa_ver1,1,1,1,0.571032,,0.571032
3,17,gpqa_orgn_vs_gpqa_ver1,1,1,1,0.339253,,0.339253
3,17,gsm8k_orgn_vs_gpqa_orgn,1,1,1,0.372618,,0.372618
3,17,gsm8k_orgn_vs_gpqa_ver1,1,1,1,0.357516,,0.357516
3,17,gsm8k_orgn_vs_gsm8k_ver1,1,1,1,0.35128,,0.35128
3,17,gsm8k_ver1_vs_gpqa_orgn,1,1,1,0.356192,,0.356192
3,17,gsm8k_ver1_vs_gpqa_ver1,1,1,1,0.333747,,0.333747
3,18,gpqa_orgn_vs_gpqa_ver1,1,1,1,0.327687,,0.327687
3,18,gsm8k_orgn_vs_gpqa_orgn,1,1,1,0.451711,,0.451711
3,18,gsm8k_orgn_vs_gpqa_ver1,1,1,1,0.432818,,0.432818
3,18,gsm8k_orgn_vs_gsm8k_ver1,1,1,1,0.496221,,0.496221
3,18,gsm8k_ver1_vs_gpqa_orgn,1,1,1,0.453989,,0.453989
3,18,gsm8k_ver1_vs_gpqa_ver1,1,1,1,0.42986,,0.42986
3,19,gpqa_orgn_vs_gpqa_ver1,1,1,1,0.534575,,0.534575
3,19,gsm8k_orgn_vs_gpqa_orgn,1,1,1,0.55169,,0.55169
3,19,gsm8k_orgn_vs_gpqa_ver1,1,1,1,0.567452,,0.567452
3,19,gsm8k_orgn_vs_gsm8k_ver1,1,1,1,0.504495,,0.504495
3,19,gsm8k_ver1_vs_gpqa_orgn,1,1,1,0.543134,,0.543134
3,19,gsm8k_ver1_vs_gpqa_ver1,1,1,1,0.545162,,0.545162
3,20,gpqa_orgn_vs_gpqa_ver1,1,1,1,0.479875,,0.479875
3,20,gsm8k_orgn_vs_gpqa_orgn,1,1,1,0.639664,,0.639664
3,20,gsm8k_orgn_vs_gpqa_ver1,1,1,1,0.649968,,0.649968
3,20,gsm8k_orgn_vs_gsm8k_ver1,1,1,1,0.770064,,0.770064
3,20,gsm8k_ver1_vs_gpqa_orgn,1,1,1,0.649018,,0.649018
3,20,gsm8k_ver1_vs_gpqa_ver1,1,1,1,0.656318,,0.656318
3,21,gpqa_orgn_vs_gpqa_ver1,1,1,1,0.416096,,0.416096
3,21,gsm8k_orgn_vs_gpqa_orgn,1,1,1,0.536965,,0.536965
3,21,gsm8k_orgn_vs_gpqa_ver1,1,1,1,0.49762,,0.49762
3,21,gsm8k_orgn_vs_gsm8k_ver1,1,1,1,0.554015,,0.554015
3,21,gsm8k_ver1_vs_gpqa_orgn,1,1,1,0.495508,,0.495508
3,21,gsm8k_ver1_vs_gpqa_ver1,1,1,1,0.448696,,0.448696
3,22,gpqa_orgn_vs_gpqa_ver1,1,1,1,0.192081,,0.192081
3,22,gsm8k_orgn_vs_gpqa_orgn,1,1,1,0.202764,,0.202764
3,22,gsm8k_orgn_vs_gpqa_ver1,1,1,1,0.193887,,0.193887
3,22,gsm8k_orgn_vs_gsm8k_ver1,1,1,1,0.180587,,0.180587
3,22,gsm8k_ver1_vs_gpqa_orgn,1,1,1,0.18603,,0.18603
3,22,gsm8k_ver1_vs_gpqa_ver1,1,1,1,0.17125,,0.17125
3,23,gpqa_orgn_vs_gpqa_ver1,1,1,1,0.453942,,0.453942
3,23,gsm8k_orgn_vs_gpqa_orgn,1,1,1,0.466046,,0.466046
3,23,gsm8k_orgn_vs_gpqa_ver1,1,1,1,0.444593,,0.444593
3,23,gsm8k_orgn_vs_gsm8k_ver1,1,1,1,0.473658,,0.473658
3,23,gsm8k_ver1_vs_gpqa_orgn,1,1,1,0.520024,,0.520024
3,23,gsm8k_ver1_vs_gpqa_ver1,1,1,1,0.496699,,0.496699
3,24,gpqa_orgn_vs_gpqa_ver1,1,1,1,0.254751,,0.254751
3,24,gsm8k_orgn_vs_gpqa_orgn,1,1,1,0.211214,,0.211214
3,24,gsm8k_orgn_vs_gpqa_ver1,1,1,1,0.217527,,0.217527
3,24,gsm8k_orgn_vs_gsm8k_ver1,1,1,1,0.15824,,0.15824
3,24,gsm8k_ver1_vs_gpqa_orgn,1,1,1,0.213753,,0.213753
3,24,gsm8k_ver1_vs_gpqa_ver1,1,1,1,0.217625,,0.217625
3,25,gpqa_orgn_vs_gpqa_ver1,1,1,1,0.196961,,0.196961
3,25,gsm8k_orgn_vs_gpqa_orgn,1,1,1,0.228613,,0.228613
3,25,gsm8k_orgn_vs_gpqa_ver1,1,1,1,0.207983,,0.207983
3,25,gsm8k_orgn_vs_gsm8k_ver1,1,1,1,0.181105,,0.181105
3,25,gsm8k_ver1_vs_gpqa_orgn,1,1,1,0.176159,,0.176159
3,25,gsm8k_ver1_vs_gpqa_ver1,1,1,1,0.151593,,0.151593
3,26,gpqa_orgn_vs_gpqa_ver1,1,1,1,0.302212,,0.302212
3,26,gsm8k_orgn_vs_gpqa_orgn,1,1,1,0.331601,,0.331601
3,26,gsm8k_orgn_vs_gpqa_ver1,1,1,1,0.333259,,0.333259
3,26,gsm8k_orgn_vs_gsm8k_ver1,1,1,1,0.375267,,0.375267
3,26,gsm8k_ver1_vs_gpqa_orgn,1,1,1,0.352847,,0.352847
3,26,gsm8k_ver1_vs_gpqa_ver1,1,1,1,0.351749,,0.351749
3,27,gpqa_orgn_vs_gpqa_ver1,1,1,1,0.333757,,0.333757
3,27,gsm8k_orgn_vs_gpqa_orgn,1,1,1,0.306832,,0.306832
3,27,gsm8k_orgn_vs_gpqa_ver1,1,1,1,0.322663,,0.322663
3,27,gsm8k_orgn_vs_gsm8k_ver1,1,1,1,0.273179,,0.273179
3,27,gsm8k_ver1_vs_gpqa_orgn,1,1,1,0.29168,,0.29168
3,27,gsm8k_ver1_vs_gpqa_ver1,1,1,1,0.30665,,0.30665
3,28,gpqa_orgn_vs_gpqa_ver1,1,1,1,0.449078,,0.449078
3,28,gsm8k_orgn_vs_gpqa_orgn,1,1,1,0.444697,,0.444697
3,28,gsm8k_orgn_vs_gpqa_ver1,1,1,1,0.455373,,0.455373
3,28,gsm8k_orgn_vs_gsm8k_ver1,1,1,1,0.46478,,0.46478
3,28,gsm8k_ver1_vs_gpqa_orgn,1,1,1,0.466473,,0.466473
3,28,gsm8k_ver1_vs_gpqa_ver1,1,1,1,0.473922,,0.473922
3,29,gpqa_orgn_vs_gpqa_ver1,1,1,1,0.68045,,0.68045
3,29,gsm8k_orgn_vs_gpqa_orgn,1,1,1,0.70463,,0.70463
3,29,gsm8k_orgn_vs_gpqa_ver1,1,1,1,0.757114,,0.757114
3,29,gsm8k_orgn_vs_gsm8k_ver1,1,1,1,0.873272,,0.873272
3,29,gsm8k_ver1_vs_gpqa_orgn,1,1,1,0.814832,,0.814832
3,29,gsm8k_ver1_vs_gpqa_ver1,1,1,1,0.858918,,0.858918
3,30,gpqa_orgn_vs_gpqa_ver1,1,1,1,0.320981,,0.320981
3,30,gsm8k_orgn_vs_gpqa_orgn,1,1,1,0.405219,,0.405219
3,30,gsm8k_orgn_vs_gpqa_ver1,1,1,1,0.424698,,0.424698
3,30,gsm8k_orgn_vs_gsm8k_ver1,1,1,1,0.47244,,0.47244
3,30,gsm8k_ver1_vs_gpqa_orgn,1,1,1,0.433526,,0.433526
3,30,gsm8k_ver1_vs_gpqa_ver1,1,1,1,0.405292,,0.405292
3,31,gpqa_orgn_vs_gpqa_ver1,1,1,1,0.359002,,0.359002
3,31,gsm8k_orgn_vs_gpqa_orgn,1,1,1,0.378129,,0.378129
3,31,gsm8k_orgn_vs_gpqa_ver1,1,1,1,0.376542,,0.376542
3,31,gsm8k_orgn_vs_gsm8k_ver1,1,1,1,0.404535,,0.404535
3,31,gsm8k_ver1_vs_gpqa_orgn,1,1,1,0.395377,,0.395377
3,31,gsm8k_ver1_vs_gpqa_ver1,1,1,1,0.359499,,0.359499
3,32,gpqa_orgn_vs_gpqa_ver1,1,1,1,0.40658,,0.40658
3,32,gsm8k_orgn_vs_gpqa_orgn,1,1,1,0.327184,,0.327184
3,32,gsm8k_orgn_vs_gpqa_ver1,1,1,1,0.42177,,0.42177
3,32,gsm8k_orgn_vs_gsm8k_ver1,1,1,1,0.532268,,0.532268
3,32,gsm8k_ver1_vs_gpqa_orgn,1,1,1,0.533975,,0.533975
3,32,gsm8k_ver1_vs_gpqa_ver1,1,1,1,0.417467,,0.417467
3,33,gpqa_orgn_vs_gpqa_ver1,1,1,1,0.386545,,0.386545
3,33,gsm8k_orgn_vs_gpqa_orgn,1,1,1,0.465934,,0.465934
3,33,gsm8k_orgn_vs_gpqa_ver1,1,1,1,0.454491,,0.454491
3,33,gsm8k_orgn_vs_gsm8k_ver1,1,1,1,0.462823,,0.462823
3,33,gsm8k_ver1_vs_gpqa_orgn,1,1,1,0.408717,,0.408717
3,33,gsm8k_ver1_vs_gpqa_ver1,1,1,1,0.345061,,0.345061
3,34,gpqa_orgn_vs_gpqa_ver1,1,1,1,0.365616,,0.365616
3,34,gsm8k_orgn_vs_gpqa_orgn,1,1,1,0.393022,,0.393022
3,34,gsm8k_orgn_vs_gpqa_ver1,1,1,1,0.413781,,0.413781
3,34,gsm8k_orgn_vs_gsm8k_ver1,1,1,1,0.42248,,0.42248
3,34,gsm8k_ver1_vs_gpqa_orgn,1,1,1,0.379498,,0.379498
3,34,gsm8k_ver1_vs_gpqa_ver1,1,1,1,0.346086,,0.346086
3,35,gpqa_orgn_vs_gpqa_ver1,1,1,1,0.355455,,0.355455
3,35,gsm8k_orgn_vs_gpqa_orgn,1,1,1,0.443109,,0.443109
3,35,gsm8k_orgn_vs_gpqa_ver1,1,1,1,0.393624,,0.393624
3,35,gsm8k_orgn_vs_gsm8k_ver1,1,1,1,0.429055,,0.429055
3,35,gsm8k_ver1_vs_gpqa_orgn,1,1,1,0.399927,,0.399927
3,35,gsm8k_ver1_vs_gpqa_ver1,1,1,1,0.344717,,0.344717
3,36,gpqa_orgn_vs_gpqa_ver1,1,1,1,0.260861,,0.260861
3,36,gsm8k_orgn_vs_gpqa_orgn,1,1,1,0.250552,,0.250552
3,36,gsm8k_orgn_vs_gpqa_ver1,1,1,1,0.235634,,0.235634
3,36,gsm8k_orgn_vs_gsm8k_ver1,1,1,1,0.228738,,0.228738
3,36,gsm8k_ver1_vs_gpqa_orgn,1,1,1,0.264943,,0.264943
3,36,gsm8k_ver1_vs_gpqa_ver1,1,1,1,0.248044,,0.248044
3,37,gpqa_orgn_vs_gpqa_ver1,1,1,1,0.258625,,0.258625
3,37,gsm8k_orgn_vs_gpqa_orgn,1,1,1,0.270785,,0.270785
3,37,gsm8k_orgn_vs_gpqa_ver1,1,1,1,0.246096,,0.246096
3,37,gsm8k_orgn_vs_gsm8k_ver1,1,1,1,0.235074,,0.235074
3,37,gsm8k_ver1_vs_gpqa_orgn,1,1,1,0.25187,,0.25187
3,37,gsm8k_ver1_vs_gpqa_ver1,1,1,1,0.222968,,0.222968
3,38,gpqa_orgn_vs_gpqa_ver1,1,1,1,0.337913,,0.337913
3,38,gsm8k_orgn_vs_gpqa_orgn,1,1,1,0.360128,,0.360128
3,38,gsm8k_orgn_vs_gpqa_ver1,1,1,1,0.357929,,0.357929
3,38,gsm8k_orgn_vs_gsm8k_ver1,1,1,1,0.406832,,0.406832
3,38,gsm8k_ver1_vs_gpqa_orgn,1,1,1,0.415171,,0.415171
3,38,gsm8k_ver1_vs_gpqa_ver1,1,1,1,0.410808,,0.410808
3,39,gpqa_orgn_vs_gpqa_ver1,1,1,1,0.591697,,0.591697
3,39,gsm8k_orgn_vs_gpqa_orgn,1,1,1,0.460773,,0.460773
3,39,gsm8k_orgn_vs_gpqa_ver1,1,1,1,0.54752,,0.54752
3,39,gsm8k_orgn_vs_gsm8k_ver1,1,1,1,0.421023,,0.421023
3,39,gsm8k_ver1_vs_gpqa_orgn,1,1,1,0.479653,,0.479653
3,39,gsm8k_ver1_vs_gpqa_ver1,1,1,1,0.56516,,0.56516
4,0,gpqa_orgn_vs_gpqa_ver1,1,1,1,0.477095,,0.477095
4,0,gsm8k_orgn_vs_gpqa_orgn,1,1,1,0.396673,,0.396673
4,0,gsm8k_orgn_vs_gpqa_ver1,1,1,1,0.436511,,0.436511
4,0,gsm8k_orgn_vs_gsm8k_ver1,1,1,1,0.32631,,0.32631
4,0,gsm8k_ver1_vs_gpqa_orgn,1,1,1,0.44091,,0.44091
4,0,gsm8k_ver1_vs_gpqa_ver1,1,1,1,0.453405,,0.453405
4,1,gpqa_orgn_vs_gpqa_ver1,1,1,1,0.283622,,0.283622
4,1,gsm8k_orgn_vs_gpqa_orgn,1,1,1,0.289306,,0.289306
4,1,gsm8k_orgn_vs_gpqa_ver1,1,1,1,0.298864,,0.298864
4,1,gsm8k_orgn_vs_gsm8k_ver1,1,1,1,0.287493,,0.287493
4,1,gsm8k_ver1_vs_gpqa_orgn,1,1,1,0.298281,,0.298281
4,1,gsm8k_ver1_vs_gpqa_ver1,1,1,1,0.29965,,0.29965
4,2,gpqa_orgn_vs_gpqa_ver1,1,1,1,0.233982,,0.233982
4,2,gsm8k_orgn_vs_gpqa_orgn,1,1,1,0.253552,,0.253552
4,2,gsm8k_orgn_vs_gpqa_ver1,1,1,1,0.250599,,0.250599
4,2,gsm8k_orgn_vs_gsm8k_ver1,1,1,1,0.243578,,0.243578
4,2,gsm8k_ver1_vs_gpqa_orgn,1,1,1,0.254556,,0.254556
4,2,gsm8k_ver1_vs_gpqa_ver1,1,1,1,0.239233,,0.239233
4,3,gpqa_orgn_vs_gpqa_ver1,1,1,1,0.475294,,0.475294
4,3,gsm8k_orgn_vs_gpqa_orgn,1,1,1,0.551093,,0.551093
4,3,gsm8k_orgn_vs_gpqa_ver1,1,1,1,0.544016,,0.544016
4,3,gsm8k_orgn_vs_gsm8k_ver1,1,1,1,0.573889,,0.573889
4,3,gsm8k_ver1_vs_gpqa_orgn,1,1,1,0.583406,,0.583406
4,3,gsm8k_ver1_vs_gpqa_ver1,1,1,1,0.570086,,0.570086
4,4,gpqa_orgn_vs_gpqa_ver1,1,1,1,0.398508,,0.398508
4,4,gsm8k_orgn_vs_gpqa_orgn,1,1,1,0.409029,,0.409029
4,4,gsm8k_orgn_vs_gpqa_ver1,1,1,1,0.410411,,0.410411
4,4,gsm8k_orgn_vs_gsm8k_ver1,1,1,1,0.392957,,0.392957
4,4,gsm8k_ver1_vs_gpqa_orgn,1,1,1,0.425018,,0.425018
4,4,gsm8k_ver1_vs_gpqa_ver1,1,1,1,0.416104,,0.416104
4,5,gpqa_orgn_vs_gpqa_ver1,1,1,1,0.475287,,0.475287
4,5,gsm8k_orgn_vs_gpqa_orgn,1,1,1,0.567686,,0.567686
4,5,gsm8k_orgn_vs_gpqa_ver1,1,1,1,0.564393,,0.564393
4,5,gsm8k_orgn_vs_gsm8k_ver1,1,1,1,0.633163,,0.633163
4,5,gsm8k_ver1_vs_gpqa_orgn,1,1,1,0.580489,,0.580489
4,5,gsm8k_ver1_vs_gpqa_ver1,1,1,1,0.573156,,0.573156
4,6,gpqa_orgn_vs_gpqa_ver1,1,1,1,0.463819,,0.463819
4,6,gsm8k_orgn_vs_gpqa_orgn,1,1,1,0.613285,,0.613285
4,6,gsm8k_orgn_vs_gpqa_ver1,1,1,1,0.581624,,0.581624
4,6,gsm8k_orgn_vs_gsm8k_ver1,1,1,1,0.599482,,0.599482
4,6,gsm8k_ver1_vs_gpqa_orgn,1,1,1,0.505548,,0.505548
4,6,gsm8k_ver1_vs_gpqa_ver1,1,1,1,0.468988,,0.468988
4,7,gpqa_orgn_vs_gpqa_ver1,1,1,1,0.780078,,0.780078
4,7,gsm8k_orgn_vs_gpqa_orgn,1,1,1,0.776675,,0.776675
4,7,gsm8k_orgn_vs_gpqa_ver1,1,1,1,0.798518,,0.798518
4,7,gsm8k_orgn_vs_gsm8k_ver1,1,1,1,0.787415,,0.787415
4,7,gsm8k_ver1_vs_gpqa_orgn,1,1,1,0.804827,,0.804827
4,7,gsm8k_ver1_vs_gpqa_ver1,1,1,1,0.820735,,0.820735
4,8,gpqa_orgn_vs_gpqa_ver1,1,1,1,0.588784,,0.588784
4,8,gsm8k_orgn_vs_gpqa_orgn,1,1,1,0.51801,,0.51801
4,8,gsm8k_orgn_vs_gpqa_ver1,1,1,1,0.558864,,0.558864
4,8,gsm8k_orgn_vs_gsm8k_ver1,1,1,1,0.538583,,0.538583
4,8,gsm8k_ver1_vs_gpqa_orgn,1,1,1,0.580418,,0.580418
4,8,gsm8k_ver1_vs_gpqa_ver1,1,1,1,0.615773,,0.615773
4,9,gpqa_orgn_vs_gpqa_ver1,1,1,1,0.499791,,0.499791
4,9,gsm8k_orgn_vs_gpqa_orgn,1,1,1,0.481347,,0.481347
4,9,gsm8k_orgn_vs_gpqa_ver1,1,1,1,0.467592,,0.467592
4,9,gsm8k_orgn_vs_gsm8k_ver1,1,1,1,0.454042,,0.454042
4,9,gsm8k_ver1_vs_gpqa_orgn,1,1,1,0.49788,,0.49788
4,9,gsm8k_ver1_vs_gpqa_ver1,1,1,1,0.482475,,0.482475
4,10,gpqa_orgn_vs_gpqa_ver1,1,1,1,0.658074,,0.658074
4,10,gsm8k_orgn_vs_gpqa_orgn,1,1,1,0.555098,,0.555098
4,10,gsm8k_orgn_vs_gpqa_ver1,1,1,1,0.636539,,0.636539
4,10,gsm8k_orgn_vs_gsm8k_ver1,1,1,1,0.614763,,0.614763
4,10,gsm8k_ver1_vs_gpqa_orgn,1,1,1,0.647386,,0.647386
4,10,gsm8k_ver1_vs_gpqa_ver1,1,1,1,0.715981,,0.715981
4,11,gpqa_orgn_vs_gpqa_ver1,1,1,1,0.525718,,0.525718
4,11,gsm8k_orgn_vs_gpqa_orgn,1,1,1,0.485708,,0.485708
4,11,gsm8k_orgn_vs_gpqa_ver1,1,1,1,0.519775,,0.519775
4,11,gsm8k_orgn_vs_gsm8k_ver1,1,1,1,0.514147,,0.514147
4,11,gsm8k_ver1_vs_gpqa_orgn,1,1,1,0.530965,,0.530965
4,11,gsm8k_ver1_vs_gpqa_ver1,1,1,1,0.558317,,0.558317
4,12,gpqa_orgn_vs_gpqa_ver1,1,1,1,0.417231,,0.417231
4,12,gsm8k_orgn_vs_gpqa_orgn,1,1,1,0.378789,,0.378789
4,12,gsm8k_orgn_vs_gpqa_ver1,1,1,1,0.403705,,0.403705
4,12,gsm8k_orgn_vs_gsm8k_ver1,1,1,1,0.416849,,0.416849
4,12,gsm8k_ver1_vs_gpqa_orgn,1,1,1,0.438457,,0.438457
4,12,gsm8k_ver1_vs_gpqa_ver1,1,1,1,0.458864,,0.458864
4,13,gpqa_orgn_vs_gpqa_ver1,1,1,1,0.371204,,0.371204
4,13,gsm8k_orgn_vs_gpqa_orgn,1,1,1,0.348073,,0.348073
4,13,gsm8k_orgn_vs_gpqa_ver1,1,1,1,0.37936,,0.37936
4,13,gsm8k_orgn_vs_gsm8k_ver1,1,1,1,0.373899,,0.373899
4,13,gsm8k_ver1_vs_gpqa_orgn,1,1,1,0.373169,,0.373169
4,13,gsm8k_ver1_vs_gpqa_ver1,1,1,1,0.400411,,0.400411
4,14,gpqa_orgn_vs_gpqa_ver1,1,1,1,0.370817,,0.370817
4,14,gsm8k_orgn_vs_gpqa_orgn,1,1,1,0.259755,,0.259755
4,14,gsm8k_orgn_vs_gpqa_ver1,1,1,1,0.32373,,0.32373
4,14,gsm8k_orgn_vs_gsm8k_ver1,1,1,1,0.220674,,0.220674
4,14,gsm8k_ver1_vs_gpqa_orgn,1,1,1,0.290559,,0.290559
4,14,gsm8k_ver1_vs_gpqa_ver1,1,1,1,0.347909,,0.347909
4,15,gpqa_orgn_vs_gpqa_ver1,1,1,1,0.630699,,0.630699
4,15,gsm8k_orgn_vs_gpqa_orgn,1,1,1,0.675451,,0.675451
4,15,gsm8k_orgn_vs_gpqa_ver1,1,1,1,0.708274,,0.708274
4,15,gsm8k_orgn_vs_gsm8k_ver1,1,1,1,0.732512,,0.732512
4,15,gsm8k_ver1_vs_gpqa_orgn,1,1,1,0.682178,,0.682178
4,15,gsm8k_ver1_vs_gpqa_ver1,1,1,1,0.698672,,0.698672
4,16,gpqa_orgn_vs_gpqa_ver1,1,1,1,0.602132,,0.602132
4,16,gsm8k_orgn_vs_gpqa_orgn,1,1,1,0.662875,,0.662875
4,16,gsm8k_orgn_vs_gpqa_ver1,1,1,1,0.681082,,0.681082
4,16,gsm8k_orgn_vs_gsm8k_ver1,1,1,1,0.6866,,0.6866
4,16,gsm8k_ver1_vs_gpqa_orgn,1,1,1,0.645361,,0.645361
4,16,gsm8k_ver1_vs_gpqa_ver1,1,1,1,0.652853,,0.652853
4,17,gpqa_orgn_vs_gpqa_ver1,1,1,1,0.539315,,0.539315
4,17,gsm8k_orgn_vs_gpqa_orgn,1,1,1,0.62541,,0.62541
4,17,gsm8k_orgn_vs_gpqa_ver1,1,1,1,0.617244,,0.617244
4,17,gsm8k_orgn_vs_gsm8k_ver1,1,1,1,0.757876,,0.757876
4,17,gsm8k_ver1_vs_gpqa_orgn,1,1,1,0.713946,,0.713946
4,17,gsm8k_ver1_vs_gpqa_ver1,1,1,1,0.698951,,0.698951
4,18,gpqa_orgn_vs_gpqa_ver1,1,1,1,0.445514,,0.445514
4,18,gsm8k_orgn_vs_gpqa_orgn,1,1,1,0.535069,,0.535069
4,18,gsm8k_orgn_vs_gpqa_ver1,1,1,1,0.538645,,0.538645
4,18,gsm8k_orgn_vs_gsm8k_ver1,1,1,1,0.614209,,0.614209
4,18,gsm8k_ver1_vs_gpqa_orgn,1,1,1,0.567462,,0.567462
4,18,gsm8k_ver1_vs_gpqa_ver1,1,1,1,0.54892,,0.54892
4,19,gpqa_orgn_vs_gpqa_ver1,1,1,1,0.430535,,0.430535
4,19,gsm8k_orgn_vs_gpqa_orgn,1,1,1,0.518764,,0.518764
4,19,gsm8k_orgn_vs_gpqa_ver1,1,1,1,0.54239,,0.54239
4,19,gsm8k_orgn_vs_gsm8k_ver1,1,1,1,0.610579,,0.610579
4,19,gsm8k_ver1_vs_gpqa_orgn,1,1,1,0.550102,,0.550102
4,19,gsm8k_ver1_vs_gpqa_ver1,1,1,1,0.523763,,0.523763
4,20,gpqa_orgn_vs_gpqa_ver1,1,1,1,0.400291,,0.400291
4,20,gsm8k_orgn_vs_gpqa_orgn,1,1,1,0.399269,,0.399269
4,20,gsm8k_orgn_vs_gpqa_ver1,1,1,1,0.402828,,0.402828
4,20,gsm8k_orgn_vs_gsm8k_ver1,1,1,1,0.42431,,0.42431
4,20,gsm8k_ver1_vs_gpqa_orgn,1,1,1,0.45961,,0.45961
4,20,gsm8k_ver1_vs_gpqa_ver1,1,1,1,0.437545,,0.437545
4,21,gpqa_orgn_vs_gpqa_ver1,1,1,1,0.463886,,0.463886
4,21,gsm8k_orgn_vs_gpqa_orgn,1,1,1,0.47175,,0.47175
4,21,gsm8k_orgn_vs_gpqa_ver1,1,1,1,0.489811,,0.489811
4,21,gsm8k_orgn_vs_gsm8k_ver1,1,1,1,0.484248,,0.484248
4,21,gsm8k_ver1_vs_gpqa_orgn,1,1,1,0.510903,,0.510903
4,21,gsm8k_ver1_vs_gpqa_ver1,1,1,1,0.512885,,0.512885
4,22,gpqa_orgn_vs_gpqa_ver1,1,1,1,0.489983,,0.489983
4,22,gsm8k_orgn_vs_gpqa_orgn,1,1,1,0.559703,,0.559703
4,22,gsm8k_orgn_vs_gpqa_ver1,1,1,1,0.574853,,0.574853
4,22,gsm8k_orgn_vs_gsm8k_ver1,1,1,1,0.554105,,0.554105
4,22,gsm8k_ver1_vs_gpqa_orgn,1,1,1,0.589971,,0.589971
4,22,gsm8k_ver1_vs_gpqa_ver1,1,1,1,0.590334,,0.590334
4,23,gpqa_orgn_vs_gpqa_ver1,1,1,1,0.489747,,0.489747
4,23,gsm8k_orgn_vs_gpqa_orgn,1,1,1,0.514609,,0.514609
4,23,gsm8k_orgn_vs_gpqa_ver1,1,1,1,0.526201,,0.526201
4,23,gsm8k_orgn_vs_gsm8k_ver1,1,1,1,0.498499,,0.498499
4,23,gsm8k_ver1_vs_gpqa_orgn,1,1,1,0.553303,,0.553303
4,23,gsm8k_ver1_vs_gpqa_ver1,1,1,1,0.549833,,0.549833
4,24,gpqa_orgn_vs_gpqa_ver1,1,1,1,0.324505,,0.324505
4,24,gsm8k_orgn_vs_gpqa_orgn,1,1,1,0.305466,,0.305466
4,24,gsm8k_orgn_vs_gpqa_ver1,1,1,1,0.299873,,0.299873
4,24,gsm8k_orgn_vs_gsm8k_ver1,1,1,1,0.267415,,0.267415
4,24,gsm8k_ver1_vs_gpqa_orgn,1,1,1,0.311183,,0.311183
4,24,gsm8k_ver1_vs_gpqa_ver1,1,1,1,0.288107,,0.288107
4,25,gpqa_orgn_vs_gpqa_ver1,1,1,1,0.256624,,0.256624
4,25,gsm8k_orgn_vs_gpqa_orgn,1,1,1,0.301913,,0.301913
4,25,gsm8k_orgn_vs_gpqa_ver1,1,1,1,0.282997,,0.282997
4,25,gsm8k_orgn_vs_gsm8k_ver1,1,1,1,0.26224,,0.26224
4,25,gsm8k_ver1_vs_gpqa_orgn,1,1,1,0.259512,,0.259512
4,25,gsm8k_ver1_vs_gpqa_ver1,1,1,1,0.215256,,0.215256
4,26,gpqa_orgn_vs_gpqa_ver1,1,1,1,0.169798,,0.169798
4,26,gsm8k_orgn_vs_gpqa_orgn,1,1,1,0.155096,,0.155096
4,26,gsm8k_orgn_vs_gpqa_ver1,1,1,1,0.153019,,0.153019
4,26,gsm8k_orgn_vs_gsm8k_ver1,1,1,1,0.131936,,0.131936
4,26,gsm8k_ver1_vs_gpqa_orgn,1,1,1,0.158536,,0.158536
4,26,gsm8k_ver1_vs_gpqa_ver1,1,1,1,0.144375,,0.144375
4,27,gpqa_orgn_vs_gpqa_ver1,1,1,1,0.313295,,0.313295
4,27,gsm8k_orgn_vs_gpqa_orgn,1,1,1,0.292792,,0.292792
4,27,gsm8k_orgn_vs_gpqa_ver1,1,1,1,0.300421,,0.300421
4,27,gsm8k_orgn_vs_gsm8k_ver1,1,1,1,0.273047,,0.273047
4,27,gsm8k_ver1_vs_gpqa_orgn,1,1,1,0.313542,,0.313542
4,27,gsm8k_ver1_vs_gpqa_ver1,1,1,1,0.284064,,0.284064
4,28,gpqa_orgn_vs_gpqa_ver1,1,1,1,0.176045,,0.176045
4,28,gsm8k_orgn_vs_gpqa_orgn,1,1,1,0.158589,,0.158589
4,28,gsm8k_orgn_vs_gpqa_ver1,1,1,1,0.146209,,0.146209
4,28,gsm8k_orgn_vs_gsm8k_ver1,1,1,1,0.14227,,0.14227
4,28,gsm8k_ver1_vs_gpqa_orgn,1,1,1,0.177178,,0.177178
4,28,gsm8k_ver1_vs_gpqa_ver1,1,1,1,0.157066,,0.157066
4,29,gpqa_orgn_vs_gpqa_ver1,1,1,1,0.423181,,0.423181
4,29,gsm8k_orgn_vs_gpqa_orgn,1,1,1,0.458953,,0.458953
4,29,gsm8k_orgn_vs_gpqa_ver1,1,1,1,0.467483,,0.467483
4,29,gsm8k_orgn_vs_gsm8k_ver1,1,1,1,0.557645,,0.557645
4,29,gsm8k_ver1_vs_gpqa_orgn,1,1,1,0.535725,,0.535725
4,29,gsm8k_ver1_vs_gpqa_ver1,1,1,1,0.530957,,0.530957
4,30,gpqa_orgn_vs_gpqa_ver1,1,1,1,0.735543,,0.735543
4,30,gsm8k_orgn_vs_gpqa_orgn,1,1,1,0.709145,,0.709145
4,30,gsm8k_orgn_vs_gpqa_ver1,1,1,1,0.707145,,0.707145
4,30,gsm8k_orgn_vs_gsm8k_ver1,1,1,1,0.735578,,0.735578
4,30,gsm8k_ver1_vs_gpqa_orgn,1,1,1,0.789321,,0.789321
4,30,gsm8k_ver1_vs_gpqa_ver1,1,1,1,0.785404,,0.785404
4,31,gpqa_orgn_vs_gpqa_ver1,1,1,1,0.645647,,0.645647
4,31,gsm8k_orgn_vs_gpqa_orgn,1,1,1,0.812789,,0.812789
4,31,gsm8k_orgn_vs_gpqa_ver1,1,1,1,0.795193,,0.795193
4,31,gsm8k_orgn_vs_gsm8k_ver1,1,1,1,0.864376,,0.864376
4,31,gsm8k_ver1_vs_gpqa_orgn,1,1,1,0.748326,,0.748326
4,31,gsm8k_ver1_vs_gpqa_ver1,1,1,1,0.728491,,0.728491
4,32,gpqa_orgn_vs_gpqa_ver1,1,1,1,0.62553,,0.62553
4,32,gsm8k_orgn_vs_gpqa_orgn,1,1,1,0.66287,,0.66287
4,32,gsm8k_orgn_vs_gpqa_ver1,1,1,1,0.629387,,0.629387
4,32,gsm8k_orgn_vs_gsm8k_ver1,1,1,1,0.656825,,0.656825
4,32,gsm8k_ver1_vs_gpqa_orgn,1,1,1,0.661325,,0.661325
4,32,gsm8k_ver1_vs_gpqa_ver1,1,1,1,0.627109,,0.627109
4,33,gpqa_orgn_vs_gpqa_ver1,1,1,1,0.49274,,0.49274
4,33,gsm8k_orgn_vs_gpqa_orgn,1,1,1,0.469212,,0.469212
4,33,gsm8k_orgn_vs_gpqa_ver1,1,1,1,0.4623,,0.4623
4,33,gsm8k_orgn_vs_gsm8k_ver1,1,1,1,0.48889,,0.48889
4,33,gsm8k_ver1_vs_gpqa_orgn,1,1,1,0.530843,,0.530843
4,33,gsm8k_ver1_vs_gpqa_ver1,1,1,1,0.520395,,0.520395
4,34,gpqa_orgn_vs_gpqa_ver1,1,1,1,0.502755,,0.502755
4,34,gsm8k_orgn_vs_gpqa_orgn,1,1,1,0.488111,,0.488111
4,34,gsm8k_orgn_vs_gpqa_ver1,1,1,1,0.492309,,0.492309
4,34,gsm8k_orgn_vs_gsm8k_ver1,1,1,1,0.525983,,0.525983
4,34,gsm8k_ver1_vs_gpqa_orgn,1,1,1,0.547344,,0.547344
4,34,gsm8k_ver1_vs_gpqa_ver1,1,1,1,0.550558,,0.550558
4,35,gpqa_orgn_vs_gpqa_ver1,1,1,1,0.350838,,0.350838
4,35,gsm8k_orgn_vs_gpqa_orgn,1,1,1,0.336122,,0.336122
4,35,gsm8k_orgn_vs_gpqa_ver1,1,1,1,0.346893,,0.346893
4,35,gsm8k_orgn_vs_gsm8k_ver1,1,1,1,0.385268,,0.385268
4,35,gsm8k_ver1_vs_gpqa_orgn,1,1,1,0.394053,,0.394053
4,35,gsm8k_ver1_vs_gpqa_ver1,1,1,1,0.400833,,0.400833
4,36,gpqa_orgn_vs_gpqa_ver1,1,1,1,0.699798,,0.699798
4,36,gsm8k_orgn_vs_gpqa_orgn,1,1,1,0.791548,,0.791548
4,36,gsm8k_orgn_vs_gpqa_ver1,1,1,1,0.787659,,0.787659
4,36,gsm8k_orgn_vs_gsm8k_ver1,1,1,1,0.832217,,0.832217
4,36,gsm8k_ver1_vs_gpqa_orgn,1,1,1,0.752095,,0.752095
4,36,gsm8k_ver1_vs_gpqa_ver1,1,1,1,0.746519,,0.746519
4,37,gpqa_orgn_vs_gpqa_ver1,1,1,1,0.828531,,0.828531
4,37,gsm8k_orgn_vs_gpqa_orgn,1,1,1,0.675178,,0.675178
4,37,gsm8k_orgn_vs_gpqa_ver1,1,1,1,0.755512,,0.755512
4,37,gsm8k_orgn_vs_gsm8k_ver1,1,1,1,0.725014,,0.725014
4,37,gsm8k_ver1_vs_gpqa_orgn,1,1,1,0.806622,,0.806622
4,37,gsm8k_ver1_vs_gpqa_ver1,1,1,1,0.876955,,0.876955
4,38,gpqa_orgn_vs_gpqa_ver1,1,1,1,0.54386,,0.54386
4,38,gsm8k_orgn_vs_gpqa_orgn,1,1,1,0.53579,,0.53579
4,38,gsm8k_orgn_vs_gpqa_ver1,1,1,1,0.535951,,0.535951
4,38,gsm8k_orgn_vs_gsm8k_ver1,1,1,1,0.54098,,0.54098
4,38,gsm8k_ver1_vs_gpqa_orgn,1,1,1,0.55372,,0.55372
4,38,gsm8k_ver1_vs_gpqa_ver1,1,1,1,0.551571,,0.551571
4,39,gpqa_orgn_vs_gpqa_ver1,1,1,1,0.568462,,0.568462
4,39,gsm8k_orgn_vs_gpqa_orgn,1,1,1,0.510464,,0.510464
4,39,gsm8k_orgn_vs_gpqa_ver1,1,1,1,0.492678,,0.492678
4,39,gsm8k_orgn_vs_gsm8k_ver1,1,1,1,0.403514,,0.403514
4,39,gsm8k_ver1_vs_gpqa_orgn,1,1,1,0.491844,,0.491844
4,39,gsm8k_ver1_vs_gpqa_ver1,1,1,1,0.472114,,0.472114
5,0,gpqa_orgn_vs_gpqa_ver1,1,1,1,0.200166,,0.200166
5,0,gsm8k_orgn_vs_gpqa_orgn,1,1,1,0.192594,,0.192594
5,0,gsm8k_orgn_vs_gpqa_ver1,1,1,1,0.197133,,0.197133
5,0,gsm8k_orgn_vs_gsm8k_ver1,1,1,1,0.209675,,0.209675
5,0,gsm8k_ver1_vs_gpqa_orgn,1,1,1,0.217937,,0.217937
5,0,gsm8k_ver1_vs_gpqa_ver1,1,1,1,0.215425,,0.215425
5,1,gpqa_orgn_vs_gpqa_ver1,1,1,1,0.335719,,0.335719
5,1,gsm8k_orgn_vs_gpqa_orgn,1,1,1,0.299813,,0.299813
5,1,gsm8k_orgn_vs_gpqa_ver1,1,1,1,0.333661,,0.333661
5,1,gsm8k_orgn_vs_gsm8k_ver1,1,1,1,0.295712,,0.295712
5,1,gsm8k_ver1_vs_gpqa_orgn,1,1,1,0.332286,,0.332286
5,1,gsm8k_ver1_vs_gpqa_ver1,1,1,1,0.324617,,0.324617
5,2,gpqa_orgn_vs_gpqa_ver1,1,1,1,0.060592,,0.060592
5,2,gsm8k_orgn_vs_gpqa_orgn,1,1,1,0.054283,,0.054283
5,2,gsm8k_orgn_vs_gpqa_ver1,1,1,1,0.062107,,0.062107
5,2,gsm8k_orgn_vs_gsm8k_ver1,1,1,1,0.053689,,0.053689
5,2,gsm8k_ver1_vs_gpqa_orgn,1,1,1,0.058596,,0.058596
5,2,gsm8k_ver1_vs_gpqa_ver1,1,1,1,0.058694,,0.058694
5,3,gpqa_orgn_vs_gpqa_ver1,1,1,1,0.152489,,0.152489
5,3,gsm8k_orgn_vs_gpqa_orgn,1,1,1,0.125442,,0.125442
5,3,gsm8k_orgn_vs_gpqa_ver1,1,1,1,0.115636,,0.115636
5,3,gsm8k_orgn_vs_gsm8k_ver1,1,1,1,0.074931,,0.074931
5,3,gsm8k_ver1_vs_gpqa_orgn,1,1,1,0.128089,,0.128089
5,3,gsm8k_ver1_vs_gpqa_ver1,1,1,1,0.11321,,0.11321
5,4,gpqa_orgn_vs_gpqa_ver1,1,1,1,0.409702,,0.409702
5,4,gsm8k_orgn_vs_gpqa_orgn,1,1,1,0.313237,,0.313237
5,4,gsm8k_orgn_vs_gpqa_ver1,1,1,1,0.32693,,0.32693
5,4,gsm8k_orgn_vs_gsm8k_ver1,1,1,1,0.203598,,0.203598
5,4,gsm8k_ver1_vs_gpqa_orgn,1,1,1,0.305633,,0.305633
5,4,gsm8k_ver1_vs_gpqa_ver1,1,1,1,0.316852,,0.316852
5,5,gpqa_orgn_vs_gpqa_ver1,1,1,1,0.650331,,0.650331
5,5,gsm8k_orgn_vs_gpqa_orgn,1,1,1,0.699653,,0.699653
5,5,gsm8k_orgn_vs_gpqa_ver1,1,1,1,0.713757,,0.713757
5,5,gsm8k_orgn_vs_gsm8k_ver1,1,1,1,0.73561,,0.73561
5,5,gsm8k_ver1_vs_gpqa_orgn,1,1,1,0.709014,,0.709014
5,5,gsm8k_ver1_vs_gpqa_ver1,1,1,1,0.706788,,0.706788
5,6,gpqa_orgn_vs_gpqa_ver1,1,1,1,0.536661,,0.536661
5,6,gsm8k_orgn_vs_gpqa_orgn,1,1,1,0.464845,,0.464845
5,6,gsm8k_orgn_vs_gpqa_ver1,1,1,1,0.489233,,0.489233
5,6,gsm8k_orgn_vs_gsm8k_ver1,1,1,1,0.350686,,0.350686
5,6,gsm8k_ver1_vs_gpqa_orgn,1,1,1,0.421967,,0.421967
5,6,gsm8k_ver1_vs_gpqa_ver1,1,1,1,0.444233,,0.444233
5,7,gpqa_orgn_vs_gpqa_ver1,1,1,1,0.376784,,0.376784
5,7,gsm8k_orgn_vs_gpqa_orgn,1,1,1,0.362933,,0.362933
5,7,gsm8k_orgn_vs_gpqa_ver1,1,1,1,0.354521,,0.354521
5,7,gsm8k_orgn_vs_gsm8k_ver1,1,1,1,0.309475,,0.309475
5,7,gsm8k_ver1_vs_gpqa_orgn,1,1,1,0.342502,,0.342502
5,7,gsm8k_ver1_vs_gpqa_ver1,1,1,1,0.331851,,0.331851
5,8,gpqa_orgn_vs_gpqa_ver1,1,1,1,0.627719,,0.627719
5,8,gsm8k_orgn_vs_gpqa_orgn,1,1,1,0.602011,,0.602011
5,8,gsm8k_orgn_vs_gpqa_ver1,1,1,1,0.609806,,0.609806
5,8,gsm8k_orgn_vs_gsm8k_ver1,1,1,1,0.603074,,0.603074
5,8,gsm8k_ver1_vs_gpqa_orgn,1,1,1,0.630943,,0.630943
5,8,gsm8k_ver1_vs_gpqa_ver1,1,1,1,0.633829,,0.633829
5,9,gpqa_orgn_vs_gpqa_ver1,1,1,1,0.830832,,0.830832
5,9,gsm8k_orgn_vs_gpqa_orgn,1,1,1,0.929571,,0.929571
5,9,gsm8k_orgn_vs_gpqa_ver1,1,1,1,0.966452,,0.966452
5,9,gsm8k_orgn_vs_gsm8k_ver1,1,1,1,1.007259,,1.007259
5,9,gsm8k_ver1_vs_gpqa_orgn,1,1,1,0.9253,,0.9253
5,9,gsm8k_ver1_vs_gpqa_ver1,1,1,1,0.942592,,0.942592
5,10,gpqa_orgn_vs_gpqa_ver1,1,1,1,0.560775,,0.560775
5,10,gsm8k_orgn_vs_gpqa_orgn,1,1,1,0.551639,,0.551639
5,10,gsm8k_orgn_vs_gpqa_ver1,1,1,1,0.583125,,0.583125
5,10,gsm8k_orgn_vs_gsm8k_ver1,1,1,1,0.614828,,0.614828
5,10,gsm8k_ver1_vs_gpqa_orgn,1,1,1,0.597568,,0.597568
5,10,gsm8k_ver1_vs_gpqa_ver1,1,1,1,0.625942,,0.625942
5,11,gpqa_orgn_vs_gpqa_ver1,1,1,1,0.685862,,0.685862
5,11,gsm8k_orgn_vs_gpqa_orgn,1,1,1,0.651763,,0.651763
5,11,gsm8k_orgn_vs_gpqa_ver1,1,1,1,0.680813,,0.680813
5,11,gsm8k_orgn_vs_gsm8k_ver1,1,1,1,0.647222,,0.647222
5,11,gsm8k_ver1_vs_gpqa_orgn,1,1,1,0.659082,,0.659082
5,11,gsm8k_ver1_vs_gpqa_ver1,1,1,1,0.684911,,0.684911
5,12,gpqa_orgn_vs_gpqa_ver1,1,1,1,0.691568,,0.691568
5,12,gsm8k_orgn_vs_gpqa_orgn,1,1,1,0.73809,,0.73809
5,12,gsm8k_orgn_vs_gpqa_ver1,1,1,1,0.743857,,0.743857
5,12,gsm8k_orgn_vs_gsm8k_ver1,1,1,1,0.70638,,0.70638
5,12,gsm8k_ver1_vs_gpqa_orgn,1,1,1,0.664233,,0.664233
5,12,gsm8k_ver1_vs_gpqa_ver1,1,1,1,0.668167,,0.668167
5,13,gpqa_orgn_vs_gpqa_ver1,1,1,1,0.621366,,0.621366
5,13,gsm8k_orgn_vs_gpqa_orgn,1,1,1,0.815965,,0.815965
5,13,gsm8k_orgn_vs_gpqa_ver1,1,1,1,0.755643,,0.755643
5,13,gsm8k_orgn_vs_gsm8k_ver1,1,1,1,0.876243,,0.876243
5,13,gsm8k_ver1_vs_gpqa_orgn,1,1,1,0.765905,,0.765905
5,13,gsm8k_ver1_vs_gpqa_ver1,1,1,1,0.700748,,0.700748
5,14,gpqa_orgn_vs_gpqa_ver1,1,1,1,0.636207,,0.636207
5,14,gsm8k_orgn_vs_gpqa_orgn,1,1,1,0.580452,,0.580452
5,14,gsm8k_orgn_vs_gpqa_ver1,1,1,1,0.634413,,0.634413
5,14,gsm8k_orgn_vs_gsm8k_ver1,1,1,1,0.640627,,0.640627
5,14,gsm8k_ver1_vs_gpqa_orgn,1,1,1,0.648911,,0.648911
5,14,gsm8k_ver1_vs_gpqa_ver1,1,1,1,0.695829,,0.695829
5,15,gpqa_orgn_vs_gpqa_ver1,1,1,1,0.524863,,0.524863
5,15,gsm8k_orgn_vs_gpqa_orgn,1,1,1,0.43491,,0.43491
5,15,gsm8k_orgn_vs_gpqa_ver1,1,1,1,0.452875,,0.452875
5,15,gsm8k_orgn_vs_gsm8k_ver1,1,1,1,0.326616,,0.326616
5,15,gsm8k_ver1_vs_gpqa_orgn,1,1,1,0.419152,,0.419152
5,15,gsm8k_ver1_vs_gpqa_ver1,1,1,1,0.43641,,0.43641
5,16,gpqa_orgn_vs_gpqa_ver1,1,1,1,0.039245,,0.039245
5,16,gsm8k_orgn_vs_gpqa_orgn,1,1,1,0.036924,,0.036924
5,16,gsm8k_orgn_vs_gpqa_ver1,1,1,1,0.037081,,0.037081
5,16,gsm8k_orgn_vs_gsm8k_ver1,1,1,1,0.031335,,0.031335
5,16,gsm8k_ver1_vs_gpqa_orgn,1,1,1,0.037189,,0.037189
5,16,gsm8k_ver1_vs_gpqa_ver1,1,1,1,0.035399,,0.035399
5,17,gpqa_orgn_vs_gpqa_ver1,1,1,1,0.044808,,0.044808
5,17,gsm8k_orgn_vs_gpqa_orgn,1,1,1,0.041306,,0.041306
5,17,gsm8k_orgn_vs_gpqa_ver1,1,1,1,0.039418,,0.039418
5,17,gsm8k_orgn_vs_gsm8k_ver1,1,1,1,0.032259,,0.032259
5,17,gsm8k_ver1_vs_gpqa_orgn,1,1,1,0.040659,,0.040659
5,17,gsm8k_ver1_vs_gpqa_ver1,1,1,1,0.037418,,0.037418
5,18,gpqa_orgn_vs_gpqa_ver1,1,1,1,0.267996,,0.267996
5,18,gsm8k_orgn_vs_gpqa_orgn,1,1,1,0.231231,,0.231231
5,18,gsm8k_orgn_vs_gpqa_ver1,1,1,1,0.209835,,0.209835
5,18,gsm8k_orgn_vs_gsm8k_ver1,1,1,1,0.150912,,0.150912
5,18,gsm8k_ver1_vs_gpqa_orgn,1,1,1,0.221031,,0.221031
5,18,gsm8k_ver1_vs_gpqa_ver1,1,1,1,0.197953,,0.197953
5,19,gpqa_orgn_vs_gpqa_ver1,1,1,1,0.176892,,0.176892
5,19,gsm8k_orgn_vs_gpqa_orgn,1,1,1,0.135662,,0.135662
5,19,gsm8k_orgn_vs_gpqa_ver1,1,1,1,0.137015,,0.137015
5,19,gsm8k_orgn_vs_gsm8k_ver1,1,1,1,0.083644,,0.083644
5,19,gsm8k_ver1_vs_gpqa_orgn,1,1,1,0.132817,,0.132817
5,19,gsm8k_ver1_vs_gpqa_ver1,1,1,1,0.133266,,0.133266
5,20,gpqa_orgn_vs_gpqa_ver1,1,1,1,0.67166,,0.67166
5,20,gsm8k_orgn_vs_gpqa_orgn,1,1,1,0.606253,,0.606253
5,20,gsm8k_orgn_vs_gpqa_ver1,1,1,1,0.626363,,0.626363
5,20,gsm8k_orgn_vs_gsm8k_ver1,1,1,1,0.501032,,0.501032
5,20,gsm8k_ver1_vs_gpqa_orgn,1,1,1,0.565436,,0.565436
5,20,gsm8k_ver1_vs_gpqa_ver1,1,1,1,0.584743,,0.584743
5,21,gpqa_orgn_vs_gpqa_ver1,1,1,1,0.733116,,0.733116
5,21,gsm8k_orgn_vs_gpqa_orgn,1,1,1,0.812553,,0.812553
5,21,gsm8k_orgn_vs_gpqa_ver1,1,1,1,0.826578,,0.826578
5,21,gsm8k_orgn_vs_gsm8k_ver1,1,1,1,0.89385,,0.89385
5,21,gsm8k_ver1_vs_gpqa_orgn,1,1,1,0.855876,,0.855876
5,21,gsm8k_ver1_vs_gpqa_ver1,1,1,1,0.864819,,0.864819
5,22,gpqa_orgn_vs_gpqa_ver1,1,1,1,0.566802,,0.566802
5,22,gsm8k_orgn_vs_gpqa_orgn,1,1,1,0.55938,,0.55938
5,22,gsm8k_orgn_vs_gpqa_ver1,1,1,1,0.546621,,0.546621
5,22,gsm8k_orgn_vs_gsm8k_ver1,1,1,1,0.527478,,0.527478
5,22,gsm8k_ver1_vs_gpqa_orgn,1,1,1,0.555852,,0.555852
5,22,gsm8k_ver1_vs_gpqa_ver1,1,1,1,0.540135,,0.540135
5,23,gpqa_orgn_vs_gpqa_ver1,1,1,1,0.575283,,0.575283
5,23,gsm8k_orgn_vs_gpqa_orgn,1,1,1,0.511815,,0.511815
5,23,gsm8k_orgn_vs_gpqa_ver1,1,1,1,0.528793,,0.528793
5,23,gsm8k_orgn_vs_gsm8k_ver1,1,1,1,0.484586,,0.484586
5,23,gsm8k_ver1_vs_gpqa_orgn,1,1,1,0.539456,,0.539456
5,23,gsm8k_ver1_vs_gpqa_ver1,1,1,1,0.552006,,0.552006
5,24,gpqa_orgn_vs_gpqa_ver1,1,1,1,0.459753,,0.459753
5,24,gsm8k_orgn_vs_gpqa_orgn,1,1,1,0.437946,,0.437946
5,24,gsm8k_orgn_vs_gpqa_ver1,1,1,1,0.455406,,0.455406
5,24,gsm8k_orgn_vs_gsm8k_ver1,1,1,1,0.476234,,0.476234
5,24,gsm8k_ver1_vs_gpqa_orgn,1,1,1,0.492734,,0.492734
5,24,gsm8k_ver1_vs_gpqa_ver1,1,1,1,0.502471,,0.502471
5,25,gpqa_orgn_vs_gpqa_ver1,1,1,1,0.210631,,0.210631
5,25,gsm8k_orgn_vs_gpqa_orgn,1,1,1,0.175293,,0.175293
5,25,gsm8k_orgn_vs_gpqa_ver1,1,1,1,0.179191,,0.179191
5,25,gsm8k_orgn_vs_gsm8k_ver1,1,1,1,0.13527,,0.13527
5,25,gsm8k_ver1_vs_gpqa_orgn,1,1,1,0.179096,,0.179096
5,25,gsm8k_ver1_vs_gpqa_ver1,1,1,1,0.174087,,0.174087
5,26,gpqa_orgn_vs_gpqa_ver1,1,1,1,0.537489,,0.537489
5,26,gsm8k_orgn_vs_gpqa_orgn,1,1,1,0.519939,,0.519939
5,26,gsm8k_orgn_vs_gpqa_ver1,1,1,1,0.526091,,0.526091
5,26,gsm8k_orgn_vs_gsm8k_ver1,1,1,1,0.498919,,0.498919
5,26,gsm8k_ver1_vs_gpqa_orgn,1,1,1,0.547478,,0.547478
5,26,gsm8k_ver1_vs_gpqa_ver1,1,1,1,0.530454,,0.530454
5,27,gpqa_orgn_vs_gpqa_ver1,1,1,1,0.401031,,0.401031
5,27,gsm8k_orgn_vs_gpqa_orgn,1,1,1,0.426589,,0.426589
5,27,gsm8k_orgn_vs_gpqa_ver1,1,1,1,0.433827,,0.433827
5,27,gsm8k_orgn_vs_gsm8k_ver1,1,1,1,0.487119,,0.487119
5,27,gsm8k_ver1_vs_gpqa_orgn,1,1,1,0.473637,,0.473637
5,27,gsm8k_ver1_vs_gpqa_ver1,1,1,1,0.461424,,0.461424
5,28,gpqa_orgn_vs_gpqa_ver1,1,1,1,0.313673,,0.313673
5,28,gsm8k_orgn_vs_gpqa_orgn,1,1,1,0.319215,,0.319215
5,28,gsm8k_orgn_vs_gpqa_ver1,1,1,1,0.310715,,0.310715
5,28,gsm8k_orgn_vs_gsm8k_ver1,1,1,1,0.289485,,0.289485
5,28,gsm8k_ver1_vs_gpqa_orgn,1,1,1,0.301167,,0.301167
5,28,gsm8k_ver1_vs_gpqa_ver1,1,1,1,0.287424,,0.287424
5,29,gpqa_orgn_vs_gpqa_ver1,1,1,1,1.112529,,1.112529
5,29,gsm8k_orgn_vs_gpqa_orgn,1,1,1,1.081681,,1.081681
5,29,gsm8k_orgn_vs_gpqa_ver1,1,1,1,1.117795,,1.117795
5,29,gsm8k_orgn_vs_gsm8k_ver1,1,1,1,1.091658,,1.091658
5,29,gsm8k_ver1_vs_gpqa_orgn,1,1,1,1.110658,,1.110658
5,29,gsm8k_ver1_vs_gpqa_ver1,1,1,1,1.132229,,1.132229
5,30,gpqa_orgn_vs_gpqa_ver1,1,1,1,0.290421,,0.290421
5,30,gsm8k_orgn_vs_gpqa_orgn,1,1,1,0.274379,,0.274379
5,30,gsm8k_orgn_vs_gpqa_ver1,1,1,1,0.283732,,0.283732
5,30,gsm8k_orgn_vs_gsm8k_ver1,1,1,1,0.233134,,0.233134
5,30,gsm8k_ver1_vs_gpqa_orgn,1,1,1,0.28572,,0.28572
5,30,gsm8k_ver1_vs_gpqa_ver1,1,1,1,0.280636,,0.280636
5,31,gpqa_orgn_vs_gpqa_ver1,1,1,1,0.676819,,0.676819
5,31,gsm8k_orgn_vs_gpqa_orgn,1,1,1,0.668143,,0.668143
5,31,gsm8k_orgn_vs_gpqa_ver1,1,1,1,0.671094,,0.671094
5,31,gsm8k_orgn_vs_gsm8k_ver1,1,1,1,0.603803,,0.603803
5,31,gsm8k_ver1_vs_gpqa_orgn,1,1,1,0.682176,,0.682176
5,31,gsm8k_ver1_vs_gpqa_ver1,1,1,1,0.665819,,0.665819
5,32,gpqa_orgn_vs_gpqa_ver1,1,1,1,0.375445,,0.375445
5,32,gsm8k_orgn_vs_gpqa_orgn,1,1,1,0.412932,,0.412932
5,32,gsm8k_orgn_vs_gpqa_ver1,1,1,1,0.435502,,0.435502
5,32,gsm8k_orgn_vs_gsm8k_ver1,1,1,1,0.418459,,0.418459
5,32,gsm8k_ver1_vs_gpqa_orgn,1,1,1,0.398141,,0.398141
5,32,gsm8k_ver1_vs_gpqa_ver1,1,1,1,0.409893,,0.409893
5,33,gpqa_orgn_vs_gpqa_ver1,1,1,1,0.283953,,0.283953
5,33,gsm8k_orgn_vs_gpqa_orgn,1,1,1,0.293561,,0.293561
5,33,gsm8k_orgn_vs_gpqa_ver1,1,1,1,0.300864,,0.300864
5,33,gsm8k_orgn_vs_gsm8k_ver1,1,1,1,0.2909,,0.2909
5,33,gsm8k_ver1_vs_gpqa_orgn,1,1,1,0.307268,,0.307268
5,33,gsm8k_ver1_vs_gpqa_ver1,1,1,1,0.291685,,0.291685
5,34,gpqa_orgn_vs_gpqa_ver1,1,1,1,0.447611,,0.447611
5,34,gsm8k_orgn_vs_gpqa_orgn,1,1,1,0.43429,,0.43429
5,34,gsm8k_orgn_vs_gpqa_ver1,1,1,1,0.454607,,0.454607
5,34,gsm8k_orgn_vs_gsm8k_ver1,1,1,1,0.352469,,0.352469
5,34,gsm8k_ver1_vs_gpqa_orgn,1,1,1,0.442392,,0.442392
5,34,gsm8k_ver1_vs_gpqa_ver1,1,1,1,0.444335,,0.444335
5,35,gpqa_orgn_vs_gpqa_ver1,1,1,1,0.598052,,0.598052
5,35,gsm8k_orgn_vs_gpqa_orgn,1,1,1,0.640947,,0.640947
5,35,gsm8k_orgn_vs_gpqa_ver1,1,1,1,0.639404,,0.639404
5,35,gsm8k_orgn_vs_gsm8k_ver1,1,1,1,0.694005,,0.694005
5,35,gsm8k_ver1_vs_gpqa_orgn,1,1,1,0.739257,,0.739257
5,35,gsm8k_ver1_vs_gpqa_ver1,1,1,1,0.730423,,0.730423
5,36,gpqa_orgn_vs_gpqa_ver1,1,1,1,0.881302,,0.881302
5,36,gsm8k_orgn_vs_gpqa_orgn,1,1,1,0.931247,,0.931247
5,36,gsm8k_orgn_vs_gpqa_ver1,1,1,1,0.913245,,0.913245
5,36,gsm8k_orgn_vs_gsm8k_ver1,1,1,1,0.875848,,0.875848
5,36,gsm8k_ver1_vs_gpqa_orgn,1,1,1,0.979604,,0.979604
5,36,gsm8k_ver1_vs_gpqa_ver1,1,1,1,0.954953,,0.954953
5,37,gpqa_orgn_vs_gpqa_ver1,1,1,1,0.768351,,0.768351
5,37,gsm8k_orgn_vs_gpqa_orgn,1,1,1,0.88377,,0.88377
5,37,gsm8k_orgn_vs_gpqa_ver1,1,1,1,0.856134,,0.856134
5,37,gsm8k_orgn_vs_gsm8k_ver1,1,1,1,0.73493,,0.73493
5,37,gsm8k_ver1_vs_gpqa_orgn,1,1,1,0.876341,,0.876341
5,37,gsm8k_ver1_vs_gpqa_ver1,1,1,1,0.838659,,0.838659
5,38,gpqa_orgn_vs_gpqa_ver1,1,1,1,0.651422,,0.651422
5,38,gsm8k_orgn_vs_gpqa_orgn,1,1,1,0.742346,,0.742346
5,38,gsm8k_orgn_vs_gpqa_ver1,1,1,1,0.725068,,0.725068
5,38,gsm8k_orgn_vs_gsm8k_ver1,1,1,1,0.743853,,0.743853
5,38,gsm8k_ver1_vs_gpqa_orgn,1,1,1,0.725383,,0.725383
5,38,gsm8k_ver1_vs_gpqa_ver1,1,1,1,0.702496,,0.702496
5,39,gpqa_orgn_vs_gpqa_ver1,1,1,1,0.612166,,0.612166
5,39,gsm8k_orgn_vs_gpqa_orgn,1,1,1,0.611176,,0.611176
5,39,gsm8k_orgn_vs_gpqa_ver1,1,1,1,0.629595,,0.629595
5,39,gsm8k_orgn_vs_gsm8k_ver1,1,1,1,0.587428,,0.587428
5,39,gsm8k_ver1_vs_gpqa_orgn,1,1,1,0.633183,,0.633183
5,39,gsm8k_ver1_vs_gpqa_ver1,1,1,1,0.640552,,0.640552
6,0,gpqa_orgn_vs_gpqa_ver1,1,1,1,0.659032,,0.659032
6,0,gsm8k_orgn_vs_gpqa_orgn,1,1,1,0.706573,,0.706573
6,0,gsm8k_orgn_vs_gpqa_ver1,1,1,1,0.706952,,0.706952
6,0,gsm8k_orgn_vs_gsm8k_ver1,1,1,1,0.733213,,0.733213
6,0,gsm8k_ver1_vs_gpqa_orgn,1,1,1,0.730163,,0.730163
6,0,gsm8k_ver1_vs_gpqa_ver1,1,1,1,0.701669,,0.701669
6,1,gpqa_orgn_vs_gpqa_ver1,1,1,1,0.8767,,0.8767
6,1,gsm8k_orgn_vs_gpqa_orgn,1,1,1,0.79543,,0.79543
6,1,gsm8k_orgn_vs_gpqa_ver1,1,1,1,0.786228,,0.786228
6,1,gsm8k_orgn_vs_gsm8k_ver1,1,1,1,0.702627,,0.702627
6,1,gsm8k_ver1_vs_gpqa_orgn,1,1,1,0.860383,,0.860383
6,1,gsm8k_ver1_vs_gpqa_ver1,1,1,1,0.832769,,0.832769
6,2,gpqa_orgn_vs_gpqa_ver1,1,1,1,0.948548,,0.948548
6,2,gsm8k_orgn_vs_gpqa_orgn,1,1,1,0.933423,,0.933423
6,2,gsm8k_orgn_vs_gpqa_ver1,1,1,1,0.962591,,0.962591
6,2,gsm8k_orgn_vs_gsm8k_ver1,1,1,1,0.909518,,0.909518
6,2,gsm8k_ver1_vs_gpqa_orgn,1,1,1,0.94187,,0.94187
6,2,gsm8k_ver1_vs_gpqa_ver1,1,1,1,0.959104,,0.959104
6,3,gpqa_orgn_vs_gpqa_ver1,1,1,1,0.815006,,0.815006
6,3,gsm8k_orgn_vs_gpqa_orgn,1,1,1,0.888889,,0.888889
6,3,gsm8k_orgn_vs_gpqa_ver1,1,1,1,0.886544,,0.886544
6,3,gsm8k_orgn_vs_gsm8k_ver1,1,1,1,0.897468,,0.897468
6,3,gsm8k_ver1_vs_gpqa_orgn,1,1,1,0.925583,,0.925583
6,3,gsm8k_ver1_vs_gpqa_ver1,1,1,1,0.913255,,0.913255
6,4,gpqa_orgn_vs_gpqa_ver1,1,1,1,1.041643,,1.041643
6,4,gsm8k_orgn_vs_gpqa_orgn,1,1,1,0.940825,,0.940825
6,4,gsm8k_orgn_vs_gpqa_ver1,1,1,1,0.966156,,0.966156
6,4,gsm8k_orgn_vs_gsm8k_ver1,1,1,1,0.764253,,0.764253
6,4,gsm8k_ver1_vs_gpqa_orgn,1,1,1,0.955955,,0.955955
6,4,gsm8k_ver1_vs_gpqa_ver1,1,1,1,0.947075,,0.947075
6,5,gpqa_orgn_vs_gpqa_ver1,1,1,1,0.279716,,0.279716
6,5,gsm8k_orgn_vs_gpqa_orgn,1,1,1,0.377136,,0.377136
6,5,gsm8k_orgn_vs_gpqa_ver1,1,1,1,0.344595,,0.344595
6,5,gsm8k_orgn_vs_gsm8k_ver1,1,1,1,0.358325,,0.358325
6,5,gsm8k_ver1_vs_gpqa_orgn,1,1,1,0.31756,,0.31756
6,5,gsm8k_ver1_vs_gpqa_ver1,1,1,1,0.26302,,0.26302
6,6,gpqa_orgn_vs_gpqa_ver1,1,1,1,0.289487,,0.289487
6,6,gsm8k_orgn_vs_gpqa_orgn,1,1,1,0.356899,,0.356899
6,6,gsm8k_orgn_vs_gpqa_ver1,1,1,1,0.334987,,0.334987
6,6,gsm8k_orgn_vs_gsm8k_ver1,1,1,1,0.331479,,0.331479
6,6,gsm8k_ver1_vs_gpqa_orgn,1,1,1,0.319926,,0.319926
6,6,gsm8k_ver1_vs_gpqa_ver1,1,1,1,0.275977,,0.275977
6,7,gpqa_orgn_vs_gpqa_ver1,1,1,1,0.806877,,0.806877
6,7,gsm8k_orgn_vs_gpqa_orgn,1,1,1,0.775625,,0.775625
6,7,gsm8k_orgn_vs_gpqa_ver1,1,1,1,0.776052,,0.776052
6,7,gsm8k_orgn_vs_gsm8k_ver1,1,1,1,0.726766,,0.726766
6,7,gsm8k_ver1_vs_gpqa_orgn,1,1,1,0.801315,,0.801315
6,7,gsm8k_ver1_vs_gpqa_ver1,1,1,1,0.778667,,0.778667
6,8,gpqa_orgn_vs_gpqa_ver1,1,1,1,0.193825,,0.193825
6,8,gsm8k_orgn_vs_gpqa_orgn,1,1,1,0.204306,,0.204306
6,8,gsm8k_orgn_vs_gpqa_ver1,1,1,1,0.178949,,0.178949
6,8,gsm8k_orgn_vs_gsm8k_ver1,1,1,1,0.166032,,0.166032
6,8,gsm8k_ver1_vs_gpqa_orgn,1,1,1,0.189156,,0.189156
6,8,gsm8k_ver1_vs_gpqa_ver1,1,1,1,0.152805,,0.152805
6,9,gpqa_orgn_vs_gpqa_ver1,1,1,1,0.52616,,0.52616
6,9,gsm8k_orgn_vs_gpqa_orgn,1,1,1,0.507768,,0.507768
6,9,gsm8k_orgn_vs_gpqa_ver1,1,1,1,0.509246,,0.509246
6,9,gsm8k_orgn_vs_gsm8k_ver1,1,1,1,0.466124,,0.466124
6,9,gsm8k_ver1_vs_gpqa_orgn,1,1,1,0.519904,,0.519904
6,9,gsm8k_ver1_vs_gpqa_ver1,1,1,1,0.491227,,0.491227
6,10,gpqa_orgn_vs_gpqa_ver1,1,1,1,1.109513,,1.109513
6,10,gsm8k_orgn_vs_gpqa_orgn,1,1,1,1.088151,,1.088151
6,10,gsm8k_orgn_vs_gpqa_ver1,1,1,1,1.0695,,1.0695
6,10,gsm8k_orgn_vs_gsm8k_ver1,1,1,1,0.9778,,0.9778
6,10,gsm8k_ver1_vs_gpqa_orgn,1,1,1,1.10762,,1.10762
6,10,gsm8k_ver1_vs_gpqa_ver1,1,1,1,1.082189,,1.082189
6,11,gpqa_orgn_vs_gpqa_ver1,1,1,1,0.869434,,0.869434
6,11,gsm8k_orgn_vs_gpqa_orgn,1,1,1,0.857932,,0.857932
6,11,gsm8k_orgn_vs_gpqa_ver1,1,1,1,0.862776,,0.862776
6,11,gsm8k_orgn_vs_gsm8k_ver1,1,1,1,0.862014,,0.862014
6,11,gsm8k_ver1_vs_gpqa_orgn,1,1,1,0.90784,,0.90784
6,11,gsm8k_ver1_vs_gpqa_ver1,1,1,1,0.909748,,0.909748
6,12,gpqa_orgn_vs_gpqa_ver1,1,1,1,0.841498,,0.841498
6,12,gsm8k_orgn_vs_gpqa_orgn,1,1,1,0.885149,,0.885149
6,12,gsm8k_orgn_vs_gpqa_ver1,1,1,1,0.898728,,0.898728
6,12,gsm8k_orgn_vs_gsm8k_ver1,1,1,1,0.949971,,0.949971
6,12,gsm8k_ver1_vs_gpqa_orgn,1,1,1,0.928511,,0.928511
6,12,gsm8k_ver1_vs_gpqa_ver1,1,1,1,0.938548,,0.938548
6,13,gpqa_orgn_vs_gpqa_ver1,1,1,1,0.362158,,0.362158
6,13,gsm8k_orgn_vs_gpqa_orgn,1,1,1,0.400209,,0.400209
6,13,gsm8k_orgn_vs_gpqa_ver1,1,1,1,0.404921,,0.404921
6,13,gsm8k_orgn_vs_gsm8k_ver1,1,1,1,0.424399,,0.424399
6,13,gsm8k_ver1_vs_gpqa_orgn,1,1,1,0.412544,,0.412544
6,13,gsm8k_ver1_vs_gpqa_ver1,1,1,1,0.414051,,0.414051
6,14,gpqa_orgn_vs_gpqa_ver1,1,1,1,1.036772,,1.036772
6,14,gsm8k_orgn_vs_gpqa_orgn,1,1,1,0.946933,,0.946933
6,14,gsm8k_orgn_vs_gpqa_ver1,1,1,1,0.957252,,0.957252
6,14,gsm8k_orgn_vs_gsm8k_ver1,1,1,1,0.879917,,0.879917
6,14,gsm8k_ver1_vs_gpqa_orgn,1,1,1,1.001577,,1.001577
6,14,gsm8k_ver1_vs_gpqa_ver1,1,1,1,1.008081,,1.008081
6,15,gpqa_orgn_vs_gpqa_ver1,1,1,1,0.815476,,0.815476
6,15,gsm8k_orgn_vs_gpqa_orgn,1,1,1,0.905423,,0.905423
6,15,gsm8k_orgn_vs_gpqa_ver1,1,1,1,0.92367,,0.92367
6,15,gsm8k_orgn_vs_gsm8k_ver1,1,1,1,0.973266,,0.973266
6,15,gsm8k_ver1_vs_gpqa_orgn,1,1,1,0.887222,,0.887222
6,15,gsm8k_ver1_vs_gpqa_ver1,1,1,1,0.901792,,0.901792
6,16,gpqa_orgn_vs_gpqa_ver1,1,1,1,0.925079,,0.925079
6,16,gsm8k_orgn_vs_gpqa_orgn,1,1,1,1.08719,,1.08719
6,16,gsm8k_orgn_vs_gpqa_ver1,1,1,1,1.116302,,1.116302
6,16,gsm8k_orgn_vs_gsm8k_ver1,1,1,1,1.235633,,1.235633
6,16,gsm8k_ver1_vs_gpqa_orgn,1,1,1,1.091797,,1.091797
6,16,gsm8k_ver1_vs_gpqa_ver1,1,1,1,1.111528,,1.111528
6,17,gpqa_orgn_vs_gpqa_ver1,1,1,1,0.82084,,0.82084
6,17,gsm8k_orgn_vs_gpqa_orgn,1,1,1,0.915915,,0.915915
6,17,gsm8k_orgn_vs_gpqa_ver1,1,1,1,0.896613,,0.896613
6,17,gsm8k_orgn_vs_gsm8k_ver1,1,1,1,0.908528,,0.908528
6,17,gsm8k_ver1_vs_gpqa_orgn,1,1,1,0.854469,,0.854469
6,17,gsm8k_ver1_vs_gpqa_ver1,1,1,1,0.829406,,0.829406
6,18,gpqa_orgn_vs_gpqa_ver1,1,1,1,0.908533,,0.908533
6,18,gsm8k_orgn_vs_gpqa_orgn,1,1,1,0.89415,,0.89415
6,18,gsm8k_orgn_vs_gpqa_ver1,1,1,1,0.928544,,0.928544
6,18,gsm8k_orgn_vs_gsm8k_ver1,1,1,1,0.942097,,0.942097
6,18,gsm8k_ver1_vs_gpqa_orgn,1,1,1,0.935369,,0.935369
6,18,gsm8k_ver1_vs_gpqa_ver1,1,1,1,0.963775,,0.963775
6,19,gpqa_orgn_vs_gpqa_ver1,1,1,1,0.888232,,0.888232
6,19,gsm8k_orgn_vs_gpqa_orgn,1,1,1,0.962561,,0.962561
6,19,gsm8k_orgn_vs_gpqa_ver1,1,1,1,0.971015,,0.971015
6,19,gsm8k_orgn_vs_gsm8k_ver1,1,1,1,1.07512,,1.07512
6,19,gsm8k_ver1_vs_gpqa_orgn,1,1,1,1.014482,,1.014482
6,19,gsm8k_ver1_vs_gpqa_ver1,1,1,1,1.015063,,1.015063
6,20,gpqa_orgn_vs_gpqa_ver1,1,1,1,1.023946,,1.023946
6,20,gsm8k_orgn_vs_gpqa_orgn,1,1,1,1.027583,,1.027583
6,20,gsm8k_orgn_vs_gpqa_ver1,1,1,1,1.035853,,1.035853
6,20,gsm8k_orgn_vs_gsm8k_ver1,1,1,1,0.807181,,0.807181
6,20,gsm8k_ver1_vs_gpqa_orgn,1,1,1,1.061156,,1.061156
6,20,gsm8k_ver1_vs_gpqa_ver1,1,1,1,1.06449,,1.06449
6,21,gpqa_orgn_vs_gpqa_ver1,1,1,1,0.373121,,0.373121
6,21,gsm8k_orgn_vs_gpqa_orgn,1,1,1,0.383674,,0.383674
6,21,gsm8k_orgn_vs_gpqa_ver1,1,1,1,0.429738,,0.429738
6,21,gsm8k_orgn_vs_gsm8k_ver1,1,1,1,0.400209,,0.400209
6,21,gsm8k_ver1_vs_gpqa_orgn,1,1,1,0.358357,,0.358357
6,21,gsm8k_ver1_vs_gpqa_ver1,1,1,1,0.39684,,0.39684
6,22,gpqa_orgn_vs_gpqa_ver1,1,1,1,0.864749,,0.864749
6,22,gsm8k_orgn_vs_gpqa_orgn,1,1,1,0.994604,,0.994604
6,22,gsm8k_orgn_vs_gpqa_ver1,1,1,1,1.054606,,1.054606
6,22,gsm8k_orgn_vs_gsm8k_ver1,1,1,1,1.100406,,1.100406
6,22,gsm8k_ver1_vs_gpqa_orgn,1,1,1,1.051069,,1.051069
6,22,gsm8k_ver1_vs_gpqa_ver1,1,1,1,1.105033,,1.105033
6,23,gpqa_orgn_vs_gpqa_ver1,1,1,1,0.579583,,0.579583
6,23,gsm8k_orgn_vs_gpqa_orgn,1,1,1,0.612139,,0.612139
6,23,gsm8k_orgn_vs_gpqa_ver1,1,1,1,0.614343,,0.614343
6,23,gsm8k_orgn_vs_gsm8k_ver1,1,1,1,0.663452,,0.663452
6,23,gsm8k_ver1_vs_gpqa_orgn,1,1,1,0.666735,,0.666735
6,23,gsm8k_ver1_vs_gpqa_ver1,1,1,1,0.65937,,0.65937
6,24,gpqa_orgn_vs_gpqa_ver1,1,1,1,0.701339,,0.701339
6,24,gsm8k_orgn_vs_gpqa_orgn,1,1,1,0.732778,,0.732778
6,24,gsm8k_orgn_vs_gpqa_ver1,1,1,1,0.716943,,0.716943
6,24,gsm8k_orgn_vs_gsm8k_ver1,1,1,1,0.740486,,0.740486
6,24,gsm8k_ver1_vs_gpqa_orgn,1,1,1,0.764903,,0.764903
6,24,gsm8k_ver1_vs_gpqa_ver1,1,1,1,0.7451,,0.7451
6,25,gpqa_orgn_vs_gpqa_ver1,1,1,1,0.622383,,0.622383
6,25,gsm8k_orgn_vs_gpqa_orgn,1,1,1,0.661246,,0.661246
6,25,gsm8k_orgn_vs_gpqa_ver1,1,1,1,0.680605,,0.680605
6,25,gsm8k_orgn_vs_gsm8k_ver1,1,1,1,0.68562,,0.68562
6,25,gsm8k_ver1_vs_gpqa_orgn,1,1,1,0.694134,,0.694134
6,25,gsm8k_ver1_vs_gpqa_ver1,1,1,1,0.705426,,0.705426
6,26,gpqa_orgn_vs_gpqa_ver1,1,1,1,0.857029,,0.857029
6,26,gsm8k_orgn_vs_gpqa_orgn,1,1,1,0.867997,,0.867997
6,26,gsm8k_orgn_vs_gpqa_ver1,1,1,1,0.846913,,0.846913
6,26,gsm8k_orgn_vs_gsm8k_ver1,1,1,1,0.764501,,0.764501
6,26,gsm8k_ver1_vs_gpqa_orgn,1,1,1,0.896722,,0.896722
6,26,gsm8k_ver1_vs_gpqa_ver1,1,1,1,0.871165,,0.871165
6,27,gpqa_orgn_vs_gpqa_ver1,1,1,1,0.864847,,0.864847
6,27,gsm8k_orgn_vs_gpqa_orgn,1,1,1,0.873989,,0.873989
6,27,gsm8k_orgn_vs_gpqa_ver1,1,1,1,0.873691,,0.873691
6,27,gsm8k_orgn_vs_gsm8k_ver1,1,1,1,0.872141,,0.872141
6,27,gsm8k_ver1_vs_gpqa_orgn,1,1,1,0.917673,,0.917673
6,27,gsm8k_ver1_vs_gpqa_ver1,1,1,1,0.912794,,0.912794
6,28,gpqa_orgn_vs_gpqa_ver1,1,1,1,0.560609,,0.560609
6,28,gsm8k_orgn_vs_gpqa_orgn,1,1,1,0.581557,,0.581557
6,28,gsm8k_orgn_vs_gpqa_ver1,1,1,1,0.572706,,0.572706
6,28,gsm8k_orgn_vs_gsm8k_ver1,1,1,1,0.565453,,0.565453
6,28,gsm8k_ver1_vs_gpqa_orgn,1,1,1,0.612955,,0.612955
6,28,gsm8k_ver1_vs_gpqa_ver1,1,1,1,0.600432,,0.600432
6,29,gpqa_orgn_vs_gpqa_ver1,1,1,1,0.735897,,0.735897
6,29,gsm8k_orgn_vs_gpqa_orgn,1,1,1,0.76113,,0.76113
6,29,gsm8k_orgn_vs_gpqa_ver1,1,1,1,0.761877,,0.761877
6,29,gsm8k_orgn_vs_gsm8k_ver1,1,1,1,0.854314,,0.854314
6,29,gsm8k_ver1_vs_gpqa_orgn,1,1,1,0.855237,,0.855237
6,29,gsm8k_ver1_vs_gpqa_ver1,1,1,1,0.853678,,0.853678
6,30,gpqa_orgn_vs_gpqa_ver1,1,1,1,0.479902,,0.479902
6,30,gsm8k_orgn_vs_gpqa_orgn,1,1,1,0.386768,,0.386768
6,30,gsm8k_orgn_vs_gpqa_ver1,1,1,1,0.348486,,0.348486
6,30,gsm8k_orgn_vs_gsm8k_ver1,1,1,1,0.211888,,0.211888
6,30,gsm8k_ver1_vs_gpqa_orgn,1,1,1,0.368472,,0.368472
6,30,gsm8k_ver1_vs_gpqa_ver1,1,1,1,0.32528,,0.32528
6,31,gpqa_orgn_vs_gpqa_ver1,1,1,1,0.903751,,0.903751
6,31,gsm8k_orgn_vs_gpqa_orgn,1,1,1,0.753648,,0.753648
6,31,gsm8k_orgn_vs_gpqa_ver1,1,1,1,0.771371,,0.771371
6,31,gsm8k_orgn_vs_gsm8k_ver1,1,1,1,0.648674,,0.648674
6,31,gsm8k_ver1_vs_gpqa_orgn,1,1,1,0.807749,,0.807749
6,31,gsm8k_ver1_vs_gpqa_ver1,1,1,1,0.821731,,0.821731
6,32,gpqa_orgn_vs_gpqa_ver1,1,1,1,0.297412,,0.297412
6,32,gsm8k_orgn_vs_gpqa_orgn,1,1,1,0.30296,,0.30296
6,32,gsm8k_orgn_vs_gpqa_ver1,1,1,1,0.295205,,0.295205
6,32,gsm8k_orgn_vs_gsm8k_ver1,1,1,1,0.26994,,0.26994
6,32,gsm8k_ver1_vs_gpqa_orgn,1,1,1,0.290281,,0.290281
6,32,gsm8k_ver1_vs_gpqa_ver1,1,1,1,0.276956,,0.276956
6,33,gpqa_orgn_vs_gpqa_ver1,1,1,1,0.470926,,0.470926
6,33,gsm8k_orgn_vs_gpqa_orgn,1,1,1,0.455035,,0.455035
6,33,gsm8k_orgn_vs_gpqa_ver1,1,1,1,0.463592,,0.463592
6,33,gsm8k_orgn_vs_gsm8k_ver1,1,1,1,0.432003,,0.432003
6,33,gsm8k_ver1_vs_gpqa_orgn,1,1,1,0.486438,,0.486438
6,33,gsm8k_ver1_vs_gpqa_ver1,1,1,1,0.476729,,0.476729
6,34,gpqa_orgn_vs_gpqa_ver1,1,1,1,0.464439,,0.464439
6,34,gsm8k_orgn_vs_gpqa_orgn,1,1,1,0.464726,,0.464726
6,34,gsm8k_orgn_vs_gpqa_ver1,1,1,1,0.497062,,0.497062
6,34,gsm8k_orgn_vs_gsm8k_ver1,1,1,1,0.515724,,0.515724
6,34,gsm8k_ver1_vs_gpqa_orgn,1,1,1,0.502537,,0.502537
6,34,gsm8k_ver1_vs_gpqa_ver1,1,1,1,0.431434,,0.431434
6,35,gpqa_orgn_vs_gpqa_ver1,1,1,1,0.503378,,0.503378
6,35,gsm8k_orgn_vs_gpqa_orgn,1,1,1,0.557693,,0.557693
6,35,gsm8k_orgn_vs_gpqa_ver1,1,1,1,0.5126,,0.5126
6,35,gsm8k_orgn_vs_gsm8k_ver1,1,1,1,0.521573,,0.521573
6,35,gsm8k_ver1_vs_gpqa_orgn,1,1,1,0.563926,,0.563926
6,35,gsm8k_ver1_vs_gpqa_ver1,1,1,1,0.496885,,0.496885
6,36,gpqa_orgn_vs_gpqa_ver1,1,1,1,0.859816,,0.859816
6,36,gsm8k_orgn_vs_gpqa_orgn,1,1,1,0.77709,,0.77709
6,36,gsm8k_orgn_vs_gpqa_ver1,1,1,1,0.784612,,0.784612
6,36,gsm8k_orgn_vs_gsm8k_ver1,1,1,1,0.822657,,0.822657
6,36,gsm8k_ver1_vs_gpqa_orgn,1,1,1,0.972463,,0.972463
6,36,gsm8k_ver1_vs_gpqa_ver1,1,1,1,0.95997,,0.95997
6,37,gpqa_orgn_vs_gpqa_ver1,1,1,1,0.543276,,0.543276
6,37,gsm8k_orgn_vs_gpqa_orgn,1,1,1,0.5653,,0.5653
6,37,gsm8k_orgn_vs_gpqa_ver1,1,1,1,0.578908,,0.578908
6,37,gsm8k_orgn_vs_gsm8k_ver1,1,1,1,0.593245,,0.593245
6,37,gsm8k_ver1_vs_gpqa_orgn,1,1,1,0.619511,,0.619511
6,37,gsm8k_ver1_vs_gpqa_ver1,1,1,1,0.610527,,0.610527
6,38,gpqa_orgn_vs_gpqa_ver1,1,1,1,0.749493,,0.749493
6,38,gsm8k_orgn_vs_gpqa_orgn,1,1,1,0.726374,,0.726374
6,38,gsm8k_orgn_vs_gpqa_ver1,1,1,1,0.74903,,0.74903
6,38,gsm8k_orgn_vs_gsm8k_ver1,1,1,1,0.721339,,0.721339
6,38,gsm8k_ver1_vs_gpqa_orgn,1,1,1,0.764194,,0.764194
6,38,gsm8k_ver1_vs_gpqa_ver1,1,1,1,0.763937,,0.763937
6,39,gpqa_orgn_vs_gpqa_ver1,1,1,1,0.607724,,0.607724
6,39,gsm8k_orgn_vs_gpqa_orgn,1,1,1,0.679569,,0.679569
6,39,gsm8k_orgn_vs_gpqa_ver1,1,1,1,0.663531,,0.663531
6,39,gsm8k_orgn_vs_gsm8k_ver1,1,1,1,0.656942,,0.656942
6,39,gsm8k_ver1_vs_gpqa_orgn,1,1,1,0.706547,,0.706547
6,39,gsm8k_ver1_vs_gpqa_ver1,1,1,1,0.658166,,0.658166
7,0,gpqa_orgn_vs_gpqa_ver1,1,1,1,0.570479,,0.570479
7,0,gsm8k_orgn_vs_gpqa_orgn,1,1,1,0.710616,,0.710616
7,0,gsm8k_orgn_vs_gpqa_ver1,1,1,1,0.692089,,0.692089
7,0,gsm8k_orgn_vs_gsm8k_ver1,1,1,1,0.751188,,0.751188
7,0,gsm8k_ver1_vs_gpqa_orgn,1,1,1,0.639794,,0.639794
7,0,gsm8k_ver1_vs_gpqa_ver1,1,1,1,0.618099,,0.618099
7,1,gpqa_orgn_vs_gpqa_ver1,1,1,1,0.592477,,0.592477
7,1,gsm8k_orgn_vs_gpqa_orgn,1,1,1,0.492411,,0.492411
7,1,gsm8k_orgn_vs_gpqa_ver1,1,1,1,0.572147,,0.572147
7,1,gsm8k_orgn_vs_gsm8k_ver1,1,1,1,0.416379,,0.416379
7,1,gsm8k_ver1_vs_gpqa_orgn,1,1,1,0.443851,,0.443851
7,1,gsm8k_ver1_vs_gpqa_ver1,1,1,1,0.522619,,0.522619
7,2,gpqa_orgn_vs_gpqa_ver1,1,1,1,0.859674,,0.859674
7,2,gsm8k_orgn_vs_gpqa_orgn,1,1,1,0.923267,,0.923267
7,2,gsm8k_orgn_vs_gpqa_ver1,1,1,1,0.963238,,0.963238
7,2,gsm8k_orgn_vs_gsm8k_ver1,1,1,1,1.04018,,1.04018
7,2,gsm8k_ver1_vs_gpqa_orgn,1,1,1,0.965823,,0.965823
7,2,gsm8k_ver1_vs_gpqa_ver1,1,1,1,0.999943,,0.999943
7,3,gpqa_orgn_vs_gpqa_ver1,1,1,1,0.079413,,0.079413
7,3,gsm8k_orgn_vs_gpqa_orgn,1,1,1,0.119626,,0.119626
7,3,gsm8k_orgn_vs_gpqa_ver1,1,1,1,0.122888,,0.122888
7,3,gsm8k_orgn_vs_gsm8k_ver1,1,1,1,0.146155,,0.146155
7,3,gsm8k_ver1_vs_gpqa_orgn,1,1,1,0.105132,,0.105132
7,3,gsm8k_ver1_vs_gpqa_ver1,1,1,1,0.107665,,0.107665
7,4,gpqa_orgn_vs_gpqa_ver1,1,1,1,0.749491,,0.749491
7,4,gsm8k_orgn_vs_gpqa_orgn,1,1,1,0.604124,,0.604124
7,4,gsm8k_orgn_vs_gpqa_ver1,1,1,1,0.640278,,0.640278
7,4,gsm8k_orgn_vs_gsm8k_ver1,1,1,1,0.58221,,0.58221
7,4,gsm8k_ver1_vs_gpqa_orgn,1,1,1,0.706874,,0.706874
7,4,gsm8k_ver1_vs_gpqa_ver1,1,1,1,0.738685,,0.738685
7,5,gpqa_orgn_vs_gpqa_ver1,1,1,1,1.460752,,1.460752
7,5,gsm8k_orgn_vs_gpqa_orgn,1,1,1,1.442473,,1.442473
7,5,gsm8k_orgn_vs_gpqa_ver1,1,1,1,1.474406,,1.474406
7,5,gsm8k_orgn_vs_gsm8k_ver1,1,1,1,1.384721,,1.384721
7,5,gsm8k_ver1_vs_gpqa_orgn,1,1,1,1.426205,,1.426205
7,5,gsm8k_ver1_vs_gpqa_ver1,1,1,1,1.45728,,1.45728
7,6,gpqa_orgn_vs_gpqa_ver1,1,1,1,1.298176,,1.298176
7,6,gsm8k_orgn_vs_gpqa_orgn,1,1,1,1.576588,,1.576588
7,6,gsm8k_orgn_vs_gpqa_ver1,1,1,1,1.528849,,1.528849
7,6,gsm8k_orgn_vs_gsm8k_ver1,1,1,1,1.640086,,1.640086
7,6,gsm8k_ver1_vs_gpqa_orgn,1,1,1,1.590645,,1.590645
7,6,gsm8k_ver1_vs_gpqa_ver1,1,1,1,1.540392,,1.540392
7,7,gpqa_orgn_vs_gpqa_ver1,1,1,1,1.356885,,1.356885
7,7,gsm8k_orgn_vs_gpqa_orgn,1,1,1,1.140281,,1.140281
7,7,gsm8k_orgn_vs_gpqa_ver1,1,1,1,1.227849,,1.227849
7,7,gsm8k_orgn_vs_gsm8k_ver1,1,1,1,1.039686,,1.039686
7,7,gsm8k_ver1_vs_gpqa_orgn,1,1,1,1.2407,,1.2407
7,7,gsm8k_ver1_vs_gpqa_ver1,1,1,1,1.322789,,1.322789
7,8,gpqa_orgn_vs_gpqa_ver1,1,1,1,1.109613,,1.109613
7,8,gsm8k_orgn_vs_gpqa_orgn,1,1,1,1.047529,,1.047529
7,8,gsm8k_orgn_vs_gpqa_ver1,1,1,1,1.05014,,1.05014
7,8,gsm8k_orgn_vs_gsm8k_ver1,1,1,1,0.963329,,0.963329
7,8,gsm8k_ver1_vs_gpqa_orgn,1,1,1,1.105633,,1.105633
7,8,gsm8k_ver1_vs_gpqa_ver1,1,1,1,1.105408,,1.105408
7,9,gpqa_orgn_vs_gpqa_ver1,1,1,1,1.49601,,1.49601
7,9,gsm8k_orgn_vs_gpqa_orgn,1,1,1,1.688567,,1.688567
7,9,gsm8k_orgn_vs_gpqa_ver1,1,1,1,1.732145,,1.732145
7,9,gsm8k_orgn_vs_gsm8k_ver1,1,1,1,1.779225,,1.779225
7,9,gsm8k_ver1_vs_gpqa_orgn,1,1,1,1.715577,,1.715577
7,9,gsm8k_ver1_vs_gpqa_ver1,1,1,1,1.753436,,1.753436
7,10,gpqa_orgn_vs_gpqa_ver1,1,1,1,0.690951,,0.690951
7,10,gsm8k_orgn_vs_gpqa_orgn,1,1,1,0.525197,,0.525197
7,10,gsm8k_orgn_vs_gpqa_ver1,1,1,1,0.630437,,0.630437
7,10,gsm8k_orgn_vs_gsm8k_ver1,1,1,1,0.488416,,0.488416
7,10,gsm8k_ver1_vs_gpqa_orgn,1,1,1,0.560591,,0.560591
7,10,gsm8k_ver1_vs_gpqa_ver1,1,1,1,0.658896,,0.658896
7,11,gpqa_orgn_vs_gpqa_ver1,1,1,1,0.238527,,0.238527
7,11,gsm8k_orgn_vs_gpqa_orgn,1,1,1,0.222233,,0.222233
7,11,gsm8k_orgn_vs_gpqa_ver1,1,1,1,0.137004,,0.137004
7,11,gsm8k_orgn_vs_gsm8k_ver1,1,1,1,0.189047,,0.189047
7,11,gsm8k_ver1_vs_gpqa_orgn,1,1,1,0.290953,,0.290953
7,11,gsm8k_ver1_vs_gpqa_ver1,1,1,1,0.206295,,0.206295
7,12,gpqa_orgn_vs_gpqa_ver1,1,1,1,0.334841,,0.334841
7,12,gsm8k_orgn_vs_gpqa_orgn,1,1,1,0.349952,,0.349952
7,12,gsm8k_orgn_vs_gpqa_ver1,1,1,1,0.311937,,0.311937
7,12,gsm8k_orgn_vs_gsm8k_ver1,1,1,1,0.366182,,0.366182
7,12,gsm8k_ver1_vs_gpqa_orgn,1,1,1,0.38997,,0.38997
7,12,gsm8k_ver1_vs_gpqa_ver1,1,1,1,0.350576,,0.350576
7,13,gpqa_orgn_vs_gpqa_ver1,1,1,1,1.130418,,1.130418
7,13,gsm8k_orgn_vs_gpqa_orgn,1,1,1,1.134237,,1.134237
7,13,gsm8k_orgn_vs_gpqa_ver1,1,1,1,1.067144,,1.067144
7,13,gsm8k_orgn_vs_gsm8k_ver1,1,1,1,1.114654,,1.114654
7,13,gsm8k_ver1_vs_gpqa_orgn,1,1,1,1.195574,,1.195574
7,13,gsm8k_ver1_vs_gpqa_ver1,1,1,1,1.118133,,1.118133
7,14,gpqa_orgn_vs_gpqa_ver1,1,1,1,0.299954,,0.299954
7,14,gsm8k_orgn_vs_gpqa_orgn,1,1,1,0.229985,,0.229985
7,14,gsm8k_orgn_vs_gpqa_ver1,1,1,1,0.246101,,0.246101
7,14,gsm8k_orgn_vs_gsm8k_ver1,1,1,1,0.228594,,0.228594
7,14,gsm8k_ver1_vs_gpqa_orgn,1,1,1,0.285895,,0.285895
7,14,gsm8k_ver1_vs_gpqa_ver1,1,1,1,0.296021,,0.296021
7,15,gpqa_orgn_vs_gpqa_ver1,1,1,1,1.141869,,1.141869
7,15,gsm8k_orgn_vs_gpqa_orgn,1,1,1,0.785007,,0.785007
7,15,gsm8k_orgn_vs_gpqa_ver1,1,1,1,0.817879,,0.817879
7,15,gsm8k_orgn_vs_gsm8k_ver1,1,1,1,0.454023,,0.454023
7,15,gsm8k_ver1_vs_gpqa_orgn,1,1,1,0.871185,,0.871185
7,15,gsm8k_ver1_vs_gpqa_ver1,1,1,1,0.902742,,0.902742
7,16,gpqa_orgn_vs_gpqa_ver1,1,1,1,1.429293,,1.429293
7,16,gsm8k_orgn_vs_gpqa_orgn,1,1,1,1.260078,,1.260078
7,16,gsm8k_orgn_vs_gpqa_ver1,1,1,1,1.329894,,1.329894
7,16,gsm8k_orgn_vs_gsm8k_ver1,1,1,1,1.184812,,1.184812
7,16,gsm8k_ver1_vs_gpqa_orgn,1,1,1,1.340019,,1.340019
7,16,gsm8k_ver1_vs_gpqa_ver1,1,1,1,1.403139,,1.403139
7,17,gpqa_orgn_vs_gpqa_ver1,1,1,1,0.154395,,0.154395
7,17,gsm8k_orgn_vs_gpqa_orgn,1,1,1,0.27425,,0.27425
7,17,gsm8k_orgn_vs_gpqa_ver1,1,1,1,0.25249,,0.25249
7,17,gsm8k_orgn_vs_gsm8k_ver1,1,1,1,0.353347,,0.353347
7,17,gsm8k_ver1_vs_gpqa_orgn,1,1,1,0.26304,,0.26304
7,17,gsm8k_ver1_vs_gpqa_ver1,1,1,1,0.239639,,0.239639
7,18,gpqa_orgn_vs_gpqa_ver1,1,1,1,1.386923,,1.386923
7,18,gsm8k_orgn_vs_gpqa_orgn,1,1,1,1.213191,,1.213191
7,18,gsm8k_orgn_vs_gpqa_ver1,1,1,1,1.201972,,1.201972
7,18,gsm8k_orgn_vs_gsm8k_ver1,1,1,1,1.058349,,1.058349
7,18,gsm8k_ver1_vs_gpqa_orgn,1,1,1,1.282093,,1.282093
7,18,gsm8k_ver1_vs_gpqa_ver1,1,1,1,1.261754,,1.261754
7,19,gpqa_orgn_vs_gpqa_ver1,1,1,1,1.284942,,1.284942
7,19,gsm8k_orgn_vs_gpqa_orgn,1,1,1,1.431528,,1.431528
7,19,gsm8k_orgn_vs_gpqa_ver1,1,1,1,1.407642,,1.407642
7,19,gsm8k_orgn_vs_gsm8k_ver1,1,1,1,1.606319,,1.606319
7,19,gsm8k_ver1_vs_gpqa_orgn,1,1,1,1.527081,,1.527081
7,19,gsm8k_ver1_vs_gpqa_ver1,1,1,1,1.500059,,1.500059
7,20,gpqa_orgn_vs_gpqa_ver1,1,1,1,0.60268,,0.60268
7,20,gsm8k_orgn_vs_gpqa_orgn,1,1,1,0.564933,,0.564933
7,20,gsm8k_orgn_vs_gpqa_ver1,1,1,1,0.668338,,0.668338
7,20,gsm8k_orgn_vs_gsm8k_ver1,1,1,1,0.694962,,0.694962
7,20,gsm8k_ver1_vs_gpqa_orgn,1,1,1,0.64018,,0.64018
7,20,gsm8k_ver1_vs_gpqa_ver1,1,1,1,0.737822,,0.737822
7,21,gpqa_orgn_vs_gpqa_ver1,1,1,1,0.668012,,0.668012
7,21,gsm8k_orgn_vs_gpqa_orgn,1,1,1,1.243291,,1.243291
7,21,gsm8k_orgn_vs_gpqa_ver1,1,1,1,1.167729,,1.167729
7,21,gsm8k_orgn_vs_gsm8k_ver1,1,1,1,1.621793,,1.621793
7,21,gsm8k_ver1_vs_gpqa_orgn,1,1,1,1.214311,,1.214311
7,21,gsm8k_ver1_vs_gpqa_ver1,1,1,1,1.13186,,1.13186
7,22,gpqa_orgn_vs_gpqa_ver1,1,1,1,0.92865,,0.92865
7,22,gsm8k_orgn_vs_gpqa_orgn,1,1,1,1.08603,,1.08603
7,22,gsm8k_orgn_vs_gpqa_ver1,1,1,1,1.031428,,1.031428
7,22,gsm8k_orgn_vs_gsm8k_ver1,1,1,1,1.264379,,1.264379
7,22,gsm8k_ver1_vs_gpqa_orgn,1,1,1,1.179418,,1.179418
7,22,gsm8k_ver1_vs_gpqa_ver1,1,1,1,1.116613,,1.116613
7,23,gpqa_orgn_vs_gpqa_ver1,1,1,1,0.639178,,0.639178
7,23,gsm8k_orgn_vs_gpqa_orgn,1,1,1,0.4747,,0.4747
7,23,gsm8k_orgn_vs_gpqa_ver1,1,1,1,0.597056,,0.597056
7,23,gsm8k_orgn_vs_gsm8k_ver1,1,1,1,0.580469,,0.580469
7,23,gsm8k_ver1_vs_gpqa_orgn,1,1,1,0.628659,,0.628659
7,23,gsm8k_ver1_vs_gpqa_ver1,1,1,1,0.743049,,0.743049
7,24,gpqa_orgn_vs_gpqa_ver1,1,1,1,0.403262,,0.403262
7,24,gsm8k_orgn_vs_gpqa_orgn,1,1,1,0.447529,,0.447529
7,24,gsm8k_orgn_vs_gpqa_ver1,1,1,1,0.487117,,0.487117
7,24,gsm8k_orgn_vs_gsm8k_ver1,1,1,1,0.464494,,0.464494
7,24,gsm8k_ver1_vs_gpqa_orgn,1,1,1,0.383666,,0.383666
7,24,gsm8k_ver1_vs_gpqa_ver1,1,1,1,0.423054,,0.423054
7,25,gpqa_orgn_vs_gpqa_ver1,1,1,1,1.175272,,1.175272
7,25,gsm8k_orgn_vs_gpqa_orgn,1,1,1,1.040627,,1.040627
7,25,gsm8k_orgn_vs_gpqa_ver1,1,1,1,1.084435,,1.084435
7,25,gsm8k_orgn_vs_gsm8k_ver1,1,1,1,0.983422,,0.983422
7,25,gsm8k_ver1_vs_gpqa_orgn,1,1,1,1.100479,,1.100479
7,25,gsm8k_ver1_vs_gpqa_ver1,1,1,1,1.142439,,1.142439
7,26,gpqa_orgn_vs_gpqa_ver1,1,1,1,1.328185,,1.328185
7,26,gsm8k_orgn_vs_gpqa_orgn,1,1,1,1.296622,,1.296622
7,26,gsm8k_orgn_vs_gpqa_ver1,1,1,1,1.2995,,1.2995
7,26,gsm8k_orgn_vs_gsm8k_ver1,1,1,1,1.279367,,1.279367
7,26,gsm8k_ver1_vs_gpqa_orgn,1,1,1,1.345827,,1.345827
7,26,gsm8k_ver1_vs_gpqa_ver1,1,1,1,1.339918,,1.339918
7,27,gpqa_orgn_vs_gpqa_ver1,1,1,1,0.862663,,0.862663
7,27,gsm8k_orgn_vs_gpqa_orgn,1,1,1,0.51336,,0.51336
7,27,gsm8k_orgn_vs_gpqa_ver1,1,1,1,0.625714,,0.625714
7,27,gsm8k_orgn_vs_gsm8k_ver1,1,1,1,0.37871,,0.37871
7,27,gsm8k_ver1_vs_gpqa_orgn,1,1,1,0.651563,,0.651563
7,27,gsm8k_ver1_vs_gpqa_ver1,1,1,1,0.75952,,0.75952
7,28,gpqa_orgn_vs_gpqa_ver1,1,1,1,0.572773,,0.572773
7,28,gsm8k_orgn_vs_gpqa_orgn,1,1,1,0.499812,,0.499812
7,28,gsm8k_orgn_vs_gpqa_ver1,1,1,1,0.386704,,0.386704
7,28,gsm8k_orgn_vs_gsm8k_ver1,1,1,1,0.283593,,0.283593
7,28,gsm8k_ver1_vs_gpqa_orgn,1,1,1,0.479527,,0.479527
7,28,gsm8k_ver1_vs_gpqa_ver1,1,1,1,0.366756,,0.366756
7,29,gpqa_orgn_vs_gpqa_ver1,1,1,1,0.948335,,0.948335
7,29,gsm8k_orgn_vs_gpqa_orgn,1,1,1,0.985076,,0.985076
7,29,gsm8k_orgn_vs_gpqa_ver1,1,1,1,0.997077,,0.997077
7,29,gsm8k_orgn_vs_gsm8k_ver1,1,1,1,1.271903,,1.271903
7,29,gsm8k_ver1_vs_gpqa_orgn,1,1,1,1.256807,,1.256807
7,29,gsm8k_ver1_vs_gpqa_ver1,1,1,1,1.264928,,1.264928
7,30,gpqa_orgn_vs_gpqa_ver1,1,1,1,0.250792,,0.250792
7,30,gsm8k_orgn_vs_gpqa_orgn,1,1,1,0.214955,,0.214955
7,30,gsm8k_orgn_vs_gpqa_ver1,1,1,1,0.208286,,0.208286
7,30,gsm8k_orgn_vs_gsm8k_ver1,1,1,1,0.158182,,0.158182
7,30,gsm8k_ver1_vs_gpqa_orgn,1,1,1,0.215694,,0.215694
7,30,gsm8k_ver1_vs_gpqa_ver1,1,1,1,0.199698,,0.199698
7,31,gpqa_orgn_vs_gpqa_ver1,1,1,1,0.246764,,0.246764
7,31,gsm8k_orgn_vs_gpqa_orgn,1,1,1,0.242773,,0.242773
7,31,gsm8k_orgn_vs_gpqa_ver1,1,1,1,0.233599,,0.233599
7,31,gsm8k_orgn_vs_gsm8k_ver1,1,1,1,0.200804,,0.200804
7,31,gsm8k_ver1_vs_gpqa_orgn,1,1,1,0.221404,,0.221404
7,31,gsm8k_ver1_vs_gpqa_ver1,1,1,1,0.204031,,0.204031
7,32,gpqa_orgn_vs_gpqa_ver1,1,1,1,0.530183,,0.530183
7,32,gsm8k_orgn_vs_gpqa_orgn,1,1,1,0.625932,,0.625932
7,32,gsm8k_orgn_vs_gpqa_ver1,1,1,1,0.59392,,0.59392
7,32,gsm8k_orgn_vs_gsm8k_ver1,1,1,1,0.605009,,0.605009
7,32,gsm8k_ver1_vs_gpqa_orgn,1,1,1,0.623679,,0.623679
7,32,gsm8k_ver1_vs_gpqa_ver1,1,1,1,0.527743,,0.527743
7,33,gpqa_orgn_vs_gpqa_ver1,1,1,1,0.131623,,0.131623
7,33,gsm8k_orgn_vs_gpqa_orgn,1,1,1,0.187956,,0.187956
7,33,gsm8k_orgn_vs_gpqa_ver1,1,1,1,0.180562,,0.180562
7,33,gsm8k_orgn_vs_gsm8k_ver1,1,1,1,0.311254,,0.311254
7,33,gsm8k_ver1_vs_gpqa_orgn,1,1,1,0.278512,,0.278512
7,33,gsm8k_ver1_vs_gpqa_ver1,1,1,1,0.265648,,0.265648
7,34,gpqa_orgn_vs_gpqa_ver1,1,1,1,1.031847,,1.031847
7,34,gsm8k_orgn_vs_gpqa_orgn,1,1,1,0.960582,,0.960582
7,34,gsm8k_orgn_vs_gpqa_ver1,1,1,1,1.068392,,1.068392
7,34,gsm8k_orgn_vs_gsm8k_ver1,1,1,1,1.27582,,1.27582
7,34,gsm8k_ver1_vs_gpqa_orgn,1,1,1,1.40537,,1.40537
7,34,gsm8k_ver1_vs_gpqa_ver1,1,1,1,1.245169,,1.245169
7,35,gpqa_orgn_vs_gpqa_ver1,1,1,1,0.831002,,0.831002
7,35,gsm8k_orgn_vs_gpqa_orgn,1,1,1,0.858753,,0.858753
7,35,gsm8k_orgn_vs_gpqa_ver1,1,1,1,0.883464,,0.883464
7,35,gsm8k_orgn_vs_gsm8k_ver1,1,1,1,0.914237,,0.914237
7,35,gsm8k_ver1_vs_gpqa_orgn,1,1,1,0.968915,,0.968915
7,35,gsm8k_ver1_vs_gpqa_ver1,1,1,1,0.964484,,0.964484
7,36,gpqa_orgn_vs_gpqa_ver1,1,1,1,1.784444,,1.784444
7,36,gsm8k_orgn_vs_gpqa_orgn,1,1,1,1.774751,,1.774751
7,36,gsm8k_orgn_vs_gpqa_ver1,1,1,1,1.774161,,1.774161
7,36,gsm8k_orgn_vs_gsm8k_ver1,1,1,1,1.699083,,1.699083
7,36,gsm8k_ver1_vs_gpqa_orgn,1,1,1,1.91341,,1.91341
7,36,gsm8k_ver1_vs_gpqa_ver1,1,1,1,1.894329,,1.894329
7,37,gpqa_orgn_vs_gpqa_ver1,1,1,1,0.851713,,0.851713
7,37,gsm8k_orgn_vs_gpqa_orgn,1,1,1,0.805088,,0.805088
7,37,gsm8k_orgn_vs_gpqa_ver1,1,1,1,0.788203,,0.788203
7,37,gsm8k_orgn_vs_gsm8k_ver1,1,1,1,0.611186,,0.611186
7,37,gsm8k_ver1_vs_gpqa_orgn,1,1,1,0.83552,,0.83552
7,37,gsm8k_ver1_vs_gpqa_ver1,1,1,1,0.800614,,0.800614
7,38,gpqa_orgn_vs_gpqa_ver1,1,1,1,0.675554,,0.675554
7,38,gsm8k_orgn_vs_gpqa_orgn,1,1,1,0.666214,,0.666214
7,38,gsm8k_orgn_vs_gpqa_ver1,1,1,1,0.731409,,0.731409
7,38,gsm8k_orgn_vs_gsm8k_ver1,1,1,1,0.809033,,0.809033
7,38,gsm8k_ver1_vs_gpqa_orgn,1,1,1,0.834928,,0.834928
7,38,gsm8k_ver1_vs_gpqa_ver1,1,1,1,0.862199,,0.862199
7,39,gpqa_orgn_vs_gpqa_ver1,1,1,1,1.926603,,1.926603
7,39,gsm8k_orgn_vs_gpqa_orgn,1,1,1,1.925631,,1.925631
7,39,gsm8k_orgn_vs_gpqa_ver1,1,1,1,1.955561,,1.955561
7,39,gsm8k_orgn_vs_gsm8k_ver1,1,1,1,1.456445,,1.456445
7,39,gsm8k_ver1_vs_gpqa_orgn,1,1,1,2.01826,,2.01826
7,39,gsm8k_ver1_vs_gpqa_ver1,1,1,1,2.015998,,2.015998
8,0,gpqa_orgn_vs_gpqa_ver1,1,1,1,0.690641,,0.690641
8,0,gsm8k_orgn_vs_gpqa_orgn,1,1,1,0.549406,,0.549406
8,0,gsm8k_orgn_vs_gpqa_ver1,1,1,1,0.591477,,0.591477
8,0,gsm8k_orgn_vs_gsm8k_ver1,1,1,1,0.668497,,0.668497
8,0,gsm8k_ver1_vs_gpqa_orgn,1,1,1,0.77416,,0.77416
8,0,gsm8k_ver1_vs_gpqa_ver1,1,1,1,0.804249,,0.804249
8,1,gpqa_orgn_vs_gpqa_ver1,1,1,1,0.246531,,0.246531
8,1,gsm8k_orgn_vs_gpqa_orgn,1,1,1,0.192474,,0.192474
8,1,gsm8k_orgn_vs_gpqa_ver1,1,1,1,0.23664,,0.23664
8,1,gsm8k_orgn_vs_gsm8k_ver1,1,1,1,0.17347,,0.17347
8,1,gsm8k_ver1_vs_gpqa_orgn,1,1,1,0.187263,,0.187263
8,1,gsm8k_ver1_vs_gpqa_ver1,1,1,1,0.229483,,0.229483
8,2,gpqa_orgn_vs_gpqa_ver1,1,1,1,0.147313,,0.147313
8,2,gsm8k_orgn_vs_gpqa_orgn,1,1,1,0.108019,,0.108019
8,2,gsm8k_orgn_vs_gpqa_ver1,1,1,1,0.146504,,0.146504
8,2,gsm8k_orgn_vs_gsm8k_ver1,1,1,1,0.121173,,0.121173
8,2,gsm8k_ver1_vs_gpqa_orgn,1,1,1,0.12453,,0.12453
8,2,gsm8k_ver1_vs_gpqa_ver1,1,1,1,0.161689,,0.161689
8,3,gpqa_orgn_vs_gpqa_ver1,1,1,1,0.966668,,0.966668
8,3,gsm8k_orgn_vs_gpqa_orgn,1,1,1,0.862693,,0.862693
8,3,gsm8k_orgn_vs_gpqa_ver1,1,1,1,0.890849,,0.890849
8,3,gsm8k_orgn_vs_gsm8k_ver1,1,1,1,0.829749,,0.829749
8,3,gsm8k_ver1_vs_gpqa_orgn,1,1,1,0.916307,,0.916307
8,3,gsm8k_ver1_vs_gpqa_ver1,1,1,1,0.940432,,0.940432
8,4,gpqa_orgn_vs_gpqa_ver1,1,1,1,1.544748,,1.544748
8,4,gsm8k_orgn_vs_gpqa_orgn,1,1,1,1.443592,,1.443592
8,4,gsm8k_orgn_vs_gpqa_ver1,1,1,1,1.519109,,1.519109
8,4,gsm8k_orgn_vs_gsm8k_ver1,1,1,1,1.600311,,1.600311
8,4,gsm8k_ver1_vs_gpqa_orgn,1,1,1,1.660324,,1.660324
8,4,gsm8k_ver1_vs_gpqa_ver1,1,1,1,1.705292,,1.705292
8,5,gpqa_orgn_vs_gpqa_ver1,1,1,1,0.610107,,0.610107
8,5,gsm8k_orgn_vs_gpqa_orgn,1,1,1,0.527073,,0.527073
8,5,gsm8k_orgn_vs_gpqa_ver1,1,1,1,0.595369,,0.595369
8,5,gsm8k_orgn_vs_gsm8k_ver1,1,1,1,0.534907,,0.534907
8,5,gsm8k_ver1_vs_gpqa_orgn,1,1,1,0.569859,,0.569859
8,5,gsm8k_ver1_vs_gpqa_ver1,1,1,1,0.632365,,0.632365
8,6,gpqa_orgn_vs_gpqa_ver1,1,1,1,0.458406,,0.458406
8,6,gsm8k_orgn_vs_gpqa_orgn,1,1,1,0.490663,,0.490663
8,6,gsm8k_orgn_vs_gpqa_ver1,1,1,1,0.515454,,0.515454
8,6,gsm8k_orgn_vs_gsm8k_ver1,1,1,1,0.489923,,0.489923
8,6,gsm8k_ver1_vs_gpqa_orgn,1,1,1,0.4481,,0.4481
8,6,gsm8k_ver1_vs_gpqa_ver1,1,1,1,0.469055,,0.469055
8,7,gpqa_orgn_vs_gpqa_ver1,1,1,1,1.308762,,1.308762
8,7,gsm8k_orgn_vs_gpqa_orgn,1,1,1,1.320853,,1.320853
8,7,gsm8k_orgn_vs_gpqa_ver1,1,1,1,1.285552,,1.285552
8,7,gsm8k_orgn_vs_gsm8k_ver1,1,1,1,1.271672,,1.271672
8,7,gsm8k_ver1_vs_gpqa_orgn,1,1,1,1.402078,,1.402078
8,7,gsm8k_ver1_vs_gpqa_ver1,1,1,1,1.345329,,1.345329
8,8,gpqa_orgn_vs_gpqa_ver1,1,1,1,0.205339,,0.205339
8,8,gsm8k_orgn_vs_gpqa_orgn,1,1,1,0.154013,,0.154013
8,8,gsm8k_orgn_vs_gpqa_ver1,1,1,1,0.165538,,0.165538
8,8,gsm8k_orgn_vs_gsm8k_ver1,1,1,1,0.10067,,0.10067
8,8,gsm8k_ver1_vs_gpqa_orgn,1,1,1,0.153074,,0.153074
8,8,gsm8k_ver1_vs_gpqa_ver1,1,1,1,0.162422,,0.162422
8,9,gpqa_orgn_vs_gpqa_ver1,1,1,1,0.562427,,0.562427
8,9,gsm8k_orgn_vs_gpqa_orgn,1,1,1,0.530685,,0.530685
8,9,gsm8k_orgn_vs_gpqa_ver1,1,1,1,0.594345,,0.594345
8,9,gsm8k_orgn_vs_gsm8k_ver1,1,1,1,0.57405,,0.57405
8,9,gsm8k_ver1_vs_gpqa_orgn,1,1,1,0.609908,,0.609908
8,9,gsm8k_ver1_vs_gpqa_ver1,1,1,1,0.662551,,0.662551
8,10,gpqa_orgn_vs_gpqa_ver1,1,1,1,0.180347,,0.180347
8,10,gsm8k_orgn_vs_gpqa_orgn,1,1,1,0.219703,,0.219703
8,10,gsm8k_orgn_vs_gpqa_ver1,1,1,1,0.24221,,0.24221
8,10,gsm8k_orgn_vs_gsm8k_ver1,1,1,1,0.206437,,0.206437
8,10,gsm8k_ver1_vs_gpqa_orgn,1,1,1,0.148075,,0.148075
8,10,gsm8k_ver1_vs_gpqa_ver1,1,1,1,0.169546,,0.169546
8,11,gpqa_orgn_vs_gpqa_ver1,1,1,1,0.485017,,0.485017
8,11,gsm8k_orgn_vs_gpqa_orgn,1,1,1,0.373782,,0.373782
8,11,gsm8k_orgn_vs_gpqa_ver1,1,1,1,0.436503,,0.436503
8,11,gsm8k_orgn_vs_gsm8k_ver1,1,1,1,0.287608,,0.287608
8,11,gsm8k_ver1_vs_gpqa_orgn,1,1,1,0.353115,,0.353115
8,11,gsm8k_ver1_vs_gpqa_ver1,1,1,1,0.413755,,0.413755
8,12,gpqa_orgn_vs_gpqa_ver1,1,1,1,0.593295,,0.593295
8,12,gsm8k_orgn_vs_gpqa_orgn,1,1,1,0.84619,,0.84619
8,12,gsm8k_orgn_vs_gpqa_ver1,1,1,1,0.807713,,0.807713
8,12,gsm8k_orgn_vs_gsm8k_ver1,1,1,1,0.722375,,0.722375
8,12,gsm8k_ver1_vs_gpqa_orgn,1,1,1,0.509401,,0.509401
8,12,gsm8k_ver1_vs_gpqa_ver1,1,1,1,0.46675,,0.46675
8,13,gpqa_orgn_vs_gpqa_ver1,1,1,1,0.622382,,0.622382
8,13,gsm8k_orgn_vs_gpqa_orgn,1,1,1,0.470899,,0.470899
8,13,gsm8k_orgn_vs_gpqa_ver1,1,1,1,0.49835,,0.49835
8,13,gsm8k_orgn_vs_gsm8k_ver1,1,1,1,0.306775,,0.306775
8,13,gsm8k_ver1_vs_gpqa_orgn,1,1,1,0.452254,,0.452254
8,13,gsm8k_ver1_vs_gpqa_ver1,1,1,1,0.478154,,0.478154
8,14,gpqa_orgn_vs_gpqa_ver1,1,1,1,0.36356,,0.36356
8,14,gsm8k_orgn_vs_gpqa_orgn,1,1,1,0.237278,,0.237278
8,14,gsm8k_orgn_vs_gpqa_ver1,1,1,1,0.291157,,0.291157
8,14,gsm8k_orgn_vs_gsm8k_ver1,1,1,1,0.183743,,0.183743
8,14,gsm8k_ver1_vs_gpqa_orgn,1,1,1,0.267926,,0.267926
8,14,gsm8k_ver1_vs_gpqa_ver1,1,1,1,0.318357,,0.318357
8,15,gpqa_orgn_vs_gpqa_ver1,1,1,1,0.268284,,0.268284
8,15,gsm8k_orgn_vs_gpqa_orgn,1,1,1,0.294489,,0.294489
8,15,gsm8k_orgn_vs_gpqa_ver1,1,1,1,0.278973,,0.278973
8,15,gsm8k_orgn_vs_gsm8k_ver1,1,1,1,0.245473,,0.245473
8,15,gsm8k_ver1_vs_gpqa_orgn,1,1,1,0.265891,,0.265891
8,15,gsm8k_ver1_vs_gpqa_ver1,1,1,1,0.233535,,0.233535
8,16,gpqa_orgn_vs_gpqa_ver1,1,1,1,0.175977,,0.175977
8,16,gsm8k_orgn_vs_gpqa_orgn,1,1,1,0.143764,,0.143764
8,16,gsm8k_orgn_vs_gpqa_ver1,1,1,1,0.159558,,0.159558
8,16,gsm8k_orgn_vs_gsm8k_ver1,1,1,1,0.141769,,0.141769
8,16,gsm8k_ver1_vs_gpqa_orgn,1,1,1,0.166854,,0.166854
8,16,gsm8k_ver1_vs_gpqa_ver1,1,1,1,0.178477,,0.178477
8,17,gpqa_orgn_vs_gpqa_ver1,1,1,1,0.960373,,0.960373
8,17,gsm8k_orgn_vs_gpqa_orgn,1,1,1,0.886744,,0.886744
8,17,gsm8k_orgn_vs_gpqa_ver1,1,1,1,0.977496,,0.977496
8,17,gsm8k_orgn_vs_gsm8k_ver1,1,1,1,0.885676,,0.885676
8,17,gsm8k_ver1_vs_gpqa_orgn,1,1,1,1.114812,,1.114812
8,17,gsm8k_ver1_vs_gpqa_ver1,1,1,1,1.131034,,1.131034
8,18,gpqa_orgn_vs_gpqa_ver1,1,1,1,0.134584,,0.134584
8,18,gsm8k_orgn_vs_gpqa_orgn,1,1,1,0.135844,,0.135844
8,18,gsm8k_orgn_vs_gpqa_ver1,1,1,1,0.139248,,0.139248
8,18,gsm8k_orgn_vs_gsm8k_ver1,1,1,1,0.121782,,0.121782
8,18,gsm8k_ver1_vs_gpqa_orgn,1,1,1,0.125729,,0.125729
8,18,gsm8k_ver1_vs_gpqa_ver1,1,1,1,0.125723,,0.125723
8,19,gpqa_orgn_vs_gpqa_ver1,1,1,1,1.089788,,1.089788
8,19,gsm8k_orgn_vs_gpqa_orgn,1,1,1,1.087453,,1.087453
8,19,gsm8k_orgn_vs_gpqa_ver1,1,1,1,1.16579,,1.16579
8,19,gsm8k_orgn_vs_gsm8k_ver1,1,1,1,0.961462,,0.961462
8,19,gsm8k_ver1_vs_gpqa_orgn,1,1,1,1.268277,,1.268277
8,19,gsm8k_ver1_vs_gpqa_ver1,1,1,1,1.270678,,1.270678
8,20,gpqa_orgn_vs_gpqa_ver1,1,1,1,1.546716,,1.546716
8,20,gsm8k_orgn_vs_gpqa_orgn,1,1,1,1.572969,,1.572969
8,20,gsm8k_orgn_vs_gpqa_ver1,1,1,1,1.65298,,1.65298
8,20,gsm8k_orgn_vs_gsm8k_ver1,1,1,1,1.429042,,1.429042
8,20,gsm8k_ver1_vs_gpqa_orgn,1,1,1,1.675787,,1.675787
8,20,gsm8k_ver1_vs_gpqa_ver1,1,1,1,1.715489,,1.715489
8,21,gpqa_orgn_vs_gpqa_ver1,1,1,1,0.849505,,0.849505
8,21,gsm8k_orgn_vs_gpqa_orgn,1,1,1,0.741251,,0.741251
8,21,gsm8k_orgn_vs_gpqa_ver1,1,1,1,0.860911,,0.860911
8,21,gsm8k_orgn_vs_gsm8k_ver1,1,1,1,0.761536,,0.761536
8,21,gsm8k_ver1_vs_gpqa_orgn,1,1,1,0.793417,,0.793417
8,21,gsm8k_ver1_vs_gpqa_ver1,1,1,1,0.908785,,0.908785
8,22,gpqa_orgn_vs_gpqa_ver1,1,1,1,1.186873,,1.186873
8,22,gsm8k_orgn_vs_gpqa_orgn,1,1,1,1.468094,,1.468094
8,22,gsm8k_orgn_vs_gpqa_ver1,1,1,1,1.483818,,1.483818
8,22,gsm8k_orgn_vs_gsm8k_ver1,1,1,1,1.468271,,1.468271
8,22,gsm8k_ver1_vs_gpqa_orgn,1,1,1,1.457911,,1.457911
8,22,gsm8k_ver1_vs_gpqa_ver1,1,1,1,1.458512,,1.458512
8,23,gpqa_orgn_vs_gpqa_ver1,1,1,1,1.646971,,1.646971
8,23,gsm8k_orgn_vs_gpqa_orgn,1,1,1,1.933235,,1.933235
8,23,gsm8k_orgn_vs_gpqa_ver1,1,1,1,1.880981,,1.880981
8,23,gsm8k_orgn_vs_gsm8k_ver1,1,1,1,1.992007,,1.992007
8,23,gsm8k_ver1_vs_gpqa_orgn,1,1,1,2.077778,,2.077778
8,23,gsm8k_ver1_vs_gpqa_ver1,1,1,1,2.013484,,2.013484
8,24,gpqa_orgn_vs_gpqa_ver1,1,1,1,1.045103,,1.045103
8,24,gsm8k_orgn_vs_gpqa_orgn,1,1,1,0.952278,,0.952278
8,24,gsm8k_orgn_vs_gpqa_ver1,1,1,1,1.059593,,1.059593
8,24,gsm8k_orgn_vs_gsm8k_ver1,1,1,1,0.979825,,0.979825
8,24,gsm8k_ver1_vs_gpqa_orgn,1,1,1,1.079407,,1.079407
8,24,gsm8k_ver1_vs_gpqa_ver1,1,1,1,1.166224,,1.166224
8,25,gpqa_orgn_vs_gpqa_ver1,1,1,1,0.667212,,0.667212
8,25,gsm8k_orgn_vs_gpqa_orgn,1,1,1,0.800011,,0.800011
8,25,gsm8k_orgn_vs_gpqa_ver1,1,1,1,0.781945,,0.781945
8,25,gsm8k_orgn_vs_gsm8k_ver1,1,1,1,0.92154,,0.92154
8,25,gsm8k_ver1_vs_gpqa_orgn,1,1,1,0.835561,,0.835561
8,25,gsm8k_ver1_vs_gpqa_ver1,1,1,1,0.816713,,0.816713
8,26,gpqa_orgn_vs_gpqa_ver1,1,1,1,0.970901,,0.970901
8,26,gsm8k_orgn_vs_gpqa_orgn,1,1,1,0.917248,,0.917248
8,26,gsm8k_orgn_vs_gpqa_ver1,1,1,1,0.935811,,0.935811
8,26,gsm8k_orgn_vs_gsm8k_ver1,1,1,1,1.135323,,1.135323
8,26,gsm8k_ver1_vs_gpqa_orgn,1,1,1,1.18587,,1.18587
8,26,gsm8k_ver1_vs_gpqa_ver1,1,1,1,1.196438,,1.196438
8,27,gpqa_orgn_vs_gpqa_ver1,1,1,1,0.796571,,0.796571
8,27,gsm8k_orgn_vs_gpqa_orgn,1,1,1,0.897379,,0.897379
8,27,gsm8k_orgn_vs_gpqa_ver1,1,1,1,0.900164,,0.900164
8,27,gsm8k_orgn_vs_gsm8k_ver1,1,1,1,1.151268,,1.151268
8,27,gsm8k_ver1_vs_gpqa_orgn,1,1,1,1.085596,,1.085596
8,27,gsm8k_ver1_vs_gpqa_ver1,1,1,1,1.086753,,1.086753
8,28,gpqa_orgn_vs_gpqa_ver1,1,1,1,1.045984,,1.045984
8,28,gsm8k_orgn_vs_gpqa_orgn,1,1,1,1.334715,,1.334715
8,28,gsm8k_orgn_vs_gpqa_ver1,1,1,1,1.281256,,1.281256
8,28,gsm8k_orgn_vs_gsm8k_ver1,1,1,1,1.42227,,1.42227
8,28,gsm8k_ver1_vs_gpqa_orgn,1,1,1,1.297794,,1.297794
8,28,gsm8k_ver1_vs_gpqa_ver1,1,1,1,1.236811,,1.236811
8,29,gpqa_orgn_vs_gpqa_ver1,1,1,1,1.506392,,1.506392
8,29,gsm8k_orgn_vs_gpqa_orgn,1,1,1,1.552992,,1.552992
8,29,gsm8k_orgn_vs_gpqa_ver1,1,1,1,1.60856,,1.60856
8,29,gsm8k_orgn_vs_gsm8k_ver1,1,1,1,1.674568,,1.674568
8,29,gsm8k_ver1_vs_gpqa_orgn,1,1,1,1.638125,,1.638125
8,29,gsm8k_ver1_vs_gpqa_ver1,1,1,1,1.685731,,1.685731
8,30,gpqa_orgn_vs_gpqa_ver1,1,1,1,0.550933,,0.550933
8,30,gsm8k_orgn_vs_gpqa_orgn,1,1,1,0.507414,,0.507414
8,30,gsm8k_orgn_vs_gpqa_ver1,1,1,1,0.466137,,0.466137
8,30,gsm8k_orgn_vs_gsm8k_ver1,1,1,1,0.36274,,0.36274
8,30,gsm8k_ver1_vs_gpqa_orgn,1,1,1,0.455181,,0.455181
8,30,gsm8k_ver1_vs_gpqa_ver1,1,1,1,0.413357,,0.413357
8,31,gpqa_orgn_vs_gpqa_ver1,1,1,1,0.566572,,0.566572
8,31,gsm8k_orgn_vs_gpqa_orgn,1,1,1,0.757919,,0.757919
8,31,gsm8k_orgn_vs_gpqa_ver1,1,1,1,0.758082,,0.758082
8,31,gsm8k_orgn_vs_gsm8k_ver1,1,1,1,0.954036,,0.954036
8,31,gsm8k_ver1_vs_gpqa_orgn,1,1,1,0.795145,,0.795145
8,31,gsm8k_ver1_vs_gpqa_ver1,1,1,1,0.791599,,0.791599
8,32,gpqa_orgn_vs_gpqa_ver1,1,1,1,0.869076,,0.869076
8,32,gsm8k_orgn_vs_gpqa_orgn,1,1,1,0.91356,,0.91356
8,32,gsm8k_orgn_vs_gpqa_ver1,1,1,1,0.88519,,0.88519
8,32,gsm8k_orgn_vs_gsm8k_ver1,1,1,1,0.84566,,0.84566
8,32,gsm8k_ver1_vs_gpqa_orgn,1,1,1,0.843079,,0.843079
8,32,gsm8k_ver1_vs_gpqa_ver1,1,1,1,0.808053,,0.808053
8,33,gpqa_orgn_vs_gpqa_ver1,1,1,1,0.678552,,0.678552
8,33,gsm8k_orgn_vs_gpqa_orgn,1,1,1,0.743074,,0.743074
8,33,gsm8k_orgn_vs_gpqa_ver1,1,1,1,0.705727,,0.705727
8,33,gsm8k_orgn_vs_gsm8k_ver1,1,1,1,0.68942,,0.68942
8,33,gsm8k_ver1_vs_gpqa_orgn,1,1,1,0.678019,,0.678019
8,33,gsm8k_ver1_vs_gpqa_ver1,1,1,1,0.63489,,0.63489
8,34,gpqa_orgn_vs_gpqa_ver1,1,1,1,0.391179,,0.391179
8,34,gsm8k_orgn_vs_gpqa_orgn,1,1,1,0.749255,,0.749255
8,34,gsm8k_orgn_vs_gpqa_ver1,1,1,1,0.662017,,0.662017
8,34,gsm8k_orgn_vs_gsm8k_ver1,1,1,1,0.670907,,0.670907
8,34,gsm8k_ver1_vs_gpqa_orgn,1,1,1,0.405628,,0.405628
8,34,gsm8k_ver1_vs_gpqa_ver1,1,1,1,0.309857,,0.309857
8,35,gpqa_orgn_vs_gpqa_ver1,1,1,1,1.992289,,1.992289
8,35,gsm8k_orgn_vs_gpqa_orgn,1,1,1,1.724872,,1.724872
8,35,gsm8k_orgn_vs_gpqa_ver1,1,1,1,1.767068,,1.767068
8,35,gsm8k_orgn_vs_gsm8k_ver1,1,1,1,1.530952,,1.530952
8,35,gsm8k_ver1_vs_gpqa_orgn,1,1,1,1.889248,,1.889248
8,35,gsm8k_ver1_vs_gpqa_ver1,1,1,1,1.925702,,1.925702
8,36,gpqa_orgn_vs_gpqa_ver1,1,1,1,1.714529,,1.714529
8,36,gsm8k_orgn_vs_gpqa_orgn,1,1,1,1.413097,,1.413097
8,36,gsm8k_orgn_vs_gpqa_ver1,1,1,1,1.461286,,1.461286
8,36,gsm8k_orgn_vs_gsm8k_ver1,1,1,1,1.040836,,1.040836
8,36,gsm8k_ver1_vs_gpqa_orgn,1,1,1,1.486559,,1.486559
8,36,gsm8k_ver1_vs_gpqa_ver1,1,1,1,1.531889,,1.531889
8,37,gpqa_orgn_vs_gpqa_ver1,1,1,1,1.401204,,1.401204
8,37,gsm8k_orgn_vs_gpqa_orgn,1,1,1,1.306176,,1.306176
8,37,gsm8k_orgn_vs_gpqa_ver1,1,1,1,1.390977,,1.390977
8,37,gsm8k_orgn_vs_gsm8k_ver1,1,1,1,1.273434,,1.273434
8,37,gsm8k_ver1_vs_gpqa_orgn,1,1,1,1.433473,,1.433473
8,37,gsm8k_ver1_vs_gpqa_ver1,1,1,1,1.502602,,1.502602
8,38,gpqa_orgn_vs_gpqa_ver1,1,1,1,0.839755,,0.839755
8,38,gsm8k_orgn_vs_gpqa_orgn,1,1,1,0.748489,,0.748489
8,38,gsm8k_orgn_vs_gpqa_ver1,1,1,1,0.78515,,0.78515
8,38,gsm8k_orgn_vs_gsm8k_ver1,1,1,1,0.717756,,0.717756
8,38,gsm8k_ver1_vs_gpqa_orgn,1,1,1,0.844062,,0.844062
8,38,gsm8k_ver1_vs_gpqa_ver1,1,1,1,0.876615,,0.876615
8,39,gpqa_orgn_vs_gpqa_ver1,1,1,1,2.543122,,2.543122
8,39,gsm8k_orgn_vs_gpqa_orgn,1,1,1,1.996657,,1.996657
8,39,gsm8k_orgn_vs_gpqa_ver1,1,1,1,2.10248,,2.10248
8,39,gsm8k_orgn_vs_gsm8k_ver1,1,1,1,1.285529,,1.285529
8,39,gsm8k_ver1_vs_gpqa_orgn,1,1,1,2.102888,,2.102888
8,39,gsm8k_ver1_vs_gpqa_ver1,1,1,1,2.205965,,2.205965
9,0,gpqa_orgn_vs_gpqa_ver1,1,1,1,1.052725,,1.052725
9,0,gsm8k_orgn_vs_gpqa_orgn,1,1,1,0.972925,,0.972925
9,0,gsm8k_orgn_vs_gpqa_ver1,1,1,1,1.042035,,1.042035
9,0,gsm8k_orgn_vs_gsm8k_ver1,1,1,1,1.010932,,1.010932
9,0,gsm8k_ver1_vs_gpqa_orgn,1,1,1,1.075237,,1.075237
9,0,gsm8k_ver1_vs_gpqa_ver1,1,1,1,1.131284,,1.131284
9,1,gpqa_orgn_vs_gpqa_ver1,1,1,1,0.74256,,0.74256
9,1,gsm8k_orgn_vs_gpqa_orgn,1,1,1,0.680137,,0.680137
9,1,gsm8k_orgn_vs_gpqa_ver1,1,1,1,0.785291,,0.785291
9,1,gsm8k_orgn_vs_gsm8k_ver1,1,1,1,0.781649,,0.781649
9,1,gsm8k_ver1_vs_gpqa_orgn,1,1,1,0.759484,,0.759484
9,1,gsm8k_ver1_vs_gpqa_ver1,1,1,1,0.857813,,0.857813
9,2,gpqa_orgn_vs_gpqa_ver1,1,1,1,0.755404,,0.755404
9,2,gsm8k_orgn_vs_gpqa_orgn,1,1,1,0.635415,,0.635415
9,2,gsm8k_orgn_vs_gpqa_ver1,1,1,1,0.744545,,0.744545
9,2,gsm8k_orgn_vs_gsm8k_ver1,1,1,1,0.766028,,0.766028
9,2,gsm8k_ver1_vs_gpqa_orgn,1,1,1,0.788366,,0.788366
9,2,gsm8k_ver1_vs_gpqa_ver1,1,1,1,0.889825,,0.889825
9,3,gpqa_orgn_vs_gpqa_ver1,1,1,1,1.655672,,1.655672
9,3,gsm8k_orgn_vs_gpqa_orgn,1,1,1,1.510933,,1.510933
9,3,gsm8k_orgn_vs_gpqa_ver1,1,1,1,1.545636,,1.545636
9,3,gsm8k_orgn_vs_gsm8k_ver1,1,1,1,1.529524,,1.529524
9,3,gsm8k_ver1_vs_gpqa_orgn,1,1,1,1.679541,,1.679541
9,3,gsm8k_ver1_vs_gpqa_ver1,1,1,1,1.709716,,1.709716
9,4,gpqa_orgn_vs_gpqa_ver1,1,1,1,0.623178,,0.623178
9,4,gsm8k_orgn_vs_gpqa_orgn,1,1,1,0.527597,,0.527597
9,4,gsm8k_orgn_vs_gpqa_ver1,1,1,1,0.578898,,0.578898
9,4,gsm8k_orgn_vs_gsm8k_ver1,1,1,1,0.542724,,0.542724
9,4,gsm8k_ver1_vs_gpqa_orgn,1,1,1,0.608114,,0.608114
9,4,gsm8k_ver1_vs_gpqa_ver1,1,1,1,0.653036,,0.653036
9,5,gpqa_orgn_vs_gpqa_ver1,1,1,1,1.300724,,1.300724
9,5,gsm8k_orgn_vs_gpqa_orgn,1,1,1,1.309405,,1.309405
9,5,gsm8k_orgn_vs_gpqa_ver1,1,1,1,1.317978,,1.317978
9,5,gsm8k_orgn_vs_gsm8k_ver1,1,1,1,1.353352,,1.353352
9,5,gsm8k_ver1_vs_gpqa_orgn,1,1,1,1.362614,,1.362614
9,5,gsm8k_ver1_vs_gpqa_ver1,1,1,1,1.366474,,1.366474
9,6,gpqa_orgn_vs_gpqa_ver1,1,1,1,1.317547,,1.317547
9,6,gsm8k_orgn_vs_gpqa_orgn,1,1,1,1.230836,,1.230836
9,6,gsm8k_orgn_vs_gpqa_ver1,1,1,1,1.265262,,1.265262
9,6,gsm8k_orgn_vs_gsm8k_ver1,1,1,1,1.154973,,1.154973
9,6,gsm8k_ver1_vs_gpqa_orgn,1,1,1,1.257315,,1.257315
9,6,gsm8k_ver1_vs_gpqa_ver1,1,1,1,1.283194,,1.283194
9,7,gpqa_orgn_vs_gpqa_ver1,1,1,1,1.10934,,1.10934
9,7,gsm8k_orgn_vs_gpqa_orgn,1,1,1,1.168118,,1.168118
9,7,gsm8k_orgn_vs_gpqa_ver1,1,1,1,1.174521,,1.174521
9,7,gsm8k_orgn_vs_gsm8k_ver1,1,1,1,1.152052,,1.152052
9,7,gsm8k_ver1_vs_gpqa_orgn,1,1,1,1.178155,,1.178155
9,7,gsm8k_ver1_vs_gpqa_ver1,1,1,1,1.172552,,1.172552
9,8,gpqa_orgn_vs_gpqa_ver1,1,1,1,0.918606,,0.918606
9,8,gsm8k_orgn_vs_gpqa_orgn,1,1,1,1.021082,,1.021082
9,8,gsm8k_orgn_vs_gpqa_ver1,1,1,1,1.017755,,1.017755
9,8,gsm8k_orgn_vs_gsm8k_ver1,1,1,1,1.108359,,1.108359
9,8,gsm8k_ver1_vs_gpqa_orgn,1,1,1,1.07438,,1.07438
9,8,gsm8k_ver1_vs_gpqa_ver1,1,1,1,1.060747,,1.060747
9,9,gpqa_orgn_vs_gpqa_ver1,1,1,1,1.466232,,1.466232
9,9,gsm8k_orgn_vs_gpqa_orgn,1,1,1,1.388274,,1.388274
9,9,gsm8k_orgn_vs_gpqa_ver1,1,1,1,1.473391,,1.473391
9,9,gsm8k_orgn_vs_gsm8k_ver1,1,1,1,1.530871,,1.530871
9,9,gsm8k_ver1_vs_gpqa_orgn,1,1,1,1.558177,,1.558177
9,9,gsm8k_ver1_vs_gpqa_ver1,1,1,1,1.624464,,1.624464
9,10,gpqa_orgn_vs_gpqa_ver1,1,1,1,0.822475,,0.822475
9,10,gsm8k_orgn_vs_gpqa_orgn,1,1,1,0.846022,,0.846022
9,10,gsm8k_orgn_vs_gpqa_ver1,1,1,1,0.856164,,0.856164
9,10,gsm8k_orgn_vs_gsm8k_ver1,1,1,1,0.809091,,0.809091
9,10,gsm8k_ver1_vs_gpqa_orgn,1,1,1,0.795567,,0.795567
9,10,gsm8k_ver1_vs_gpqa_ver1,1,1,1,0.796771,,0.796771
9,11,gpqa_orgn_vs_gpqa_ver1,1,1,1,0.755166,,0.755166
9,11,gsm8k_orgn_vs_gpqa_orgn,1,1,1,0.827623,,0.827623
9,11,gsm8k_orgn_vs_gpqa_ver1,1,1,1,0.844603,,0.844603
9,11,gsm8k_orgn_vs_gsm8k_ver1,1,1,1,0.778757,,0.778757
9,11,gsm8k_ver1_vs_gpqa_orgn,1,1,1,0.816231,,0.816231
9,11,gsm8k_ver1_vs_gpqa_ver1,1,1,1,0.813022,,0.813022
9,12,gpqa_orgn_vs_gpqa_ver1,1,1,1,0.939306,,0.939306
9,12,gsm8k_orgn_vs_gpqa_orgn,1,1,1,1.003968,,1.003968
9,12,gsm8k_orgn_vs_gpqa_ver1,1,1,1,1.084645,,1.084645
9,12,gsm8k_orgn_vs_gsm8k_ver1,1,1,1,1.270332,,1.270332
9,12,gsm8k_ver1_vs_gpqa_orgn,1,1,1,1.167385,,1.167385
9,12,gsm8k_ver1_vs_gpqa_ver1,1,1,1,1.236279,,1.236279
9,13,gpqa_orgn_vs_gpqa_ver1,1,1,1,0.71317,,0.71317
9,13,gsm8k_orgn_vs_gpqa_orgn,1,1,1,0.884901,,0.884901
9,13,gsm8k_orgn_vs_gpqa_ver1,1,1,1,0.908448,,0.908448
9,13,gsm8k_orgn_vs_gsm8k_ver1,1,1,1,1.116587,,1.116587
9,13,gsm8k_ver1_vs_gpqa_orgn,1,1,1,0.972176,,0.972176
9,13,gsm8k_ver1_vs_gpqa_ver1,1,1,1,0.989016,,0.989016
9,14,gpqa_orgn_vs_gpqa_ver1,1,1,1,0.607787,,0.607787
9,14,gsm8k_orgn_vs_gpqa_orgn,1,1,1,0.586419,,0.586419
9,14,gsm8k_orgn_vs_gpqa_ver1,1,1,1,0.589628,,0.589628
9,14,gsm8k_orgn_vs_gsm8k_ver1,1,1,1,0.588226,,0.588226
9,14,gsm8k_ver1_vs_gpqa_orgn,1,1,1,0.616639,,0.616639
9,14,gsm8k_ver1_vs_gpqa_ver1,1,1,1,0.617047,,0.617047
9,15,gpqa_orgn_vs_gpqa_ver1,1,1,1,0.771643,,0.771643
9,15,gsm8k_orgn_vs_gpqa_orgn,1,1,1,0.801291,,0.801291
9,15,gsm8k_orgn_vs_gpqa_ver1,1,1,1,0.828535,,0.828535
9,15,gsm8k_orgn_vs_gsm8k_ver1,1,1,1,0.939363,,0.939363
9,15,gsm8k_ver1_vs_gpqa_orgn,1,1,1,0.905646,,0.905646
9,15,gsm8k_ver1_vs_gpqa_ver1,1,1,1,0.930693,,0.930693
9,16,gpqa_orgn_vs_gpqa_ver1,1,1,1,0.956332,,0.956332
9,16,gsm8k_orgn_vs_gpqa_orgn,1,1,1,1.303731,,1.303731
9,16,gsm8k_orgn_vs_gpqa_ver1,1,1,1,1.284068,,1.284068
9,16,gsm8k_orgn_vs_gsm8k_ver1,1,1,1,1.513054,,1.513054
9,16,gsm8k_ver1_vs_gpqa_orgn,1,1,1,1.235304,,1.235304
9,16,gsm8k_ver1_vs_gpqa_ver1,1,1,1,1.210414,,1.210414
9,17,gpqa_orgn_vs_gpqa_ver1,1,1,1,1.753606,,1.753606
9,17,gsm8k_orgn_vs_gpqa_orgn,1,1,1,2.060013,,2.060013
9,17,gsm8k_orgn_vs_gpqa_ver1,1,1,1,2.021504,,2.021504
9,17,gsm8k_orgn_vs_gsm8k_ver1,1,1,1,2.179808,,2.179808
9,17,gsm8k_ver1_vs_gpqa_orgn,1,1,1,1.990283,,1.990283
9,17,gsm8k_ver1_vs_gpqa_ver1,1,1,1,1.945451,,1.945451
9,18,gpqa_orgn_vs_gpqa_ver1,1,1,1,0.989967,,0.989967
9,18,gsm8k_orgn_vs_gpqa_orgn,1,1,1,1.23895,,1.23895
9,18,gsm8k_orgn_vs_gpqa_ver1,1,1,1,1.232778,,1.232778
9,18,gsm8k_orgn_vs_gsm8k_ver1,1,1,1,1.252044,,1.252044
9,18,gsm8k_ver1_vs_gpqa_orgn,1,1,1,1.050509,,1.050509
9,18,gsm8k_ver1_vs_gpqa_ver1,1,1,1,1.041669,,1.041669
9,19,gpqa_orgn_vs_gpqa_ver1,1,1,1,1.269738,,1.269738
9,19,gsm8k_orgn_vs_gpqa_orgn,1,1,1,1.1879,,1.1879
9,19,gsm8k_orgn_vs_gpqa_ver1,1,1,1,1.202304,,1.202304
9,19,gsm8k_orgn_vs_gsm8k_ver1,1,1,1,0.992987,,0.992987
9,19,gsm8k_ver1_vs_gpqa_orgn,1,1,1,1.160813,,1.160813
9,19,gsm8k_ver1_vs_gpqa_ver1,1,1,1,1.170588,,1.170588
9,20,gpqa_orgn_vs_gpqa_ver1,1,1,1,0.765609,,0.765609
9,20,gsm8k_orgn_vs_gpqa_orgn,1,1,1,0.757159,,0.757159
9,20,gsm8k_orgn_vs_gpqa_ver1,1,1,1,0.709388,,0.709388
9,20,gsm8k_orgn_vs_gsm8k_ver1,1,1,1,0.715895,,0.715895
9,20,gsm8k_ver1_vs_gpqa_orgn,1,1,1,0.792112,,0.792112
9,20,gsm8k_ver1_vs_gpqa_ver1,1,1,1,0.741982,,0.741982
9,21,gpqa_orgn_vs_gpqa_ver1,1,1,1,1.243288,,1.243288
9,21,gsm8k_orgn_vs_gpqa_orgn,1,1,1,1.21785,,1.21785
9,21,gsm8k_orgn_vs_gpqa_ver1,1,1,1,1.132154,,1.132154
9,21,gsm8k_orgn_vs_gsm8k_ver1,1,1,1,0.924697,,0.924697
9,21,gsm8k_ver1_vs_gpqa_orgn,1,1,1,1.067477,,1.067477
9,21,gsm8k_ver1_vs_gpqa_ver1,1,1,1,0.970609,,0.970609
9,22,gpqa_orgn_vs_gpqa_ver1,1,1,1,0.999332,,0.999332
9,22,gsm8k_orgn_vs_gpqa_orgn,1,1,1,0.884045,,0.884045
9,22,gsm8k_orgn_vs_gpqa_ver1,1,1,1,0.984339,,0.984339
9,22,gsm8k_orgn_vs_gsm8k_ver1,1,1,1,0.939305,,0.939305
9,22,gsm8k_ver1_vs_gpqa_orgn,1,1,1,0.974643,,0.974643
9,22,gsm8k_ver1_vs_gpqa_ver1,1,1,1,1.069172,,1.069172
9,23,gpqa_orgn_vs_gpqa_ver1,1,1,1,0.798574,,0.798574
9,23,gsm8k_orgn_vs_gpqa_orgn,1,1,1,0.588599,,0.588599
9,23,gsm8k_orgn_vs_gpqa_ver1,1,1,1,0.608927,,0.608927
9,23,gsm8k_orgn_vs_gsm8k_ver1,1,1,1,0.381767,,0.381767
9,23,gsm8k_ver1_vs_gpqa_orgn,1,1,1,0.6035,,0.6035
9,23,gsm8k_ver1_vs_gpqa_ver1,1,1,1,0.621955,,0.621955
9,24,gpqa_orgn_vs_gpqa_ver1,1,1,1,1.315265,,1.315265
9,24,gsm8k_orgn_vs_gpqa_orgn,1,1,1,1.210564,,1.210564
9,24,gsm8k_orgn_vs_gpqa_ver1,1,1,1,1.305588,,1.305588
9,24,gsm8k_orgn_vs_gsm8k_ver1,1,1,1,1.222335,,1.222335
9,24,gsm8k_ver1_vs_gpqa_orgn,1,1,1,1.293802,,1.293802
9,24,gsm8k_ver1_vs_gpqa_ver1,1,1,1,1.375295,,1.375295
9,25,gpqa_orgn_vs_gpqa_ver1,1,1,1,0.954005,,0.954005
9,25,gsm8k_orgn_vs_gpqa_orgn,1,1,1,1.010423,,1.010423
9,25,gsm8k_orgn_vs_gpqa_ver1,1,1,1,1.038297,,1.038297
9,25,gsm8k_orgn_vs_gsm8k_ver1,1,1,1,1.079814,,1.079814
9,25,gsm8k_ver1_vs_gpqa_orgn,1,1,1,1.018322,,1.018322
9,25,gsm8k_ver1_vs_gpqa_ver1,1,1,1,1.039621,,1.039621
9,26,gpqa_orgn_vs_gpqa_ver1,1,1,1,1.816164,,1.816164
9,26,gsm8k_orgn_vs_gpqa_orgn,1,1,1,1.8469,,1.8469
9,26,gsm8k_orgn_vs_gpqa_ver1,1,1,1,1.882712,,1.882712
9,26,gsm8k_orgn_vs_gsm8k_ver1,1,1,1,2.005713,,2.005713
9,26,gsm8k_ver1_vs_gpqa_orgn,1,1,1,1.974561,,1.974561
9,26,gsm8k_ver1_vs_gpqa_ver1,1,1,1,1.998997,,1.998997
9,27,gpqa_orgn_vs_gpqa_ver1,1,1,1,0.603631,,0.603631
9,27,gsm8k_orgn_vs_gpqa_orgn,1,1,1,0.652404,,0.652404
9,27,gsm8k_orgn_vs_gpqa_ver1,1,1,1,0.618165,,0.618165
9,27,gsm8k_orgn_vs_gsm8k_ver1,1,1,1,0.631013,,0.631013
9,27,gsm8k_ver1_vs_gpqa_orgn,1,1,1,0.634747,,0.634747
9,27,gsm8k_ver1_vs_gpqa_ver1,1,1,1,0.58885,,0.58885
9,28,gpqa_orgn_vs_gpqa_ver1,1,1,1,0.88455,,0.88455
9,28,gsm8k_orgn_vs_gpqa_orgn,1,1,1,0.860645,,0.860645
9,28,gsm8k_orgn_vs_gpqa_ver1,1,1,1,0.897967,,0.897967
9,28,gsm8k_orgn_vs_gsm8k_ver1,1,1,1,0.852994,,0.852994
9,28,gsm8k_ver1_vs_gpqa_orgn,1,1,1,0.858996,,0.858996
9,28,gsm8k_ver1_vs_gpqa_ver1,1,1,1,0.890721,,0.890721
9,29,gpqa_orgn_vs_gpqa_ver1,1,1,1,1.000176,,1.000176
9,29,gsm8k_orgn_vs_gpqa_orgn,1,1,1,0.938129,,0.938129
9,29,gsm8k_orgn_vs_gpqa_ver1,1,1,1,0.944445,,0.944445
9,29,gsm8k_orgn_vs_gsm8k_ver1,1,1,1,0.855418,,0.855418
9,29,gsm8k_ver1_vs_gpqa_orgn,1,1,1,0.926567,,0.926567
9,29,gsm8k_ver1_vs_gpqa_ver1,1,1,1,0.926473,,0.926473
9,30,gpqa_orgn_vs_gpqa_ver1,1,1,1,0.516439,,0.516439
9,30,gsm8k_orgn_vs_gpqa_orgn,1,1,1,0.455039,,0.455039
9,30,gsm8k_orgn_vs_gpqa_ver1,1,1,1,0.500278,,0.500278
9,30,gsm8k_orgn_vs_gsm8k_ver1,1,1,1,0.380953,,0.380953
9,30,gsm8k_ver1_vs_gpqa_orgn,1,1,1,0.404014,,0.404014
9,30,gsm8k_ver1_vs_gpqa_ver1,1,1,1,0.448808,,0.448808
9,31,gpqa_orgn_vs_gpqa_ver1,1,1,1,0.397541,,0.397541
9,31,gsm8k_orgn_vs_gpqa_orgn,1,1,1,0.211666,,0.211666
9,31,gsm8k_orgn_vs_gpqa_ver1,1,1,1,0.275095,,0.275095
9,31,gsm8k_orgn_vs_gsm8k_ver1,1,1,1,0.079783,,0.079783
9,31,gsm8k_ver1_vs_gpqa_orgn,1,1,1,0.219934,,0.219934
9,31,gsm8k_ver1_vs_gpqa_ver1,1,1,1,0.283018,,0.283018
9,32,gpqa_orgn_vs_gpqa_ver1,1,1,1,0.642115,,0.642115
9,32,gsm8k_orgn_vs_gpqa_orgn,1,1,1,0.373558,,0.373558
9,32,gsm8k_orgn_vs_gpqa_ver1,1,1,1,0.465971,,0.465971
9,32,gsm8k_orgn_vs_gsm8k_ver1,1,1,1,0.235971,,0.235971
9,32,gsm8k_ver1_vs_gpqa_orgn,1,1,1,0.433721,,0.433721
9,32,gsm8k_ver1_vs_gpqa_ver1,1,1,1,0.524009,,0.524009
9,33,gpqa_orgn_vs_gpqa_ver1,1,1,1,0.903478,,0.903478
9,33,gsm8k_orgn_vs_gpqa_orgn,1,1,1,0.671963,,0.671963
9,33,gsm8k_orgn_vs_gpqa_ver1,1,1,1,0.805044,,0.805044
9,33,gsm8k_orgn_vs_gsm8k_ver1,1,1,1,0.615169,,0.615169
9,33,gsm8k_ver1_vs_gpqa_orgn,1,1,1,0.734399,,0.734399
9,33,gsm8k_ver1_vs_gpqa_ver1,1,1,1,0.862864,,0.862864
9,34,gpqa_orgn_vs_gpqa_ver1,1,1,1,0.706928,,0.706928
9,34,gsm8k_orgn_vs_gpqa_orgn,1,1,1,0.491791,,0.491791
9,34,gsm8k_orgn_vs_gpqa_ver1,1,1,1,0.561785,,0.561785
9,34,gsm8k_orgn_vs_gsm8k_ver1,1,1,1,0.289001,,0.289001
9,34,gsm8k_ver1_vs_gpqa_orgn,1,1,1,0.46944,,0.46944
9,34,gsm8k_ver1_vs_gpqa_ver1,1,1,1,0.538622,,0.538622
9,35,gpqa_orgn_vs_gpqa_ver1,1,1,1,0.049686,,0.049686
9,35,gsm8k_orgn_vs_gpqa_orgn,1,1,1,0.032858,,0.032858
9,35,gsm8k_orgn_vs_gpqa_ver1,1,1,1,0.036147,,0.036147
9,35,gsm8k_orgn_vs_gsm8k_ver1,1,1,1,0.032869,,0.032869
9,35,gsm8k_ver1_vs_gpqa_orgn,1,1,1,0.04707,,0.04707
9,35,gsm8k_ver1_vs_gpqa_ver1,1,1,1,0.050273,,0.050273
9,36,gpqa_orgn_vs_gpqa_ver1,1,1,1,0.450024,,0.450024
9,36,gsm8k_orgn_vs_gpqa_orgn,1,1,1,0.264501,,0.264501
9,36,gsm8k_orgn_vs_gpqa_ver1,1,1,1,0.312631,,0.312631
9,36,gsm8k_orgn_vs_gsm8k_ver1,1,1,1,0.15531,,0.15531
9,36,gsm8k_ver1_vs_gpqa_orgn,1,1,1,0.312202,,0.312202
9,36,gsm8k_ver1_vs_gpqa_ver1,1,1,1,0.358874,,0.358874
9,37,gpqa_orgn_vs_gpqa_ver1,1,1,1,0.260388,,0.260388
9,37,gsm8k_orgn_vs_gpqa_orgn,1,1,1,0.14797,,0.14797
9,37,gsm8k_orgn_vs_gpqa_ver1,1,1,1,0.173906,,0.173906
9,37,gsm8k_orgn_vs_gsm8k_ver1,1,1,1,0.066327,,0.066327
9,37,gsm8k_ver1_vs_gpqa_orgn,1,1,1,0.164484,,0.164484
9,37,gsm8k_ver1_vs_gpqa_ver1,1,1,1,0.189941,,0.189941
9,38,gpqa_orgn_vs_gpqa_ver1,1,1,1,0.158798,,0.158798
9,38,gsm8k_orgn_vs_gpqa_orgn,1,1,1,0.086797,,0.086797
9,38,gsm8k_orgn_vs_gpqa_ver1,1,1,1,0.098988,,0.098988
9,38,gsm8k_orgn_vs_gsm8k_ver1,1,1,1,0.040374,,0.040374
9,38,gsm8k_ver1_vs_gpqa_orgn,1,1,1,0.104448,,0.104448
9,38,gsm8k_ver1_vs_gpqa_ver1,1,1,1,0.116168,,0.116168
9,39,gpqa_orgn_vs_gpqa_ver1,1,1,1,0.340847,,0.340847
9,39,gsm8k_orgn_vs_gpqa_orgn,1,1,1,0.216024,,0.216024
9,39,gsm8k_orgn_vs_gpqa_ver1,1,1,1,0.225533,,0.225533
9,39,gsm8k_orgn_vs_gsm8k_ver1,1,1,1,0.114331,,0.114331
9,39,gsm8k_ver1_vs_gpqa_orgn,1,1,1,0.239142,,0.239142
9,39,gsm8k_ver1_vs_gpqa_ver1,1,1,1,0.248352,,0.248352
10,0,gpqa_orgn_vs_gpqa_ver1,1,1,1,1.574118,,1.574118
10,0,gsm8k_orgn_vs_gpqa_orgn,1,1,1,1.278296,,1.278296
10,0,gsm8k_orgn_vs_gpqa_ver1,1,1,1,1.2927,,1.2927
10,0,gsm8k_orgn_vs_gsm8k_ver1,1,1,1,0.934218,,0.934218
10,0,gsm8k_ver1_vs_gpqa_orgn,1,1,1,1.255696,,1.255696
10,0,gsm8k_ver1_vs_gpqa_ver1,1,1,1,1.270441,,1.270441
10,1,gpqa_orgn_vs_gpqa_ver1,1,1,1,0.902483,,0.902483
10,1,gsm8k_orgn_vs_gpqa_orgn,1,1,1,0.848256,,0.848256
10,1,gsm8k_orgn_vs_gpqa_ver1,1,1,1,0.904948,,0.904948
10,1,gsm8k_orgn_vs_gsm8k_ver1,1,1,1,0.74732,,0.74732
10,1,gsm8k_ver1_vs_gpqa_orgn,1,1,1,0.754862,,0.754862
10,1,gsm8k_ver1_vs_gpqa_ver1,1,1,1,0.811958,,0.811958
10,2,gpqa_orgn_vs_gpqa_ver1,1,1,1,0.606094,,0.606094
10,2,gsm8k_orgn_vs_gpqa_orgn,1,1,1,0.414571,,0.414571
10,2,gsm8k_orgn_vs_gpqa_ver1,1,1,1,0.459978,,0.459978
10,2,gsm8k_orgn_vs_gsm8k_ver1,1,1,1,0.259587,,0.259587
10,2,gsm8k_ver1_vs_gpqa_orgn,1,1,1,0.41719,,0.41719
10,2,gsm8k_ver1_vs_gpqa_ver1,1,1,1,0.462576,,0.462576
10,3,gpqa_orgn_vs_gpqa_ver1,1,1,1,1.760831,,1.760831
10,3,gsm8k_orgn_vs_gpqa_orgn,1,1,1,1.771834,,1.771834
10,3,gsm8k_orgn_vs_gpqa_ver1,1,1,1,1.870795,,1.870795
10,3,gsm8k_orgn_vs_gsm8k_ver1,1,1,1,1.796209,,1.796209
10,3,gsm8k_ver1_vs_gpqa_orgn,1,1,1,1.705947,,1.705947
10,3,gsm8k_ver1_vs_gpqa_ver1,1,1,1,1.80468,,1.80468
10,4,gpqa_orgn_vs_gpqa_ver1,1,1,1,0.491938,,0.491938
10,4,gsm8k_orgn_vs_gpqa_orgn,1,1,1,0.388077,,0.388077
10,4,gsm8k_orgn_vs_gpqa_ver1,1,1,1,0.315695,,0.315695
10,4,gsm8k_orgn_vs_gsm8k_ver1,1,1,1,0.206803,,0.206803
10,4,gsm8k_ver1_vs_gpqa_orgn,1,1,1,0.395904,,0.395904
10,4,gsm8k_ver1_vs_gpqa_ver1,1,1,1,0.322961,,0.322961
10,5,gpqa_orgn_vs_gpqa_ver1,1,1,1,0.516307,,0.516307
10,5,gsm8k_orgn_vs_gpqa_orgn,1,1,1,0.406659,,0.406659
10,5,gsm8k_orgn_vs_gpqa_ver1,1,1,1,0.446978,,0.446978
10,5,gsm8k_orgn_vs_gsm8k_ver1,1,1,1,0.358984,,0.358984
10,5,gsm8k_ver1_vs_gpqa_orgn,1,1,1,0.444383,,0.444383
10,5,gsm8k_ver1_vs_gpqa_ver1,1,1,1,0.477486,,0.477486
10,6,gpqa_orgn_vs_gpqa_ver1,1,1,1,0.913077,,0.913077
10,6,gsm8k_orgn_vs_gpqa_orgn,1,1,1,0.726318,,0.726318
10,6,gsm8k_orgn_vs_gpqa_ver1,1,1,1,0.787703,,0.787703
10,6,gsm8k_orgn_vs_gsm8k_ver1,1,1,1,0.561656,,0.561656
10,6,gsm8k_ver1_vs_gpqa_orgn,1,1,1,0.730508,,0.730508
10,6,gsm8k_ver1_vs_gpqa_ver1,1,1,1,0.784607,,0.784607
10,7,gpqa_orgn_vs_gpqa_ver1,1,1,1,0.628411,,0.628411
10,7,gsm8k_orgn_vs_gpqa_orgn,1,1,1,0.46304,,0.46304
10,7,gsm8k_orgn_vs_gpqa_ver1,1,1,1,0.488084,,0.488084
10,7,gsm8k_orgn_vs_gsm8k_ver1,1,1,1,0.288506,,0.288506
10,7,gsm8k_ver1_vs_gpqa_orgn,1,1,1,0.459851,,0.459851
10,7,gsm8k_ver1_vs_gpqa_ver1,1,1,1,0.481745,,0.481745
10,8,gpqa_orgn_vs_gpqa_ver1,1,1,1,0.188156,,0.188156
10,8,gsm8k_orgn_vs_gpqa_orgn,1,1,1,0.149791,,0.149791
10,8,gsm8k_orgn_vs_gpqa_ver1,1,1,1,0.133388,,0.133388
10,8,gsm8k_orgn_vs_gsm8k_ver1,1,1,1,0.074088,,0.074088
10,8,gsm8k_ver1_vs_gpqa_orgn,1,1,1,0.140554,,0.140554
10,8,gsm8k_ver1_vs_gpqa_ver1,1,1,1,0.122546,,0.122546
10,9,gpqa_orgn_vs_gpqa_ver1,1,1,1,0.191836,,0.191836
10,9,gsm8k_orgn_vs_gpqa_orgn,1,1,1,0.142117,,0.142117
10,9,gsm8k_orgn_vs_gpqa_ver1,1,1,1,0.171029,,0.171029
10,9,gsm8k_orgn_vs_gsm8k_ver1,1,1,1,0.131048,,0.131048
10,9,gsm8k_ver1_vs_gpqa_orgn,1,1,1,0.157171,,0.157171
10,9,gsm8k_ver1_vs_gpqa_ver1,1,1,1,0.183957,,0.183957
10,10,gpqa_orgn_vs_gpqa_ver1,1,1,1,1.618447,,1.618447
10,10,gsm8k_orgn_vs_gpqa_orgn,1,1,1,1.654396,,1.654396
10,10,gsm8k_orgn_vs_gpqa_ver1,1,1,1,1.727559,,1.727559
10,10,gsm8k_orgn_vs_gsm8k_ver1,1,1,1,1.691882,,1.691882
10,10,gsm8k_ver1_vs_gpqa_orgn,1,1,1,1.608321,,1.608321
10,10,gsm8k_ver1_vs_gpqa_ver1,1,1,1,1.679566,,1.679566
10,11,gpqa_orgn_vs_gpqa_ver1,1,1,1,1.383767,,1.383767
10,11,gsm8k_orgn_vs_gpqa_orgn,1,1,1,1.590291,,1.590291
10,11,gsm8k_orgn_vs_gpqa_ver1,1,1,1,1.591727,,1.591727
10,11,gsm8k_orgn_vs_gsm8k_ver1,1,1,1,1.625949,,1.625949
10,11,gsm8k_ver1_vs_gpqa_orgn,1,1,1,1.444238,,1.444238
10,11,gsm8k_ver1_vs_gpqa_ver1,1,1,1,1.443221,,1.443221
10,12,gpqa_orgn_vs_gpqa_ver1,1,1,1,1.773141,,1.773141
10,12,gsm8k_orgn_vs_gpqa_orgn,1,1,1,1.845287,,1.845287
10,12,gsm8k_orgn_vs_gpqa_ver1,1,1,1,1.945387,,1.945387
10,12,gsm8k_orgn_vs_gsm8k_ver1,1,1,1,1.948841,,1.948841
10,12,gsm8k_ver1_vs_gpqa_orgn,1,1,1,1.805721,,1.805721
10,12,gsm8k_ver1_vs_gpqa_ver1,1,1,1,1.905317,,1.905317
10,13,gpqa_orgn_vs_gpqa_ver1,1,1,1,1.481851,,1.481851
10,13,gsm8k_orgn_vs_gpqa_orgn,1,1,1,1.527509,,1.527509
10,13,gsm8k_orgn_vs_gpqa_ver1,1,1,1,1.600079,,1.600079
10,13,gsm8k_orgn_vs_gsm8k_ver1,1,1,1,1.73279,,1.73279
10,13,gsm8k_ver1_vs_gpqa_orgn,1,1,1,1.646418,,1.646418
10,13,gsm8k_ver1_vs_gpqa_ver1,1,1,1,1.710646,,1.710646
10,14,gpqa_orgn_vs_gpqa_ver1,1,1,1,1.297561,,1.297561
10,14,gsm8k_orgn_vs_gpqa_orgn,1,1,1,1.268932,,1.268932
10,14,gsm8k_orgn_vs_gpqa_ver1,1,1,1,1.331408,,1.331408
10,14,gsm8k_orgn_vs_gsm8k_ver1,1,1,1,1.312181,,1.312181
10,14,gsm8k_ver1_vs_gpqa_orgn,1,1,1,1.295573,,1.295573
10,14,gsm8k_ver1_vs_gpqa_ver1,1,1,1,1.353015,,1.353015
10,15,gpqa_orgn_vs_gpqa_ver1,1,1,1,0.804996,,0.804996
10,15,gsm8k_orgn_vs_gpqa_orgn,1,1,1,0.85301,,0.85301
10,15,gsm8k_orgn_vs_gpqa_ver1,1,1,1,0.806069,,0.806069
10,15,gsm8k_orgn_vs_gsm8k_ver1,1,1,1,0.775829,,0.775829
10,15,gsm8k_ver1_vs_gpqa_orgn,1,1,1,0.79329,,0.79329
10,15,gsm8k_ver1_vs_gpqa_ver1,1,1,1,0.739562,,0.739562
10,16,gpqa_orgn_vs_gpqa_ver1,1,1,1,0.255987,,0.255987
10,16,gsm8k_orgn_vs_gpqa_orgn,1,1,1,0.30981,,0.30981
10,16,gsm8k_orgn_vs_gpqa_ver1,1,1,1,0.313884,,0.313884
10,16,gsm8k_orgn_vs_gsm8k_ver1,1,1,1,0.307506,,0.307506
10,16,gsm8k_ver1_vs_gpqa_orgn,1,1,1,0.260197,,0.260197
10,16,gsm8k_ver1_vs_gpqa_ver1,1,1,1,0.25949,,0.25949
10,17,gpqa_orgn_vs_gpqa_ver1,1,1,1,0.226685,,0.226685
10,17,gsm8k_orgn_vs_gpqa_orgn,1,1,1,0.215573,,0.215573
10,17,gsm8k_orgn_vs_gpqa_ver1,1,1,1,0.206503,,0.206503
10,17,gsm8k_orgn_vs_gsm8k_ver1,1,1,1,0.184389,,0.184389
10,17,gsm8k_ver1_vs_gpqa_orgn,1,1,1,0.211146,,0.211146
10,17,gsm8k_ver1_vs_gpqa_ver1,1,1,1,0.199856,,0.199856
10,18,gpqa_orgn_vs_gpqa_ver1,1,1,1,0.408087,,0.408087
10,18,gsm8k_orgn_vs_gpqa_orgn,1,1,1,0.603544,,0.603544
10,18,gsm8k_orgn_vs_gpqa_ver1,1,1,1,0.574296,,0.574296
10,18,gsm8k_orgn_vs_gsm8k_ver1,1,1,1,0.6264,,0.6264
10,18,gsm8k_ver1_vs_gpqa_orgn,1,1,1,0.491383,,0.491383
10,18,gsm8k_ver1_vs_gpqa_ver1,1,1,1,0.454059,,0.454059
10,19,gpqa_orgn_vs_gpqa_ver1,1,1,1,1.390033,,1.390033
10,19,gsm8k_orgn_vs_gpqa_orgn,1,1,1,1.41026,,1.41026
10,19,gsm8k_orgn_vs_gpqa_ver1,1,1,1,1.462644,,1.462644
10,19,gsm8k_orgn_vs_gsm8k_ver1,1,1,1,1.39788,,1.39788
10,19,gsm8k_ver1_vs_gpqa_orgn,1,1,1,1.361365,,1.361365
10,19,gsm8k_ver1_vs_gpqa_ver1,1,1,1,1.402502,,1.402502
10,20,gpqa_orgn_vs_gpqa_ver1,1,1,1,1.115043,,1.115043
10,20,gsm8k_orgn_vs_gpqa_orgn,1,1,1,1.269942,,1.269942
10,20,gsm8k_orgn_vs_gpqa_ver1,1,1,1,1.236267,,1.236267
10,20,gsm8k_orgn_vs_gsm8k_ver1,1,1,1,1.272645,,1.272645
10,20,gsm8k_ver1_vs_gpqa_orgn,1,1,1,1.2158,,1.2158
10,20,gsm8k_ver1_vs_gpqa_ver1,1,1,1,1.178459,,1.178459
10,21,gpqa_orgn_vs_gpqa_ver1,1,1,1,1.081356,,1.081356
10,21,gsm8k_orgn_vs_gpqa_orgn,1,1,1,1.110207,,1.110207
10,21,gsm8k_orgn_vs_gpqa_ver1,1,1,1,1.092319,,1.092319
10,21,gsm8k_orgn_vs_gsm8k_ver1,1,1,1,1.007171,,1.007171
10,21,gsm8k_ver1_vs_gpqa_orgn,1,1,1,1.033972,,1.033972
10,21,gsm8k_ver1_vs_gpqa_ver1,1,1,1,1.015024,,1.015024
10,22,gpqa_orgn_vs_gpqa_ver1,1,1,1,0.909976,,0.909976
10,22,gsm8k_orgn_vs_gpqa_orgn,1,1,1,1.051661,,1.051661
10,22,gsm8k_orgn_vs_gpqa_ver1,1,1,1,1.04491,,1.04491
10,22,gsm8k_orgn_vs_gsm8k_ver1,1,1,1,1.114339,,1.114339
10,22,gsm8k_ver1_vs_gpqa_orgn,1,1,1,1.059715,,1.059715
10,22,gsm8k_ver1_vs_gpqa_ver1,1,1,1,1.050033,,1.050033
10,23,gpqa_orgn_vs_gpqa_ver1,1,1,1,1.124323,,1.124323
10,23,gsm8k_orgn_vs_gpqa_orgn,1,1,1,1.405921,,1.405921
10,23,gsm8k_orgn_vs_gpqa_ver1,1,1,1,1.358203,,1.358203
10,23,gsm8k_orgn_vs_gsm8k_ver1,1,1,1,1.539678,,1.539678
10,23,gsm8k_ver1_vs_gpqa_orgn,1,1,1,1.363286,,1.363286
10,23,gsm8k_ver1_vs_gpqa_ver1,1,1,1,1.312427,,1.312427
10,24,gpqa_orgn_vs_gpqa_ver1,1,1,1,1.063909,,1.063909
10,24,gsm8k_orgn_vs_gpqa_orgn,1,1,1,1.213757,,1.213757
10,24,gsm8k_orgn_vs_gpqa_ver1,1,1,1,1.23391,,1.23391
10,24,gsm8k_orgn_vs_gsm8k_ver1,1,1,1,1.44069,,1.44069
10,24,gsm8k_ver1_vs_gpqa_orgn,1,1,1,1.344801,,1.344801
10,24,gsm8k_ver1_vs_gpqa_ver1,1,1,1,1.360541,,1.360541
10,25,gpqa_orgn_vs_gpqa_ver1,1,1,1,1.300353,,1.300353
10,25,gsm8k_orgn_vs_gpqa_orgn,1,1,1,1.252231,,1.252231
10,25,gsm8k_orgn_vs_gpqa_ver1,1,1,1,1.3329,,1.3329
10,25,gsm8k_orgn_vs_gsm8k_ver1,1,1,1,1.30802,,1.30802
10,25,gsm8k_ver1_vs_gpqa_orgn,1,1,1,1.291677,,1.291677
10,25,gsm8k_ver1_vs_gpqa_ver1,1,1,1,1.360749,,1.360749
10,26,gpqa_orgn_vs_gpqa_ver1,1,1,1,1.453483,,1.453483
10,26,gsm8k_orgn_vs_gpqa_orgn,1,1,1,1.581921,,1.581921
10,26,gsm8k_orgn_vs_gpqa_ver1,1,1,1,1.546319,,1.546319
10,26,gsm8k_orgn_vs_gsm8k_ver1,1,1,1,1.537018,,1.537018
10,26,gsm8k_ver1_vs_gpqa_orgn,1,1,1,1.460429,,1.460429
10,26,gsm8k_ver1_vs_gpqa_ver1,1,1,1,1.41777,,1.41777
10,27,gpqa_orgn_vs_gpqa_ver1,1,1,1,1.916763,,1.916763
10,27,gsm8k_orgn_vs_gpqa_orgn,1,1,1,1.919232,,1.919232
10,27,gsm8k_orgn_vs_gpqa_ver1,1,1,1,1.944912,,1.944912
10,27,gsm8k_orgn_vs_gsm8k_ver1,1,1,1,1.985825,,1.985825
10,27,gsm8k_ver1_vs_gpqa_orgn,1,1,1,1.974664,,1.974664
10,27,gsm8k_ver1_vs_gpqa_ver1,1,1,1,1.993115,,1.993115
10,28,gpqa_orgn_vs_gpqa_ver1,1,1,1,1.290237,,1.290237
10,28,gsm8k_orgn_vs_gpqa_orgn,1,1,1,1.177235,,1.177235
10,28,gsm8k_orgn_vs_gpqa_ver1,1,1,1,1.22147,,1.22147
10,28,gsm8k_orgn_vs_gsm8k_ver1,1,1,1,1.121401,,1.121401
10,28,gsm8k_ver1_vs_gpqa_orgn,1,1,1,1.205979,,1.205979
10,28,gsm8k_ver1_vs_gpqa_ver1,1,1,1,1.244373,,1.244373
10,29,gpqa_orgn_vs_gpqa_ver1,1,1,1,0.769574,,0.769574
10,29,gsm8k_orgn_vs_gpqa_orgn,1,1,1,0.816202,,0.816202
10,29,gsm8k_orgn_vs_gpqa_ver1,1,1,1,0.816812,,0.816812
10,29,gsm8k_orgn_vs_gsm8k_ver1,1,1,1,0.755648,,0.755648
10,29,gsm8k_ver1_vs_gpqa_orgn,1,1,1,0.715198,,0.715198
10,29,gsm8k_ver1_vs_gpqa_ver1,1,1,1,0.712721,,0.712721
10,30,gpqa_orgn_vs_gpqa_ver1,1,1,1,1.206282,,1.206282
10,30,gsm8k_orgn_vs_gpqa_orgn,1,1,1,1.128828,,1.128828
10,30,gsm8k_orgn_vs_gpqa_ver1,1,1,1,1.105849,,1.105849
10,30,gsm8k_orgn_vs_gsm8k_ver1,1,1,1,1.013835,,1.013835
10,30,gsm8k_ver1_vs_gpqa_orgn,1,1,1,1.138419,,1.138419
10,30,gsm8k_ver1_vs_gpqa_ver1,1,1,1,1.115844,,1.115844
10,31,gpqa_orgn_vs_gpqa_ver1,1,1,1,1.301411,,1.301411
10,31,gsm8k_orgn_vs_gpqa_orgn,1,1,1,1.288778,,1.288778
10,31,gsm8k_orgn_vs_gpqa_ver1,1,1,1,1.31965,,1.31965
10,31,gsm8k_orgn_vs_gsm8k_ver1,1,1,1,1.377282,,1.377282
10,31,gsm8k_ver1_vs_gpqa_orgn,1,1,1,1.408705,,1.408705
10,31,gsm8k_ver1_vs_gpqa_ver1,1,1,1,1.435728,,1.435728
10,32,gpqa_orgn_vs_gpqa_ver1,1,1,1,2.353931,,2.353931
10,32,gsm8k_orgn_vs_gpqa_orgn,1,1,1,2.211597,,2.211597
10,32,gsm8k_orgn_vs_gpqa_ver1,1,1,1,2.283367,,2.283367
10,32,gsm8k_orgn_vs_gsm8k_ver1,1,1,1,2.194607,,2.194607
10,32,gsm8k_ver1_vs_gpqa_orgn,1,1,1,2.334993,,2.334993
10,32,gsm8k_ver1_vs_gpqa_ver1,1,1,1,2.404421,,2.404421
10,33,gpqa_orgn_vs_gpqa_ver1,1,1,1,1.900677,,1.900677
10,33,gsm8k_orgn_vs_gpqa_orgn,1,1,1,1.843022,,1.843022
10,33,gsm8k_orgn_vs_gpqa_ver1,1,1,1,1.963283,,1.963283
10,33,gsm8k_orgn_vs_gsm8k_ver1,1,1,1,1.914663,,1.914663
10,33,gsm8k_ver1_vs_gpqa_orgn,1,1,1,1.949464,,1.949464
10,33,gsm8k_ver1_vs_gpqa_ver1,1,1,1,2.060674,,2.060674
10,34,gpqa_orgn_vs_gpqa_ver1,1,1,1,1.028828,,1.028828
10,34,gsm8k_orgn_vs_gpqa_orgn,1,1,1,0.943315,,0.943315
10,34,gsm8k_orgn_vs_gpqa_ver1,1,1,1,1.05714,,1.05714
10,34,gsm8k_orgn_vs_gsm8k_ver1,1,1,1,1.029397,,1.029397
10,34,gsm8k_ver1_vs_gpqa_orgn,1,1,1,1.029926,,1.029926
10,34,gsm8k_ver1_vs_gpqa_ver1,1,1,1,1.138266,,1.138266
10,35,gpqa_orgn_vs_gpqa_ver1,1,1,1,2.124234,,2.124234
10,35,gsm8k_orgn_vs_gpqa_orgn,1,1,1,2.1311,,2.1311
10,35,gsm8k_orgn_vs_gpqa_ver1,1,1,1,2.121701,,2.121701
10,35,gsm8k_orgn_vs_gsm8k_ver1,1,1,1,1.994476,,1.994476
10,35,gsm8k_ver1_vs_gpqa_orgn,1,1,1,2.13337,,2.13337
10,35,gsm8k_ver1_vs_gpqa_ver1,1,1,1,2.111613,,2.111613
10,36,gpqa_orgn_vs_gpqa_ver1,1,1,1,1.100913,,1.100913
10,36,gsm8k_orgn_vs_gpqa_orgn,1,1,1,1.05431,,1.05431
10,36,gsm8k_orgn_vs_gpqa_ver1,1,1,1,1.124236,,1.124236
10,36,gsm8k_orgn_vs_gsm8k_ver1,1,1,1,1.083253,,1.083253
10,36,gsm8k_ver1_vs_gpqa_orgn,1,1,1,1.082196,,1.082196
10,36,gsm8k_ver1_vs_gpqa_ver1,1,1,1,1.145017,,1.145017
10,37,gpqa_orgn_vs_gpqa_ver1,1,1,1,2.066518,,2.066518
10,37,gsm8k_orgn_vs_gpqa_orgn,1,1,1,2.234214,,2.234214
10,37,gsm8k_orgn_vs_gpqa_ver1,1,1,1,2.222067,,2.222067
10,37,gsm8k_orgn_vs_gsm8k_ver1,1,1,1,2.272691,,2.272691
10,37,gsm8k_ver1_vs_gpqa_orgn,1,1,1,2.164769,,2.164769
10,37,gsm8k_ver1_vs_gpqa_ver1,1,1,1,2.149192,,2.149192
10,38,gpqa_orgn_vs_gpqa_ver1,1,1,1,0.945669,,0.945669
10,38,gsm8k_orgn_vs_gpqa_orgn,1,1,1,1.008804,,1.008804
10,38,gsm8k_orgn_vs_gpqa_ver1,1,1,1,1.040514,,1.040514
10,38,gsm8k_orgn_vs_gsm8k_ver1,1,1,1,1.07229,,1.07229
10,38,gsm8k_ver1_vs_gpqa_orgn,1,1,1,1.04769,,1.04769
10,38,gsm8k_ver1_vs_gpqa_ver1,1,1,1,1.073138,,1.073138
10,39,gpqa_orgn_vs_gpqa_ver1,1,1,1,1.632732,,1.632732
10,39,gsm8k_orgn_vs_gpqa_orgn,1,1,1,1.923003,,1.923003
10,39,gsm8k_orgn_vs_gpqa_ver1,1,1,1,1.893144,,1.893144
10,39,gsm8k_orgn_vs_gsm8k_ver1,1,1,1,2.048638,,2.048638
10,39,gsm8k_ver1_vs_gpqa_orgn,1,1,1,1.860789,,1.860789
10,39,gsm8k_ver1_vs_gpqa_ver1,1,1,1,1.825647,,1.825647
11,0,gpqa_orgn_vs_gpqa_ver1,1,1,1,1.869388,,1.869388
11,0,gsm8k_orgn_vs_gpqa_orgn,1,1,1,1.911311,,1.911311
11,0,gsm8k_orgn_vs_gpqa_ver1,1,1,1,1.870203,,1.870203
11,0,gsm8k_orgn_vs_gsm8k_ver1,1,1,1,1.904706,,1.904706
11,0,gsm8k_ver1_vs_gpqa_orgn,1,1,1,1.958704,,1.958704
11,0,gsm8k_ver1_vs_gpqa_ver1,1,1,1,1.91382,,1.91382
11,1,gpqa_orgn_vs_gpqa_ver1,1,1,1,1.446584,,1.446584
11,1,gsm8k_orgn_vs_gpqa_orgn,1,1,1,1.551699,,1.551699
11,1,gsm8k_orgn_vs_gpqa_ver1,1,1,1,1.625596,,1.625596
11,1,gsm8k_orgn_vs_gsm8k_ver1,1,1,1,1.667385,,1.667385
11,1,gsm8k_ver1_vs_gpqa_orgn,1,1,1,1.528669,,1.528669
11,1,gsm8k_ver1_vs_gpqa_ver1,1,1,1,1.601322,,1.601322
11,2,gpqa_orgn_vs_gpqa_ver1,1,1,1,1.735242,,1.735242
11,2,gsm8k_orgn_vs_gpqa_orgn,1,1,1,1.933785,,1.933785
11,2,gsm8k_orgn_vs_gpqa_ver1,1,1,1,1.805373,,1.805373
11,2,gsm8k_orgn_vs_gsm8k_ver1,1,1,1,1.925756,,1.925756
11,2,gsm8k_ver1_vs_gpqa_orgn,1,1,1,1.888221,,1.888221
11,2,gsm8k_ver1_vs_gpqa_ver1,1,1,1,1.7562,,1.7562
11,3,gpqa_orgn_vs_gpqa_ver1,1,1,1,1.461356,,1.461356
11,3,gsm8k_orgn_vs_gpqa_orgn,1,1,1,1.912515,,1.912515
11,3,gsm8k_orgn_vs_gpqa_ver1,1,1,1,1.870988,,1.870988
11,3,gsm8k_orgn_vs_gsm8k_ver1,1,1,1,2.201615,,2.201615
11,3,gsm8k_ver1_vs_gpqa_orgn,1,1,1,1.869519,,1.869519
11,3,gsm8k_ver1_vs_gpqa_ver1,1,1,1,1.824334,,1.824334
11,4,gpqa_orgn_vs_gpqa_ver1,1,1,1,2.012082,,2.012082
11,4,gsm8k_orgn_vs_gpqa_orgn,1,1,1,1.946329,,1.946329
11,4,gsm8k_orgn_vs_gpqa_ver1,1,1,1,1.909266,,1.909266
11,4,gsm8k_orgn_vs_gsm8k_ver1,1,1,1,1.873394,,1.873394
11,4,gsm8k_ver1_vs_gpqa_orgn,1,1,1,2.022803,,2.022803
11,4,gsm8k_ver1_vs_gpqa_ver1,1,1,1,1.98427,,1.98427
11,5,gpqa_orgn_vs_gpqa_ver1,1,1,1,2.406888,,2.406888
11,5,gsm8k_orgn_vs_gpqa_orgn,1,1,1,2.53968,,2.53968
11,5,gsm8k_orgn_vs_gpqa_ver1,1,1,1,2.532589,,2.532589
11,5,gsm8k_orgn_vs_gsm8k_ver1,1,1,1,2.629984,,2.629984
11,5,gsm8k_ver1_vs_gpqa_orgn,1,1,1,2.581806,,2.581806
11,5,gsm8k_ver1_vs_gpqa_ver1,1,1,1,2.560766,,2.560766
11,6,gpqa_orgn_vs_gpqa_ver1,1,1,1,1.034601,,1.034601
11,6,gsm8k_orgn_vs_gpqa_orgn,1,1,1,1.19618,,1.19618
11,6,gsm8k_orgn_vs_gpqa_ver1,1,1,1,1.179074,,1.179074
11,6,gsm8k_orgn_vs_gsm8k_ver1,1,1,1,1.236472,,1.236472
11,6,gsm8k_ver1_vs_gpqa_orgn,1,1,1,1.143991,,1.143991
11,6,gsm8k_ver1_vs_gpqa_ver1,1,1,1,1.114494,,1.114494
11,7,gpqa_orgn_vs_gpqa_ver1,1,1,1,0.542721,,0.542721
11,7,gsm8k_orgn_vs_gpqa_orgn,1,1,1,0.543366,,0.543366
11,7,gsm8k_orgn_vs_gpqa_ver1,1,1,1,0.52779,,0.52779
11,7,gsm8k_orgn_vs_gsm8k_ver1,1,1,1,0.475959,,0.475959
11,7,gsm8k_ver1_vs_gpqa_orgn,1,1,1,0.537709,,0.537709
11,7,gsm8k_ver1_vs_gpqa_ver1,1,1,1,0.508995,,0.508995
11,8,gpqa_orgn_vs_gpqa_ver1,1,1,1,1.149929,,1.149929
11,8,gsm8k_orgn_vs_gpqa_orgn,1,1,1,1.154338,,1.154338
11,8,gsm8k_orgn_vs_gpqa_ver1,1,1,1,1.208769,,1.208769
11,8,gsm8k_orgn_vs_gsm8k_ver1,1,1,1,1.138925,,1.138925
11,8,gsm8k_ver1_vs_gpqa_orgn,1,1,1,1.146853,,1.146853
11,8,gsm8k_ver1_vs_gpqa_ver1,1,1,1,1.196839,,1.196839
11,9,gpqa_orgn_vs_gpqa_ver1,1,1,1,0.973493,,0.973493
11,9,gsm8k_orgn_vs_gpqa_orgn,1,1,1,1.053216,,1.053216
11,9,gsm8k_orgn_vs_gpqa_ver1,1,1,1,1.030334,,1.030334
11,9,gsm8k_orgn_vs_gsm8k_ver1,1,1,1,0.953558,,0.953558
11,9,gsm8k_ver1_vs_gpqa_orgn,1,1,1,0.984941,,0.984941
11,9,gsm8k_ver1_vs_gpqa_ver1,1,1,1,0.944193,,0.944193
11,10,gpqa_orgn_vs_gpqa_ver1,1,1,1,1.533448,,1.533448
11,10,gsm8k_orgn_vs_gpqa_orgn,1,1,1,1.86094,,1.86094
11,10,gsm8k_orgn_vs_gpqa_ver1,1,1,1,1.848748,,1.848748
11,10,gsm8k_orgn_vs_gsm8k_ver1,1,1,1,2.046878,,2.046878
11,10,gsm8k_ver1_vs_gpqa_orgn,1,1,1,1.876404,,1.876404
11,10,gsm8k_ver1_vs_gpqa_ver1,1,1,1,1.862796,,1.862796
11,11,gpqa_orgn_vs_gpqa_ver1,1,1,1,1.138224,,1.138224
11,11,gsm8k_orgn_vs_gpqa_orgn,1,1,1,0.988956,,0.988956
11,11,gsm8k_orgn_vs_gpqa_ver1,1,1,1,0.989202,,0.989202
11,11,gsm8k_orgn_vs_gsm8k_ver1,1,1,1,0.783043,,0.783043
11,11,gsm8k_ver1_vs_gpqa_orgn,1,1,1,0.972612,,0.972612
11,11,gsm8k_ver1_vs_gpqa_ver1,1,1,1,0.97268,,0.97268
11,12,gpqa_orgn_vs_gpqa_ver1,1,1,1,1.401906,,1.401906
11,12,gsm8k_orgn_vs_gpqa_orgn,1,1,1,1.405194,,1.405194
11,12,gsm8k_orgn_vs_gpqa_ver1,1,1,1,1.346389,,1.346389
11,12,gsm8k_orgn_vs_gsm8k_ver1,1,1,1,1.36129,,1.36129
11,12,gsm8k_ver1_vs_gpqa_orgn,1,1,1,1.480801,,1.480801
11,12,gsm8k_ver1_vs_gpqa_ver1,1,1,1,1.423766,,1.423766
11,13,gpqa_orgn_vs_gpqa_ver1,1,1,1,2.195246,,2.195246
11,13,gsm8k_orgn_vs_gpqa_orgn,1,1,1,2.163599,,2.163599
11,13,gsm8k_orgn_vs_gpqa_ver1,1,1,1,2.049677,,2.049677
11,13,gsm8k_orgn_vs_gsm8k_ver1,1,1,1,1.815752,,1.815752
11,13,gsm8k_ver1_vs_gpqa_orgn,1,1,1,2.188988,,2.188988
11,13,gsm8k_ver1_vs_gpqa_ver1,1,1,1,2.070609,,2.070609
11,14,gpqa_orgn_vs_gpqa_ver1,1,1,1,2.208409,,2.208409
11,14,gsm8k_orgn_vs_gpqa_orgn,1,1,1,2.421876,,2.421876
11,14,gsm8k_orgn_vs_gpqa_ver1,1,1,1,2.325309,,2.325309
11,14,gsm8k_orgn_vs_gsm8k_ver1,1,1,1,2.323529,,2.323529
11,14,gsm8k_ver1_vs_gpqa_orgn,1,1,1,2.522182,,2.522182
11,14,gsm8k_ver1_vs_gpqa_ver1,1,1,1,2.424728,,2.424728
11,15,gpqa_orgn_vs_gpqa_ver1,1,1,1,1.149009,,1.149009
11,15,gsm8k_orgn_vs_gpqa_orgn,1,1,1,1.083641,,1.083641
11,15,gsm8k_orgn_vs_gpqa_ver1,1,1,1,1.145056,,1.145056
11,15,gsm8k_orgn_vs_gsm8k_ver1,1,1,1,0.899466,,0.899466
11,15,gsm8k_ver1_vs_gpqa_orgn,1,1,1,1.105493,,1.105493
11,15,gsm8k_ver1_vs_gpqa_ver1,1,1,1,1.157483,,1.157483
11,16,gpqa_orgn_vs_gpqa_ver1,1,1,1,1.600188,,1.600188
11,16,gsm8k_orgn_vs_gpqa_orgn,1,1,1,1.649759,,1.649759
11,16,gsm8k_orgn_vs_gpqa_ver1,1,1,1,1.632718,,1.632718
11,16,gsm8k_orgn_vs_gsm8k_ver1,1,1,1,1.630602,,1.630602
11,16,gsm8k_ver1_vs_gpqa_orgn,1,1,1,1.634658,,1.634658
11,16,gsm8k_ver1_vs_gpqa_ver1,1,1,1,1.616053,,1.616053
11,17,gpqa_orgn_vs_gpqa_ver1,1,1,1,0.671289,,0.671289
11,17,gsm8k_orgn_vs_gpqa_orgn,1,1,1,1.065311,,1.065311
11,17,gsm8k_orgn_vs_gpqa_ver1,1,1,1,1.077547,,1.077547
11,17,gsm8k_orgn_vs_gsm8k_ver1,1,1,1,1.498437,,1.498437
11,17,gsm8k_ver1_vs_gpqa_orgn,1,1,1,1.172324,,1.172324
11,17,gsm8k_ver1_vs_gpqa_ver1,1,1,1,1.183631,,1.183631
11,18,gpqa_orgn_vs_gpqa_ver1,1,1,1,1.024592,,1.024592
11,18,gsm8k_orgn_vs_gpqa_orgn,1,1,1,1.04772,,1.04772
11,18,gsm8k_orgn_vs_gpqa_ver1,1,1,1,0.96549,,0.96549
11,18,gsm8k_orgn_vs_gsm8k_ver1,1,1,1,0.989653,,0.989653
11,18,gsm8k_ver1_vs_gpqa_orgn,1,1,1,1.083359,,1.083359
11,18,gsm8k_ver1_vs_gpqa_ver1,1,1,1,1.000827,,1.000827
11,19,gpqa_orgn_vs_gpqa_ver1,1,1,1,2.21863,,2.21863
11,19,gsm8k_orgn_vs_gpqa_orgn,1,1,1,2.356045,,2.356045
11,19,gsm8k_orgn_vs_gpqa_ver1,1,1,1,2.312199,,2.312199
11,19,gsm8k_orgn_vs_gsm8k_ver1,1,1,1,2.394187,,2.394187
11,19,gsm8k_ver1_vs_gpqa_orgn,1,1,1,2.357437,,2.357437
11,19,gsm8k_ver1_vs_gpqa_ver1,1,1,1,2.30905,,2.30905
11,20,gpqa_orgn_vs_gpqa_ver1,1,1,1,1.48275,,1.48275
11,20,gsm8k_orgn_vs_gpqa_orgn,1,1,1,1.496471,,1.496471
11,20,gsm8k_orgn_vs_gpqa_ver1,1,1,1,1.567501,,1.567501
11,20,gsm8k_orgn_vs_gsm8k_ver1,1,1,1,1.508092,,1.508092
11,20,gsm8k_ver1_vs_gpqa_orgn,1,1,1,1.500789,,1.500789
11,20,gsm8k_ver1_vs_gpqa_ver1,1,1,1,1.568155,,1.568155
11,21,gpqa_orgn_vs_gpqa_ver1,1,1,1,0.951914,,0.951914
11,21,gsm8k_orgn_vs_gpqa_orgn,1,1,1,0.78872,,0.78872
11,21,gsm8k_orgn_vs_gpqa_ver1,1,1,1,0.812188,,0.812188
11,21,gsm8k_orgn_vs_gsm8k_ver1,1,1,1,0.55168,,0.55168
11,21,gsm8k_ver1_vs_gpqa_orgn,1,1,1,0.743107,,0.743107
11,21,gsm8k_ver1_vs_gpqa_ver1,1,1,1,0.766222,,0.766222
11,22,gpqa_orgn_vs_gpqa_ver1,1,1,1,1.760684,,1.760684
11,22,gsm8k_orgn_vs_gpqa_orgn,1,1,1,2.136237,,2.136237
11,22,gsm8k_orgn_vs_gpqa_ver1,1,1,1,2.117802,,2.117802
11,22,gsm8k_orgn_vs_gsm8k_ver1,1,1,1,2.194968,,2.194968
11,22,gsm8k_ver1_vs_gpqa_orgn,1,1,1,2.048784,,2.048784
11,22,gsm8k_ver1_vs_gpqa_ver1,1,1,1,2.025112,,2.025112
11,23,gpqa_orgn_vs_gpqa_ver1,1,1,1,1.688494,,1.688494
11,23,gsm8k_orgn_vs_gpqa_orgn,1,1,1,1.515659,,1.515659
11,23,gsm8k_orgn_vs_gpqa_ver1,1,1,1,1.501061,,1.501061
11,23,gsm8k_orgn_vs_gsm8k_ver1,1,1,1,1.190657,,1.190657
11,23,gsm8k_ver1_vs_gpqa_orgn,1,1,1,1.565391,,1.565391
11,23,gsm8k_ver1_vs_gpqa_ver1,1,1,1,1.547414,,1.547414
11,24,gpqa_orgn_vs_gpqa_ver1,1,1,1,1.443344,,1.443344
11,24,gsm8k_orgn_vs_gpqa_orgn,1,1,1,1.406903,,1.406903
11,24,gsm8k_orgn_vs_gpqa_ver1,1,1,1,1.464003,,1.464003
11,24,gsm8k_orgn_vs_gsm8k_ver1,1,1,1,1.335172,,1.335172
11,24,gsm8k_ver1_vs_gpqa_orgn,1,1,1,1.428946,,1.428946
11,24,gsm8k_ver1_vs_gpqa_ver1,1,1,1,1.481286,,1.481286
11,25,gpqa_orgn_vs_gpqa_ver1,1,1,1,1.504729,,1.504729
11,25,gsm8k_orgn_vs_gpqa_orgn,1,1,1,1.630158,,1.630158
11,25,gsm8k_orgn_vs_gpqa_ver1,1,1,1,1.479054,,1.479054
11,25,gsm8k_orgn_vs_gsm8k_ver1,1,1,1,1.649591,,1.649591
11,25,gsm8k_ver1_vs_gpqa_orgn,1,1,1,1.687861,,1.687861
11,25,gsm8k_ver1_vs_gpqa_ver1,1,1,1,1.540861,,1.540861
11,26,gpqa_orgn_vs_gpqa_ver1,1,1,1,1.522388,,1.522388
11,26,gsm8k_orgn_vs_gpqa_orgn,1,1,1,1.676189,,1.676189
11,26,gsm8k_orgn_vs_gpqa_ver1,1,1,1,1.745017,,1.745017
11,26,gsm8k_orgn_vs_gsm8k_ver1,1,1,1,1.869283,,1.869283
11,26,gsm8k_ver1_vs_gpqa_orgn,1,1,1,1.675914,,1.675914
11,26,gsm8k_ver1_vs_gpqa_ver1,1,1,1,1.744694,,1.744694
11,27,gpqa_orgn_vs_gpqa_ver1,1,1,1,1.228605,,1.228605
11,27,gsm8k_orgn_vs_gpqa_orgn,1,1,1,1.229932,,1.229932
11,27,gsm8k_orgn_vs_gpqa_ver1,1,1,1,1.269141,,1.269141
11,27,gsm8k_orgn_vs_gsm8k_ver1,1,1,1,1.187003,,1.187003
11,27,gsm8k_ver1_vs_gpqa_orgn,1,1,1,1.176916,,1.176916
11,27,gsm8k_ver1_vs_gpqa_ver1,1,1,1,1.214585,,1.214585
11,28,gpqa_orgn_vs_gpqa_ver1,1,1,1,1.055481,,1.055481
11,28,gsm8k_orgn_vs_gpqa_orgn,1,1,1,1.296643,,1.296643
11,28,gsm8k_orgn_vs_gpqa_ver1,1,1,1,1.255859,,1.255859
11,28,gsm8k_orgn_vs_gsm8k_ver1,1,1,1,1.436075,,1.436075
11,28,gsm8k_ver1_vs_gpqa_orgn,1,1,1,1.261258,,1.261258
11,28,gsm8k_ver1_vs_gpqa_ver1,1,1,1,1.215495,,1.215495
11,29,gpqa_orgn_vs_gpqa_ver1,1,1,1,1.230745,,1.230745
11,29,gsm8k_orgn_vs_gpqa_orgn,1,1,1,1.39448,,1.39448
11,29,gsm8k_orgn_vs_gpqa_ver1,1,1,1,1.469366,,1.469366
11,29,gsm8k_orgn_vs_gsm8k_ver1,1,1,1,1.738178,,1.738178
11,29,gsm8k_ver1_vs_gpqa_orgn,1,1,1,1.545293,,1.545293
11,29,gsm8k_ver1_vs_gpqa_ver1,1,1,1,1.616037,,1.616037
11,30,gpqa_orgn_vs_gpqa_ver1,1,1,1,1.332445,,1.332445
11,30,gsm8k_orgn_vs_gpqa_orgn,1,1,1,1.239268,,1.239268
11,30,gsm8k_orgn_vs_gpqa_ver1,1,1,1,1.276856,,1.276856
11,30,gsm8k_orgn_vs_gsm8k_ver1,1,1,1,0.944722,,0.944722
11,30,gsm8k_ver1_vs_gpqa_orgn,1,1,1,1.022927,,1.022927
11,30,gsm8k_ver1_vs_gpqa_ver1,1,1,1,1.059373,,1.059373
11,31,gpqa_orgn_vs_gpqa_ver1,1,1,1,1.384649,,1.384649
11,31,gsm8k_orgn_vs_gpqa_orgn,1,1,1,1.293176,,1.293176
11,31,gsm8k_orgn_vs_gpqa_ver1,1,1,1,1.231533,,1.231533
11,31,gsm8k_orgn_vs_gsm8k_ver1,1,1,1,1.145464,,1.145464
11,31,gsm8k_ver1_vs_gpqa_orgn,1,1,1,1.345223,,1.345223
11,31,gsm8k_ver1_vs_gpqa_ver1,1,1,1,1.282297,,1.282297
11,32,gpqa_orgn_vs_gpqa_ver1,1,1,1,2.533476,,2.533476
11,32,gsm8k_orgn_vs_gpqa_orgn,1,1,1,2.588866,,2.588866
11,32,gsm8k_orgn_vs_gpqa_ver1,1,1,1,2.609837,,2.609837
11,32,gsm8k_orgn_vs_gsm8k_ver1,1,1,1,2.791434,,2.791434
11,32,gsm8k_ver1_vs_gpqa_orgn,1,1,1,2.764728,,2.764728
11,32,gsm8k_ver1_vs_gpqa_ver1,1,1,1,2.777318,,2.777318
11,33,gpqa_orgn_vs_gpqa_ver1,1,1,1,1.687374,,1.687374
11,33,gsm8k_orgn_vs_gpqa_orgn,1,1,1,1.609683,,1.609683
11,33,gsm8k_orgn_vs_gpqa_ver1,1,1,1,1.640695,,1.640695
11,33,gsm8k_orgn_vs_gsm8k_ver1,1,1,1,1.624378,,1.624378
11,33,gsm8k_ver1_vs_gpqa_orgn,1,1,1,1.70433,,1.70433
11,33,gsm8k_ver1_vs_gpqa_ver1,1,1,1,1.731692,,1.731692
11,34,gpqa_orgn_vs_gpqa_ver1,1,1,1,1.377808,,1.377808
11,34,gsm8k_orgn_vs_gpqa_orgn,1,1,1,1.419903,,1.419903
11,34,gsm8k_orgn_vs_gpqa_ver1,1,1,1,1.470496,,1.470496
11,34,gsm8k_orgn_vs_gsm8k_ver1,1,1,1,1.542625,,1.542625
11,34,gsm8k_ver1_vs_gpqa_orgn,1,1,1,1.489369,,1.489369
11,34,gsm8k_ver1_vs_gpqa_ver1,1,1,1,1.534512,,1.534512
11,35,gpqa_orgn_vs_gpqa_ver1,1,1,1,0.883329,,0.883329
11,35,gsm8k_orgn_vs_gpqa_orgn,1,1,1,0.626942,,0.626942
11,35,gsm8k_orgn_vs_gpqa_ver1,1,1,1,0.756097,,0.756097
11,35,gsm8k_orgn_vs_gsm8k_ver1,1,1,1,0.617002,,0.617002
11,35,gsm8k_ver1_vs_gpqa_orgn,1,1,1,0.757323,,0.757323
11,35,gsm8k_ver1_vs_gpqa_ver1,1,1,1,0.881237,,0.881237
11,36,gpqa_orgn_vs_gpqa_ver1,1,1,1,0.397818,,0.397818
11,36,gsm8k_orgn_vs_gpqa_orgn,1,1,1,0.423701,,0.423701
11,36,gsm8k_orgn_vs_gpqa_ver1,1,1,1,0.404174,,0.404174
11,36,gsm8k_orgn_vs_gsm8k_ver1,1,1,1,0.405071,,0.405071
11,36,gsm8k_ver1_vs_gpqa_orgn,1,1,1,0.408372,,0.408372
11,36,gsm8k_ver1_vs_gpqa_ver1,1,1,1,0.38762,,0.38762
11,37,gpqa_orgn_vs_gpqa_ver1,1,1,1,0.315536,,0.315536
11,37,gsm8k_orgn_vs_gpqa_orgn,1,1,1,0.201044,,0.201044
11,37,gsm8k_orgn_vs_gpqa_ver1,1,1,1,0.22882,,0.22882
11,37,gsm8k_orgn_vs_gsm8k_ver1,1,1,1,0.088507,,0.088507
11,37,gsm8k_ver1_vs_gpqa_orgn,1,1,1,0.184995,,0.184995
11,37,gsm8k_ver1_vs_gpqa_ver1,1,1,1,0.212423,,0.212423
11,38,gpqa_orgn_vs_gpqa_ver1,1,1,1,0.561149,,0.561149
11,38,gsm8k_orgn_vs_gpqa_orgn,1,1,1,0.37384,,0.37384
11,38,gsm8k_orgn_vs_gpqa_ver1,1,1,1,0.427254,,0.427254
11,38,gsm8k_orgn_vs_gsm8k_ver1,1,1,1,0.245676,,0.245676
11,38,gsm8k_ver1_vs_gpqa_orgn,1,1,1,0.409735,,0.409735
11,38,gsm8k_ver1_vs_gpqa_ver1,1,1,1,0.4617,,0.4617
11,39,gpqa_orgn_vs_gpqa_ver1,1,1,1,0.355725,,0.355725
11,39,gsm8k_orgn_vs_gpqa_orgn,1,1,1,0.365513,,0.365513
11,39,gsm8k_orgn_vs_gpqa_ver1,1,1,1,0.345723,,0.345723
11,39,gsm8k_orgn_vs_gsm8k_ver1,1,1,1,0.310162,,0.310162
11,39,gsm8k_ver1_vs_gpqa_orgn,1,1,1,0.327845,,0.327845
11,39,gsm8k_ver1_vs_gpqa_ver1,1,1,1,0.306724,,0.306724
12,0,gpqa_orgn_vs_gpqa_ver1,1,1,1,1.189599,,1.189599
12,0,gsm8k_orgn_vs_gpqa_orgn,1,1,1,0.911759,,0.911759
12,0,gsm8k_orgn_vs_gpqa_ver1,1,1,1,1.006641,,1.006641
12,0,gsm8k_orgn_vs_gsm8k_ver1,1,1,1,0.686402,,0.686402
12,0,gsm8k_ver1_vs_gpqa_orgn,1,1,1,0.929661,,0.929661
12,0,gsm8k_ver1_vs_gpqa_ver1,1,1,1,1.020153,,1.020153
12,1,gpqa_orgn_vs_gpqa_ver1,1,1,1,3.439101,,3.439101
12,1,gsm8k_orgn_vs_gpqa_orgn,1,1,1,3.289259,,3.289259
12,1,gsm8k_orgn_vs_gpqa_ver1,1,1,1,3.31506,,3.31506
12,1,gsm8k_orgn_vs_gsm8k_ver1,1,1,1,3.193399,,3.193399
12,1,gsm8k_ver1_vs_gpqa_orgn,1,1,1,3.394621,,3.394621
12,1,gsm8k_ver1_vs_gpqa_ver1,1,1,1,3.415215,,3.415215
12,2,gpqa_orgn_vs_gpqa_ver1,1,1,1,1.511683,,1.511683
12,2,gsm8k_orgn_vs_gpqa_orgn,1,1,1,1.307204,,1.307204
12,2,gsm8k_orgn_vs_gpqa_ver1,1,1,1,1.355395,,1.355395
12,2,gsm8k_orgn_vs_gsm8k_ver1,1,1,1,1.0968,,1.0968
12,2,gsm8k_ver1_vs_gpqa_orgn,1,1,1,1.368547,,1.368547
12,2,gsm8k_ver1_vs_gpqa_ver1,1,1,1,1.410801,,1.410801
12,3,gpqa_orgn_vs_gpqa_ver1,1,1,1,1.008003,,1.008003
12,3,gsm8k_orgn_vs_gpqa_orgn,1,1,1,0.962927,,0.962927
12,3,gsm8k_orgn_vs_gpqa_ver1,1,1,1,0.992095,,0.992095
12,3,gsm8k_orgn_vs_gsm8k_ver1,1,1,1,0.909969,,0.909969
12,3,gsm8k_ver1_vs_gpqa_orgn,1,1,1,0.954151,,0.954151
12,3,gsm8k_ver1_vs_gpqa_ver1,1,1,1,0.980498,,0.980498
12,4,gpqa_orgn_vs_gpqa_ver1,1,1,1,2.468631,,2.468631
12,4,gsm8k_orgn_vs_gpqa_orgn,1,1,1,2.340249,,2.340249
12,4,gsm8k_orgn_vs_gpqa_ver1,1,1,1,2.407109,,2.407109
12,4,gsm8k_orgn_vs_gsm8k_ver1,1,1,1,2.155875,,2.155875
12,4,gsm8k_ver1_vs_gpqa_orgn,1,1,1,2.388164,,2.388164
12,4,gsm8k_ver1_vs_gpqa_ver1,1,1,1,2.442083,,2.442083
12,5,gpqa_orgn_vs_gpqa_ver1,1,1,1,1.389876,,1.389876
12,5,gsm8k_orgn_vs_gpqa_orgn,1,1,1,1.091891,,1.091891
12,5,gsm8k_orgn_vs_gpqa_ver1,1,1,1,1.128091,,1.128091
12,5,gsm8k_orgn_vs_gsm8k_ver1,1,1,1,0.804873,,0.804873
12,5,gsm8k_ver1_vs_gpqa_orgn,1,1,1,1.120555,,1.120555
12,5,gsm8k_ver1_vs_gpqa_ver1,1,1,1,1.154488,,1.154488
12,6,gpqa_orgn_vs_gpqa_ver1,1,1,1,1.086409,,1.086409
12,6,gsm8k_orgn_vs_gpqa_orgn,1,1,1,1.232537,,1.232537
12,6,gsm8k_orgn_vs_gpqa_ver1,1,1,1,1.23315,,1.23315
12,6,gsm8k_orgn_vs_gsm8k_ver1,1,1,1,1.369062,,1.369062
12,6,gsm8k_ver1_vs_gpqa_orgn,1,1,1,1.296263,,1.296263
12,6,gsm8k_ver1_vs_gpqa_ver1,1,1,1,1.293005,,1.293005
12,7,gpqa_orgn_vs_gpqa_ver1,1,1,1,1.326785,,1.326785
12,7,gsm8k_orgn_vs_gpqa_orgn,1,1,1,1.409476,,1.409476
12,7,gsm8k_orgn_vs_gpqa_ver1,1,1,1,1.449124,,1.449124
12,7,gsm8k_orgn_vs_gsm8k_ver1,1,1,1,1.443428,,1.443428
12,7,gsm8k_ver1_vs_gpqa_orgn,1,1,1,1.350352,,1.350352
12,7,gsm8k_ver1_vs_gpqa_ver1,1,1,1,1.38924,,1.38924
12,8,gpqa_orgn_vs_gpqa_ver1,1,1,1,1.474334,,1.474334
12,8,gsm8k_orgn_vs_gpqa_orgn,1,1,1,1.449911,,1.449911
12,8,gsm8k_orgn_vs_gpqa_ver1,1,1,1,1.393214,,1.393214
12,8,gsm8k_orgn_vs_gsm8k_ver1,1,1,1,1.289626,,1.289626
12,8,gsm8k_ver1_vs_gpqa_orgn,1,1,1,1.396908,,1.396908
12,8,gsm8k_ver1_vs_gpqa_ver1,1,1,1,1.338162,,1.338162
12,9,gpqa_orgn_vs_gpqa_ver1,1,1,1,0.600385,,0.600385
12,9,gsm8k_orgn_vs_gpqa_orgn,1,1,1,0.405967,,0.405967
12,9,gsm8k_orgn_vs_gpqa_ver1,1,1,1,0.433294,,0.433294
12,9,gsm8k_orgn_vs_gsm8k_ver1,1,1,1,0.240624,,0.240624
12,9,gsm8k_ver1_vs_gpqa_orgn,1,1,1,0.424485,,0.424485
12,9,gsm8k_ver1_vs_gpqa_ver1,1,1,1,0.451563,,0.451563
12,10,gpqa_orgn_vs_gpqa_ver1,1,1,1,0.081619,,0.081619
12,10,gsm8k_orgn_vs_gpqa_orgn,1,1,1,0.0751,,0.0751
12,10,gsm8k_orgn_vs_gpqa_ver1,1,1,1,0.085771,,0.085771
12,10,gsm8k_orgn_vs_gsm8k_ver1,1,1,1,0.084811,,0.084811
12,10,gsm8k_ver1_vs_gpqa_orgn,1,1,1,0.081708,,0.081708
12,10,gsm8k_ver1_vs_gpqa_ver1,1,1,1,0.092142,,0.092142
12,11,gpqa_orgn_vs_gpqa_ver1,1,1,1,0.807791,,0.807791
12,11,gsm8k_orgn_vs_gpqa_orgn,1,1,1,0.558331,,0.558331
12,11,gsm8k_orgn_vs_gpqa_ver1,1,1,1,0.6023,,0.6023
12,11,gsm8k_orgn_vs_gsm8k_ver1,1,1,1,0.315894,,0.315894
12,11,gsm8k_ver1_vs_gpqa_orgn,1,1,1,0.581202,,0.581202
12,11,gsm8k_ver1_vs_gpqa_ver1,1,1,1,0.62363,,0.62363
12,12,gpqa_orgn_vs_gpqa_ver1,1,1,1,1.303444,,1.303444
12,12,gsm8k_orgn_vs_gpqa_orgn,1,1,1,1.43821,,1.43821
12,12,gsm8k_orgn_vs_gpqa_ver1,1,1,1,1.388789,,1.388789
12,12,gsm8k_orgn_vs_gsm8k_ver1,1,1,1,1.546924,,1.546924
12,12,gsm8k_ver1_vs_gpqa_orgn,1,1,1,1.524816,,1.524816
12,12,gsm8k_ver1_vs_gpqa_ver1,1,1,1,1.478663,,1.478663
12,13,gpqa_orgn_vs_gpqa_ver1,1,1,1,1.632515,,1.632515
12,13,gsm8k_orgn_vs_gpqa_orgn,1,1,1,1.526824,,1.526824
12,13,gsm8k_orgn_vs_gpqa_ver1,1,1,1,1.585111,,1.585111
12,13,gsm8k_orgn_vs_gsm8k_ver1,1,1,1,1.477155,,1.477155
12,13,gsm8k_ver1_vs_gpqa_orgn,1,1,1,1.620604,,1.620604
12,13,gsm8k_ver1_vs_gpqa_ver1,1,1,1,1.669099,,1.669099
12,14,gpqa_orgn_vs_gpqa_ver1,1,1,1,1.633206,,1.633206
12,14,gsm8k_orgn_vs_gpqa_orgn,1,1,1,1.452167,,1.452167
12,14,gsm8k_orgn_vs_gpqa_ver1,1,1,1,1.467613,,1.467613
12,14,gsm8k_orgn_vs_gsm8k_ver1,1,1,1,1.312515,,1.312515
12,14,gsm8k_ver1_vs_gpqa_orgn,1,1,1,1.569383,,1.569383
12,14,gsm8k_ver1_vs_gpqa_ver1,1,1,1,1.580824,,1.580824
12,15,gpqa_orgn_vs_gpqa_ver1,1,1,1,1.597024,,1.597024
12,15,gsm8k_orgn_vs_gpqa_orgn,1,1,1,1.664501,,1.664501
12,15,gsm8k_orgn_vs_gpqa_ver1,1,1,1,1.664197,,1.664197
12,15,gsm8k_orgn_vs_gsm8k_ver1,1,1,1,1.558547,,1.558547
12,15,gsm8k_ver1_vs_gpqa_orgn,1,1,1,1.618794,,1.618794
12,15,gsm8k_ver1_vs_gpqa_ver1,1,1,1,1.611526,,1.611526
12,16,gpqa_orgn_vs_gpqa_ver1,1,1,1,1.253701,,1.253701
12,16,gsm8k_orgn_vs_gpqa_orgn,1,1,1,1.230709,,1.230709
12,16,gsm8k_orgn_vs_gpqa_ver1,1,1,1,1.186015,,1.186015
12,16,gsm8k_orgn_vs_gsm8k_ver1,1,1,1,1.077479,,1.077479
12,16,gsm8k_ver1_vs_gpqa_orgn,1,1,1,1.251476,,1.251476
12,16,gsm8k_ver1_vs_gpqa_ver1,1,1,1,1.202646,,1.202646
12,17,gpqa_orgn_vs_gpqa_ver1,1,1,1,1.666527,,1.666527
12,17,gsm8k_orgn_vs_gpqa_orgn,1,1,1,1.68458,,1.68458
12,17,gsm8k_orgn_vs_gpqa_ver1,1,1,1,1.652016,,1.652016
12,17,gsm8k_orgn_vs_gsm8k_ver1,1,1,1,1.56316,,1.56316
12,17,gsm8k_ver1_vs_gpqa_orgn,1,1,1,1.713533,,1.713533
12,17,gsm8k_ver1_vs_gpqa_ver1,1,1,1,1.673364,,1.673364
12,18,gpqa_orgn_vs_gpqa_ver1,1,1,1,1.857159,,1.857159
12,18,gsm8k_orgn_vs_gpqa_orgn,1,1,1,1.854969,,1.854969
12,18,gsm8k_orgn_vs_gpqa_ver1,1,1,1,1.743113,,1.743113
12,18,gsm8k_orgn_vs_gsm8k_ver1,1,1,1,1.665429,,1.665429
12,18,gsm8k_ver1_vs_gpqa_orgn,1,1,1,1.905178,,1.905178
12,18,gsm8k_ver1_vs_gpqa_ver1,1,1,1,1.789189,,1.789189
12,19,gpqa_orgn_vs_gpqa_ver1,1,1,1,1.03795,,1.03795
12,19,gsm8k_orgn_vs_gpqa_orgn,1,1,1,0.906553,,0.906553
12,19,gsm8k_orgn_vs_gpqa_ver1,1,1,1,0.942633,,0.942633
12,19,gsm8k_orgn_vs_gsm8k_ver1,1,1,1,0.663002,,0.663002
12,19,gsm8k_ver1_vs_gpqa_orgn,1,1,1,0.923679,,0.923679
12,19,gsm8k_ver1_vs_gpqa_ver1,1,1,1,0.954033,,0.954033
12,20,gpqa_orgn_vs_gpqa_ver1,1,1,1,1.743237,,1.743237
12,20,gsm8k_orgn_vs_gpqa_orgn,1,1,1,1.701684,,1.701684
12,20,gsm8k_orgn_vs_gpqa_ver1,1,1,1,1.779756,,1.779756
12,20,gsm8k_orgn_vs_gsm8k_ver1,1,1,1,1.726472,,1.726472
12,20,gsm8k_ver1_vs_gpqa_orgn,1,1,1,1.781109,,1.781109
12,20,gsm8k_ver1_vs_gpqa_ver1,1,1,1,1.85252,,1.85252
12,21,gpqa_orgn_vs_gpqa_ver1,1,1,1,2.534536,,2.534536
12,21,gsm8k_orgn_vs_gpqa_orgn,1,1,1,2.637387,,2.637387
12,21,gsm8k_orgn_vs_gpqa_ver1,1,1,1,2.645678,,2.645678
12,21,gsm8k_orgn_vs_gsm8k_ver1,1,1,1,2.85763,,2.85763
12,21,gsm8k_ver1_vs_gpqa_orgn,1,1,1,2.815944,,2.815944
12,21,gsm8k_ver1_vs_gpqa_ver1,1,1,1,2.822494,,2.822494
12,22,gpqa_orgn_vs_gpqa_ver1,1,1,1,1.441161,,1.441161
12,22,gsm8k_orgn_vs_gpqa_orgn,1,1,1,1.373098,,1.373098
12,22,gsm8k_orgn_vs_gpqa_ver1,1,1,1,1.406604,,1.406604
12,22,gsm8k_orgn_vs_gsm8k_ver1,1,1,1,1.35235,,1.35235
12,22,gsm8k_ver1_vs_gpqa_orgn,1,1,1,1.440055,,1.440055
12,22,gsm8k_ver1_vs_gpqa_ver1,1,1,1,1.472638,,1.472638
12,23,gpqa_orgn_vs_gpqa_ver1,1,1,1,1.834066,,1.834066
12,23,gsm8k_orgn_vs_gpqa_orgn,1,1,1,2.184631,,2.184631
12,23,gsm8k_orgn_vs_gpqa_ver1,1,1,1,2.299809,,2.299809
12,23,gsm8k_orgn_vs_gsm8k_ver1,1,1,1,2.414255,,2.414255
12,23,gsm8k_ver1_vs_gpqa_orgn,1,1,1,2.209998,,2.209998
12,23,gsm8k_ver1_vs_gpqa_ver1,1,1,1,2.318916,,2.318916
12,24,gpqa_orgn_vs_gpqa_ver1,1,1,1,2.061109,,2.061109
12,24,gsm8k_orgn_vs_gpqa_orgn,1,1,1,2.078633,,2.078633
12,24,gsm8k_orgn_vs_gpqa_ver1,1,1,1,2.14545,,2.14545
12,24,gsm8k_orgn_vs_gsm8k_ver1,1,1,1,2.101627,,2.101627
12,24,gsm8k_ver1_vs_gpqa_orgn,1,1,1,2.109229,,2.109229
12,24,gsm8k_ver1_vs_gpqa_ver1,1,1,1,2.17159,,2.17159
12,25,gpqa_orgn_vs_gpqa_ver1,1,1,1,0.490105,,0.490105
12,25,gsm8k_orgn_vs_gpqa_orgn,1,1,1,0.320847,,0.320847
12,25,gsm8k_orgn_vs_gpqa_ver1,1,1,1,0.381163,,0.381163
12,25,gsm8k_orgn_vs_gsm8k_ver1,1,1,1,0.204419,,0.204419
12,25,gsm8k_ver1_vs_gpqa_orgn,1,1,1,0.325063,,0.325063
12,25,gsm8k_ver1_vs_gpqa_ver1,1,1,1,0.385378,,0.385378
12,26,gpqa_orgn_vs_gpqa_ver1,1,1,1,0.568948,,0.568948
12,26,gsm8k_orgn_vs_gpqa_orgn,1,1,1,0.437484,,0.437484
12,26,gsm8k_orgn_vs_gpqa_ver1,1,1,1,0.475376,,0.475376
12,26,gsm8k_orgn_vs_gsm8k_ver1,1,1,1,0.351966,,0.351966
12,26,gsm8k_ver1_vs_gpqa_orgn,1,1,1,0.458929,,0.458929
12,26,gsm8k_ver1_vs_gpqa_ver1,1,1,1,0.496209,,0.496209
12,27,gpqa_orgn_vs_gpqa_ver1,1,1,1,1.070585,,1.070585
12,27,gsm8k_orgn_vs_gpqa_orgn,1,1,1,0.837624,,0.837624
12,27,gsm8k_orgn_vs_gpqa_ver1,1,1,1,0.896053,,0.896053
12,27,gsm8k_orgn_vs_gsm8k_ver1,1,1,1,0.676131,,0.676131
12,27,gsm8k_ver1_vs_gpqa_orgn,1,1,1,0.874636,,0.874636
12,27,gsm8k_ver1_vs_gpqa_ver1,1,1,1,0.931544,,0.931544
12,28,gpqa_orgn_vs_gpqa_ver1,1,1,1,1.257414,,1.257414
12,28,gsm8k_orgn_vs_gpqa_orgn,1,1,1,1.032384,,1.032384
12,28,gsm8k_orgn_vs_gpqa_ver1,1,1,1,1.045761,,1.045761
12,28,gsm8k_orgn_vs_gsm8k_ver1,1,1,1,0.85134,,0.85134
12,28,gsm8k_ver1_vs_gpqa_orgn,1,1,1,1.108537,,1.108537
12,28,gsm8k_ver1_vs_gpqa_ver1,1,1,1,1.121834,,1.121834
12,29,gpqa_orgn_vs_gpqa_ver1,1,1,1,0.997243,,0.997243
12,29,gsm8k_orgn_vs_gpqa_orgn,1,1,1,1.011283,,1.011283
12,29,gsm8k_orgn_vs_gpqa_ver1,1,1,1,1.022309,,1.022309
12,29,gsm8k_orgn_vs_gsm8k_ver1,1,1,1,1.048539,,1.048539
12,29,gsm8k_ver1_vs_gpqa_orgn,1,1,1,1.04667,,1.04667
12,29,gsm8k_ver1_vs_gpqa_ver1,1,1,1,1.056358,,1.056358
12,30,gpqa_orgn_vs_gpqa_ver1,1,1,1,1.840811,,1.840811
12,30,gsm8k_orgn_vs_gpqa_orgn,1,1,1,1.390033,,1.390033
12,30,gsm8k_orgn_vs_gpqa_ver1,1,1,1,1.454714,,1.454714
12,30,gsm8k_orgn_vs_gsm8k_ver1,1,1,1,0.844118,,0.844118
12,30,gsm8k_ver1_vs_gpqa_orgn,1,1,1,1.440039,,1.440039
12,30,gsm8k_ver1_vs_gpqa_ver1,1,1,1,1.502038,,1.502038
12,31,gpqa_orgn_vs_gpqa_ver1,1,1,1,1.941247,,1.941247
12,31,gsm8k_orgn_vs_gpqa_orgn,1,1,1,2.015483,,2.015483
12,31,gsm8k_orgn_vs_gpqa_ver1,1,1,1,1.944974,,1.944974
12,31,gsm8k_orgn_vs_gsm8k_ver1,1,1,1,1.974295,,1.974295
12,31,gsm8k_ver1_vs_gpqa_orgn,1,1,1,2.067714,,2.067714
12,31,gsm8k_ver1_vs_gpqa_ver1,1,1,1,1.997406,,1.997406
12,32,gpqa_orgn_vs_gpqa_ver1,1,1,1,1.533674,,1.533674
12,32,gsm8k_orgn_vs_gpqa_orgn,1,1,1,1.551198,,1.551198
12,32,gsm8k_orgn_vs_gpqa_ver1,1,1,1,1.430414,,1.430414
12,32,gsm8k_orgn_vs_gsm8k_ver1,1,1,1,1.36236,,1.36236
12,32,gsm8k_ver1_vs_gpqa_orgn,1,1,1,1.539683,,1.539683
12,32,gsm8k_ver1_vs_gpqa_ver1,1,1,1,1.418822,,1.418822
12,33,gpqa_orgn_vs_gpqa_ver1,1,1,1,2.198241,,2.198241
12,33,gsm8k_orgn_vs_gpqa_orgn,1,1,1,2.051928,,2.051928
12,33,gsm8k_orgn_vs_gpqa_ver1,1,1,1,2.086051,,2.086051
12,33,gsm8k_orgn_vs_gsm8k_ver1,1,1,1,1.898863,,1.898863
12,33,gsm8k_ver1_vs_gpqa_orgn,1,1,1,2.099901,,2.099901
12,33,gsm8k_ver1_vs_gpqa_ver1,1,1,1,2.131363,,2.131363
12,34,gpqa_orgn_vs_gpqa_ver1,1,1,1,1.891646,,1.891646
12,34,gsm8k_orgn_vs_gpqa_orgn,1,1,1,1.939025,,1.939025
12,34,gsm8k_orgn_vs_gpqa_ver1,1,1,1,1.947709,,1.947709
12,34,gsm8k_orgn_vs_gsm8k_ver1,1,1,1,1.951716,,1.951716
12,34,gsm8k_ver1_vs_gpqa_orgn,1,1,1,2.038722,,2.038722
12,34,gsm8k_ver1_vs_gpqa_ver1,1,1,1,2.043277,,2.043277
12,35,gpqa_orgn_vs_gpqa_ver1,1,1,1,1.830358,,1.830358
12,35,gsm8k_orgn_vs_gpqa_orgn,1,1,1,1.661692,,1.661692
12,35,gsm8k_orgn_vs_gpqa_ver1,1,1,1,1.688848,,1.688848
12,35,gsm8k_orgn_vs_gsm8k_ver1,1,1,1,1.32449,,1.32449
12,35,gsm8k_ver1_vs_gpqa_orgn,1,1,1,1.74638,,1.74638
12,35,gsm8k_ver1_vs_gpqa_ver1,1,1,1,1.767297,,1.767297
12,36,gpqa_orgn_vs_gpqa_ver1,1,1,1,2.063126,,2.063126
12,36,gsm8k_orgn_vs_gpqa_orgn,1,1,1,2.36397,,2.36397
12,36,gsm8k_orgn_vs_gpqa_ver1,1,1,1,2.372285,,2.372285
12,36,gsm8k_orgn_vs_gsm8k_ver1,1,1,1,2.352268,,2.352268
12,36,gsm8k_ver1_vs_gpqa_orgn,1,1,1,2.442901,,2.442901
12,36,gsm8k_ver1_vs_gpqa_ver1,1,1,1,2.44166,,2.44166
12,37,gpqa_orgn_vs_gpqa_ver1,1,1,1,1.421016,,1.421016
12,37,gsm8k_orgn_vs_gpqa_orgn,1,1,1,1.389121,,1.389121
12,37,gsm8k_orgn_vs_gpqa_ver1,1,1,1,1.351015,,1.351015
12,37,gsm8k_orgn_vs_gsm8k_ver1,1,1,1,1.253322,,1.253322
12,37,gsm8k_ver1_vs_gpqa_orgn,1,1,1,1.530519,,1.530519
12,37,gsm8k_ver1_vs_gpqa_ver1,1,1,1,1.487546,,1.487546
12,38,gpqa_orgn_vs_gpqa_ver1,1,1,1,1.268177,,1.268177
12,38,gsm8k_orgn_vs_gpqa_orgn,1,1,1,1.125483,,1.125483
12,38,gsm8k_orgn_vs_gpqa_ver1,1,1,1,1.104889,,1.104889
12,38,gsm8k_orgn_vs_gsm8k_ver1,1,1,1,0.815289,,0.815289
12,38,gsm8k_ver1_vs_gpqa_orgn,1,1,1,1.192427,,1.192427
12,38,gsm8k_ver1_vs_gpqa_ver1,1,1,1,1.168245,,1.168245
12,39,gpqa_orgn_vs_gpqa_ver1,1,1,1,1.069897,,1.069897
12,39,gsm8k_orgn_vs_gpqa_orgn,1,1,1,1.073604,,1.073604
12,39,gsm8k_orgn_vs_gpqa_ver1,1,1,1,1.134357,,1.134357
12,39,gsm8k_orgn_vs_gsm8k_ver1,1,1,1,1.052622,,1.052622
12,39,gsm8k_ver1_vs_gpqa_orgn,1,1,1,1.062972,,1.062972
12,39,gsm8k_ver1_vs_gpqa_ver1,1,1,1,1.116534,,1.116534
13,0,gpqa_orgn_vs_gpqa_ver1,1,1,1,1.188907,,1.188907
13,0,gsm8k_orgn_vs_gpqa_orgn,1,1,1,0.968892,,0.968892
13,0,gsm8k_orgn_vs_gpqa_ver1,1,1,1,1.020908,,1.020908
13,0,gsm8k_orgn_vs_gsm8k_ver1,1,1,1,0.686831,,0.686831
13,0,gsm8k_ver1_vs_gpqa_orgn,1,1,1,0.943493,,0.943493
13,0,gsm8k_ver1_vs_gpqa_ver1,1,1,1,0.993785,,0.993785
13,1,gpqa_orgn_vs_gpqa_ver1,1,1,1,1.70062,,1.70062
13,1,gsm8k_orgn_vs_gpqa_orgn,1,1,1,1.38887,,1.38887
13,1,gsm8k_orgn_vs_gpqa_ver1,1,1,1,1.397307,,1.397307
13,1,gsm8k_orgn_vs_gsm8k_ver1,1,1,1,0.863254,,0.863254
13,1,gsm8k_ver1_vs_gpqa_orgn,1,1,1,1.250069,,1.250069
13,1,gsm8k_ver1_vs_gpqa_ver1,1,1,1,1.25754,,1.25754
13,2,gpqa_orgn_vs_gpqa_ver1,1,1,1,0.31182,,0.31182
13,2,gsm8k_orgn_vs_gpqa_orgn,1,1,1,0.251881,,0.251881
13,2,gsm8k_orgn_vs_gpqa_ver1,1,1,1,0.234081,,0.234081
13,2,gsm8k_orgn_vs_gsm8k_ver1,1,1,1,0.131782,,0.131782
13,2,gsm8k_ver1_vs_gpqa_orgn,1,1,1,0.226879,,0.226879
13,2,gsm8k_ver1_vs_gpqa_ver1,1,1,1,0.208795,,0.208795
13,3,gpqa_orgn_vs_gpqa_ver1,1,1,1,1.860129,,1.860129
13,3,gsm8k_orgn_vs_gpqa_orgn,1,1,1,1.680759,,1.680759
13,3,gsm8k_orgn_vs_gpqa_ver1,1,1,1,1.787555,,1.787555
13,3,gsm8k_orgn_vs_gsm8k_ver1,1,1,1,1.432277,,1.432277
13,3,gsm8k_ver1_vs_gpqa_orgn,1,1,1,1.539841,,1.539841
13,3,gsm8k_ver1_vs_gpqa_ver1,1,1,1,1.648395,,1.648395
13,4,gpqa_orgn_vs_gpqa_ver1,1,1,1,1.898921,,1.898921
13,4,gsm8k_orgn_vs_gpqa_orgn,1,1,1,1.735036,,1.735036
13,4,gsm8k_orgn_vs_gpqa_ver1,1,1,1,1.809426,,1.809426
13,4,gsm8k_orgn_vs_gsm8k_ver1,1,1,1,1.552913,,1.552913
13,4,gsm8k_ver1_vs_gpqa_orgn,1,1,1,1.685655,,1.685655
13,4,gsm8k_ver1_vs_gpqa_ver1,1,1,1,1.760605,,1.760605
13,5,gpqa_orgn_vs_gpqa_ver1,1,1,1,2.772913,,2.772913
13,5,gsm8k_orgn_vs_gpqa_orgn,1,1,1,2.68196,,2.68196
13,5,gsm8k_orgn_vs_gpqa_ver1,1,1,1,2.649419,,2.649419
13,5,gsm8k_orgn_vs_gsm8k_ver1,1,1,1,2.337184,,2.337184
13,5,gsm8k_ver1_vs_gpqa_orgn,1,1,1,2.693068,,2.693068
13,5,gsm8k_ver1_vs_gpqa_ver1,1,1,1,2.658899,,2.658899
13,6,gpqa_orgn_vs_gpqa_ver1,1,1,1,1.662542,,1.662542
13,6,gsm8k_orgn_vs_gpqa_orgn,1,1,1,1.470704,,1.470704
13,6,gsm8k_orgn_vs_gpqa_ver1,1,1,1,1.570322,,1.570322
13,6,gsm8k_orgn_vs_gsm8k_ver1,1,1,1,1.390047,,1.390047
13,6,gsm8k_ver1_vs_gpqa_orgn,1,1,1,1.553206,,1.553206
13,6,gsm8k_ver1_vs_gpqa_ver1,1,1,1,1.648171,,1.648171
13,7,gpqa_orgn_vs_gpqa_ver1,1,1,1,1.298487,,1.298487
13,7,gsm8k_orgn_vs_gpqa_orgn,1,1,1,1.218341,,1.218341
13,7,gsm8k_orgn_vs_gpqa_ver1,1,1,1,1.256725,,1.256725
13,7,gsm8k_orgn_vs_gsm8k_ver1,1,1,1,1.10767,,1.10767
13,7,gsm8k_ver1_vs_gpqa_orgn,1,1,1,1.259963,,1.259963
13,7,gsm8k_ver1_vs_gpqa_ver1,1,1,1,1.296294,,1.296294
13,8,gpqa_orgn_vs_gpqa_ver1,1,1,1,3.819603,,3.819603
13,8,gsm8k_orgn_vs_gpqa_orgn,1,1,1,3.856698,,3.856698
13,8,gsm8k_orgn_vs_gpqa_ver1,1,1,1,3.900403,,3.900403
13,8,gsm8k_orgn_vs_gsm8k_ver1,1,1,1,3.773593,,3.773593
13,8,gsm8k_ver1_vs_gpqa_orgn,1,1,1,3.865183,,3.865183
13,8,gsm8k_ver1_vs_gpqa_ver1,1,1,1,3.906394,,3.906394
13,9,gpqa_orgn_vs_gpqa_ver1,1,1,1,2.64145,,2.64145
13,9,gsm8k_orgn_vs_gpqa_orgn,1,1,1,2.529364,,2.529364
13,9,gsm8k_orgn_vs_gpqa_ver1,1,1,1,2.642037,,2.642037
13,9,gsm8k_orgn_vs_gsm8k_ver1,1,1,1,2.446643,,2.446643
13,9,gsm8k_ver1_vs_gpqa_orgn,1,1,1,2.604858,,2.604858
13,9,gsm8k_ver1_vs_gpqa_ver1,1,1,1,2.714481,,2.714481
13,10,gpqa_orgn_vs_gpqa_ver1,1,1,1,1.233573,,1.233573
13,10,gsm8k_orgn_vs_gpqa_orgn,1,1,1,1.354831,,1.354831
13,10,gsm8k_orgn_vs_gpqa_ver1,1,1,1,1.310864,,1.310864
13,10,gsm8k_orgn_vs_gsm8k_ver1,1,1,1,1.218275,,1.218275
13,10,gsm8k_ver1_vs_gpqa_orgn,1,1,1,1.334505,,1.334505
13,10,gsm8k_ver1_vs_gpqa_ver1,1,1,1,1.272522,,1.272522
13,11,gpqa_orgn_vs_gpqa_ver1,1,1,1,2.306055,,2.306055
13,11,gsm8k_orgn_vs_gpqa_orgn,1,1,1,2.640044,,2.640044
13,11,gsm8k_orgn_vs_gpqa_ver1,1,1,1,2.633809,,2.633809
13,11,gsm8k_orgn_vs_gsm8k_ver1,1,1,1,2.15307,,2.15307
13,11,gsm8k_ver1_vs_gpqa_orgn,1,1,1,2.729453,,2.729453
13,11,gsm8k_ver1_vs_gpqa_ver1,1,1,1,2.658619,,2.658619
13,12,gpqa_orgn_vs_gpqa_ver1,1,1,1,1.735526,,1.735526
13,12,gsm8k_orgn_vs_gpqa_orgn,1,1,1,1.91357,,1.91357
13,12,gsm8k_orgn_vs_gpqa_ver1,1,1,1,1.941641,,1.941641
13,12,gsm8k_orgn_vs_gsm8k_ver1,1,1,1,1.821248,,1.821248
13,12,gsm8k_ver1_vs_gpqa_orgn,1,1,1,2.05579,,2.05579
13,12,gsm8k_ver1_vs_gpqa_ver1,1,1,1,2.060177,,2.060177
13,13,gpqa_orgn_vs_gpqa_ver1,1,1,1,1.776089,,1.776089
13,13,gsm8k_orgn_vs_gpqa_orgn,1,1,1,1.56651,,1.56651
13,13,gsm8k_orgn_vs_gpqa_ver1,1,1,1,1.641194,,1.641194
13,13,gsm8k_orgn_vs_gsm8k_ver1,1,1,1,1.00542,,1.00542
13,13,gsm8k_ver1_vs_gpqa_orgn,1,1,1,1.478068,,1.478068
13,13,gsm8k_ver1_vs_gpqa_ver1,1,1,1,1.545811,,1.545811
13,14,gpqa_orgn_vs_gpqa_ver1,1,1,1,1.121932,,1.121932
13,14,gsm8k_orgn_vs_gpqa_orgn,1,1,1,1.302697,,1.302697
13,14,gsm8k_orgn_vs_gpqa_ver1,1,1,1,1.400942,,1.400942
13,14,gsm8k_orgn_vs_gsm8k_ver1,1,1,1,1.477532,,1.477532
13,14,gsm8k_ver1_vs_gpqa_orgn,1,1,1,1.372455,,1.372455
13,14,gsm8k_ver1_vs_gpqa_ver1,1,1,1,1.457702,,1.457702
13,15,gpqa_orgn_vs_gpqa_ver1,1,1,1,1.665203,,1.665203
13,15,gsm8k_orgn_vs_gpqa_orgn,1,1,1,1.725189,,1.725189
13,15,gsm8k_orgn_vs_gpqa_ver1,1,1,1,1.730314,,1.730314
13,15,gsm8k_orgn_vs_gsm8k_ver1,1,1,1,1.555661,,1.555661
13,15,gsm8k_ver1_vs_gpqa_orgn,1,1,1,1.691041,,1.691041
13,15,gsm8k_ver1_vs_gpqa_ver1,1,1,1,1.688414,,1.688414
13,16,gpqa_orgn_vs_gpqa_ver1,1,1,1,1.713782,,1.713782
13,16,gsm8k_orgn_vs_gpqa_orgn,1,1,1,1.808911,,1.808911
13,16,gsm8k_orgn_vs_gpqa_ver1,1,1,1,1.793316,,1.793316
13,16,gsm8k_orgn_vs_gsm8k_ver1,1,1,1,1.73908,,1.73908
13,16,gsm8k_ver1_vs_gpqa_orgn,1,1,1,1.778525,,1.778525
13,16,gsm8k_ver1_vs_gpqa_ver1,1,1,1,1.758588,,1.758588
13,17,gpqa_orgn_vs_gpqa_ver1,1,1,1,0.773373,,0.773373
13,17,gsm8k_orgn_vs_gpqa_orgn,1,1,1,0.712396,,0.712396
13,17,gsm8k_orgn_vs_gpqa_ver1,1,1,1,0.724868,,0.724868
13,17,gsm8k_orgn_vs_gsm8k_ver1,1,1,1,0.610099,,0.610099
13,17,gsm8k_ver1_vs_gpqa_orgn,1,1,1,0.682577,,0.682577
13,17,gsm8k_ver1_vs_gpqa_ver1,1,1,1,0.693959,,0.693959
13,18,gpqa_orgn_vs_gpqa_ver1,1,1,1,0.696201,,0.696201
13,18,gsm8k_orgn_vs_gpqa_orgn,1,1,1,0.603258,,0.603258
13,18,gsm8k_orgn_vs_gpqa_ver1,1,1,1,0.643617,,0.643617
13,18,gsm8k_orgn_vs_gsm8k_ver1,1,1,1,0.561784,,0.561784
13,18,gsm8k_ver1_vs_gpqa_orgn,1,1,1,0.658824,,0.658824
13,18,gsm8k_ver1_vs_gpqa_ver1,1,1,1,0.69637,,0.69637
13,19,gpqa_orgn_vs_gpqa_ver1,1,1,1,3.478105,,3.478105
13,19,gsm8k_orgn_vs_gpqa_orgn,1,1,1,3.628084,,3.628084
13,19,gsm8k_orgn_vs_gpqa_ver1,1,1,1,3.662044,,3.662044
13,19,gsm8k_orgn_vs_gsm8k_ver1,1,1,1,3.705016,,3.705016
13,19,gsm8k_ver1_vs_gpqa_orgn,1,1,1,3.684116,,3.684116
13,19,gsm8k_ver1_vs_gpqa_ver1,1,1,1,3.711252,,3.711252
13,20,gpqa_orgn_vs_gpqa_ver1,1,1,1,0.516117,,0.516117
13,20,gsm8k_orgn_vs_gpqa_orgn,1,1,1,0.861304,,0.861304
13,20,gsm8k_orgn_vs_gpqa_ver1,1,1,1,0.787149,,0.787149
13,20,gsm8k_orgn_vs_gsm8k_ver1,1,1,1,0.985862,,0.985862
13,20,gsm8k_ver1_vs_gpqa_orgn,1,1,1,0.838074,,0.838074
13,20,gsm8k_ver1_vs_gpqa_ver1,1,1,1,0.75559,,0.75559
13,21,gpqa_orgn_vs_gpqa_ver1,1,1,1,1.011718,,1.011718
13,21,gsm8k_orgn_vs_gpqa_orgn,1,1,1,1.053191,,1.053191
13,21,gsm8k_orgn_vs_gpqa_ver1,1,1,1,1.05196,,1.05196
13,21,gsm8k_orgn_vs_gsm8k_ver1,1,1,1,0.989111,,0.989111
13,21,gsm8k_ver1_vs_gpqa_orgn,1,1,1,1.035389,,1.035389
13,21,gsm8k_ver1_vs_gpqa_ver1,1,1,1,1.024037,,1.024037
13,22,gpqa_orgn_vs_gpqa_ver1,1,1,1,3.021017,,3.021017
13,22,gsm8k_orgn_vs_gpqa_orgn,1,1,1,3.093959,,3.093959
13,22,gsm8k_orgn_vs_gpqa_ver1,1,1,1,3.016332,,3.016332
13,22,gsm8k_orgn_vs_gsm8k_ver1,1,1,1,3.079044,,3.079044
13,22,gsm8k_ver1_vs_gpqa_orgn,1,1,1,3.160786,,3.160786
13,22,gsm8k_ver1_vs_gpqa_ver1,1,1,1,3.057821,,3.057821
13,23,gpqa_orgn_vs_gpqa_ver1,1,1,1,1.141219,,1.141219
13,23,gsm8k_orgn_vs_gpqa_orgn,1,1,1,1.436999,,1.436999
13,23,gsm8k_orgn_vs_gpqa_ver1,1,1,1,1.385166,,1.385166
13,23,gsm8k_orgn_vs_gsm8k_ver1,1,1,1,1.402856,,1.402856
13,23,gsm8k_ver1_vs_gpqa_orgn,1,1,1,1.271728,,1.271728
13,23,gsm8k_ver1_vs_gpqa_ver1,1,1,1,1.19006,,1.19006
13,24,gpqa_orgn_vs_gpqa_ver1,1,1,1,0.428087,,0.428087
13,24,gsm8k_orgn_vs_gpqa_orgn,1,1,1,0.505109,,0.505109
13,24,gsm8k_orgn_vs_gpqa_ver1,1,1,1,0.469851,,0.469851
13,24,gsm8k_orgn_vs_gsm8k_ver1,1,1,1,0.501348,,0.501348
13,24,gsm8k_ver1_vs_gpqa_orgn,1,1,1,0.476179,,0.476179
13,24,gsm8k_ver1_vs_gpqa_ver1,1,1,1,0.430814,,0.430814
13,25,gpqa_orgn_vs_gpqa_ver1,1,1,1,2.997949,,2.997949
13,25,gsm8k_orgn_vs_gpqa_orgn,1,1,1,3.083268,,3.083268
13,25,gsm8k_orgn_vs_gpqa_ver1,1,1,1,3.152395,,3.152395
13,25,gsm8k_orgn_vs_gsm8k_ver1,1,1,1,3.207208,,3.207208
13,25,gsm8k_ver1_vs_gpqa_orgn,1,1,1,3.189938,,3.189938
13,25,gsm8k_ver1_vs_gpqa_ver1,1,1,1,3.253654,,3.253654
13,26,gpqa_orgn_vs_gpqa_ver1,1,1,1,2.970203,,2.970203
13,26,gsm8k_orgn_vs_gpqa_orgn,1,1,1,2.947503,,2.947503
13,26,gsm8k_orgn_vs_gpqa_ver1,1,1,1,2.908636,,2.908636
13,26,gsm8k_orgn_vs_gsm8k_ver1,1,1,1,2.787535,,2.787535
13,26,gsm8k_ver1_vs_gpqa_orgn,1,1,1,3.051823,,3.051823
13,26,gsm8k_ver1_vs_gpqa_ver1,1,1,1,3.01067,,3.01067
13,27,gpqa_orgn_vs_gpqa_ver1,1,1,1,1.174665,,1.174665
13,27,gsm8k_orgn_vs_gpqa_orgn,1,1,1,1.192866,,1.192866
13,27,gsm8k_orgn_vs_gpqa_ver1,1,1,1,1.164642,,1.164642
13,27,gsm8k_orgn_vs_gsm8k_ver1,1,1,1,1.202578,,1.202578
13,27,gsm8k_ver1_vs_gpqa_orgn,1,1,1,1.262236,,1.262236
13,27,gsm8k_ver1_vs_gpqa_ver1,1,1,1,1.232629,,1.232629
13,28,gpqa_orgn_vs_gpqa_ver1,1,1,1,2.074601,,2.074601
13,28,gsm8k_orgn_vs_gpqa_orgn,1,1,1,2.023513,,2.023513
13,28,gsm8k_orgn_vs_gpqa_ver1,1,1,1,2.11951,,2.11951
13,28,gsm8k_orgn_vs_gsm8k_ver1,1,1,1,2.128179,,2.128179
13,28,gsm8k_ver1_vs_gpqa_orgn,1,1,1,2.169532,,2.169532
13,28,gsm8k_ver1_vs_gpqa_ver1,1,1,1,2.260439,,2.260439
13,29,gpqa_orgn_vs_gpqa_ver1,1,1,1,1.939022,,1.939022
13,29,gsm8k_orgn_vs_gpqa_orgn,1,1,1,1.787837,,1.787837
13,29,gsm8k_orgn_vs_gpqa_ver1,1,1,1,1.866577,,1.866577
13,29,gsm8k_orgn_vs_gsm8k_ver1,1,1,1,1.657468,,1.657468
13,29,gsm8k_ver1_vs_gpqa_orgn,1,1,1,1.831776,,1.831776
13,29,gsm8k_ver1_vs_gpqa_ver1,1,1,1,1.907208,,1.907208
13,30,gpqa_orgn_vs_gpqa_ver1,1,1,1,2.950632,,2.950632
13,30,gsm8k_orgn_vs_gpqa_orgn,1,1,1,3.002917,,3.002917
13,30,gsm8k_orgn_vs_gpqa_ver1,1,1,1,3.03149,,3.03149
13,30,gsm8k_orgn_vs_gsm8k_ver1,1,1,1,2.76304,,2.76304
13,30,gsm8k_ver1_vs_gpqa_orgn,1,1,1,2.813223,,2.813223
13,30,gsm8k_ver1_vs_gpqa_ver1,1,1,1,2.845981,,2.845981
13,31,gpqa_orgn_vs_gpqa_ver1,1,1,1,1.672339,,1.672339
13,31,gsm8k_orgn_vs_gpqa_orgn,1,1,1,1.477299,,1.477299
13,31,gsm8k_orgn_vs_gpqa_ver1,1,1,1,1.451766,,1.451766
13,31,gsm8k_orgn_vs_gsm8k_ver1,1,1,1,1.074747,,1.074747
13,31,gsm8k_ver1_vs_gpqa_orgn,1,1,1,1.45254,,1.45254
13,31,gsm8k_ver1_vs_gpqa_ver1,1,1,1,1.423503,,1.423503
13,32,gpqa_orgn_vs_gpqa_ver1,1,1,1,2.732678,,2.732678
13,32,gsm8k_orgn_vs_gpqa_orgn,1,1,1,2.601824,,2.601824
13,32,gsm8k_orgn_vs_gpqa_ver1,1,1,1,2.553789,,2.553789
13,32,gsm8k_orgn_vs_gsm8k_ver1,1,1,1,2.117101,,2.117101
13,32,gsm8k_ver1_vs_gpqa_orgn,1,1,1,2.573041,,2.573041
13,32,gsm8k_ver1_vs_gpqa_ver1,1,1,1,2.515101,,2.515101
13,33,gpqa_orgn_vs_gpqa_ver1,1,1,1,2.054488,,2.054488
13,33,gsm8k_orgn_vs_gpqa_orgn,1,1,1,2.144271,,2.144271
13,33,gsm8k_orgn_vs_gpqa_ver1,1,1,1,2.171144,,2.171144
13,33,gsm8k_orgn_vs_gsm8k_ver1,1,1,1,2.070119,,2.070119
13,33,gsm8k_ver1_vs_gpqa_orgn,1,1,1,2.106742,,2.106742
13,33,gsm8k_ver1_vs_gpqa_ver1,1,1,1,2.12894,,2.12894
13,34,gpqa_orgn_vs_gpqa_ver1,1,1,1,2.522196,,2.522196
13,34,gsm8k_orgn_vs_gpqa_orgn,1,1,1,2.543975,,2.543975
13,34,gsm8k_orgn_vs_gpqa_ver1,1,1,1,2.658763,,2.658763
13,34,gsm8k_orgn_vs_gsm8k_ver1,1,1,1,2.585028,,2.585028
13,34,gsm8k_ver1_vs_gpqa_orgn,1,1,1,2.540319,,2.540319
13,34,gsm8k_ver1_vs_gpqa_ver1,1,1,1,2.656286,,2.656286
13,35,gpqa_orgn_vs_gpqa_ver1,1,1,1,1.734968,,1.734968
13,35,gsm8k_orgn_vs_gpqa_orgn,1,1,1,1.656001,,1.656001
13,35,gsm8k_orgn_vs_gpqa_ver1,1,1,1,1.666446,,1.666446
13,35,gsm8k_orgn_vs_gsm8k_ver1,1,1,1,1.518265,,1.518265
13,35,gsm8k_ver1_vs_gpqa_orgn,1,1,1,1.66437,,1.66437
13,35,gsm8k_ver1_vs_gpqa_ver1,1,1,1,1.670535,,1.670535
13,36,gpqa_orgn_vs_gpqa_ver1,1,1,1,2.051391,,2.051391
13,36,gsm8k_orgn_vs_gpqa_orgn,1,1,1,2.073045,,2.073045
13,36,gsm8k_orgn_vs_gpqa_ver1,1,1,1,2.153278,,2.153278
13,36,gsm8k_orgn_vs_gsm8k_ver1,1,1,1,2.172606,,2.172606
13,36,gsm8k_ver1_vs_gpqa_orgn,1,1,1,2.134879,,2.134879
13,36,gsm8k_ver1_vs_gpqa_ver1,1,1,1,2.211644,,2.211644
13,37,gpqa_orgn_vs_gpqa_ver1,1,1,1,2.121215,,2.121215
13,37,gsm8k_orgn_vs_gpqa_orgn,1,1,1,2.20133,,2.20133
13,37,gsm8k_orgn_vs_gpqa_ver1,1,1,1,2.243175,,2.243175
13,37,gsm8k_orgn_vs_gsm8k_ver1,1,1,1,2.074685,,2.074685
13,37,gsm8k_ver1_vs_gpqa_orgn,1,1,1,2.003895,,2.003895
13,37,gsm8k_ver1_vs_gpqa_ver1,1,1,1,2.045589,,2.045589
13,38,gpqa_orgn_vs_gpqa_ver1,1,1,1,1.995881,,1.995881
13,38,gsm8k_orgn_vs_gpqa_orgn,1,1,1,1.909037,,1.909037
13,38,gsm8k_orgn_vs_gpqa_ver1,1,1,1,1.993701,,1.993701
13,38,gsm8k_orgn_vs_gsm8k_ver1,1,1,1,1.747043,,1.747043
13,38,gsm8k_ver1_vs_gpqa_orgn,1,1,1,1.800527,,1.800527
13,38,gsm8k_ver1_vs_gpqa_ver1,1,1,1,1.889131,,1.889131
13,39,gpqa_orgn_vs_gpqa_ver1,1,1,1,2.245261,,2.245261
13,39,gsm8k_orgn_vs_gpqa_orgn,1,1,1,2.282501,,2.282501
13,39,gsm8k_orgn_vs_gpqa_ver1,1,1,1,2.230641,,2.230641
13,39,gsm8k_orgn_vs_gsm8k_ver1,1,1,1,2.148361,,2.148361
13,39,gsm8k_ver1_vs_gpqa_orgn,1,1,1,2.232133,,2.232133
13,39,gsm8k_ver1_vs_gpqa_ver1,1,1,1,2.173877,,2.173877
14,0,gpqa_orgn_vs_gpqa_ver1,1,1,1,2.972556,,2.972556
14,0,gsm8k_orgn_vs_gpqa_orgn,1,1,1,2.689634,,2.689634
14,0,gsm8k_orgn_vs_gpqa_ver1,1,1,1,2.52338,,2.52338
14,0,gsm8k_orgn_vs_gsm8k_ver1,1,1,1,2.064696,,2.064696
14,0,gsm8k_ver1_vs_gpqa_orgn,1,1,1,2.719176,,2.719176
14,0,gsm8k_ver1_vs_gpqa_ver1,1,1,1,2.553211,,2.553211
14,1,gpqa_orgn_vs_gpqa_ver1,1,1,1,2.371296,,2.371296
14,1,gsm8k_orgn_vs_gpqa_orgn,1,1,1,2.108964,,2.108964
14,1,gsm8k_orgn_vs_gpqa_ver1,1,1,1,2.038533,,2.038533
14,1,gsm8k_orgn_vs_gsm8k_ver1,1,1,1,1.478871,,1.478871
14,1,gsm8k_ver1_vs_gpqa_orgn,1,1,1,1.944019,,1.944019
14,1,gsm8k_ver1_vs_gpqa_ver1,1,1,1,1.869347,,1.869347
14,2,gpqa_orgn_vs_gpqa_ver1,1,1,1,2.086277,,2.086277
14,2,gsm8k_orgn_vs_gpqa_orgn,1,1,1,2.251727,,2.251727
14,2,gsm8k_orgn_vs_gpqa_ver1,1,1,1,2.307682,,2.307682
14,2,gsm8k_orgn_vs_gsm8k_ver1,1,1,1,2.35194,,2.35194
14,2,gsm8k_ver1_vs_gpqa_orgn,1,1,1,2.275863,,2.275863
14,2,gsm8k_ver1_vs_gpqa_ver1,1,1,1,2.333136,,2.333136
14,3,gpqa_orgn_vs_gpqa_ver1,1,1,1,2.285398,,2.285398
14,3,gsm8k_orgn_vs_gpqa_orgn,1,1,1,2.873923,,2.873923
14,3,gsm8k_orgn_vs_gpqa_ver1,1,1,1,3.0194,,3.0194
14,3,gsm8k_orgn_vs_gsm8k_ver1,1,1,1,3.128579,,3.128579
14,3,gsm8k_ver1_vs_gpqa_orgn,1,1,1,2.634274,,2.634274
14,3,gsm8k_ver1_vs_gpqa_ver1,1,1,1,2.79084,,2.79084
14,4,gpqa_orgn_vs_gpqa_ver1,1,1,1,2.905098,,2.905098
14,4,gsm8k_orgn_vs_gpqa_orgn,1,1,1,2.787639,,2.787639
14,4,gsm8k_orgn_vs_gpqa_ver1,1,1,1,2.832834,,2.832834
14,4,gsm8k_orgn_vs_gsm8k_ver1,1,1,1,2.421572,,2.421572
14,4,gsm8k_ver1_vs_gpqa_orgn,1,1,1,2.69242,,2.69242
14,4,gsm8k_ver1_vs_gpqa_ver1,1,1,1,2.739167,,2.739167
14,5,gpqa_orgn_vs_gpqa_ver1,1,1,1,1.928781,,1.928781
14,5,gsm8k_orgn_vs_gpqa_orgn,1,1,1,1.830352,,1.830352
14,5,gsm8k_orgn_vs_gpqa_ver1,1,1,1,1.910573,,1.910573
14,5,gsm8k_orgn_vs_gsm8k_ver1,1,1,1,1.538113,,1.538113
14,5,gsm8k_ver1_vs_gpqa_orgn,1,1,1,1.891015,,1.891015
14,5,gsm8k_ver1_vs_gpqa_ver1,1,1,1,1.930087,,1.930087
14,6,gpqa_orgn_vs_gpqa_ver1,1,1,1,0.940005,,0.940005
14,6,gsm8k_orgn_vs_gpqa_orgn,1,1,1,0.870885,,0.870885
14,6,gsm8k_orgn_vs_gpqa_ver1,1,1,1,0.879754,,0.879754
14,6,gsm8k_orgn_vs_gsm8k_ver1,1,1,1,0.684888,,0.684888
14,6,gsm8k_ver1_vs_gpqa_orgn,1,1,1,0.803571,,0.803571
14,6,gsm8k_ver1_vs_gpqa_ver1,1,1,1,0.807754,,0.807754
14,7,gpqa_orgn_vs_gpqa_ver1,1,1,1,1.974496,,1.974496
14,7,gsm8k_orgn_vs_gpqa_orgn,1,1,1,2.023352,,2.023352
14,7,gsm8k_orgn_vs_gpqa_ver1,1,1,1,2.033078,,2.033078
14,7,gsm8k_orgn_vs_gsm8k_ver1,1,1,1,1.859059,,1.859059
14,7,gsm8k_ver1_vs_gpqa_orgn,1,1,1,2.03143,,2.03143
14,7,gsm8k_ver1_vs_gpqa_ver1,1,1,1,2.00317,,2.00317
14,8,gpqa_orgn_vs_gpqa_ver1,1,1,1,0.526627,,0.526627
14,8,gsm8k_orgn_vs_gpqa_orgn,1,1,1,0.534695,,0.534695
14,8,gsm8k_orgn_vs_gpqa_ver1,1,1,1,0.488609,,0.488609
14,8,gsm8k_orgn_vs_gsm8k_ver1,1,1,1,0.522274,,0.522274
14,8,gsm8k_ver1_vs_gpqa_orgn,1,1,1,0.589447,,0.589447
14,8,gsm8k_ver1_vs_gpqa_ver1,1,1,1,0.538113,,0.538113
14,9,gpqa_orgn_vs_gpqa_ver1,1,1,1,1.308348,,1.308348
14,9,gsm8k_orgn_vs_gpqa_orgn,1,1,1,1.306664,,1.306664
14,9,gsm8k_orgn_vs_gpqa_ver1,1,1,1,1.31158,,1.31158
14,9,gsm8k_orgn_vs_gsm8k_ver1,1,1,1,1.079172,,1.079172
14,9,gsm8k_ver1_vs_gpqa_orgn,1,1,1,1.301769,,1.301769
14,9,gsm8k_ver1_vs_gpqa_ver1,1,1,1,1.242525,,1.242525
14,10,gpqa_orgn_vs_gpqa_ver1,1,1,1,1.320777,,1.320777
14,10,gsm8k_orgn_vs_gpqa_orgn,1,1,1,1.396796,,1.396796
14,10,gsm8k_orgn_vs_gpqa_ver1,1,1,1,1.346131,,1.346131
14,10,gsm8k_orgn_vs_gsm8k_ver1,1,1,1,1.310314,,1.310314
14,10,gsm8k_ver1_vs_gpqa_orgn,1,1,1,1.316535,,1.316535
14,10,gsm8k_ver1_vs_gpqa_ver1,1,1,1,1.25287,,1.25287
14,11,gpqa_orgn_vs_gpqa_ver1,1,1,1,0.877268,,0.877268
14,11,gsm8k_orgn_vs_gpqa_orgn,1,1,1,0.62032,,0.62032
14,11,gsm8k_orgn_vs_gpqa_ver1,1,1,1,0.698953,,0.698953
14,11,gsm8k_orgn_vs_gsm8k_ver1,1,1,1,0.367708,,0.367708
14,11,gsm8k_ver1_vs_gpqa_orgn,1,1,1,0.617761,,0.617761
14,11,gsm8k_ver1_vs_gpqa_ver1,1,1,1,0.694256,,0.694256
14,12,gpqa_orgn_vs_gpqa_ver1,1,1,1,2.880734,,2.880734
14,12,gsm8k_orgn_vs_gpqa_orgn,1,1,1,3.100994,,3.100994
14,12,gsm8k_orgn_vs_gpqa_ver1,1,1,1,3.110897,,3.110897
14,12,gsm8k_orgn_vs_gsm8k_ver1,1,1,1,3.135737,,3.135737
14,12,gsm8k_ver1_vs_gpqa_orgn,1,1,1,2.980895,,2.980895
14,12,gsm8k_ver1_vs_gpqa_ver1,1,1,1,2.974476,,2.974476
14,13,gpqa_orgn_vs_gpqa_ver1,1,1,1,1.37269,,1.37269
14,13,gsm8k_orgn_vs_gpqa_orgn,1,1,1,1.168759,,1.168759
14,13,gsm8k_orgn_vs_gpqa_ver1,1,1,1,1.232134,,1.232134
14,13,gsm8k_orgn_vs_gsm8k_ver1,1,1,1,1.065777,,1.065777
14,13,gsm8k_ver1_vs_gpqa_orgn,1,1,1,1.287092,,1.287092
14,13,gsm8k_ver1_vs_gpqa_ver1,1,1,1,1.336196,,1.336196
14,14,gpqa_orgn_vs_gpqa_ver1,1,1,1,1.193057,,1.193057
14,14,gsm8k_orgn_vs_gpqa_orgn,1,1,1,1.350579,,1.350579
14,14,gsm8k_orgn_vs_gpqa_ver1,1,1,1,1.37438,,1.37438
14,14,gsm8k_orgn_vs_gsm8k_ver1,1,1,1,1.601442,,1.601442
14,14,gsm8k_ver1_vs_gpqa_orgn,1,1,1,1.462895,,1.462895
14,14,gsm8k_ver1_vs_gpqa_ver1,1,1,1,1.474512,,1.474512
14,15,gpqa_orgn_vs_gpqa_ver1,1,1,1,0.726053,,0.726053
14,15,gsm8k_orgn_vs_gpqa_orgn,1,1,1,0.653715,,0.653715
14,15,gsm8k_orgn_vs_gpqa_ver1,1,1,1,0.688699,,0.688699
14,15,gsm8k_orgn_vs_gsm8k_ver1,1,1,1,0.569632,,0.569632
14,15,gsm8k_ver1_vs_gpqa_orgn,1,1,1,0.707262,,0.707262
14,15,gsm8k_ver1_vs_gpqa_ver1,1,1,1,0.698216,,0.698216
14,16,gpqa_orgn_vs_gpqa_ver1,1,1,1,2.560197,,2.560197
14,16,gsm8k_orgn_vs_gpqa_orgn,1,1,1,2.583281,,2.583281
14,16,gsm8k_orgn_vs_gpqa_ver1,1,1,1,2.591427,,2.591427
14,16,gsm8k_orgn_vs_gsm8k_ver1,1,1,1,2.549287,,2.549287
14,16,gsm8k_ver1_vs_gpqa_orgn,1,1,1,2.706051,,2.706051
14,16,gsm8k_ver1_vs_gpqa_ver1,1,1,1,2.652431,,2.652431
14,17,gpqa_orgn_vs_gpqa_ver1,1,1,1,1.023893,,1.023893
14,17,gsm8k_orgn_vs_gpqa_orgn,1,1,1,0.918457,,0.918457
14,17,gsm8k_orgn_vs_gpqa_ver1,1,1,1,0.874021,,0.874021
14,17,gsm8k_orgn_vs_gsm8k_ver1,1,1,1,0.665045,,0.665045
14,17,gsm8k_ver1_vs_gpqa_orgn,1,1,1,0.864875,,0.864875
14,17,gsm8k_ver1_vs_gpqa_ver1,1,1,1,0.813934,,0.813934
14,18,gpqa_orgn_vs_gpqa_ver1,1,1,1,1.66724,,1.66724
14,18,gsm8k_orgn_vs_gpqa_orgn,1,1,1,1.616025,,1.616025
14,18,gsm8k_orgn_vs_gpqa_ver1,1,1,1,1.632968,,1.632968
14,18,gsm8k_orgn_vs_gsm8k_ver1,1,1,1,1.419515,,1.419515
14,18,gsm8k_ver1_vs_gpqa_orgn,1,1,1,1.6745,,1.6745
14,18,gsm8k_ver1_vs_gpqa_ver1,1,1,1,1.629394,,1.629394
14,19,gpqa_orgn_vs_gpqa_ver1,1,1,1,1.019968,,1.019968
14,19,gsm8k_orgn_vs_gpqa_orgn,1,1,1,0.934462,,0.934462
14,19,gsm8k_orgn_vs_gpqa_ver1,1,1,1,0.906683,,0.906683
14,19,gsm8k_orgn_vs_gsm8k_ver1,1,1,1,0.652877,,0.652877
14,19,gsm8k_ver1_vs_gpqa_orgn,1,1,1,0.955898,,0.955898
14,19,gsm8k_ver1_vs_gpqa_ver1,1,1,1,0.895961,,0.895961
14,20,gpqa_orgn_vs_gpqa_ver1,1,1,1,0.010682,,0.010682
14,20,gsm8k_orgn_vs_gpqa_orgn,1,1,1,0.008604,,0.008604
14,20,gsm8k_orgn_vs_gpqa_ver1,1,1,1,0.007784,,0.007784
14,20,gsm8k_orgn_vs_gsm8k_ver1,1,1,1,0.005304,,0.005304
14,20,gsm8k_ver1_vs_gpqa_orgn,1,1,1,0.008542,,0.008542
14,20,gsm8k_ver1_vs_gpqa_ver1,1,1,1,0.007729,,0.007729
14,21,gpqa_orgn_vs_gpqa_ver1,1,1,1,1.849471,,1.849471
14,21,gsm8k_orgn_vs_gpqa_orgn,1,1,1,1.671642,,1.671642
14,21,gsm8k_orgn_vs_gpqa_ver1,1,1,1,1.490189,,1.490189
14,21,gsm8k_orgn_vs_gsm8k_ver1,1,1,1,1.246788,,1.246788
14,21,gsm8k_ver1_vs_gpqa_orgn,1,1,1,1.685031,,1.685031
14,21,gsm8k_ver1_vs_gpqa_ver1,1,1,1,1.502937,,1.502937
14,22,gpqa_orgn_vs_gpqa_ver1,1,1,1,0.068466,,0.068466
14,22,gsm8k_orgn_vs_gpqa_orgn,1,1,1,0.060083,,0.060083
14,22,gsm8k_orgn_vs_gpqa_ver1,1,1,1,0.053684,,0.053684
14,22,gsm8k_orgn_vs_gsm8k_ver1,1,1,1,0.042222,,0.042222
14,22,gsm8k_ver1_vs_gpqa_orgn,1,1,1,0.058588,,0.058588
14,22,gsm8k_ver1_vs_gpqa_ver1,1,1,1,0.052242,,0.052242
14,23,gpqa_orgn_vs_gpqa_ver1,1,1,1,1.041031,,1.041031
14,23,gsm8k_orgn_vs_gpqa_orgn,1,1,1,0.95477,,0.95477
14,23,gsm8k_orgn_vs_gpqa_ver1,1,1,1,0.754275,,0.754275
14,23,gsm8k_orgn_vs_gsm8k_ver1,1,1,1,0.628462,,0.628462
14,23,gsm8k_ver1_vs_gpqa_orgn,1,1,1,0.941461,,0.941461
14,23,gsm8k_ver1_vs_gpqa_ver1,1,1,1,0.737157,,0.737157
14,24,gpqa_orgn_vs_gpqa_ver1,1,1,1,0.001689,,0.001689
14,24,gsm8k_orgn_vs_gpqa_orgn,1,1,1,0.001752,,0.001752
14,24,gsm8k_orgn_vs_gpqa_ver1,1,1,1,0.001687,,0.001687
14,24,gsm8k_orgn_vs_gsm8k_ver1,1,1,1,0.00151,,0.00151
14,24,gsm8k_ver1_vs_gpqa_orgn,1,1,1,0.001693,,0.001693
14,24,gsm8k_ver1_vs_gpqa_ver1,1,1,1,0.001636,,0.001636
14,25,gpqa_orgn_vs_gpqa_ver1,1,1,1,1.865837,,1.865837
14,25,gsm8k_orgn_vs_gpqa_orgn,1,1,1,1.782265,,1.782265
14,25,gsm8k_orgn_vs_gpqa_ver1,1,1,1,1.783198,,1.783198
14,25,gsm8k_orgn_vs_gsm8k_ver1,1,1,1,1.626871,,1.626871
14,25,gsm8k_ver1_vs_gpqa_orgn,1,1,1,1.740312,,1.740312
14,25,gsm8k_ver1_vs_gpqa_ver1,1,1,1,1.735807,,1.735807
14,26,gpqa_orgn_vs_gpqa_ver1,1,1,1,1.792591,,1.792591
14,26,gsm8k_orgn_vs_gpqa_orgn,1,1,1,1.908842,,1.908842
14,26,gsm8k_orgn_vs_gpqa_ver1,1,1,1,1.913849,,1.913849
14,26,gsm8k_orgn_vs_gsm8k_ver1,1,1,1,1.969516,,1.969516
14,26,gsm8k_ver1_vs_gpqa_orgn,1,1,1,1.923332,,1.923332
14,26,gsm8k_ver1_vs_gpqa_ver1,1,1,1,1.923684,,1.923684
14,27,gpqa_orgn_vs_gpqa_ver1,1,1,1,2.799972,,2.799972
14,27,gsm8k_orgn_vs_gpqa_orgn,1,1,1,2.944563,,2.944563
14,27,gsm8k_orgn_vs_gpqa_ver1,1,1,1,2.944326,,2.944326
14,27,gsm8k_orgn_vs_gsm8k_ver1,1,1,1,2.970831,,2.970831
14,27,gsm8k_ver1_vs_gpqa_orgn,1,1,1,2.974663,,2.974663
14,27,gsm8k_ver1_vs_gpqa_ver1,1,1,1,2.956832,,2.956832
14,28,gpqa_orgn_vs_gpqa_ver1,1,1,1,1.373347,,1.373347
14,28,gsm8k_orgn_vs_gpqa_orgn,1,1,1,1.25268,,1.25268
14,28,gsm8k_orgn_vs_gpqa_ver1,1,1,1,1.204241,,1.204241
14,28,gsm8k_orgn_vs_gsm8k_ver1,1,1,1,0.996732,,0.996732
14,28,gsm8k_ver1_vs_gpqa_orgn,1,1,1,1.191545,,1.191545
14,28,gsm8k_ver1_vs_gpqa_ver1,1,1,1,1.141274,,1.141274
14,29,gpqa_orgn_vs_gpqa_ver1,1,1,1,4.555174,,4.555174
14,29,gsm8k_orgn_vs_gpqa_orgn,1,1,1,4.593894,,4.593894
14,29,gsm8k_orgn_vs_gpqa_ver1,1,1,1,4.62959,,4.62959
14,29,gsm8k_orgn_vs_gsm8k_ver1,1,1,1,4.665502,,4.665502
14,29,gsm8k_ver1_vs_gpqa_orgn,1,1,1,4.699233,,4.699233
14,29,gsm8k_ver1_vs_gpqa_ver1,1,1,1,4.723422,,4.723422
14,30,gpqa_orgn_vs_gpqa_ver1,1,1,1,2.81646,,2.81646
14,30,gsm8k_orgn_vs_gpqa_orgn,1,1,1,2.74517,,2.74517
14,30,gsm8k_orgn_vs_gpqa_ver1,1,1,1,2.683312,,2.683312
14,30,gsm8k_orgn_vs_gsm8k_ver1,1,1,1,2.171271,,2.171271
14,30,gsm8k_ver1_vs_gpqa_orgn,1,1,1,2.683972,,2.683972
14,30,gsm8k_ver1_vs_gpqa_ver1,1,1,1,2.614161,,2.614161
14,31,gpqa_orgn_vs_gpqa_ver1,1,1,1,2.902543,,2.902543
14,31,gsm8k_orgn_vs_gpqa_orgn,1,1,1,2.917896,,2.917896
14,31,gsm8k_orgn_vs_gpqa_ver1,1,1,1,2.987398,,2.987398
14,31,gsm8k_orgn_vs_gsm8k_ver1,1,1,1,2.447451,,2.447451
14,31,gsm8k_ver1_vs_gpqa_orgn,1,1,1,2.922566,,2.922566
14,31,gsm8k_ver1_vs_gpqa_ver1,1,1,1,2.985095,,2.985095
14,32,gpqa_orgn_vs_gpqa_ver1,1,1,1,2.38515,,2.38515
14,32,gsm8k_orgn_vs_gpqa_orgn,1,1,1,2.476676,,2.476676
14,32,gsm8k_orgn_vs_gpqa_ver1,1,1,1,2.532745,,2.532745
14,32,gsm8k_orgn_vs_gsm8k_ver1,1,1,1,2.088833,,2.088833
14,32,gsm8k_ver1_vs_gpqa_orgn,1,1,1,2.51913,,2.51913
14,32,gsm8k_ver1_vs_gpqa_ver1,1,1,1,2.566861,,2.566861
14,33,gpqa_orgn_vs_gpqa_ver1,1,1,1,1.763455,,1.763455
14,33,gsm8k_orgn_vs_gpqa_orgn,1,1,1,1.874072,,1.874072
14,33,gsm8k_orgn_vs_gpqa_ver1,1,1,1,1.98647,,1.98647
14,33,gsm8k_orgn_vs_gsm8k_ver1,1,1,1,1.918283,,1.918283
14,33,gsm8k_ver1_vs_gpqa_orgn,1,1,1,1.976016,,1.976016
14,33,gsm8k_ver1_vs_gpqa_ver1,1,1,1,2.071987,,2.071987
14,34,gpqa_orgn_vs_gpqa_ver1,1,1,1,2.692137,,2.692137
14,34,gsm8k_orgn_vs_gpqa_orgn,1,1,1,2.849508,,2.849508
14,34,gsm8k_orgn_vs_gpqa_ver1,1,1,1,2.788572,,2.788572
14,34,gsm8k_orgn_vs_gsm8k_ver1,1,1,1,2.519392,,2.519392
14,34,gsm8k_ver1_vs_gpqa_orgn,1,1,1,2.684009,,2.684009
14,34,gsm8k_ver1_vs_gpqa_ver1,1,1,1,2.613787,,2.613787
14,35,gpqa_orgn_vs_gpqa_ver1,1,1,1,1.667713,,1.667713
14,35,gsm8k_orgn_vs_gpqa_orgn,1,1,1,1.546179,,1.546179
14,35,gsm8k_orgn_vs_gpqa_ver1,1,1,1,1.603307,,1.603307
14,35,gsm8k_orgn_vs_gsm8k_ver1,1,1,1,1.570154,,1.570154
14,35,gsm8k_ver1_vs_gpqa_orgn,1,1,1,1.673708,,1.673708
14,35,gsm8k_ver1_vs_gpqa_ver1,1,1,1,1.727902,,1.727902
14,36,gpqa_orgn_vs_gpqa_ver1,1,1,1,2.455947,,2.455947
14,36,gsm8k_orgn_vs_gpqa_orgn,1,1,1,2.6212,,2.6212
14,36,gsm8k_orgn_vs_gpqa_ver1,1,1,1,2.710159,,2.710159
14,36,gsm8k_orgn_vs_gsm8k_ver1,1,1,1,2.753654,,2.753654
14,36,gsm8k_ver1_vs_gpqa_orgn,1,1,1,2.587716,,2.587716
14,36,gsm8k_ver1_vs_gpqa_ver1,1,1,1,2.673386,,2.673386
14,37,gpqa_orgn_vs_gpqa_ver1,1,1,1,1.562188,,1.562188
14,37,gsm8k_orgn_vs_gpqa_orgn,1,1,1,1.722172,,1.722172
14,37,gsm8k_orgn_vs_gpqa_ver1,1,1,1,1.628704,,1.628704
14,37,gsm8k_orgn_vs_gsm8k_ver1,1,1,1,1.814279,,1.814279
14,37,gsm8k_ver1_vs_gpqa_orgn,1,1,1,1.790391,,1.790391
14,37,gsm8k_ver1_vs_gpqa_ver1,1,1,1,1.695957,,1.695957
14,38,gpqa_orgn_vs_gpqa_ver1,1,1,1,1.665388,,1.665388
14,38,gsm8k_orgn_vs_gpqa_orgn,1,1,1,1.646677,,1.646677
14,38,gsm8k_orgn_vs_gpqa_ver1,1,1,1,1.695217,,1.695217
14,38,gsm8k_orgn_vs_gsm8k_ver1,1,1,1,1.62405,,1.62405
14,38,gsm8k_ver1_vs_gpqa_orgn,1,1,1,1.638279,,1.638279
14,38,gsm8k_ver1_vs_gpqa_ver1,1,1,1,1.684644,,1.684644
14,39,gpqa_orgn_vs_gpqa_ver1,1,1,1,1.094067,,1.094067
14,39,gsm8k_orgn_vs_gpqa_orgn,1,1,1,1.186536,,1.186536
14,39,gsm8k_orgn_vs_gpqa_ver1,1,1,1,1.14517,,1.14517
14,39,gsm8k_orgn_vs_gsm8k_ver1,1,1,1,1.194776,,1.194776
14,39,gsm8k_ver1_vs_gpqa_orgn,1,1,1,1.159206,,1.159206
14,39,gsm8k_ver1_vs_gpqa_ver1,1,1,1,1.117232,,1.117232
15,0,gpqa_orgn_vs_gpqa_ver1,1,1,1,3.097749,,3.097749
15,0,gsm8k_orgn_vs_gpqa_orgn,1,1,1,3.075163,,3.075163
15,0,gsm8k_orgn_vs_gpqa_ver1,1,1,1,3.166493,,3.166493
15,0,gsm8k_orgn_vs_gsm8k_ver1,1,1,1,2.796393,,2.796393
15,0,gsm8k_ver1_vs_gpqa_orgn,1,1,1,3.119651,,3.119651
15,0,gsm8k_ver1_vs_gpqa_ver1,1,1,1,3.201587,,3.201587
15,1,gpqa_orgn_vs_gpqa_ver1,1,1,1,2.172208,,2.172208
15,1,gsm8k_orgn_vs_gpqa_orgn,1,1,1,2.239822,,2.239822
15,1,gsm8k_orgn_vs_gpqa_ver1,1,1,1,2.266302,,2.266302
15,1,gsm8k_orgn_vs_gsm8k_ver1,1,1,1,2.037243,,2.037243
15,1,gsm8k_ver1_vs_gpqa_orgn,1,1,1,2.257036,,2.257036
15,1,gsm8k_ver1_vs_gpqa_ver1,1,1,1,2.275186,,2.275186
15,2,gpqa_orgn_vs_gpqa_ver1,1,1,1,2.178388,,2.178388
15,2,gsm8k_orgn_vs_gpqa_orgn,1,1,1,2.113638,,2.113638
15,2,gsm8k_orgn_vs_gpqa_ver1,1,1,1,2.125697,,2.125697
15,2,gsm8k_orgn_vs_gsm8k_ver1,1,1,1,1.886991,,1.886991
15,2,gsm8k_ver1_vs_gpqa_orgn,1,1,1,2.08864,,2.08864
15,2,gsm8k_ver1_vs_gpqa_ver1,1,1,1,2.098023,,2.098023
15,3,gpqa_orgn_vs_gpqa_ver1,1,1,1,2.199569,,2.199569
15,3,gsm8k_orgn_vs_gpqa_orgn,1,1,1,1.76029,,1.76029
15,3,gsm8k_orgn_vs_gpqa_ver1,1,1,1,1.97085,,1.97085
15,3,gsm8k_orgn_vs_gsm8k_ver1,1,1,1,1.430461,,1.430461
15,3,gsm8k_ver1_vs_gpqa_orgn,1,1,1,1.768475,,1.768475
15,3,gsm8k_ver1_vs_gpqa_ver1,1,1,1,1.976498,,1.976498
15,4,gpqa_orgn_vs_gpqa_ver1,1,1,1,1.923939,,1.923939
15,4,gsm8k_orgn_vs_gpqa_orgn,1,1,1,1.76583,,1.76583
15,4,gsm8k_orgn_vs_gpqa_ver1,1,1,1,1.836706,,1.836706
15,4,gsm8k_orgn_vs_gsm8k_ver1,1,1,1,1.619165,,1.619165
15,4,gsm8k_ver1_vs_gpqa_orgn,1,1,1,1.846835,,1.846835
15,4,gsm8k_ver1_vs_gpqa_ver1,1,1,1,1.914315,,1.914315
15,5,gpqa_orgn_vs_gpqa_ver1,1,1,1,2.156397,,2.156397
15,5,gsm8k_orgn_vs_gpqa_orgn,1,1,1,2.265451,,2.265451
15,5,gsm8k_orgn_vs_gpqa_ver1,1,1,1,2.237812,,2.237812
15,5,gsm8k_orgn_vs_gsm8k_ver1,1,1,1,2.043754,,2.043754
15,5,gsm8k_ver1_vs_gpqa_orgn,1,1,1,2.236397,,2.236397
15,5,gsm8k_ver1_vs_gpqa_ver1,1,1,1,2.201191,,2.201191
15,6,gpqa_orgn_vs_gpqa_ver1,1,1,1,4.016261,,4.016261
15,6,gsm8k_orgn_vs_gpqa_orgn,1,1,1,3.863038,,3.863038
15,6,gsm8k_orgn_vs_gpqa_ver1,1,1,1,3.895061,,3.895061
15,6,gsm8k_orgn_vs_gsm8k_ver1,1,1,1,3.353415,,3.353415
15,6,gsm8k_ver1_vs_gpqa_orgn,1,1,1,3.729396,,3.729396
15,6,gsm8k_ver1_vs_gpqa_ver1,1,1,1,3.749133,,3.749133
15,7,gpqa_orgn_vs_gpqa_ver1,1,1,1,3.198684,,3.198684
15,7,gsm8k_orgn_vs_gpqa_orgn,1,1,1,3.195881,,3.195881
15,7,gsm8k_orgn_vs_gpqa_ver1,1,1,1,3.095882,,3.095882
15,7,gsm8k_orgn_vs_gsm8k_ver1,1,1,1,2.837461,,2.837461
15,7,gsm8k_ver1_vs_gpqa_orgn,1,1,1,3.198467,,3.198467
15,7,gsm8k_ver1_vs_gpqa_ver1,1,1,1,3.089882,,3.089882
15,8,gpqa_orgn_vs_gpqa_ver1,1,1,1,3.828193,,3.828193
15,8,gsm8k_orgn_vs_gpqa_orgn,1,1,1,3.748127,,3.748127
15,8,gsm8k_orgn_vs_gpqa_ver1,1,1,1,3.777239,,3.777239
15,8,gsm8k_orgn_vs_gsm8k_ver1,1,1,1,3.390032,,3.390032
15,8,gsm8k_ver1_vs_gpqa_orgn,1,1,1,3.622517,,3.622517
15,8,gsm8k_ver1_vs_gpqa_ver1,1,1,1,3.64424,,3.64424
15,9,gpqa_orgn_vs_gpqa_ver1,1,1,1,3.356193,,3.356193
15,9,gsm8k_orgn_vs_gpqa_orgn,1,1,1,2.932296,,2.932296
15,9,gsm8k_orgn_vs_gpqa_ver1,1,1,1,2.870086,,2.870086
15,9,gsm8k_orgn_vs_gsm8k_ver1,1,1,1,2.038604,,2.038604
15,9,gsm8k_ver1_vs_gpqa_orgn,1,1,1,2.883731,,2.883731
15,9,gsm8k_ver1_vs_gpqa_ver1,1,1,1,2.814497,,2.814497
15,10,gpqa_orgn_vs_gpqa_ver1,1,1,1,1.200395,,1.200395
15,10,gsm8k_orgn_vs_gpqa_orgn,1,1,1,1.397577,,1.397577
15,10,gsm8k_orgn_vs_gpqa_ver1,1,1,1,1.467101,,1.467101
15,10,gsm8k_orgn_vs_gsm8k_ver1,1,1,1,1.662713,,1.662713
15,10,gsm8k_ver1_vs_gpqa_orgn,1,1,1,1.464467,,1.464467
15,10,gsm8k_ver1_vs_gpqa_ver1,1,1,1,1.52948,,1.52948
15,11,gpqa_orgn_vs_gpqa_ver1,1,1,1,1.756166,,1.756166
15,11,gsm8k_orgn_vs_gpqa_orgn,1,1,1,1.778707,,1.778707
15,11,gsm8k_orgn_vs_gpqa_ver1,1,1,1,1.72481,,1.72481
15,11,gsm8k_orgn_vs_gsm8k_ver1,1,1,1,1.658737,,1.658737
15,11,gsm8k_ver1_vs_gpqa_orgn,1,1,1,1.779642,,1.779642
15,11,gsm8k_ver1_vs_gpqa_ver1,1,1,1,1.723737,,1.723737
15,12,gpqa_orgn_vs_gpqa_ver1,1,1,1,2.017017,,2.017017
15,12,gsm8k_orgn_vs_gpqa_orgn,1,1,1,2.074848,,2.074848
15,12,gsm8k_orgn_vs_gpqa_ver1,1,1,1,2.051946,,2.051946
15,12,gsm8k_orgn_vs_gsm8k_ver1,1,1,1,1.966517,,1.966517
15,12,gsm8k_ver1_vs_gpqa_orgn,1,1,1,2.010724,,2.010724
15,12,gsm8k_ver1_vs_gpqa_ver1,1,1,1,1.984143,,1.984143
15,13,gpqa_orgn_vs_gpqa_ver1,1,1,1,1.053178,,1.053178
15,13,gsm8k_orgn_vs_gpqa_orgn,1,1,1,1.249121,,1.249121
15,13,gsm8k_orgn_vs_gpqa_ver1,1,1,1,1.250408,,1.250408
15,13,gsm8k_orgn_vs_gsm8k_ver1,1,1,1,1.255597,,1.255597
15,13,gsm8k_ver1_vs_gpqa_orgn,1,1,1,1.120546,,1.120546
15,13,gsm8k_ver1_vs_gpqa_ver1,1,1,1,1.118133,,1.118133
15,14,gpqa_orgn_vs_gpqa_ver1,1,1,1,1.104402,,1.104402
15,14,gsm8k_orgn_vs_gpqa_orgn,1,1,1,1.3117,,1.3117
15,14,gsm8k_orgn_vs_gpqa_ver1,1,1,1,1.39346,,1.39346
15,14,gsm8k_orgn_vs_gsm8k_ver1,1,1,1,1.554958,,1.554958
15,14,gsm8k_ver1_vs_gpqa_orgn,1,1,1,1.331387,,1.331387
15,14,gsm8k_ver1_vs_gpqa_ver1,1,1,1,1.410074,,1.410074
15,15,gpqa_orgn_vs_gpqa_ver1,1,1,1,2.284364,,2.284364
15,15,gsm8k_orgn_vs_gpqa_orgn,1,1,1,2.066684,,2.066684
15,15,gsm8k_orgn_vs_gpqa_ver1,1,1,1,2.02568,,2.02568
15,15,gsm8k_orgn_vs_gsm8k_ver1,1,1,1,1.511417,,1.511417
15,15,gsm8k_ver1_vs_gpqa_orgn,1,1,1,1.927692,,1.927692
15,15,gsm8k_ver1_vs_gpqa_ver1,1,1,1,1.881862,,1.881862
15,16,gpqa_orgn_vs_gpqa_ver1,1,1,1,2.128809,,2.128809
15,16,gsm8k_orgn_vs_gpqa_orgn,1,1,1,2.230007,,2.230007
15,16,gsm8k_orgn_vs_gpqa_ver1,1,1,1,2.136439,,2.136439
15,16,gsm8k_orgn_vs_gsm8k_ver1,1,1,1,2.093974,,2.093974
15,16,gsm8k_ver1_vs_gpqa_orgn,1,1,1,2.182831,,2.182831
15,16,gsm8k_ver1_vs_gpqa_ver1,1,1,1,2.082961,,2.082961
15,17,gpqa_orgn_vs_gpqa_ver1,1,1,1,2.081657,,2.081657
15,17,gsm8k_orgn_vs_gpqa_orgn,1,1,1,1.958065,,1.958065
15,17,gsm8k_orgn_vs_gpqa_ver1,1,1,1,1.800491,,1.800491
15,17,gsm8k_orgn_vs_gsm8k_ver1,1,1,1,1.618954,,1.618954
15,17,gsm8k_ver1_vs_gpqa_orgn,1,1,1,2.048759,,2.048759
15,17,gsm8k_ver1_vs_gpqa_ver1,1,1,1,1.894875,,1.894875
15,18,gpqa_orgn_vs_gpqa_ver1,1,1,1,2.831536,,2.831536
15,18,gsm8k_orgn_vs_gpqa_orgn,1,1,1,2.866161,,2.866161
15,18,gsm8k_orgn_vs_gpqa_ver1,1,1,1,2.836855,,2.836855
15,18,gsm8k_orgn_vs_gsm8k_ver1,1,1,1,2.52387,,2.52387
15,18,gsm8k_ver1_vs_gpqa_orgn,1,1,1,2.738313,,2.738313
15,18,gsm8k_ver1_vs_gpqa_ver1,1,1,1,2.703129,,2.703129
15,19,gpqa_orgn_vs_gpqa_ver1,1,1,1,2.698744,,2.698744
15,19,gsm8k_orgn_vs_gpqa_orgn,1,1,1,2.687087,,2.687087
15,19,gsm8k_orgn_vs_gpqa_ver1,1,1,1,2.617077,,2.617077
15,19,gsm8k_orgn_vs_gsm8k_ver1,1,1,1,2.363779,,2.363779
15,19,gsm8k_ver1_vs_gpqa_orgn,1,1,1,2.679449,,2.679449
15,19,gsm8k_ver1_vs_gpqa_ver1,1,1,1,2.605438,,2.605438
15,20,gpqa_orgn_vs_gpqa_ver1,1,1,1,2.825935,,2.825935
15,20,gsm8k_orgn_vs_gpqa_orgn,1,1,1,2.621729,,2.621729
15,20,gsm8k_orgn_vs_gpqa_ver1,1,1,1,2.706031,,2.706031
15,20,gsm8k_orgn_vs_gsm8k_ver1,1,1,1,2.472184,,2.472184
15,20,gsm8k_ver1_vs_gpqa_orgn,1,1,1,2.738518,,2.738518
15,20,gsm8k_ver1_vs_gpqa_ver1,1,1,1,2.804533,,2.804533
15,21,gpqa_orgn_vs_gpqa_ver1,1,1,1,1.620999,,1.620999
15,21,gsm8k_orgn_vs_gpqa_orgn,1,1,1,1.578798,,1.578798
15,21,gsm8k_orgn_vs_gpqa_ver1,1,1,1,1.605582,,1.605582
15,21,gsm8k_orgn_vs_gsm8k_ver1,1,1,1,1.419932,,1.419932
15,21,gsm8k_ver1_vs_gpqa_orgn,1,1,1,1.498687,,1.498687
15,21,gsm8k_ver1_vs_gpqa_ver1,1,1,1,1.518145,,1.518145
15,22,gpqa_orgn_vs_gpqa_ver1,1,1,1,0.436687,,0.436687
15,22,gsm8k_orgn_vs_gpqa_orgn,1,1,1,0.341496,,0.341496
15,22,gsm8k_orgn_vs_gpqa_ver1,1,1,1,0.356932,,0.356932
15,22,gsm8k_orgn_vs_gsm8k_ver1,1,1,1,0.226281,,0.226281
15,22,gsm8k_ver1_vs_gpqa_orgn,1,1,1,0.329466,,0.329466
15,22,gsm8k_ver1_vs_gpqa_ver1,1,1,1,0.34414,,0.34414
15,23,gpqa_orgn_vs_gpqa_ver1,1,1,1,2.650563,,2.650563
15,23,gsm8k_orgn_vs_gpqa_orgn,1,1,1,2.297742,,2.297742
15,23,gsm8k_orgn_vs_gpqa_ver1,1,1,1,2.400419,,2.400419
15,23,gsm8k_orgn_vs_gsm8k_ver1,1,1,1,1.993615,,1.993615
15,23,gsm8k_ver1_vs_gpqa_orgn,1,1,1,2.374503,,2.374503
15,23,gsm8k_ver1_vs_gpqa_ver1,1,1,1,2.463549,,2.463549
15,24,gpqa_orgn_vs_gpqa_ver1,1,1,1,2.046882,,2.046882
15,24,gsm8k_orgn_vs_gpqa_orgn,1,1,1,1.883441,,1.883441
15,24,gsm8k_orgn_vs_gpqa_ver1,1,1,1,1.917143,,1.917143
15,24,gsm8k_orgn_vs_gsm8k_ver1,1,1,1,1.61988,,1.61988
15,24,gsm8k_ver1_vs_gpqa_orgn,1,1,1,1.937958,,1.937958
15,24,gsm8k_ver1_vs_gpqa_ver1,1,1,1,1.952895,,1.952895
15,25,gpqa_orgn_vs_gpqa_ver1,1,1,1,1.885987,,1.885987
15,25,gsm8k_orgn_vs_gpqa_orgn,1,1,1,1.49261,,1.49261
15,25,gsm8k_orgn_vs_gpqa_ver1,1,1,1,1.593575,,1.593575
15,25,gsm8k_orgn_vs_gsm8k_ver1,1,1,1,1.053705,,1.053705
15,25,gsm8k_ver1_vs_gpqa_orgn,1,1,1,1.504125,,1.504125
15,25,gsm8k_ver1_vs_gpqa_ver1,1,1,1,1.596507,,1.596507
15,26,gpqa_orgn_vs_gpqa_ver1,1,1,1,2.745103,,2.745103
15,26,gsm8k_orgn_vs_gpqa_orgn,1,1,1,2.606023,,2.606023
15,26,gsm8k_orgn_vs_gpqa_ver1,1,1,1,2.654955,,2.654955
15,26,gsm8k_orgn_vs_gsm8k_ver1,1,1,1,2.2415,,2.2415
15,26,gsm8k_ver1_vs_gpqa_orgn,1,1,1,2.724297,,2.724297
15,26,gsm8k_ver1_vs_gpqa_ver1,1,1,1,2.665114,,2.665114
15,27,gpqa_orgn_vs_gpqa_ver1,1,1,1,1.000176,,1.000176
15,27,gsm8k_orgn_vs_gpqa_orgn,1,1,1,0.876898,,0.876898
15,27,gsm8k_orgn_vs_gpqa_ver1,1,1,1,0.970218,,0.970218
15,27,gsm8k_orgn_vs_gsm8k_ver1,1,1,1,0.804943,,0.804943
15,27,gsm8k_ver1_vs_gpqa_orgn,1,1,1,0.920515,,0.920515
15,27,gsm8k_ver1_vs_gpqa_ver1,1,1,1,0.997829,,0.997829
15,28,gpqa_orgn_vs_gpqa_ver1,1,1,1,2.059191,,2.059191
15,28,gsm8k_orgn_vs_gpqa_orgn,1,1,1,1.963479,,1.963479
15,28,gsm8k_orgn_vs_gpqa_ver1,1,1,1,1.933788,,1.933788
15,28,gsm8k_orgn_vs_gsm8k_ver1,1,1,1,1.703995,,1.703995
15,28,gsm8k_ver1_vs_gpqa_orgn,1,1,1,2.060251,,2.060251
15,28,gsm8k_ver1_vs_gpqa_ver1,1,1,1,1.992741,,1.992741
15,29,gpqa_orgn_vs_gpqa_ver1,1,1,1,1.053238,,1.053238
15,29,gsm8k_orgn_vs_gpqa_orgn,1,1,1,0.94184,,0.94184
15,29,gsm8k_orgn_vs_gpqa_ver1,1,1,1,0.974119,,0.974119
15,29,gsm8k_orgn_vs_gsm8k_ver1,1,1,1,0.794064,,0.794064
15,29,gsm8k_ver1_vs_gpqa_orgn,1,1,1,0.99486,,0.99486
15,29,gsm8k_ver1_vs_gpqa_ver1,1,1,1,0.999616,,0.999616
15,30,gpqa_orgn_vs_gpqa_ver1,1,1,1,1.987654,,1.987654
15,30,gsm8k_orgn_vs_gpqa_orgn,1,1,1,2.071835,,2.071835
15,30,gsm8k_orgn_vs_gpqa_ver1,1,1,1,2.053086,,2.053086
15,30,gsm8k_orgn_vs_gsm8k_ver1,1,1,1,2.057843,,2.057843
15,30,gsm8k_ver1_vs_gpqa_orgn,1,1,1,2.055413,,2.055413
15,30,gsm8k_ver1_vs_gpqa_ver1,1,1,1,2.031071,,2.031071
15,31,gpqa_orgn_vs_gpqa_ver1,1,1,1,0.790671,,0.790671
15,31,gsm8k_orgn_vs_gpqa_orgn,1,1,1,0.723724,,0.723724
15,31,gsm8k_orgn_vs_gpqa_ver1,1,1,1,0.556287,,0.556287
15,31,gsm8k_orgn_vs_gsm8k_ver1,1,1,1,0.378307,,0.378307
15,31,gsm8k_ver1_vs_gpqa_orgn,1,1,1,0.665932,,0.665932
15,31,gsm8k_ver1_vs_gpqa_ver1,1,1,1,0.495276,,0.495276
15,32,gpqa_orgn_vs_gpqa_ver1,1,1,1,1.646856,,1.646856
15,32,gsm8k_orgn_vs_gpqa_orgn,1,1,1,1.874111,,1.874111
15,32,gsm8k_orgn_vs_gpqa_ver1,1,1,1,1.747637,,1.747637
15,32,gsm8k_orgn_vs_gsm8k_ver1,1,1,1,1.650909,,1.650909
15,32,gsm8k_ver1_vs_gpqa_orgn,1,1,1,1.580804,,1.580804
15,32,gsm8k_ver1_vs_gpqa_ver1,1,1,1,1.441383,,1.441383
15,33,gpqa_orgn_vs_gpqa_ver1,1,1,1,2.022432,,2.022432
15,33,gsm8k_orgn_vs_gpqa_orgn,1,1,1,2.144415,,2.144415
15,33,gsm8k_orgn_vs_gpqa_ver1,1,1,1,2.066212,,2.066212
15,33,gsm8k_orgn_vs_gsm8k_ver1,1,1,1,2.184107,,2.184107
15,33,gsm8k_ver1_vs_gpqa_orgn,1,1,1,2.169838,,2.169838
15,33,gsm8k_ver1_vs_gpqa_ver1,1,1,1,2.085917,,2.085917
15,34,gpqa_orgn_vs_gpqa_ver1,1,1,1,2.150034,,2.150034
15,34,gsm8k_orgn_vs_gpqa_orgn,1,1,1,2.156082,,2.156082
15,34,gsm8k_orgn_vs_gpqa_ver1,1,1,1,2.136662,,2.136662
15,34,gsm8k_orgn_vs_gsm8k_ver1,1,1,1,2.105069,,2.105069
15,34,gsm8k_ver1_vs_gpqa_orgn,1,1,1,2.155489,,2.155489
15,34,gsm8k_ver1_vs_gpqa_ver1,1,1,1,2.130121,,2.130121
15,35,gpqa_orgn_vs_gpqa_ver1,1,1,1,2.124781,,2.124781
15,35,gsm8k_orgn_vs_gpqa_orgn,1,1,1,2.09975,,2.09975
15,35,gsm8k_orgn_vs_gpqa_ver1,1,1,1,2.108494,,2.108494
15,35,gsm8k_orgn_vs_gsm8k_ver1,1,1,1,1.979694,,1.979694
15,35,gsm8k_ver1_vs_gpqa_orgn,1,1,1,2.092511,,2.092511
15,35,gsm8k_ver1_vs_gpqa_ver1,1,1,1,2.091684,,2.091684
15,36,gpqa_orgn_vs_gpqa_ver1,1,1,1,2.119248,,2.119248
15,36,gsm8k_orgn_vs_gpqa_orgn,1,1,1,2.196551,,2.196551
15,36,gsm8k_orgn_vs_gpqa_ver1,1,1,1,2.131081,,2.131081
15,36,gsm8k_orgn_vs_gsm8k_ver1,1,1,1,2.089735,,2.089735
15,36,gsm8k_ver1_vs_gpqa_orgn,1,1,1,2.133784,,2.133784
15,36,gsm8k_ver1_vs_gpqa_ver1,1,1,1,2.054949,,2.054949
15,37,gpqa_orgn_vs_gpqa_ver1,1,1,1,3.803263,,3.803263
15,37,gsm8k_orgn_vs_gpqa_orgn,1,1,1,3.830724,,3.830724
15,37,gsm8k_orgn_vs_gpqa_ver1,1,1,1,3.865542,,3.865542
15,37,gsm8k_orgn_vs_gsm8k_ver1,1,1,1,3.888464,,3.888464
15,37,gsm8k_ver1_vs_gpqa_orgn,1,1,1,3.903203,,3.903203
15,37,gsm8k_ver1_vs_gpqa_ver1,1,1,1,3.925674,,3.925674
15,38,gpqa_orgn_vs_gpqa_ver1,1,1,1,1.763622,,1.763622
15,38,gsm8k_orgn_vs_gpqa_orgn,1,1,1,1.760464,,1.760464
15,38,gsm8k_orgn_vs_gpqa_ver1,1,1,1,1.785883,,1.785883
15,38,gsm8k_orgn_vs_gsm8k_ver1,1,1,1,1.744567,,1.744567
15,38,gsm8k_ver1_vs_gpqa_orgn,1,1,1,1.809011,,1.809011
15,38,gsm8k_ver1_vs_gpqa_ver1,1,1,1,1.828368,,1.828368
15,39,gpqa_orgn_vs_gpqa_ver1,1,1,1,2.010305,,2.010305
15,39,gsm8k_orgn_vs_gpqa_orgn,1,1,1,1.961313,,1.961313
15,39,gsm8k_orgn_vs_gpqa_ver1,1,1,1,1.906982,,1.906982
15,39,gsm8k_orgn_vs_gsm8k_ver1,1,1,1,1.847138,,1.847138
15,39,gsm8k_ver1_vs_gpqa_orgn,1,1,1,2.052777,,2.052777
15,39,gsm8k_ver1_vs_gpqa_ver1,1,1,1,1.995262,,1.995262
16,0,gpqa_orgn_vs_gpqa_ver1,1,1,1,5.003029,,5.003029
16,0,gsm8k_orgn_vs_gpqa_orgn,1,1,1,5.028986,,5.028986
16,0,gsm8k_orgn_vs_gpqa_ver1,1,1,1,5.036101,,5.036101
16,0,gsm8k_orgn_vs_gsm8k_ver1,1,1,1,5.025724,,5.025724
16,0,gsm8k_ver1_vs_gpqa_orgn,1,1,1,5.089499,,5.089499
16,0,gsm8k_ver1_vs_gpqa_ver1,1,1,1,5.085836,,5.085836
16,1,gpqa_orgn_vs_gpqa_ver1,1,1,1,2.639655,,2.639655
16,1,gsm8k_orgn_vs_gpqa_orgn,1,1,1,2.592948,,2.592948
16,1,gsm8k_orgn_vs_gpqa_ver1,1,1,1,2.479113,,2.479113
16,1,gsm8k_orgn_vs_gsm8k_ver1,1,1,1,2.44144,,2.44144
16,1,gsm8k_ver1_vs_gpqa_orgn,1,1,1,2.651944,,2.651944
16,1,gsm8k_ver1_vs_gpqa_ver1,1,1,1,2.529349,,2.529349
16,2,gpqa_orgn_vs_gpqa_ver1,1,1,1,1.980569,,1.980569
16,2,gsm8k_orgn_vs_gpqa_orgn,1,1,1,1.793501,,1.793501
16,2,gsm8k_orgn_vs_gpqa_ver1,1,1,1,1.800695,,1.800695
16,2,gsm8k_orgn_vs_gsm8k_ver1,1,1,1,1.508269,,1.508269
16,2,gsm8k_ver1_vs_gpqa_orgn,1,1,1,1.733325,,1.733325
16,2,gsm8k_ver1_vs_gpqa_ver1,1,1,1,1.738228,,1.738228
16,3,gpqa_orgn_vs_gpqa_ver1,1,1,1,3.088948,,3.088948
16,3,gsm8k_orgn_vs_gpqa_orgn,1,1,1,2.885677,,2.885677
16,3,gsm8k_orgn_vs_gpqa_ver1,1,1,1,2.904549,,2.904549
16,3,gsm8k_orgn_vs_gsm8k_ver1,1,1,1,2.638946,,2.638946
16,3,gsm8k_ver1_vs_gpqa_orgn,1,1,1,2.94788,,2.94788
16,3,gsm8k_ver1_vs_gpqa_ver1,1,1,1,2.946117,,2.946117
16,4,gpqa_orgn_vs_gpqa_ver1,1,1,1,2.407966,,2.407966
16,4,gsm8k_orgn_vs_gpqa_orgn,1,1,1,2.213233,,2.213233
16,4,gsm8k_orgn_vs_gpqa_ver1,1,1,1,2.268881,,2.268881
16,4,gsm8k_orgn_vs_gsm8k_ver1,1,1,1,2.224346,,2.224346
16,4,gsm8k_ver1_vs_gpqa_orgn,1,1,1,2.390861,,2.390861
16,4,gsm8k_ver1_vs_gpqa_ver1,1,1,1,2.441887,,2.441887
16,5,gpqa_orgn_vs_gpqa_ver1,1,1,1,1.73309,,1.73309
16,5,gsm8k_orgn_vs_gpqa_orgn,1,1,1,1.589257,,1.589257
16,5,gsm8k_orgn_vs_gpqa_ver1,1,1,1,1.644148,,1.644148
16,5,gsm8k_orgn_vs_gsm8k_ver1,1,1,1,1.370563,,1.370563
16,5,gsm8k_ver1_vs_gpqa_orgn,1,1,1,1.528961,,1.528961
16,5,gsm8k_ver1_vs_gpqa_ver1,1,1,1,1.583616,,1.583616
16,6,gpqa_orgn_vs_gpqa_ver1,1,1,1,1.490924,,1.490924
16,6,gsm8k_orgn_vs_gpqa_orgn,1,1,1,1.29963,,1.29963
16,6,gsm8k_orgn_vs_gpqa_ver1,1,1,1,1.262253,,1.262253
16,6,gsm8k_orgn_vs_gsm8k_ver1,1,1,1,0.906406,,0.906406
16,6,gsm8k_ver1_vs_gpqa_orgn,1,1,1,1.311373,,1.311373
16,6,gsm8k_ver1_vs_gpqa_ver1,1,1,1,1.269428,,1.269428
16,7,gpqa_orgn_vs_gpqa_ver1,1,1,1,5.609799,,5.609799
16,7,gsm8k_orgn_vs_gpqa_orgn,1,1,1,5.491681,,5.491681
16,7,gsm8k_orgn_vs_gpqa_ver1,1,1,1,5.525419,,5.525419
16,7,gsm8k_orgn_vs_gsm8k_ver1,1,1,1,5.236064,,5.236064
16,7,gsm8k_ver1_vs_gpqa_orgn,1,1,1,5.548026,,5.548026
16,7,gsm8k_ver1_vs_gpqa_ver1,1,1,1,5.573203,,5.573203
16,8,gpqa_orgn_vs_gpqa_ver1,1,1,1,1.522122,,1.522122
16,8,gsm8k_orgn_vs_gpqa_orgn,1,1,1,1.527917,,1.527917
16,8,gsm8k_orgn_vs_gpqa_ver1,1,1,1,1.575362,,1.575362
16,8,gsm8k_orgn_vs_gsm8k_ver1,1,1,1,1.340466,,1.340466
16,8,gsm8k_ver1_vs_gpqa_orgn,1,1,1,1.579753,,1.579753
16,8,gsm8k_ver1_vs_gpqa_ver1,1,1,1,1.612482,,1.612482
16,9,gpqa_orgn_vs_gpqa_ver1,1,1,1,1.1585,,1.1585
16,9,gsm8k_orgn_vs_gpqa_orgn,1,1,1,1.058188,,1.058188
16,9,gsm8k_orgn_vs_gpqa_ver1,1,1,1,1.052471,,1.052471
16,9,gsm8k_orgn_vs_gsm8k_ver1,1,1,1,0.89639,,0.89639
16,9,gsm8k_ver1_vs_gpqa_orgn,1,1,1,1.080732,,1.080732
16,9,gsm8k_ver1_vs_gpqa_ver1,1,1,1,1.07217,,1.07217
16,10,gpqa_orgn_vs_gpqa_ver1,1,1,1,2.294065,,2.294065
16,10,gsm8k_orgn_vs_gpqa_orgn,1,1,1,2.322866,,2.322866
16,10,gsm8k_orgn_vs_gpqa_ver1,1,1,1,2.280923,,2.280923
16,10,gsm8k_orgn_vs_gsm8k_ver1,1,1,1,2.075873,,2.075873
16,10,gsm8k_ver1_vs_gpqa_orgn,1,1,1,2.313443,,2.313443
16,10,gsm8k_ver1_vs_gpqa_ver1,1,1,1,2.267337,,2.267337
16,11,gpqa_orgn_vs_gpqa_ver1,1,1,1,1.972664,,1.972664
16,11,gsm8k_orgn_vs_gpqa_orgn,1,1,1,1.850993,,1.850993
16,11,gsm8k_orgn_vs_gpqa_ver1,1,1,1,1.800766,,1.800766
16,11,gsm8k_orgn_vs_gsm8k_ver1,1,1,1,1.431252,,1.431252
16,11,gsm8k_ver1_vs_gpqa_orgn,1,1,1,1.804392,,1.804392
16,11,gsm8k_ver1_vs_gpqa_ver1,1,1,1,1.738102,,1.738102
16,12,gpqa_orgn_vs_gpqa_ver1,1,1,1,2.918826,,2.918826
16,12,gsm8k_orgn_vs_gpqa_orgn,1,1,1,2.847489,,2.847489
16,12,gsm8k_orgn_vs_gpqa_ver1,1,1,1,2.72268,,2.72268
16,12,gsm8k_orgn_vs_gsm8k_ver1,1,1,1,2.379872,,2.379872
16,12,gsm8k_ver1_vs_gpqa_orgn,1,1,1,2.807109,,2.807109
16,12,gsm8k_ver1_vs_gpqa_ver1,1,1,1,2.677714,,2.677714
16,13,gpqa_orgn_vs_gpqa_ver1,1,1,1,3.40817,,3.40817
16,13,gsm8k_orgn_vs_gpqa_orgn,1,1,1,3.347086,,3.347086
16,13,gsm8k_orgn_vs_gpqa_ver1,1,1,1,3.339566,,3.339566
16,13,gsm8k_orgn_vs_gsm8k_ver1,1,1,1,3.011627,,3.011627
16,13,gsm8k_ver1_vs_gpqa_orgn,1,1,1,3.4168,,3.4168
16,13,gsm8k_ver1_vs_gpqa_ver1,1,1,1,3.403992,,3.403992
16,14,gpqa_orgn_vs_gpqa_ver1,1,1,1,2.108962,,2.108962
16,14,gsm8k_orgn_vs_gpqa_orgn,1,1,1,2.330651,,2.330651
16,14,gsm8k_orgn_vs_gpqa_ver1,1,1,1,2.303341,,2.303341
16,14,gsm8k_orgn_vs_gsm8k_ver1,1,1,1,2.214606,,2.214606
16,14,gsm8k_ver1_vs_gpqa_orgn,1,1,1,2.197189,,2.197189
16,14,gsm8k_ver1_vs_gpqa_ver1,1,1,1,2.1674,,2.1674
16,15,gpqa_orgn_vs_gpqa_ver1,1,1,1,2.41198,,2.41198
16,15,gsm8k_orgn_vs_gpqa_orgn,1,1,1,2.282947,,2.282947
16,15,gsm8k_orgn_vs_gpqa_ver1,1,1,1,2.232855,,2.232855
16,15,gsm8k_orgn_vs_gsm8k_ver1,1,1,1,1.935837,,1.935837
16,15,gsm8k_ver1_vs_gpqa_orgn,1,1,1,2.294317,,2.294317
16,15,gsm8k_ver1_vs_gpqa_ver1,1,1,1,2.240386,,2.240386
16,16,gpqa_orgn_vs_gpqa_ver1,1,1,1,2.944098,,2.944098
16,16,gsm8k_orgn_vs_gpqa_orgn,1,1,1,2.940074,,2.940074
16,16,gsm8k_orgn_vs_gpqa_ver1,1,1,1,2.885777,,2.885777
16,16,gsm8k_orgn_vs_gsm8k_ver1,1,1,1,2.694498,,2.694498
16,16,gsm8k_ver1_vs_gpqa_orgn,1,1,1,2.866809,,2.866809
16,16,gsm8k_ver1_vs_gpqa_ver1,1,1,1,2.807048,,2.807048
16,17,gpqa_orgn_vs_gpqa_ver1,1,1,1,1.410418,,1.410418
16,17,gsm8k_orgn_vs_gpqa_orgn,1,1,1,1.2044,,1.2044
16,17,gsm8k_orgn_vs_gpqa_ver1,1,1,1,1.243059,,1.243059
16,17,gsm8k_orgn_vs_gsm8k_ver1,1,1,1,0.949196,,0.949196
16,17,gsm8k_ver1_vs_gpqa_orgn,1,1,1,1.188901,,1.188901
16,17,gsm8k_ver1_vs_gpqa_ver1,1,1,1,1.227704,,1.227704
16,18,gpqa_orgn_vs_gpqa_ver1,1,1,1,3.761785,,3.761785
16,18,gsm8k_orgn_vs_gpqa_orgn,1,1,1,3.867972,,3.867972
16,18,gsm8k_orgn_vs_gpqa_ver1,1,1,1,3.820952,,3.820952
16,18,gsm8k_orgn_vs_gsm8k_ver1,1,1,1,3.692,,3.692
16,18,gsm8k_ver1_vs_gpqa_orgn,1,1,1,3.765961,,3.765961
16,18,gsm8k_ver1_vs_gpqa_ver1,1,1,1,3.712963,,3.712963
16,19,gpqa_orgn_vs_gpqa_ver1,1,1,1,1.817557,,1.817557
16,19,gsm8k_orgn_vs_gpqa_orgn,1,1,1,1.562493,,1.562493
16,19,gsm8k_orgn_vs_gpqa_ver1,1,1,1,1.573505,,1.573505
16,19,gsm8k_orgn_vs_gsm8k_ver1,1,1,1,1.048571,,1.048571
16,19,gsm8k_ver1_vs_gpqa_orgn,1,1,1,1.524175,,1.524175
16,19,gsm8k_ver1_vs_gpqa_ver1,1,1,1,1.527715,,1.527715
16,20,gpqa_orgn_vs_gpqa_ver1,1,1,1,2.607041,,2.607041
16,20,gsm8k_orgn_vs_gpqa_orgn,1,1,1,2.573654,,2.573654
16,20,gsm8k_orgn_vs_gpqa_ver1,1,1,1,2.562752,,2.562752
16,20,gsm8k_orgn_vs_gsm8k_ver1,1,1,1,2.146723,,2.146723
16,20,gsm8k_ver1_vs_gpqa_orgn,1,1,1,2.50837,,2.50837
16,20,gsm8k_ver1_vs_gpqa_ver1,1,1,1,2.493333,,2.493333
16,21,gpqa_orgn_vs_gpqa_ver1,1,1,1,2.44631,,2.44631
16,21,gsm8k_orgn_vs_gpqa_orgn,1,1,1,2.433569,,2.433569
16,21,gsm8k_orgn_vs_gpqa_ver1,1,1,1,2.401402,,2.401402
16,21,gsm8k_orgn_vs_gsm8k_ver1,1,1,1,2.243246,,2.243246
16,21,gsm8k_ver1_vs_gpqa_orgn,1,1,1,2.437258,,2.437258
16,21,gsm8k_ver1_vs_gpqa_ver1,1,1,1,2.401879,,2.401879
16,22,gpqa_orgn_vs_gpqa_ver1,1,1,1,3.797976,,3.797976
16,22,gsm8k_orgn_vs_gpqa_orgn,1,1,1,3.770981,,3.770981
16,22,gsm8k_orgn_vs_gpqa_ver1,1,1,1,3.676974,,3.676974
16,22,gsm8k_orgn_vs_gsm8k_ver1,1,1,1,3.389213,,3.389213
16,22,gsm8k_ver1_vs_gpqa_orgn,1,1,1,3.687944,,3.687944
16,22,gsm8k_ver1_vs_gpqa_ver1,1,1,1,3.588414,,3.588414
16,23,gpqa_orgn_vs_gpqa_ver1,1,1,1,2.357278,,2.357278
16,23,gsm8k_orgn_vs_gpqa_orgn,1,1,1,2.349227,,2.349227
16,23,gsm8k_orgn_vs_gpqa_ver1,1,1,1,2.353186,,2.353186
16,23,gsm8k_orgn_vs_gsm8k_ver1,1,1,1,2.063761,,2.063761
16,23,gsm8k_ver1_vs_gpqa_orgn,1,1,1,2.277262,,2.277262
16,23,gsm8k_ver1_vs_gpqa_ver1,1,1,1,2.277407,,2.277407
16,24,gpqa_orgn_vs_gpqa_ver1,1,1,1,2.04941,,2.04941
16,24,gsm8k_orgn_vs_gpqa_orgn,1,1,1,2.044465,,2.044465
16,24,gsm8k_orgn_vs_gpqa_ver1,1,1,1,2.009764,,2.009764
16,24,gsm8k_orgn_vs_gsm8k_ver1,1,1,1,1.657018,,1.657018
16,24,gsm8k_ver1_vs_gpqa_orgn,1,1,1,2.01801,,2.01801
16,24,gsm8k_ver1_vs_gpqa_ver1,1,1,1,1.980469,,1.980469
16,25,gpqa_orgn_vs_gpqa_ver1,1,1,1,2.683684,,2.683684
16,25,gsm8k_orgn_vs_gpqa_orgn,1,1,1,2.563037,,2.563037
16,25,gsm8k_orgn_vs_gpqa_ver1,1,1,1,2.556474,,2.556474
16,25,gsm8k_orgn_vs_gsm8k_ver1,1,1,1,2.076811,,2.076811
16,25,gsm8k_ver1_vs_gpqa_orgn,1,1,1,2.444272,,2.444272
16,25,gsm8k_ver1_vs_gpqa_ver1,1,1,1,2.434402,,2.434402
16,26,gpqa_orgn_vs_gpqa_ver1,1,1,1,2.598766,,2.598766
16,26,gsm8k_orgn_vs_gpqa_orgn,1,1,1,2.7897,,2.7897
16,26,gsm8k_orgn_vs_gpqa_ver1,1,1,1,2.705994,,2.705994
16,26,gsm8k_orgn_vs_gsm8k_ver1,1,1,1,2.660581,,2.660581
16,26,gsm8k_ver1_vs_gpqa_orgn,1,1,1,2.691323,,2.691323
16,26,gsm8k_ver1_vs_gpqa_ver1,1,1,1,2.602511,,2.602511
16,27,gpqa_orgn_vs_gpqa_ver1,1,1,1,3.022951,,3.022951
16,27,gsm8k_orgn_vs_gpqa_orgn,1,1,1,2.658712,,2.658712
16,27,gsm8k_orgn_vs_gpqa_ver1,1,1,1,2.830297,,2.830297
16,27,gsm8k_orgn_vs_gsm8k_ver1,1,1,1,2.166376,,2.166376
16,27,gsm8k_ver1_vs_gpqa_orgn,1,1,1,2.486329,,2.486329
16,27,gsm8k_ver1_vs_gpqa_ver1,1,1,1,2.6647,,2.6647
16,28,gpqa_orgn_vs_gpqa_ver1,1,1,1,2.746251,,2.746251
16,28,gsm8k_orgn_vs_gpqa_orgn,1,1,1,2.856429,,2.856429
16,28,gsm8k_orgn_vs_gpqa_ver1,1,1,1,2.913802,,2.913802
16,28,gsm8k_orgn_vs_gsm8k_ver1,1,1,1,2.826335,,2.826335
16,28,gsm8k_ver1_vs_gpqa_orgn,1,1,1,2.883362,,2.883362
16,28,gsm8k_ver1_vs_gpqa_ver1,1,1,1,2.939864,,2.939864
16,29,gpqa_orgn_vs_gpqa_ver1,1,1,1,2.017201,,2.017201
16,29,gsm8k_orgn_vs_gpqa_orgn,1,1,1,1.969409,,1.969409
16,29,gsm8k_orgn_vs_gpqa_ver1,1,1,1,2.027069,,2.027069
16,29,gsm8k_orgn_vs_gsm8k_ver1,1,1,1,1.875949,,1.875949
16,29,gsm8k_ver1_vs_gpqa_orgn,1,1,1,1.976754,,1.976754
16,29,gsm8k_ver1_vs_gpqa_ver1,1,1,1,2.033019,,2.033019
16,30,gpqa_orgn_vs_gpqa_ver1,1,1,1,1.846293,,1.846293
16,30,gsm8k_orgn_vs_gpqa_orgn,1,1,1,1.82062,,1.82062
16,30,gsm8k_orgn_vs_gpqa_ver1,1,1,1,1.91528,,1.91528
16,30,gsm8k_orgn_vs_gsm8k_ver1,1,1,1,1.842499,,1.842499
16,30,gsm8k_ver1_vs_gpqa_orgn,1,1,1,1.869293,,1.869293
16,30,gsm8k_ver1_vs_gpqa_ver1,1,1,1,1.960234,,1.960234
16,31,gpqa_orgn_vs_gpqa_ver1,1,1,1,1.169726,,1.169726
16,31,gsm8k_orgn_vs_gpqa_orgn,1,1,1,1.238875,,1.238875
16,31,gsm8k_orgn_vs_gpqa_ver1,1,1,1,1.260278,,1.260278
16,31,gsm8k_orgn_vs_gsm8k_ver1,1,1,1,1.287076,,1.287076
16,31,gsm8k_ver1_vs_gpqa_orgn,1,1,1,1.235537,,1.235537
16,31,gsm8k_ver1_vs_gpqa_ver1,1,1,1,1.256402,,1.256402
16,32,gpqa_orgn_vs_gpqa_ver1,1,1,1,1.919865,,1.919865
16,32,gsm8k_orgn_vs_gpqa_orgn,1,1,1,1.98583,,1.98583
16,32,gsm8k_orgn_vs_gpqa_ver1,1,1,1,1.907547,,1.907547
16,32,gsm8k_orgn_vs_gsm8k_ver1,1,1,1,1.996773,,1.996773
16,32,gsm8k_ver1_vs_gpqa_orgn,1,1,1,2.048241,,2.048241
16,32,gsm8k_ver1_vs_gpqa_ver1,1,1,1,1.969055,,1.969055
16,33,gpqa_orgn_vs_gpqa_ver1,1,1,1,2.263891,,2.263891
16,33,gsm8k_orgn_vs_gpqa_orgn,1,1,1,2.385676,,2.385676
16,33,gsm8k_orgn_vs_gpqa_ver1,1,1,1,2.356009,,2.356009
16,33,gsm8k_orgn_vs_gsm8k_ver1,1,1,1,2.304353,,2.304353
16,33,gsm8k_ver1_vs_gpqa_orgn,1,1,1,2.340528,,2.340528
16,33,gsm8k_ver1_vs_gpqa_ver1,1,1,1,2.307737,,2.307737
16,34,gpqa_orgn_vs_gpqa_ver1,1,1,1,1.509932,,1.509932
16,34,gsm8k_orgn_vs_gpqa_orgn,1,1,1,1.461929,,1.461929
16,34,gsm8k_orgn_vs_gpqa_ver1,1,1,1,1.495489,,1.495489
16,34,gsm8k_orgn_vs_gsm8k_ver1,1,1,1,1.408966,,1.408966
16,34,gsm8k_ver1_vs_gpqa_orgn,1,1,1,1.488788,,1.488788
16,34,gsm8k_ver1_vs_gpqa_ver1,1,1,1,1.520871,,1.520871
16,35,gpqa_orgn_vs_gpqa_ver1,1,1,1,0.762157,,0.762157
16,35,gsm8k_orgn_vs_gpqa_orgn,1,1,1,0.491875,,0.491875
16,35,gsm8k_orgn_vs_gpqa_ver1,1,1,1,0.617277,,0.617277
16,35,gsm8k_orgn_vs_gsm8k_ver1,1,1,1,0.407277,,0.407277
16,35,gsm8k_ver1_vs_gpqa_orgn,1,1,1,0.570122,,0.570122
16,35,gsm8k_ver1_vs_gpqa_ver1,1,1,1,0.693961,,0.693961
16,36,gpqa_orgn_vs_gpqa_ver1,1,1,1,3.192321,,3.192321
16,36,gsm8k_orgn_vs_gpqa_orgn,1,1,1,2.728293,,2.728293
16,36,gsm8k_orgn_vs_gpqa_ver1,1,1,1,2.874607,,2.874607
16,36,gsm8k_orgn_vs_gsm8k_ver1,1,1,1,2.327415,,2.327415
16,36,gsm8k_ver1_vs_gpqa_orgn,1,1,1,2.832593,,2.832593
16,36,gsm8k_ver1_vs_gpqa_ver1,1,1,1,2.973791,,2.973791
16,37,gpqa_orgn_vs_gpqa_ver1,1,1,1,4.225739,,4.225739
16,37,gsm8k_orgn_vs_gpqa_orgn,1,1,1,3.625676,,3.625676
16,37,gsm8k_orgn_vs_gpqa_ver1,1,1,1,3.769769,,3.769769
16,37,gsm8k_orgn_vs_gsm8k_ver1,1,1,1,3.009152,,3.009152
16,37,gsm8k_ver1_vs_gpqa_orgn,1,1,1,3.698329,,3.698329
16,37,gsm8k_ver1_vs_gpqa_ver1,1,1,1,3.840384,,3.840384
16,38,gpqa_orgn_vs_gpqa_ver1,1,1,1,2.60184,,2.60184
16,38,gsm8k_orgn_vs_gpqa_orgn,1,1,1,2.425356,,2.425356
16,38,gsm8k_orgn_vs_gpqa_ver1,1,1,1,2.405083,,2.405083
16,38,gsm8k_orgn_vs_gsm8k_ver1,1,1,1,2.012597,,2.012597
16,38,gsm8k_ver1_vs_gpqa_orgn,1,1,1,2.456063,,2.456063
16,38,gsm8k_ver1_vs_gpqa_ver1,1,1,1,2.432752,,2.432752
16,39,gpqa_orgn_vs_gpqa_ver1,1,1,1,2.463953,,2.463953
16,39,gsm8k_orgn_vs_gpqa_orgn,1,1,1,2.122588,,2.122588
16,39,gsm8k_orgn_vs_gpqa_ver1,1,1,1,2.172143,,2.172143
16,39,gsm8k_orgn_vs_gsm8k_ver1,1,1,1,1.874142,,1.874142
16,39,gsm8k_ver1_vs_gpqa_orgn,1,1,1,2.271296,,2.271296
16,39,gsm8k_ver1_vs_gpqa_ver1,1,1,1,2.31726,,2.31726
17,0,gpqa_orgn_vs_gpqa_ver1,1,1,1,4.207596,,4.207596
17,0,gsm8k_orgn_vs_gpqa_orgn,1,1,1,3.830672,,3.830672
17,0,gsm8k_orgn_vs_gpqa_ver1,1,1,1,3.88438,,3.88438
17,0,gsm8k_orgn_vs_gsm8k_ver1,1,1,1,3.292479,,3.292479
17,0,gsm8k_ver1_vs_gpqa_orgn,1,1,1,3.872731,,3.872731
17,0,gsm8k_ver1_vs_gpqa_ver1,1,1,1,3.921416,,3.921416
17,1,gpqa_orgn_vs_gpqa_ver1,1,1,1,3.573404,,3.573404
17,1,gsm8k_orgn_vs_gpqa_orgn,1,1,1,3.428618,,3.428618
17,1,gsm8k_orgn_vs_gpqa_ver1,1,1,1,3.396894,,3.396894
17,1,gsm8k_orgn_vs_gsm8k_ver1,1,1,1,3.108462,,3.108462
17,1,gsm8k_ver1_vs_gpqa_orgn,1,1,1,3.521958,,3.521958
17,1,gsm8k_ver1_vs_gpqa_ver1,1,1,1,3.490407,,3.490407
17,2,gpqa_orgn_vs_gpqa_ver1,1,1,1,3.066789,,3.066789
17,2,gsm8k_orgn_vs_gpqa_orgn,1,1,1,3.005214,,3.005214
17,2,gsm8k_orgn_vs_gpqa_ver1,1,1,1,2.988429,,2.988429
17,2,gsm8k_orgn_vs_gsm8k_ver1,1,1,1,2.554688,,2.554688
17,2,gsm8k_ver1_vs_gpqa_orgn,1,1,1,2.958597,,2.958597
17,2,gsm8k_ver1_vs_gpqa_ver1,1,1,1,2.931186,,2.931186
17,3,gpqa_orgn_vs_gpqa_ver1,1,1,1,2.733149,,2.733149
17,3,gsm8k_orgn_vs_gpqa_orgn,1,1,1,2.612103,,2.612103
17,3,gsm8k_orgn_vs_gpqa_ver1,1,1,1,2.646271,,2.646271
17,3,gsm8k_orgn_vs_gsm8k_ver1,1,1,1,2.317249,,2.317249
17,3,gsm8k_ver1_vs_gpqa_orgn,1,1,1,2.648617,,2.648617
17,3,gsm8k_ver1_vs_gpqa_ver1,1,1,1,2.678775,,2.678775
17,4,gpqa_orgn_vs_gpqa_ver1,1,1,1,3.204177,,3.204177
17,4,gsm8k_orgn_vs_gpqa_orgn,1,1,1,3.018752,,3.018752
17,4,gsm8k_orgn_vs_gpqa_ver1,1,1,1,3.017336,,3.017336
17,4,gsm8k_orgn_vs_gsm8k_ver1,1,1,1,2.620224,,2.620224
17,4,gsm8k_ver1_vs_gpqa_orgn,1,1,1,3.085998,,3.085998
17,4,gsm8k_ver1_vs_gpqa_ver1,1,1,1,3.080315,,3.080315
17,5,gpqa_orgn_vs_gpqa_ver1,1,1,1,2.257877,,2.257877
17,5,gsm8k_orgn_vs_gpqa_orgn,1,1,1,2.005107,,2.005107
17,5,gsm8k_orgn_vs_gpqa_ver1,1,1,1,1.894202,,1.894202
17,5,gsm8k_orgn_vs_gsm8k_ver1,1,1,1,1.58877,,1.58877
17,5,gsm8k_ver1_vs_gpqa_orgn,1,1,1,2.02625,,2.02625
17,5,gsm8k_ver1_vs_gpqa_ver1,1,1,1,1.900172,,1.900172
17,6,gpqa_orgn_vs_gpqa_ver1,1,1,1,1.73612,,1.73612
17,6,gsm8k_orgn_vs_gpqa_orgn,1,1,1,1.321555,,1.321555
17,6,gsm8k_orgn_vs_gpqa_ver1,1,1,1,1.397467,,1.397467
17,6,gsm8k_orgn_vs_gsm8k_ver1,1,1,1,0.837626,,0.837626
17,6,gsm8k_ver1_vs_gpqa_orgn,1,1,1,1.301476,,1.301476
17,6,gsm8k_ver1_vs_gpqa_ver1,1,1,1,1.369285,,1.369285
17,7,gpqa_orgn_vs_gpqa_ver1,1,1,1,0.917528,,0.917528
17,7,gsm8k_orgn_vs_gpqa_orgn,1,1,1,0.529096,,0.529096
17,7,gsm8k_orgn_vs_gpqa_ver1,1,1,1,0.550172,,0.550172
17,7,gsm8k_orgn_vs_gsm8k_ver1,1,1,1,0.106797,,0.106797
17,7,gsm8k_ver1_vs_gpqa_orgn,1,1,1,0.524437,,0.524437
17,7,gsm8k_ver1_vs_gpqa_ver1,1,1,1,0.545036,,0.545036
17,8,gpqa_orgn_vs_gpqa_ver1,1,1,1,2.723062,,2.723062
17,8,gsm8k_orgn_vs_gpqa_orgn,1,1,1,2.085842,,2.085842
17,8,gsm8k_orgn_vs_gpqa_ver1,1,1,1,2.256009,,2.256009
17,8,gsm8k_orgn_vs_gsm8k_ver1,1,1,1,1.523447,,1.523447
17,8,gsm8k_ver1_vs_gpqa_orgn,1,1,1,2.132202,,2.132202
17,8,gsm8k_ver1_vs_gpqa_ver1,1,1,1,2.281034,,2.281034
17,9,gpqa_orgn_vs_gpqa_ver1,1,1,1,2.550823,,2.550823
17,9,gsm8k_orgn_vs_gpqa_orgn,1,1,1,2.012667,,2.012667
17,9,gsm8k_orgn_vs_gpqa_ver1,1,1,1,2.129351,,2.129351
17,9,gsm8k_orgn_vs_gsm8k_ver1,1,1,1,1.546441,,1.546441
17,9,gsm8k_ver1_vs_gpqa_orgn,1,1,1,2.058056,,2.058056
17,9,gsm8k_ver1_vs_gpqa_ver1,1,1,1,2.164774,,2.164774
17,10,gpqa_orgn_vs_gpqa_ver1,1,1,1,2.138337,,2.138337
17,10,gsm8k_orgn_vs_gpqa_orgn,1,1,1,2.206259,,2.206259
17,10,gsm8k_orgn_vs_gpqa_ver1,1,1,1,2.193125,,2.193125
17,10,gsm8k_orgn_vs_gsm8k_ver1,1,1,1,2.156131,,2.156131
17,10,gsm8k_ver1_vs_gpqa_orgn,1,1,1,2.217861,,2.217861
17,10,gsm8k_ver1_vs_gpqa_ver1,1,1,1,2.201799,,2.201799
17,11,gpqa_orgn_vs_gpqa_ver1,1,1,1,1.650231,,1.650231
17,11,gsm8k_orgn_vs_gpqa_orgn,1,1,1,1.467113,,1.467113
17,11,gsm8k_orgn_vs_gpqa_ver1,1,1,1,1.520269,,1.520269
17,11,gsm8k_orgn_vs_gsm8k_ver1,1,1,1,1.246946,,1.246946
17,11,gsm8k_ver1_vs_gpqa_orgn,1,1,1,1.477479,,1.477479
17,11,gsm8k_ver1_vs_gpqa_ver1,1,1,1,1.527083,,1.527083
17,12,gpqa_orgn_vs_gpqa_ver1,1,1,1,2.457285,,2.457285
17,12,gsm8k_orgn_vs_gpqa_orgn,1,1,1,2.244121,,2.244121
17,12,gsm8k_orgn_vs_gpqa_ver1,1,1,1,2.331427,,2.331427
17,12,gsm8k_orgn_vs_gsm8k_ver1,1,1,1,2.059385,,2.059385
17,12,gsm8k_ver1_vs_gpqa_orgn,1,1,1,2.316896,,2.316896
17,12,gsm8k_ver1_vs_gpqa_ver1,1,1,1,2.397909,,2.397909
17,13,gpqa_orgn_vs_gpqa_ver1,1,1,1,2.474892,,2.474892
17,13,gsm8k_orgn_vs_gpqa_orgn,1,1,1,2.479283,,2.479283
17,13,gsm8k_orgn_vs_gpqa_ver1,1,1,1,2.521861,,2.521861
17,13,gsm8k_orgn_vs_gsm8k_ver1,1,1,1,2.418756,,2.418756
17,13,gsm8k_ver1_vs_gpqa_orgn,1,1,1,2.518887,,2.518887
17,13,gsm8k_ver1_vs_gpqa_ver1,1,1,1,2.551393,,2.551393
17,14,gpqa_orgn_vs_gpqa_ver1,1,1,1,2.315354,,2.315354
17,14,gsm8k_orgn_vs_gpqa_orgn,1,1,1,2.332399,,2.332399
17,14,gsm8k_orgn_vs_gpqa_ver1,1,1,1,2.244925,,2.244925
17,14,gsm8k_orgn_vs_gsm8k_ver1,1,1,1,2.311134,,2.311134
17,14,gsm8k_ver1_vs_gpqa_orgn,1,1,1,2.449439,,2.449439
17,14,gsm8k_ver1_vs_gpqa_ver1,1,1,1,2.364234,,2.364234
17,15,gpqa_orgn_vs_gpqa_ver1,1,1,1,2.177994,,2.177994
17,15,gsm8k_orgn_vs_gpqa_orgn,1,1,1,2.653996,,2.653996
17,15,gsm8k_orgn_vs_gpqa_ver1,1,1,1,2.713539,,2.713539
17,15,gsm8k_orgn_vs_gsm8k_ver1,1,1,1,2.08466,,2.08466
17,15,gsm8k_ver1_vs_gpqa_orgn,1,1,1,2.788923,,2.788923
17,15,gsm8k_ver1_vs_gpqa_ver1,1,1,1,2.727891,,2.727891
17,16,gpqa_orgn_vs_gpqa_ver1,1,1,1,0.585367,,0.585367
17,16,gsm8k_orgn_vs_gpqa_orgn,1,1,1,0.643578,,0.643578
17,16,gsm8k_orgn_vs_gpqa_ver1,1,1,1,0.612552,,0.612552
17,16,gsm8k_orgn_vs_gsm8k_ver1,1,1,1,0.533861,,0.533861
17,16,gsm8k_ver1_vs_gpqa_orgn,1,1,1,0.544715,,0.544715
17,16,gsm8k_ver1_vs_gpqa_ver1,1,1,1,0.504073,,0.504073
17,17,gpqa_orgn_vs_gpqa_ver1,1,1,1,2.232229,,2.232229
17,17,gsm8k_orgn_vs_gpqa_orgn,1,1,1,2.217578,,2.217578
17,17,gsm8k_orgn_vs_gpqa_ver1,1,1,1,2.287421,,2.287421
17,17,gsm8k_orgn_vs_gsm8k_ver1,1,1,1,1.684601,,1.684601
17,17,gsm8k_ver1_vs_gpqa_orgn,1,1,1,2.297164,,2.297164
17,17,gsm8k_ver1_vs_gpqa_ver1,1,1,1,2.263279,,2.263279
17,18,gpqa_orgn_vs_gpqa_ver1,1,1,1,2.253882,,2.253882
17,18,gsm8k_orgn_vs_gpqa_orgn,1,1,1,2.339569,,2.339569
17,18,gsm8k_orgn_vs_gpqa_ver1,1,1,1,2.28402,,2.28402
17,18,gsm8k_orgn_vs_gsm8k_ver1,1,1,1,1.838758,,1.838758
17,18,gsm8k_ver1_vs_gpqa_orgn,1,1,1,2.307469,,2.307469
17,18,gsm8k_ver1_vs_gpqa_ver1,1,1,1,2.19914,,2.19914
17,19,gpqa_orgn_vs_gpqa_ver1,1,1,1,3.412162,,3.412162
17,19,gsm8k_orgn_vs_gpqa_orgn,1,1,1,3.559639,,3.559639
17,19,gsm8k_orgn_vs_gpqa_ver1,1,1,1,3.605793,,3.605793
17,19,gsm8k_orgn_vs_gsm8k_ver1,1,1,1,3.222338,,3.222338
17,19,gsm8k_ver1_vs_gpqa_orgn,1,1,1,3.650977,,3.650977
17,19,gsm8k_ver1_vs_gpqa_ver1,1,1,1,3.645669,,3.645669
17,20,gpqa_orgn_vs_gpqa_ver1,1,1,1,3.763517,,3.763517
17,20,gsm8k_orgn_vs_gpqa_orgn,1,1,1,3.534491,,3.534491
17,20,gsm8k_orgn_vs_gpqa_ver1,1,1,1,3.545349,,3.545349
17,20,gsm8k_orgn_vs_gsm8k_ver1,1,1,1,3.103722,,3.103722
17,20,gsm8k_ver1_vs_gpqa_orgn,1,1,1,3.466408,,3.466408
17,20,gsm8k_ver1_vs_gpqa_ver1,1,1,1,3.473868,,3.473868
17,21,gpqa_orgn_vs_gpqa_ver1,1,1,1,2.926136,,2.926136
17,21,gsm8k_orgn_vs_gpqa_orgn,1,1,1,2.734393,,2.734393
17,21,gsm8k_orgn_vs_gpqa_ver1,1,1,1,2.790808,,2.790808
17,21,gsm8k_orgn_vs_gsm8k_ver1,1,1,1,2.620496,,2.620496
17,21,gsm8k_ver1_vs_gpqa_orgn,1,1,1,2.854222,,2.854222
17,21,gsm8k_ver1_vs_gpqa_ver1,1,1,1,2.905174,,2.905174
17,22,gpqa_orgn_vs_gpqa_ver1,1,1,1,3.621502,,3.621502
17,22,gsm8k_orgn_vs_gpqa_orgn,1,1,1,3.386462,,3.386462
17,22,gsm8k_orgn_vs_gpqa_ver1,1,1,1,3.15086,,3.15086
17,22,gsm8k_orgn_vs_gsm8k_ver1,1,1,1,2.850776,,2.850776
17,22,gsm8k_ver1_vs_gpqa_orgn,1,1,1,3.411576,,3.411576
17,22,gsm8k_ver1_vs_gpqa_ver1,1,1,1,3.174333,,3.174333
17,23,gpqa_orgn_vs_gpqa_ver1,1,1,1,3.174414,,3.174414
17,23,gsm8k_orgn_vs_gpqa_orgn,1,1,1,2.977363,,2.977363
17,23,gsm8k_orgn_vs_gpqa_ver1,1,1,1,2.933656,,2.933656
17,23,gsm8k_orgn_vs_gsm8k_ver1,1,1,1,2.781269,,2.781269
17,23,gsm8k_ver1_vs_gpqa_orgn,1,1,1,3.102953,,3.102953
17,23,gsm8k_ver1_vs_gpqa_ver1,1,1,1,3.055678,,3.055678
17,24,gpqa_orgn_vs_gpqa_ver1,1,1,1,3.288534,,3.288534
17,24,gsm8k_orgn_vs_gpqa_orgn,1,1,1,3.102768,,3.102768
17,24,gsm8k_orgn_vs_gpqa_ver1,1,1,1,3.109194,,3.109194
17,24,gsm8k_orgn_vs_gsm8k_ver1,1,1,1,2.859701,,2.859701
17,24,gsm8k_ver1_vs_gpqa_orgn,1,1,1,3.157037,,3.157037
17,24,gsm8k_ver1_vs_gpqa_ver1,1,1,1,3.15884,,3.15884
17,25,gpqa_orgn_vs_gpqa_ver1,1,1,1,1.343007,,1.343007
17,25,gsm8k_orgn_vs_gpqa_orgn,1,1,1,1.370982,,1.370982
17,25,gsm8k_orgn_vs_gpqa_ver1,1,1,1,1.379343,,1.379343
17,25,gsm8k_orgn_vs_gsm8k_ver1,1,1,1,1.418178,,1.418178
17,25,gsm8k_ver1_vs_gpqa_orgn,1,1,1,1.488446,,1.488446
17,25,gsm8k_ver1_vs_gpqa_ver1,1,1,1,1.455862,,1.455862
17,26,gpqa_orgn_vs_gpqa_ver1,1,1,1,2.924289,,2.924289
17,26,gsm8k_orgn_vs_gpqa_orgn,1,1,1,2.498935,,2.498935
17,26,gsm8k_orgn_vs_gpqa_ver1,1,1,1,2.560292,,2.560292
17,26,gsm8k_orgn_vs_gsm8k_ver1,1,1,1,1.998043,,1.998043
17,26,gsm8k_ver1_vs_gpqa_orgn,1,1,1,2.529483,,2.529483
17,26,gsm8k_ver1_vs_gpqa_ver1,1,1,1,2.576118,,2.576118
17,27,gpqa_orgn_vs_gpqa_ver1,1,1,1,1.38387,,1.38387
17,27,gsm8k_orgn_vs_gpqa_orgn,1,1,1,1.349931,,1.349931
17,27,gsm8k_orgn_vs_gpqa_ver1,1,1,1,1.298019,,1.298019
17,27,gsm8k_orgn_vs_gsm8k_ver1,1,1,1,1.161242,,1.161242
17,27,gsm8k_ver1_vs_gpqa_orgn,1,1,1,1.388571,,1.388571
17,27,gsm8k_ver1_vs_gpqa_ver1,1,1,1,1.291314,,1.291314
17,28,gpqa_orgn_vs_gpqa_ver1,1,1,1,2.867557,,2.867557
17,28,gsm8k_orgn_vs_gpqa_orgn,1,1,1,2.694042,,2.694042
17,28,gsm8k_orgn_vs_gpqa_ver1,1,1,1,2.665152,,2.665152
17,28,gsm8k_orgn_vs_gsm8k_ver1,1,1,1,2.44419,,2.44419
17,28,gsm8k_ver1_vs_gpqa_orgn,1,1,1,2.745175,,2.745175
17,28,gsm8k_ver1_vs_gpqa_ver1,1,1,1,2.684358,,2.684358
17,29,gpqa_orgn_vs_gpqa_ver1,1,1,1,1.74863,,1.74863
17,29,gsm8k_orgn_vs_gpqa_orgn,1,1,1,1.410359,,1.410359
17,29,gsm8k_orgn_vs_gpqa_ver1,1,1,1,1.477268,,1.477268
17,29,gsm8k_orgn_vs_gsm8k_ver1,1,1,1,1.022731,,1.022731
17,29,gsm8k_ver1_vs_gpqa_orgn,1,1,1,1.453458,,1.453458
17,29,gsm8k_ver1_vs_gpqa_ver1,1,1,1,1.504278,,1.504278
17,30,gpqa_orgn_vs_gpqa_ver1,1,1,1,3.618943,,3.618943
17,30,gsm8k_orgn_vs_gpqa_orgn,1,1,1,3.259755,,3.259755
17,30,gsm8k_orgn_vs_gpqa_ver1,1,1,1,3.293715,,3.293715
17,30,gsm8k_orgn_vs_gsm8k_ver1,1,1,1,2.347102,,2.347102
17,30,gsm8k_ver1_vs_gpqa_orgn,1,1,1,3.193471,,3.193471
17,30,gsm8k_ver1_vs_gpqa_ver1,1,1,1,3.223592,,3.223592
17,31,gpqa_orgn_vs_gpqa_ver1,1,1,1,2.761471,,2.761471
17,31,gsm8k_orgn_vs_gpqa_orgn,1,1,1,2.919488,,2.919488
17,31,gsm8k_orgn_vs_gpqa_ver1,1,1,1,2.929175,,2.929175
17,31,gsm8k_orgn_vs_gsm8k_ver1,1,1,1,2.667538,,2.667538
17,31,gsm8k_ver1_vs_gpqa_orgn,1,1,1,2.992029,,2.992029
17,31,gsm8k_ver1_vs_gpqa_ver1,1,1,1,2.999356,,2.999356
17,32,gpqa_orgn_vs_gpqa_ver1,1,1,1,3.975401,,3.975401
17,32,gsm8k_orgn_vs_gpqa_orgn,1,1,1,4.110734,,4.110734
17,32,gsm8k_orgn_vs_gpqa_ver1,1,1,1,4.093902,,4.093902
17,32,gsm8k_orgn_vs_gsm8k_ver1,1,1,1,3.467658,,3.467658
17,32,gsm8k_ver1_vs_gpqa_orgn,1,1,1,4.168057,,4.168057
17,32,gsm8k_ver1_vs_gpqa_ver1,1,1,1,4.146535,,4.146535
17,33,gpqa_orgn_vs_gpqa_ver1,1,1,1,2.896978,,2.896978
17,33,gsm8k_orgn_vs_gpqa_orgn,1,1,1,3.021277,,3.021277
17,33,gsm8k_orgn_vs_gpqa_ver1,1,1,1,3.101509,,3.101509
17,33,gsm8k_orgn_vs_gsm8k_ver1,1,1,1,2.743097,,2.743097
17,33,gsm8k_ver1_vs_gpqa_orgn,1,1,1,3.210412,,3.210412
17,33,gsm8k_ver1_vs_gpqa_ver1,1,1,1,3.282734,,3.282734
17,34,gpqa_orgn_vs_gpqa_ver1,1,1,1,4.482601,,4.482601
17,34,gsm8k_orgn_vs_gpqa_orgn,1,1,1,4.931356,,4.931356
17,34,gsm8k_orgn_vs_gpqa_ver1,1,1,1,4.993634,,4.993634
17,34,gsm8k_orgn_vs_gsm8k_ver1,1,1,1,4.348382,,4.348382
17,34,gsm8k_ver1_vs_gpqa_orgn,1,1,1,4.960058,,4.960058
17,34,gsm8k_ver1_vs_gpqa_ver1,1,1,1,5.014618,,5.014618
17,35,gpqa_orgn_vs_gpqa_ver1,1,1,1,2.57448,,2.57448
17,35,gsm8k_orgn_vs_gpqa_orgn,1,1,1,2.515555,,2.515555
17,35,gsm8k_orgn_vs_gpqa_ver1,1,1,1,2.536113,,2.536113
17,35,gsm8k_orgn_vs_gsm8k_ver1,1,1,1,2.238748,,2.238748
17,35,gsm8k_ver1_vs_gpqa_orgn,1,1,1,2.510134,,2.510134
17,35,gsm8k_ver1_vs_gpqa_ver1,1,1,1,2.526482,,2.526482
17,36,gpqa_orgn_vs_gpqa_ver1,1,1,1,2.745742,,2.745742
17,36,gsm8k_orgn_vs_gpqa_orgn,1,1,1,2.396048,,2.396048
17,36,gsm8k_orgn_vs_gpqa_ver1,1,1,1,2.456911,,2.456911
17,36,gsm8k_orgn_vs_gsm8k_ver1,1,1,1,1.848486,,1.848486
17,36,gsm8k_ver1_vs_gpqa_orgn,1,1,1,2.373886,,2.373886
17,36,gsm8k_ver1_vs_gpqa_ver1,1,1,1,2.429811,,2.429811
17,37,gpqa_orgn_vs_gpqa_ver1,1,1,1,2.431401,,2.431401
17,37,gsm8k_orgn_vs_gpqa_orgn,1,1,1,2.526594,,2.526594
17,37,gsm8k_orgn_vs_gpqa_ver1,1,1,1,2.6097,,2.6097
17,37,gsm8k_orgn_vs_gsm8k_ver1,1,1,1,2.543101,,2.543101
17,37,gsm8k_ver1_vs_gpqa_orgn,1,1,1,2.50238,,2.50238
17,37,gsm8k_ver1_vs_gpqa_ver1,1,1,1,2.583949,,2.583949
17,38,gpqa_orgn_vs_gpqa_ver1,1,1,1,3.395721,,3.395721
17,38,gsm8k_orgn_vs_gpqa_orgn,1,1,1,3.167934,,3.167934
17,38,gsm8k_orgn_vs_gpqa_ver1,1,1,1,3.186079,,3.186079
17,38,gsm8k_orgn_vs_gsm8k_ver1,1,1,1,2.716008,,2.716008
17,38,gsm8k_ver1_vs_gpqa_orgn,1,1,1,3.169779,,3.169779
17,38,gsm8k_ver1_vs_gpqa_ver1,1,1,1,3.182846,,3.182846
17,39,gpqa_orgn_vs_gpqa_ver1,1,1,1,2.587679,,2.587679
17,39,gsm8k_orgn_vs_gpqa_orgn,1,1,1,2.621259,,2.621259
17,39,gsm8k_orgn_vs_gpqa_ver1,1,1,1,2.644385,,2.644385
17,39,gsm8k_orgn_vs_gsm8k_ver1,1,1,1,2.575115,,2.575115
17,39,gsm8k_ver1_vs_gpqa_orgn,1,1,1,2.648267,,2.648267
17,39,gsm8k_ver1_vs_gpqa_ver1,1,1,1,2.666803,,2.666803
18,0,gpqa_orgn_vs_gpqa_ver1,1,1,1,0.390538,,0.390538
18,0,gsm8k_orgn_vs_gpqa_orgn,1,1,1,0.298044,,0.298044
18,0,gsm8k_orgn_vs_gpqa_ver1,1,1,1,0.270092,,0.270092
18,0,gsm8k_orgn_vs_gsm8k_ver1,1,1,1,0.155183,,0.155183
18,0,gsm8k_ver1_vs_gpqa_orgn,1,1,1,0.290419,,0.290419
18,0,gsm8k_ver1_vs_gpqa_ver1,1,1,1,0.26221,,0.26221
18,1,gpqa_orgn_vs_gpqa_ver1,1,1,1,2.451727,,2.451727
18,1,gsm8k_orgn_vs_gpqa_orgn,1,1,1,1.990373,,1.990373
18,1,gsm8k_orgn_vs_gpqa_ver1,1,1,1,1.934082,,1.934082
18,1,gsm8k_orgn_vs_gsm8k_ver1,1,1,1,1.366086,,1.366086
18,1,gsm8k_ver1_vs_gpqa_orgn,1,1,1,2.033148,,2.033148
18,1,gsm8k_ver1_vs_gpqa_ver1,1,1,1,1.972053,,1.972053
18,2,gpqa_orgn_vs_gpqa_ver1,1,1,1,2.64848,,2.64848
18,2,gsm8k_orgn_vs_gpqa_orgn,1,1,1,2.547526,,2.547526
18,2,gsm8k_orgn_vs_gpqa_ver1,1,1,1,2.504332,,2.504332
18,2,gsm8k_orgn_vs_gsm8k_ver1,1,1,1,2.017232,,2.017232
18,2,gsm8k_ver1_vs_gpqa_orgn,1,1,1,2.545929,,2.545929
18,2,gsm8k_ver1_vs_gpqa_ver1,1,1,1,2.482616,,2.482616
18,3,gpqa_orgn_vs_gpqa_ver1,1,1,1,3.358741,,3.358741
18,3,gsm8k_orgn_vs_gpqa_orgn,1,1,1,3.076855,,3.076855
18,3,gsm8k_orgn_vs_gpqa_ver1,1,1,1,3.073286,,3.073286
18,3,gsm8k_orgn_vs_gsm8k_ver1,1,1,1,2.616665,,2.616665
18,3,gsm8k_ver1_vs_gpqa_orgn,1,1,1,3.108461,,3.108461
18,3,gsm8k_ver1_vs_gpqa_ver1,1,1,1,3.097806,,3.097806
18,4,gpqa_orgn_vs_gpqa_ver1,1,1,1,5.014515,,5.014515
18,4,gsm8k_orgn_vs_gpqa_orgn,1,1,1,4.645338,,4.645338
18,4,gsm8k_orgn_vs_gpqa_ver1,1,1,1,4.667821,,4.667821
18,4,gsm8k_orgn_vs_gsm8k_ver1,1,1,1,3.876167,,3.876167
18,4,gsm8k_ver1_vs_gpqa_orgn,1,1,1,4.67079,,4.67079
18,4,gsm8k_ver1_vs_gpqa_ver1,1,1,1,4.676599,,4.676599
18,5,gpqa_orgn_vs_gpqa_ver1,1,1,1,2.560204,,2.560204
18,5,gsm8k_orgn_vs_gpqa_orgn,1,1,1,2.547841,,2.547841
18,5,gsm8k_orgn_vs_gpqa_ver1,1,1,1,2.574894,,2.574894
18,5,gsm8k_orgn_vs_gsm8k_ver1,1,1,1,2.453848,,2.453848
18,5,gsm8k_ver1_vs_gpqa_orgn,1,1,1,2.717203,,2.717203
18,5,gsm8k_ver1_vs_gpqa_ver1,1,1,1,2.631372,,2.631372
18,6,gpqa_orgn_vs_gpqa_ver1,1,1,1,2.176268,,2.176268
18,6,gsm8k_orgn_vs_gpqa_orgn,1,1,1,2.069662,,2.069662
18,6,gsm8k_orgn_vs_gpqa_ver1,1,1,1,2.063051,,2.063051
18,6,gsm8k_orgn_vs_gsm8k_ver1,1,1,1,1.722992,,1.722992
18,6,gsm8k_ver1_vs_gpqa_orgn,1,1,1,2.110206,,2.110206
18,6,gsm8k_ver1_vs_gpqa_ver1,1,1,1,2.023758,,2.023758
18,7,gpqa_orgn_vs_gpqa_ver1,1,1,1,1.861119,,1.861119
18,7,gsm8k_orgn_vs_gpqa_orgn,1,1,1,2.06108,,2.06108
18,7,gsm8k_orgn_vs_gpqa_ver1,1,1,1,2.093582,,2.093582
18,7,gsm8k_orgn_vs_gsm8k_ver1,1,1,1,2.053914,,2.053914
18,7,gsm8k_ver1_vs_gpqa_orgn,1,1,1,2.195762,,2.195762
18,7,gsm8k_ver1_vs_gpqa_ver1,1,1,1,2.05047,,2.05047
18,8,gpqa_orgn_vs_gpqa_ver1,1,1,1,1.666657,,1.666657
18,8,gsm8k_orgn_vs_gpqa_orgn,1,1,1,1.657678,,1.657678
18,8,gsm8k_orgn_vs_gpqa_ver1,1,1,1,1.693378,,1.693378
18,8,gsm8k_orgn_vs_gsm8k_ver1,1,1,1,1.655209,,1.655209
18,8,gsm8k_ver1_vs_gpqa_orgn,1,1,1,1.778828,,1.778828
18,8,gsm8k_ver1_vs_gpqa_ver1,1,1,1,1.661095,,1.661095
18,9,gpqa_orgn_vs_gpqa_ver1,1,1,1,1.421983,,1.421983
18,9,gsm8k_orgn_vs_gpqa_orgn,1,1,1,1.290785,,1.290785
18,9,gsm8k_orgn_vs_gpqa_ver1,1,1,1,1.362906,,1.362906
18,9,gsm8k_orgn_vs_gsm8k_ver1,1,1,1,1.135132,,1.135132
18,9,gsm8k_ver1_vs_gpqa_orgn,1,1,1,1.356355,,1.356355
18,9,gsm8k_ver1_vs_gpqa_ver1,1,1,1,1.349614,,1.349614
18,10,gpqa_orgn_vs_gpqa_ver1,1,1,1,4.287183,,4.287183
18,10,gsm8k_orgn_vs_gpqa_orgn,1,1,1,4.476169,,4.476169
18,10,gsm8k_orgn_vs_gpqa_ver1,1,1,1,4.451741,,4.451741
18,10,gsm8k_orgn_vs_gsm8k_ver1,1,1,1,4.424546,,4.424546
18,10,gsm8k_ver1_vs_gpqa_orgn,1,1,1,4.353247,,4.353247
18,10,gsm8k_ver1_vs_gpqa_ver1,1,1,1,4.32326,,4.32326
18,11,gpqa_orgn_vs_gpqa_ver1,1,1,1,4.01527,,4.01527
18,11,gsm8k_orgn_vs_gpqa_orgn,1,1,1,3.923386,,3.923386
18,11,gsm8k_orgn_vs_gpqa_ver1,1,1,1,3.966379,,3.966379
18,11,gsm8k_orgn_vs_gsm8k_ver1,1,1,1,3.586991,,3.586991
18,11,gsm8k_ver1_vs_gpqa_orgn,1,1,1,3.800464,,3.800464
18,11,gsm8k_ver1_vs_gpqa_ver1,1,1,1,3.841436,,3.841436
18,12,gpqa_orgn_vs_gpqa_ver1,1,1,1,2.630843,,2.630843
18,12,gsm8k_orgn_vs_gpqa_orgn,1,1,1,2.541087,,2.541087
18,12,gsm8k_orgn_vs_gpqa_ver1,1,1,1,2.595529,,2.595529
18,12,gsm8k_orgn_vs_gsm8k_ver1,1,1,1,2.347485,,2.347485
18,12,gsm8k_ver1_vs_gpqa_orgn,1,1,1,2.516748,,2.516748
18,12,gsm8k_ver1_vs_gpqa_ver1,1,1,1,2.567862,,2.567862
18,13,gpqa_orgn_vs_gpqa_ver1,1,1,1,2.575898,,2.575898
18,13,gsm8k_orgn_vs_gpqa_orgn,1,1,1,2.530254,,2.530254
18,13,gsm8k_orgn_vs_gpqa_ver1,1,1,1,2.453297,,2.453297
18,13,gsm8k_orgn_vs_gsm8k_ver1,1,1,1,2.254617,,2.254617
18,13,gsm8k_ver1_vs_gpqa_orgn,1,1,1,2.442862,,2.442862
18,13,gsm8k_ver1_vs_gpqa_ver1,1,1,1,2.361994,,2.361994
18,14,gpqa_orgn_vs_gpqa_ver1,1,1,1,3.093777,,3.093777
18,14,gsm8k_orgn_vs_gpqa_orgn,1,1,1,3.083633,,3.083633
18,14,gsm8k_orgn_vs_gpqa_ver1,1,1,1,3.122507,,3.122507
18,14,gsm8k_orgn_vs_gsm8k_ver1,1,1,1,3.007786,,3.007786
18,14,gsm8k_ver1_vs_gpqa_orgn,1,1,1,3.053797,,3.053797
18,14,gsm8k_ver1_vs_gpqa_ver1,1,1,1,3.088793,,3.088793
18,15,gpqa_orgn_vs_gpqa_ver1,1,1,1,3.193289,,3.193289
18,15,gsm8k_orgn_vs_gpqa_orgn,1,1,1,3.243939,,3.243939
18,15,gsm8k_orgn_vs_gpqa_ver1,1,1,1,3.183197,,3.183197
18,15,gsm8k_orgn_vs_gsm8k_ver1,1,1,1,2.91153,,2.91153
18,15,gsm8k_ver1_vs_gpqa_orgn,1,1,1,3.258131,,3.258131
18,15,gsm8k_ver1_vs_gpqa_ver1,1,1,1,3.184321,,3.184321
18,16,gpqa_orgn_vs_gpqa_ver1,1,1,1,3.831247,,3.831247
18,16,gsm8k_orgn_vs_gpqa_orgn,1,1,1,3.64354,,3.64354
18,16,gsm8k_orgn_vs_gpqa_ver1,1,1,1,3.697176,,3.697176
18,16,gsm8k_orgn_vs_gsm8k_ver1,1,1,1,3.003968,,3.003968
18,16,gsm8k_ver1_vs_gpqa_orgn,1,1,1,3.609434,,3.609434
18,16,gsm8k_ver1_vs_gpqa_ver1,1,1,1,3.648292,,3.648292
18,17,gpqa_orgn_vs_gpqa_ver1,1,1,1,6.298304,,6.298304
18,17,gsm8k_orgn_vs_gpqa_orgn,1,1,1,6.019766,,6.019766
18,17,gsm8k_orgn_vs_gpqa_ver1,1,1,1,6.074145,,6.074145
18,17,gsm8k_orgn_vs_gsm8k_ver1,1,1,1,5.463504,,5.463504
18,17,gsm8k_ver1_vs_gpqa_orgn,1,1,1,5.880126,,5.880126
18,17,gsm8k_ver1_vs_gpqa_ver1,1,1,1,5.929995,,5.929995
18,18,gpqa_orgn_vs_gpqa_ver1,1,1,1,3.787915,,3.787915
18,18,gsm8k_orgn_vs_gpqa_orgn,1,1,1,3.590056,,3.590056
18,18,gsm8k_orgn_vs_gpqa_ver1,1,1,1,3.597755,,3.597755
18,18,gsm8k_orgn_vs_gsm8k_ver1,1,1,1,2.982611,,2.982611
18,18,gsm8k_ver1_vs_gpqa_orgn,1,1,1,3.591251,,3.591251
18,18,gsm8k_ver1_vs_gpqa_ver1,1,1,1,3.583862,,3.583862
18,19,gpqa_orgn_vs_gpqa_ver1,1,1,1,4.675022,,4.675022
18,19,gsm8k_orgn_vs_gpqa_orgn,1,1,1,4.443225,,4.443225
18,19,gsm8k_orgn_vs_gpqa_ver1,1,1,1,4.484537,,4.484537
18,19,gsm8k_orgn_vs_gsm8k_ver1,1,1,1,3.828692,,3.828692
18,19,gsm8k_ver1_vs_gpqa_orgn,1,1,1,4.399453,,4.399453
18,19,gsm8k_ver1_vs_gpqa_ver1,1,1,1,4.429775,,4.429775
18,20,gpqa_orgn_vs_gpqa_ver1,1,1,1,0.361228,,0.361228
18,20,gsm8k_orgn_vs_gpqa_orgn,1,1,1,0.298388,,0.298388
18,20,gsm8k_orgn_vs_gpqa_ver1,1,1,1,0.27342,,0.27342
18,20,gsm8k_orgn_vs_gsm8k_ver1,1,1,1,0.209283,,0.209283
18,20,gsm8k_ver1_vs_gpqa_orgn,1,1,1,0.318099,,0.318099
18,20,gsm8k_ver1_vs_gpqa_ver1,1,1,1,0.289904,,0.289904
18,21,gpqa_orgn_vs_gpqa_ver1,1,1,1,1.456362,,1.456362
18,21,gsm8k_orgn_vs_gpqa_orgn,1,1,1,1.041127,,1.041127
18,21,gsm8k_orgn_vs_gpqa_ver1,1,1,1,1.109507,,1.109507
18,21,gsm8k_orgn_vs_gsm8k_ver1,1,1,1,0.662126,,0.662126
18,21,gsm8k_ver1_vs_gpqa_orgn,1,1,1,1.12595,,1.12595
18,21,gsm8k_ver1_vs_gpqa_ver1,1,1,1,1.1802,,1.1802
18,22,gpqa_orgn_vs_gpqa_ver1,1,1,1,1.527685,,1.527685
18,22,gsm8k_orgn_vs_gpqa_orgn,1,1,1,1.01196,,1.01196
18,22,gsm8k_orgn_vs_gpqa_ver1,1,1,1,1.111724,,1.111724
18,22,gsm8k_orgn_vs_gsm8k_ver1,1,1,1,0.521294,,0.521294
18,22,gsm8k_ver1_vs_gpqa_orgn,1,1,1,1.017021,,1.017021
18,22,gsm8k_ver1_vs_gpqa_ver1,1,1,1,1.115313,,1.115313
18,23,gpqa_orgn_vs_gpqa_ver1,1,1,1,1.583971,,1.583971
18,23,gsm8k_orgn_vs_gpqa_orgn,1,1,1,1.271488,,1.271488
18,23,gsm8k_orgn_vs_gpqa_ver1,1,1,1,1.330432,,1.330432
18,23,gsm8k_orgn_vs_gsm8k_ver1,1,1,1,1.007075,,1.007075
18,23,gsm8k_ver1_vs_gpqa_orgn,1,1,1,1.312041,,1.312041
18,23,gsm8k_ver1_vs_gpqa_ver1,1,1,1,1.361151,,1.361151
18,24,gpqa_orgn_vs_gpqa_ver1,1,1,1,1.668649,,1.668649
18,24,gsm8k_orgn_vs_gpqa_orgn,1,1,1,1.342468,,1.342468
18,24,gsm8k_orgn_vs_gpqa_ver1,1,1,1,1.469002,,1.469002
18,24,gsm8k_orgn_vs_gsm8k_ver1,1,1,1,1.049747,,1.049747
18,24,gsm8k_ver1_vs_gpqa_orgn,1,1,1,1.322042,,1.322042
18,24,gsm8k_ver1_vs_gpqa_ver1,1,1,1,1.433173,,1.433173
18,25,gpqa_orgn_vs_gpqa_ver1,1,1,1,2.848356,,2.848356
18,25,gsm8k_orgn_vs_gpqa_orgn,1,1,1,2.5853,,2.5853
18,25,gsm8k_orgn_vs_gpqa_ver1,1,1,1,2.610519,,2.610519
18,25,gsm8k_orgn_vs_gsm8k_ver1,1,1,1,2.115114,,2.115114
18,25,gsm8k_ver1_vs_gpqa_orgn,1,1,1,2.552441,,2.552441
18,25,gsm8k_ver1_vs_gpqa_ver1,1,1,1,2.574465,,2.574465
18,26,gpqa_orgn_vs_gpqa_ver1,1,1,1,2.491993,,2.491993
18,26,gsm8k_orgn_vs_gpqa_orgn,1,1,1,2.490912,,2.490912
18,26,gsm8k_orgn_vs_gpqa_ver1,1,1,1,2.452397,,2.452397
18,26,gsm8k_orgn_vs_gsm8k_ver1,1,1,1,2.186945,,2.186945
18,26,gsm8k_ver1_vs_gpqa_orgn,1,1,1,2.390718,,2.390718
18,26,gsm8k_ver1_vs_gpqa_ver1,1,1,1,2.347302,,2.347302
18,27,gpqa_orgn_vs_gpqa_ver1,1,1,1,2.424316,,2.424316
18,27,gsm8k_orgn_vs_gpqa_orgn,1,1,1,2.292406,,2.292406
18,27,gsm8k_orgn_vs_gpqa_ver1,1,1,1,2.252556,,2.252556
18,27,gsm8k_orgn_vs_gsm8k_ver1,1,1,1,1.832945,,1.832945
18,27,gsm8k_ver1_vs_gpqa_orgn,1,1,1,2.196577,,2.196577
18,27,gsm8k_ver1_vs_gpqa_ver1,1,1,1,2.153037,,2.153037
18,28,gpqa_orgn_vs_gpqa_ver1,1,1,1,2.260282,,2.260282
18,28,gsm8k_orgn_vs_gpqa_orgn,1,1,1,1.958084,,1.958084
18,28,gsm8k_orgn_vs_gpqa_ver1,1,1,1,1.891063,,1.891063
18,28,gsm8k_orgn_vs_gsm8k_ver1,1,1,1,1.437541,,1.437541
18,28,gsm8k_ver1_vs_gpqa_orgn,1,1,1,1.965784,,1.965784
18,28,gsm8k_ver1_vs_gpqa_ver1,1,1,1,1.896619,,1.896619
18,29,gpqa_orgn_vs_gpqa_ver1,1,1,1,2.996436,,2.996436
18,29,gsm8k_orgn_vs_gpqa_orgn,1,1,1,2.867504,,2.867504
18,29,gsm8k_orgn_vs_gpqa_ver1,1,1,1,2.824147,,2.824147
18,29,gsm8k_orgn_vs_gsm8k_ver1,1,1,1,2.436751,,2.436751
18,29,gsm8k_ver1_vs_gpqa_orgn,1,1,1,2.80279,,2.80279
18,29,gsm8k_ver1_vs_gpqa_ver1,1,1,1,2.755698,,2.755698
18,30,gpqa_orgn_vs_gpqa_ver1,1,1,1,1.789131,,1.789131
18,30,gsm8k_orgn_vs_gpqa_orgn,1,1,1,1.317307,,1.317307
18,30,gsm8k_orgn_vs_gpqa_ver1,1,1,1,1.373463,,1.373463
18,30,gsm8k_orgn_vs_gsm8k_ver1,1,1,1,0.801048,,0.801048
18,30,gsm8k_ver1_vs_gpqa_orgn,1,1,1,1.347057,,1.347057
18,30,gsm8k_ver1_vs_gpqa_ver1,1,1,1,1.398797,,1.398797
18,31,gpqa_orgn_vs_gpqa_ver1,1,1,1,1.466427,,1.466427
18,31,gsm8k_orgn_vs_gpqa_orgn,1,1,1,1.178906,,1.178906
18,31,gsm8k_orgn_vs_gpqa_ver1,1,1,1,1.276901,,1.276901
18,31,gsm8k_orgn_vs_gsm8k_ver1,1,1,1,0.909636,,0.909636
18,31,gsm8k_ver1_vs_gpqa_orgn,1,1,1,1.18122,,1.18122
18,31,gsm8k_ver1_vs_gpqa_ver1,1,1,1,1.273385,,1.273385
18,32,gpqa_orgn_vs_gpqa_ver1,1,1,1,0.871116,,0.871116
18,32,gsm8k_orgn_vs_gpqa_orgn,1,1,1,0.7142,,0.7142
18,32,gsm8k_orgn_vs_gpqa_ver1,1,1,1,0.717258,,0.717258
18,32,gsm8k_orgn_vs_gsm8k_ver1,1,1,1,0.468184,,0.468184
18,32,gsm8k_ver1_vs_gpqa_orgn,1,1,1,0.685215,,0.685215
18,32,gsm8k_ver1_vs_gpqa_ver1,1,1,1,0.682292,,0.682292
18,33,gpqa_orgn_vs_gpqa_ver1,1,1,1,1.481833,,1.481833
18,33,gsm8k_orgn_vs_gpqa_orgn,1,1,1,1.520265,,1.520265
18,33,gsm8k_orgn_vs_gpqa_ver1,1,1,1,1.449542,,1.449542
18,33,gsm8k_orgn_vs_gsm8k_ver1,1,1,1,1.313186,,1.313186
18,33,gsm8k_ver1_vs_gpqa_orgn,1,1,1,1.377379,,1.377379
18,33,gsm8k_ver1_vs_gpqa_ver1,1,1,1,1.297255,,1.297255
18,34,gpqa_orgn_vs_gpqa_ver1,1,1,1,1.41249,,1.41249
18,34,gsm8k_orgn_vs_gpqa_orgn,1,1,1,0.920164,,0.920164
18,34,gsm8k_orgn_vs_gpqa_ver1,1,1,1,1.110196,,1.110196
18,34,gsm8k_orgn_vs_gsm8k_ver1,1,1,1,0.496724,,0.496724
18,34,gsm8k_ver1_vs_gpqa_orgn,1,1,1,0.86031,,0.86031
18,34,gsm8k_ver1_vs_gpqa_ver1,1,1,1,1.052753,,1.052753
18,35,gpqa_orgn_vs_gpqa_ver1,1,1,1,4.704582,,4.704582
18,35,gsm8k_orgn_vs_gpqa_orgn,1,1,1,4.791003,,4.791003
18,35,gsm8k_orgn_vs_gpqa_ver1,1,1,1,4.877884,,4.877884
18,35,gsm8k_orgn_vs_gsm8k_ver1,1,1,1,4.727276,,4.727276
18,35,gsm8k_ver1_vs_gpqa_orgn,1,1,1,4.689312,,4.689312
18,35,gsm8k_ver1_vs_gpqa_ver1,1,1,1,4.769403,,4.769403
18,36,gpqa_orgn_vs_gpqa_ver1,1,1,1,3.333676,,3.333676
18,36,gsm8k_orgn_vs_gpqa_orgn,1,1,1,3.266605,,3.266605
18,36,gsm8k_orgn_vs_gpqa_ver1,1,1,1,3.335998,,3.335998
18,36,gsm8k_orgn_vs_gsm8k_ver1,1,1,1,3.099357,,3.099357
18,36,gsm8k_ver1_vs_gpqa_orgn,1,1,1,3.222073,,3.222073
18,36,gsm8k_ver1_vs_gpqa_ver1,1,1,1,3.289605,,3.289605
18,37,gpqa_orgn_vs_gpqa_ver1,1,1,1,3.23073,,3.23073
18,37,gsm8k_orgn_vs_gpqa_orgn,1,1,1,3.197483,,3.197483
18,37,gsm8k_orgn_vs_gpqa_ver1,1,1,1,3.250073,,3.250073
18,37,gsm8k_orgn_vs_gsm8k_ver1,1,1,1,2.982754,,2.982754
18,37,gsm8k_ver1_vs_gpqa_orgn,1,1,1,3.061551,,3.061551
18,37,gsm8k_ver1_vs_gpqa_ver1,1,1,1,3.112085,,3.112085
18,38,gpqa_orgn_vs_gpqa_ver1,1,1,1,4.123181,,4.123181
18,38,gsm8k_orgn_vs_gpqa_orgn,1,1,1,3.898361,,3.898361
18,38,gsm8k_orgn_vs_gpqa_ver1,1,1,1,4.036774,,4.036774
18,38,gsm8k_orgn_vs_gsm8k_ver1,1,1,1,3.623278,,3.623278
18,38,gsm8k_ver1_vs_gpqa_orgn,1,1,1,3.860286,,3.860286
18,38,gsm8k_ver1_vs_gpqa_ver1,1,1,1,3.996503,,3.996503
18,39,gpqa_orgn_vs_gpqa_ver1,1,1,1,3.385939,,3.385939
18,39,gsm8k_orgn_vs_gpqa_orgn,1,1,1,3.405444,,3.405444
18,39,gsm8k_orgn_vs_gpqa_ver1,1,1,1,3.373682,,3.373682
18,39,gsm8k_orgn_vs_gsm8k_ver1,1,1,1,3.16315,,3.16315
18,39,gsm8k_ver1_vs_gpqa_orgn,1,1,1,3.375252,,3.375252
18,39,gsm8k_ver1_vs_gpqa_ver1,1,1,1,3.340593,,3.340593
19,0,gpqa_orgn_vs_gpqa_ver1,1,1,1,3.010828,,3.010828
19,0,gsm8k_orgn_vs_gpqa_orgn,1,1,1,2.876378,,2.876378
19,0,gsm8k_orgn_vs_gpqa_ver1,1,1,1,2.918002,,2.918002
19,0,gsm8k_orgn_vs_gsm8k_ver1,1,1,1,2.859684,,2.859684
19,0,gsm8k_ver1_vs_gpqa_orgn,1,1,1,2.997218,,2.997218
19,0,gsm8k_ver1_vs_gpqa_ver1,1,1,1,3.022551,,3.022551
19,1,gpqa_orgn_vs_gpqa_ver1,1,1,1,2.86356,,2.86356
19,1,gsm8k_orgn_vs_gpqa_orgn,1,1,1,2.626088,,2.626088
19,1,gsm8k_orgn_vs_gpqa_ver1,1,1,1,2.607727,,2.607727
19,1,gsm8k_orgn_vs_gsm8k_ver1,1,1,1,2.389426,,2.389426
19,1,gsm8k_ver1_vs_gpqa_orgn,1,1,1,2.734702,,2.734702
19,1,gsm8k_ver1_vs_gpqa_ver1,1,1,1,2.705236,,2.705236
19,2,gpqa_orgn_vs_gpqa_ver1,1,1,1,2.537719,,2.537719
19,2,gsm8k_orgn_vs_gpqa_orgn,1,1,1,2.538251,,2.538251
19,2,gsm8k_orgn_vs_gpqa_ver1,1,1,1,2.504103,,2.504103
19,2,gsm8k_orgn_vs_gsm8k_ver1,1,1,1,2.626901,,2.626901
19,2,gsm8k_ver1_vs_gpqa_orgn,1,1,1,2.727693,,2.727693
19,2,gsm8k_ver1_vs_gpqa_ver1,1,1,1,2.684977,,2.684977
19,3,gpqa_orgn_vs_gpqa_ver1,1,1,1,3.476797,,3.476797
19,3,gsm8k_orgn_vs_gpqa_orgn,1,1,1,3.120122,,3.120122
19,3,gsm8k_orgn_vs_gpqa_ver1,1,1,1,3.121142,,3.121142
19,3,gsm8k_orgn_vs_gsm8k_ver1,1,1,1,2.673158,,2.673158
19,3,gsm8k_ver1_vs_gpqa_orgn,1,1,1,3.177142,,3.177142
19,3,gsm8k_ver1_vs_gpqa_ver1,1,1,1,3.168354,,3.168354
19,4,gpqa_orgn_vs_gpqa_ver1,1,1,1,2.60306,,2.60306
19,4,gsm8k_orgn_vs_gpqa_orgn,1,1,1,2.598134,,2.598134
19,4,gsm8k_orgn_vs_gpqa_ver1,1,1,1,2.565606,,2.565606
19,4,gsm8k_orgn_vs_gsm8k_ver1,1,1,1,2.58072,,2.58072
19,4,gsm8k_ver1_vs_gpqa_orgn,1,1,1,2.679779,,2.679779
19,4,gsm8k_ver1_vs_gpqa_ver1,1,1,1,2.63847,,2.63847
19,5,gpqa_orgn_vs_gpqa_ver1,1,1,1,2.568071,,2.568071
19,5,gsm8k_orgn_vs_gpqa_orgn,1,1,1,2.604688,,2.604688
19,5,gsm8k_orgn_vs_gpqa_ver1,1,1,1,2.480092,,2.480092
19,5,gsm8k_orgn_vs_gsm8k_ver1,1,1,1,2.226794,,2.226794
19,5,gsm8k_ver1_vs_gpqa_orgn,1,1,1,2.415611,,2.415611
19,5,gsm8k_ver1_vs_gpqa_ver1,1,1,1,2.274909,,2.274909
19,6,gpqa_orgn_vs_gpqa_ver1,1,1,1,1.88582,,1.88582
19,6,gsm8k_orgn_vs_gpqa_orgn,1,1,1,1.918495,,1.918495
19,6,gsm8k_orgn_vs_gpqa_ver1,1,1,1,1.954509,,1.954509
19,6,gsm8k_orgn_vs_gsm8k_ver1,1,1,1,1.92664,,1.92664
19,6,gsm8k_ver1_vs_gpqa_orgn,1,1,1,1.897446,,1.897446
19,6,gsm8k_ver1_vs_gpqa_ver1,1,1,1,1.926075,,1.926075
19,7,gpqa_orgn_vs_gpqa_ver1,1,1,1,1.313483,,1.313483
19,7,gsm8k_orgn_vs_gpqa_orgn,1,1,1,0.941866,,0.941866
19,7,gsm8k_orgn_vs_gpqa_ver1,1,1,1,1.088703,,1.088703
19,7,gsm8k_orgn_vs_gsm8k_ver1,1,1,1,0.617615,,0.617615
19,7,gsm8k_ver1_vs_gpqa_orgn,1,1,1,0.918369,,0.918369
19,7,gsm8k_ver1_vs_gpqa_ver1,1,1,1,1.064265,,1.064265
19,8,gpqa_orgn_vs_gpqa_ver1,1,1,1,3.554217,,3.554217
19,8,gsm8k_orgn_vs_gpqa_orgn,1,1,1,3.198187,,3.198187
19,8,gsm8k_orgn_vs_gpqa_ver1,1,1,1,3.190683,,3.190683
19,8,gsm8k_orgn_vs_gsm8k_ver1,1,1,1,2.567111,,2.567111
19,8,gsm8k_ver1_vs_gpqa_orgn,1,1,1,3.046311,,3.046311
19,8,gsm8k_ver1_vs_gpqa_ver1,1,1,1,3.031792,,3.031792
19,9,gpqa_orgn_vs_gpqa_ver1,1,1,1,4.89311,,4.89311
19,9,gsm8k_orgn_vs_gpqa_orgn,1,1,1,4.77347,,4.77347
19,9,gsm8k_orgn_vs_gpqa_ver1,1,1,1,4.681623,,4.681623
19,9,gsm8k_orgn_vs_gsm8k_ver1,1,1,1,4.280284,,4.280284
19,9,gsm8k_ver1_vs_gpqa_orgn,1,1,1,4.612363,,4.612363
19,9,gsm8k_ver1_vs_gpqa_ver1,1,1,1,4.499003,,4.499003
19,10,gpqa_orgn_vs_gpqa_ver1,1,1,1,2.329843,,2.329843
19,10,gsm8k_orgn_vs_gpqa_orgn,1,1,1,2.475911,,2.475911
19,10,gsm8k_orgn_vs_gpqa_ver1,1,1,1,2.42263,,2.42263
19,10,gsm8k_orgn_vs_gsm8k_ver1,1,1,1,2.459239,,2.459239
19,10,gsm8k_ver1_vs_gpqa_orgn,1,1,1,2.447284,,2.447284
19,10,gsm8k_ver1_vs_gpqa_ver1,1,1,1,2.393495,,2.393495
19,11,gpqa_orgn_vs_gpqa_ver1,1,1,1,2.283021,,2.283021
19,11,gsm8k_orgn_vs_gpqa_orgn,1,1,1,2.235279,,2.235279
19,11,gsm8k_orgn_vs_gpqa_ver1,1,1,1,2.109039,,2.109039
19,11,gsm8k_orgn_vs_gsm8k_ver1,1,1,1,2.078867,,2.078867
19,11,gsm8k_ver1_vs_gpqa_orgn,1,1,1,2.316743,,2.316743
19,11,gsm8k_ver1_vs_gpqa_ver1,1,1,1,2.19074,,2.19074
19,12,gpqa_orgn_vs_gpqa_ver1,1,1,1,3.335521,,3.335521
19,12,gsm8k_orgn_vs_gpqa_orgn,1,1,1,2.703676,,2.703676
19,12,gsm8k_orgn_vs_gpqa_ver1,1,1,1,2.75772,,2.75772
19,12,gsm8k_orgn_vs_gsm8k_ver1,1,1,1,2.046214,,2.046214
19,12,gsm8k_ver1_vs_gpqa_orgn,1,1,1,2.776355,,2.776355
19,12,gsm8k_ver1_vs_gpqa_ver1,1,1,1,2.826593,,2.826593
19,13,gpqa_orgn_vs_gpqa_ver1,1,1,1,3.835601,,3.835601
19,13,gsm8k_orgn_vs_gpqa_orgn,1,1,1,3.593267,,3.593267
19,13,gsm8k_orgn_vs_gpqa_ver1,1,1,1,3.719868,,3.719868
19,13,gsm8k_orgn_vs_gsm8k_ver1,1,1,1,3.366574,,3.366574
19,13,gsm8k_ver1_vs_gpqa_orgn,1,1,1,3.603855,,3.603855
19,13,gsm8k_ver1_vs_gpqa_ver1,1,1,1,3.726764,,3.726764
19,14,gpqa_orgn_vs_gpqa_ver1,1,1,1,3.062886,,3.062886
19,14,gsm8k_orgn_vs_gpqa_orgn,1,1,1,2.828155,,2.828155
19,14,gsm8k_orgn_vs_gpqa_ver1,1,1,1,2.843095,,2.843095
19,14,gsm8k_orgn_vs_gsm8k_ver1,1,1,1,2.703491,,2.703491
19,14,gsm8k_ver1_vs_gpqa_orgn,1,1,1,3.026682,,3.026682
19,14,gsm8k_ver1_vs_gpqa_ver1,1,1,1,3.039364,,3.039364
19,15,gpqa_orgn_vs_gpqa_ver1,1,1,1,2.333991,,2.333991
19,15,gsm8k_orgn_vs_gpqa_orgn,1,1,1,2.257534,,2.257534
19,15,gsm8k_orgn_vs_gpqa_ver1,1,1,1,2.179778,,2.179778
19,15,gsm8k_orgn_vs_gsm8k_ver1,1,1,1,1.907773,,1.907773
19,15,gsm8k_ver1_vs_gpqa_orgn,1,1,1,2.190907,,2.190907
19,15,gsm8k_ver1_vs_gpqa_ver1,1,1,1,2.101193,,2.101193
19,16,gpqa_orgn_vs_gpqa_ver1,1,1,1,2.448282,,2.448282
19,16,gsm8k_orgn_vs_gpqa_orgn,1,1,1,2.303945,,2.303945
19,16,gsm8k_orgn_vs_gpqa_ver1,1,1,1,2.315953,,2.315953
19,16,gsm8k_orgn_vs_gsm8k_ver1,1,1,1,1.966898,,1.966898
19,16,gsm8k_ver1_vs_gpqa_orgn,1,1,1,2.255307,,2.255307
19,16,gsm8k_ver1_vs_gpqa_ver1,1,1,1,2.262301,,2.262301
19,17,gpqa_orgn_vs_gpqa_ver1,1,1,1,2.129656,,2.129656
19,17,gsm8k_orgn_vs_gpqa_orgn,1,1,1,1.750954,,1.750954
19,17,gsm8k_orgn_vs_gpqa_ver1,1,1,1,1.730825,,1.730825
19,17,gsm8k_orgn_vs_gsm8k_ver1,1,1,1,1.149819,,1.149819
19,17,gsm8k_ver1_vs_gpqa_orgn,1,1,1,1.673444,,1.673444
19,17,gsm8k_ver1_vs_gpqa_ver1,1,1,1,1.650516,,1.650516
19,18,gpqa_orgn_vs_gpqa_ver1,1,1,1,2.004361,,2.004361
19,18,gsm8k_orgn_vs_gpqa_orgn,1,1,1,1.97498,,1.97498
19,18,gsm8k_orgn_vs_gpqa_ver1,1,1,1,1.992733,,1.992733
19,18,gsm8k_orgn_vs_gsm8k_ver1,1,1,1,1.798449,,1.798449
19,18,gsm8k_ver1_vs_gpqa_orgn,1,1,1,1.956329,,1.956329
19,18,gsm8k_ver1_vs_gpqa_ver1,1,1,1,1.967664,,1.967664
19,19,gpqa_orgn_vs_gpqa_ver1,1,1,1,2.112714,,2.112714
19,19,gsm8k_orgn_vs_gpqa_orgn,1,1,1,1.998159,,1.998159
19,19,gsm8k_orgn_vs_gpqa_ver1,1,1,1,1.928969,,1.928969
19,19,gsm8k_orgn_vs_gsm8k_ver1,1,1,1,1.630292,,1.630292
19,19,gsm8k_ver1_vs_gpqa_orgn,1,1,1,1.881979,,1.881979
19,19,gsm8k_ver1_vs_gpqa_ver1,1,1,1,1.801463,,1.801463
19,20,gpqa_orgn_vs_gpqa_ver1,1,1,1,3.802529,,3.802529
19,20,gsm8k_orgn_vs_gpqa_orgn,1,1,1,3.4472,,3.4472
19,20,gsm8k_orgn_vs_gpqa_ver1,1,1,1,3.378286,,3.378286
19,20,gsm8k_orgn_vs_gsm8k_ver1,1,1,1,2.624673,,2.624673
19,20,gsm8k_ver1_vs_gpqa_orgn,1,1,1,3.412781,,3.412781
19,20,gsm8k_ver1_vs_gpqa_ver1,1,1,1,3.333901,,3.333901
19,21,gpqa_orgn_vs_gpqa_ver1,1,1,1,4.407116,,4.407116
19,21,gsm8k_orgn_vs_gpqa_orgn,1,1,1,4.090842,,4.090842
19,21,gsm8k_orgn_vs_gpqa_ver1,1,1,1,4.209811,,4.209811
19,21,gsm8k_orgn_vs_gsm8k_ver1,1,1,1,3.550054,,3.550054
19,21,gsm8k_ver1_vs_gpqa_orgn,1,1,1,4.016174,,4.016174
19,21,gsm8k_ver1_vs_gpqa_ver1,1,1,1,4.1264,,4.1264
19,22,gpqa_orgn_vs_gpqa_ver1,1,1,1,3.508129,,3.508129
19,22,gsm8k_orgn_vs_gpqa_orgn,1,1,1,3.182814,,3.182814
19,22,gsm8k_orgn_vs_gpqa_ver1,1,1,1,3.045251,,3.045251
19,22,gsm8k_orgn_vs_gsm8k_ver1,1,1,1,2.279755,,2.279755
19,22,gsm8k_ver1_vs_gpqa_orgn,1,1,1,3.001742,,3.001742
19,22,gsm8k_ver1_vs_gpqa_ver1,1,1,1,2.844777,,2.844777
19,23,gpqa_orgn_vs_gpqa_ver1,1,1,1,3.502789,,3.502789
19,23,gsm8k_orgn_vs_gpqa_orgn,1,1,1,3.058976,,3.058976
19,23,gsm8k_orgn_vs_gpqa_ver1,1,1,1,3.081602,,3.081602
19,23,gsm8k_orgn_vs_gsm8k_ver1,1,1,1,2.491765,,2.491765
19,23,gsm8k_ver1_vs_gpqa_orgn,1,1,1,3.08264,,3.08264
19,23,gsm8k_ver1_vs_gpqa_ver1,1,1,1,3.098761,,3.098761
19,24,gpqa_orgn_vs_gpqa_ver1,1,1,1,3.454311,,3.454311
19,24,gsm8k_orgn_vs_gpqa_orgn,1,1,1,3.463701,,3.463701
19,24,gsm8k_orgn_vs_gpqa_ver1,1,1,1,3.274347,,3.274347
19,24,gsm8k_orgn_vs_gsm8k_ver1,1,1,1,2.940059,,2.940059
19,24,gsm8k_ver1_vs_gpqa_orgn,1,1,1,3.379305,,3.379305
19,24,gsm8k_ver1_vs_gpqa_ver1,1,1,1,3.174982,,3.174982
19,25,gpqa_orgn_vs_gpqa_ver1,1,1,1,2.296618,,2.296618
19,25,gsm8k_orgn_vs_gpqa_orgn,1,1,1,2.239876,,2.239876
19,25,gsm8k_orgn_vs_gpqa_ver1,1,1,1,2.174719,,2.174719
19,25,gsm8k_orgn_vs_gsm8k_ver1,1,1,1,2.003115,,2.003115
19,25,gsm8k_ver1_vs_gpqa_orgn,1,1,1,2.238028,,2.238028
19,25,gsm8k_ver1_vs_gpqa_ver1,1,1,1,2.169428,,2.169428
19,26,gpqa_orgn_vs_gpqa_ver1,1,1,1,1.658501,,1.658501
19,26,gsm8k_orgn_vs_gpqa_orgn,1,1,1,1.631064,,1.631064
19,26,gsm8k_orgn_vs_gpqa_ver1,1,1,1,1.546476,,1.546476
19,26,gsm8k_orgn_vs_gsm8k_ver1,1,1,1,1.37484,,1.37484
19,26,gsm8k_ver1_vs_gpqa_orgn,1,1,1,1.553265,,1.553265
19,26,gsm8k_ver1_vs_gpqa_ver1,1,1,1,1.460496,,1.460496
19,27,gpqa_orgn_vs_gpqa_ver1,1,1,1,2.445125,,2.445125
19,27,gsm8k_orgn_vs_gpqa_orgn,1,1,1,2.298909,,2.298909
19,27,gsm8k_orgn_vs_gpqa_ver1,1,1,1,2.221562,,2.221562
19,27,gsm8k_orgn_vs_gsm8k_ver1,1,1,1,1.893859,,1.893859
19,27,gsm8k_ver1_vs_gpqa_orgn,1,1,1,2.255,,2.255
19,27,gsm8k_ver1_vs_gpqa_ver1,1,1,1,2.171765,,2.171765
19,28,gpqa_orgn_vs_gpqa_ver1,1,1,1,2.86515,,2.86515
19,28,gsm8k_orgn_vs_gpqa_orgn,1,1,1,2.604971,,2.604971
19,28,gsm8k_orgn_vs_gpqa_ver1,1,1,1,2.696233,,2.696233
19,28,gsm8k_orgn_vs_gsm8k_ver1,1,1,1,2.432123,,2.432123
19,28,gsm8k_ver1_vs_gpqa_orgn,1,1,1,2.706695,,2.706695
19,28,gsm8k_ver1_vs_gpqa_ver1,1,1,1,2.793303,,2.793303
19,29,gpqa_orgn_vs_gpqa_ver1,1,1,1,3.299665,,3.299665
19,29,gsm8k_orgn_vs_gpqa_orgn,1,1,1,3.244735,,3.244735
19,29,gsm8k_orgn_vs_gpqa_ver1,1,1,1,3.206438,,3.206438
19,29,gsm8k_orgn_vs_gsm8k_ver1,1,1,1,2.992707,,2.992707
19,29,gsm8k_ver1_vs_gpqa_orgn,1,1,1,3.200299,,3.200299
19,29,gsm8k_ver1_vs_gpqa_ver1,1,1,1,3.158442,,3.158442
19,30,gpqa_orgn_vs_gpqa_ver1,1,1,1,2.72055,,2.72055
19,30,gsm8k_orgn_vs_gpqa_orgn,1,1,1,2.853084,,2.853084
19,30,gsm8k_orgn_vs_gpqa_ver1,1,1,1,2.744682,,2.744682
19,30,gsm8k_orgn_vs_gsm8k_ver1,1,1,1,2.761914,,2.761914
19,30,gsm8k_ver1_vs_gpqa_orgn,1,1,1,2.851096,,2.851096
19,30,gsm8k_ver1_vs_gpqa_ver1,1,1,1,2.739588,,2.739588
19,31,gpqa_orgn_vs_gpqa_ver1,1,1,1,3.265358,,3.265358
19,31,gsm8k_orgn_vs_gpqa_orgn,1,1,1,3.181353,,3.181353
19,31,gsm8k_orgn_vs_gpqa_ver1,1,1,1,3.186541,,3.186541
19,31,gsm8k_orgn_vs_gsm8k_ver1,1,1,1,3.011249,,3.011249
19,31,gsm8k_ver1_vs_gpqa_orgn,1,1,1,3.219297,,3.219297
19,31,gsm8k_ver1_vs_gpqa_ver1,1,1,1,3.22202,,3.22202
19,32,gpqa_orgn_vs_gpqa_ver1,1,1,1,3.608737,,3.608737
19,32,gsm8k_orgn_vs_gpqa_orgn,1,1,1,3.539324,,3.539324
19,32,gsm8k_orgn_vs_gpqa_ver1,1,1,1,3.579975,,3.579975
19,32,gsm8k_orgn_vs_gsm8k_ver1,1,1,1,3.44118,,3.44118
19,32,gsm8k_ver1_vs_gpqa_orgn,1,1,1,3.636321,,3.636321
19,32,gsm8k_ver1_vs_gpqa_ver1,1,1,1,3.671172,,3.671172
19,33,gpqa_orgn_vs_gpqa_ver1,1,1,1,3.21762,,3.21762
19,33,gsm8k_orgn_vs_gpqa_orgn,1,1,1,3.282243,,3.282243
19,33,gsm8k_orgn_vs_gpqa_ver1,1,1,1,3.262628,,3.262628
19,33,gsm8k_orgn_vs_gsm8k_ver1,1,1,1,3.291448,,3.291448
19,33,gsm8k_ver1_vs_gpqa_orgn,1,1,1,3.360592,,3.360592
19,33,gsm8k_ver1_vs_gpqa_ver1,1,1,1,3.335689,,3.335689
19,34,gpqa_orgn_vs_gpqa_ver1,1,1,1,3.652634,,3.652634
19,34,gsm8k_orgn_vs_gpqa_orgn,1,1,1,3.789634,,3.789634
19,34,gsm8k_orgn_vs_gpqa_ver1,1,1,1,3.787313,,3.787313
19,34,gsm8k_orgn_vs_gsm8k_ver1,1,1,1,3.62594,,3.62594
19,34,gsm8k_ver1_vs_gpqa_orgn,1,1,1,3.625157,,3.625157
19,34,gsm8k_ver1_vs_gpqa_ver1,1,1,1,3.619167,,3.619167
19,35,gpqa_orgn_vs_gpqa_ver1,1,1,1,4.794441,,4.794441
19,35,gsm8k_orgn_vs_gpqa_orgn,1,1,1,4.651868,,4.651868
19,35,gsm8k_orgn_vs_gpqa_ver1,1,1,1,4.52162,,4.52162
19,35,gsm8k_orgn_vs_gsm8k_ver1,1,1,1,3.705565,,3.705565
19,35,gsm8k_ver1_vs_gpqa_orgn,1,1,1,4.594398,,4.594398
19,35,gsm8k_ver1_vs_gpqa_ver1,1,1,1,4.448418,,4.448418
19,36,gpqa_orgn_vs_gpqa_ver1,1,1,1,3.577432,,3.577432
19,36,gsm8k_orgn_vs_gpqa_orgn,1,1,1,3.565722,,3.565722
19,36,gsm8k_orgn_vs_gpqa_ver1,1,1,1,3.455533,,3.455533
19,36,gsm8k_orgn_vs_gsm8k_ver1,1,1,1,2.877495,,2.877495
19,36,gsm8k_ver1_vs_gpqa_orgn,1,1,1,3.534631,,3.534631
19,36,gsm8k_ver1_vs_gpqa_ver1,1,1,1,3.40479,,3.40479
19,37,gpqa_orgn_vs_gpqa_ver1,1,1,1,3.788835,,3.788835
19,37,gsm8k_orgn_vs_gpqa_orgn,1,1,1,3.591926,,3.591926
19,37,gsm8k_orgn_vs_gpqa_ver1,1,1,1,3.497938,,3.497938
19,37,gsm8k_orgn_vs_gsm8k_ver1,1,1,1,2.722571,,2.722571
19,37,gsm8k_ver1_vs_gpqa_orgn,1,1,1,3.579166,,3.579166
19,37,gsm8k_ver1_vs_gpqa_ver1,1,1,1,3.454274,,3.454274
19,38,gpqa_orgn_vs_gpqa_ver1,1,1,1,5.680242,,5.680242
19,38,gsm8k_orgn_vs_gpqa_orgn,1,1,1,5.340155,,5.340155
19,38,gsm8k_orgn_vs_gpqa_ver1,1,1,1,5.302169,,5.302169
19,38,gsm8k_orgn_vs_gsm8k_ver1,1,1,1,4.428494,,4.428494
19,38,gsm8k_ver1_vs_gpqa_orgn,1,1,1,5.240342,,5.240342
19,38,gsm8k_ver1_vs_gpqa_ver1,1,1,1,5.185092,,5.185092
19,39,gpqa_orgn_vs_gpqa_ver1,1,1,1,2.598082,,2.598082
19,39,gsm8k_orgn_vs_gpqa_orgn,1,1,1,2.717865,,2.717865
19,39,gsm8k_orgn_vs_gpqa_ver1,1,1,1,2.647012,,2.647012
19,39,gsm8k_orgn_vs_gsm8k_ver1,1,1,1,2.291758,,2.291758
19,39,gsm8k_ver1_vs_gpqa_orgn,1,1,1,2.660697,,2.660697
19,39,gsm8k_ver1_vs_gpqa_ver1,1,1,1,2.568537,,2.568537
20,0,gpqa_orgn_vs_gpqa_ver1,1,1,1,3.779377,,3.779377
20,0,gsm8k_orgn_vs_gpqa_orgn,1,1,1,3.783127,,3.783127
20,0,gsm8k_orgn_vs_gpqa_ver1,1,1,1,3.709867,,3.709867
20,0,gsm8k_orgn_vs_gsm8k_ver1,1,1,1,3.58201,,3.58201
20,0,gsm8k_ver1_vs_gpqa_orgn,1,1,1,3.770502,,3.770502
20,0,gsm8k_ver1_vs_gpqa_ver1,1,1,1,3.658565,,3.658565
20,1,gpqa_orgn_vs_gpqa_ver1,1,1,1,1.971652,,1.971652
20,1,gsm8k_orgn_vs_gpqa_orgn,1,1,1,2.144209,,2.144209
20,1,gsm8k_orgn_vs_gpqa_ver1,1,1,1,2.088975,,2.088975
20,1,gsm8k_orgn_vs_gsm8k_ver1,1,1,1,2.012802,,2.012802
20,1,gsm8k_ver1_vs_gpqa_orgn,1,1,1,1.976442,,1.976442
20,1,gsm8k_ver1_vs_gpqa_ver1,1,1,1,1.881339,,1.881339
20,2,gpqa_orgn_vs_gpqa_ver1,1,1,1,0.554674,,0.554674
20,2,gsm8k_orgn_vs_gpqa_orgn,1,1,1,0.522463,,0.522463
20,2,gsm8k_orgn_vs_gpqa_ver1,1,1,1,0.479608,,0.479608
20,2,gsm8k_orgn_vs_gsm8k_ver1,1,1,1,0.429094,,0.429094
20,2,gsm8k_ver1_vs_gpqa_orgn,1,1,1,0.528314,,0.528314
20,2,gsm8k_ver1_vs_gpqa_ver1,1,1,1,0.47357,,0.47357
20,3,gpqa_orgn_vs_gpqa_ver1,1,1,1,2.790961,,2.790961
20,3,gsm8k_orgn_vs_gpqa_orgn,1,1,1,2.528502,,2.528502
20,3,gsm8k_orgn_vs_gpqa_ver1,1,1,1,2.484377,,2.484377
20,3,gsm8k_orgn_vs_gsm8k_ver1,1,1,1,1.922618,,1.922618
20,3,gsm8k_ver1_vs_gpqa_orgn,1,1,1,2.363549,,2.363549
20,3,gsm8k_ver1_vs_gpqa_ver1,1,1,1,2.302417,,2.302417
20,4,gpqa_orgn_vs_gpqa_ver1,1,1,1,1.234411,,1.234411
20,4,gsm8k_orgn_vs_gpqa_orgn,1,1,1,1.343269,,1.343269
20,4,gsm8k_orgn_vs_gpqa_ver1,1,1,1,1.314795,,1.314795
20,4,gsm8k_orgn_vs_gsm8k_ver1,1,1,1,1.252495,,1.252495
20,4,gsm8k_ver1_vs_gpqa_orgn,1,1,1,1.267684,,1.267684
20,4,gsm8k_ver1_vs_gpqa_ver1,1,1,1,1.218434,,1.218434
20,5,gpqa_orgn_vs_gpqa_ver1,1,1,1,0.934569,,0.934569
20,5,gsm8k_orgn_vs_gpqa_orgn,1,1,1,0.737247,,0.737247
20,5,gsm8k_orgn_vs_gpqa_ver1,1,1,1,0.863239,,0.863239
20,5,gsm8k_orgn_vs_gsm8k_ver1,1,1,1,0.845491,,0.845491
20,5,gsm8k_ver1_vs_gpqa_orgn,1,1,1,0.924791,,0.924791
20,5,gsm8k_ver1_vs_gpqa_ver1,1,1,1,1.046447,,1.046447
20,6,gpqa_orgn_vs_gpqa_ver1,1,1,1,2.563562,,2.563562
20,6,gsm8k_orgn_vs_gpqa_orgn,1,1,1,1.950578,,1.950578
20,6,gsm8k_orgn_vs_gpqa_ver1,1,1,1,2.122024,,2.122024
20,6,gsm8k_orgn_vs_gsm8k_ver1,1,1,1,1.594279,,1.594279
20,6,gsm8k_ver1_vs_gpqa_orgn,1,1,1,2.134582,,2.134582
20,6,gsm8k_ver1_vs_gpqa_ver1,1,1,1,2.298452,,2.298452
20,7,gpqa_orgn_vs_gpqa_ver1,1,1,1,1.600992,,1.600992
20,7,gsm8k_orgn_vs_gpqa_orgn,1,1,1,1.313609,,1.313609
20,7,gsm8k_orgn_vs_gpqa_ver1,1,1,1,1.417228,,1.417228
20,7,gsm8k_orgn_vs_gsm8k_ver1,1,1,1,1.207786,,1.207786
20,7,gsm8k_ver1_vs_gpqa_orgn,1,1,1,1.456626,,1.456626
20,7,gsm8k_ver1_vs_gpqa_ver1,1,1,1,1.550733,,1.550733
20,8,gpqa_orgn_vs_gpqa_ver1,1,1,1,1.716071,,1.716071
20,8,gsm8k_orgn_vs_gpqa_orgn,1,1,1,1.38841,,1.38841
20,8,gsm8k_orgn_vs_gpqa_ver1,1,1,1,1.443463,,1.443463
20,8,gsm8k_orgn_vs_gsm8k_ver1,1,1,1,1.202188,,1.202188
20,8,gsm8k_ver1_vs_gpqa_orgn,1,1,1,1.570971,,1.570971
20,8,gsm8k_ver1_vs_gpqa_ver1,1,1,1,1.592376,,1.592376
20,9,gpqa_orgn_vs_gpqa_ver1,1,1,1,1.526518,,1.526518
20,9,gsm8k_orgn_vs_gpqa_orgn,1,1,1,1.403928,,1.403928
20,9,gsm8k_orgn_vs_gpqa_ver1,1,1,1,1.35929,,1.35929
20,9,gsm8k_orgn_vs_gsm8k_ver1,1,1,1,1.186168,,1.186168
20,9,gsm8k_ver1_vs_gpqa_orgn,1,1,1,1.395378,,1.395378
20,9,gsm8k_ver1_vs_gpqa_ver1,1,1,1,1.344843,,1.344843
20,10,gpqa_orgn_vs_gpqa_ver1,1,1,1,4.154946,,4.154946
20,10,gsm8k_orgn_vs_gpqa_orgn,1,1,1,3.9816,,3.9816
20,10,gsm8k_orgn_vs_gpqa_ver1,1,1,1,3.991111,,3.991111
20,10,gsm8k_orgn_vs_gsm8k_ver1,1,1,1,3.491608,,3.491608
20,10,gsm8k_ver1_vs_gpqa_orgn,1,1,1,4.08104,,4.08104
20,10,gsm8k_ver1_vs_gpqa_ver1,1,1,1,4.066345,,4.066345
20,11,gpqa_orgn_vs_gpqa_ver1,1,1,1,1.953518,,1.953518
20,11,gsm8k_orgn_vs_gpqa_orgn,1,1,1,1.950708,,1.950708
20,11,gsm8k_orgn_vs_gpqa_ver1,1,1,1,1.942748,,1.942748
20,11,gsm8k_orgn_vs_gsm8k_ver1,1,1,1,1.786198,,1.786198
20,11,gsm8k_ver1_vs_gpqa_orgn,1,1,1,1.945727,,1.945727
20,11,gsm8k_ver1_vs_gpqa_ver1,1,1,1,1.929038,,1.929038
20,12,gpqa_orgn_vs_gpqa_ver1,1,1,1,7.24696,,7.24696
20,12,gsm8k_orgn_vs_gpqa_orgn,1,1,1,7.281361,,7.281361
20,12,gsm8k_orgn_vs_gpqa_ver1,1,1,1,7.1552,,7.1552
20,12,gsm8k_orgn_vs_gsm8k_ver1,1,1,1,7.05161,,7.05161
20,12,gsm8k_ver1_vs_gpqa_orgn,1,1,1,7.318824,,7.318824
20,12,gsm8k_ver1_vs_gpqa_ver1,1,1,1,7.185399,,7.185399
20,13,gpqa_orgn_vs_gpqa_ver1,1,1,1,3.203266,,3.203266
20,13,gsm8k_orgn_vs_gpqa_orgn,1,1,1,3.165283,,3.165283
20,13,gsm8k_orgn_vs_gpqa_ver1,1,1,1,3.118782,,3.118782
20,13,gsm8k_orgn_vs_gsm8k_ver1,1,1,1,2.930447,,2.930447
20,13,gsm8k_ver1_vs_gpqa_orgn,1,1,1,3.170147,,3.170147
20,13,gsm8k_ver1_vs_gpqa_ver1,1,1,1,3.113041,,3.113041
20,14,gpqa_orgn_vs_gpqa_ver1,1,1,1,2.565144,,2.565144
20,14,gsm8k_orgn_vs_gpqa_orgn,1,1,1,2.500505,,2.500505
20,14,gsm8k_orgn_vs_gpqa_ver1,1,1,1,2.499877,,2.499877
20,14,gsm8k_orgn_vs_gsm8k_ver1,1,1,1,2.100575,,2.100575
20,14,gsm8k_ver1_vs_gpqa_orgn,1,1,1,2.50737,,2.50737
20,14,gsm8k_ver1_vs_gpqa_ver1,1,1,1,2.478404,,2.478404
20,15,gpqa_orgn_vs_gpqa_ver1,1,1,1,3.905804,,3.905804
20,15,gsm8k_orgn_vs_gpqa_orgn,1,1,1,3.466331,,3.466331
20,15,gsm8k_orgn_vs_gpqa_ver1,1,1,1,3.503673,,3.503673
20,15,gsm8k_orgn_vs_gsm8k_ver1,1,1,1,2.833107,,2.833107
20,15,gsm8k_ver1_vs_gpqa_orgn,1,1,1,3.518479,,3.518479
20,15,gsm8k_ver1_vs_gpqa_ver1,1,1,1,3.549344,,3.549344
20,16,gpqa_orgn_vs_gpqa_ver1,1,1,1,2.867076,,2.867076
20,16,gsm8k_orgn_vs_gpqa_orgn,1,1,1,2.767396,,2.767396
20,16,gsm8k_orgn_vs_gpqa_ver1,1,1,1,2.688246,,2.688246
20,16,gsm8k_orgn_vs_gsm8k_ver1,1,1,1,2.350495,,2.350495
20,16,gsm8k_ver1_vs_gpqa_orgn,1,1,1,2.766225,,2.766225
20,16,gsm8k_ver1_vs_gpqa_ver1,1,1,1,2.680217,,2.680217
20,17,gpqa_orgn_vs_gpqa_ver1,1,1,1,3.950708,,3.950708
20,17,gsm8k_orgn_vs_gpqa_orgn,1,1,1,3.688309,,3.688309
20,17,gsm8k_orgn_vs_gpqa_ver1,1,1,1,3.601927,,3.601927
20,17,gsm8k_orgn_vs_gsm8k_ver1,1,1,1,3.064713,,3.064713
20,17,gsm8k_ver1_vs_gpqa_orgn,1,1,1,3.720987,,3.720987
20,17,gsm8k_ver1_vs_gpqa_ver1,1,1,1,3.626378,,3.626378
20,18,gpqa_orgn_vs_gpqa_ver1,1,1,1,3.021118,,3.021118
20,18,gsm8k_orgn_vs_gpqa_orgn,1,1,1,2.908859,,2.908859
20,18,gsm8k_orgn_vs_gpqa_ver1,1,1,1,2.850526,,2.850526
20,18,gsm8k_orgn_vs_gsm8k_ver1,1,1,1,2.513682,,2.513682
20,18,gsm8k_ver1_vs_gpqa_orgn,1,1,1,2.912284,,2.912284
20,18,gsm8k_ver1_vs_gpqa_ver1,1,1,1,2.845631,,2.845631
20,19,gpqa_orgn_vs_gpqa_ver1,1,1,1,3.36201,,3.36201
20,19,gsm8k_orgn_vs_gpqa_orgn,1,1,1,3.241627,,3.241627
20,19,gsm8k_orgn_vs_gpqa_ver1,1,1,1,3.326045,,3.326045
20,19,gsm8k_orgn_vs_gsm8k_ver1,1,1,1,2.948147,,2.948147
20,19,gsm8k_ver1_vs_gpqa_orgn,1,1,1,3.272987,,3.272987
20,19,gsm8k_ver1_vs_gpqa_ver1,1,1,1,3.343977,,3.343977
20,20,gpqa_orgn_vs_gpqa_ver1,1,1,1,1.692422,,1.692422
20,20,gsm8k_orgn_vs_gpqa_orgn,1,1,1,1.472527,,1.472527
20,20,gsm8k_orgn_vs_gpqa_ver1,1,1,1,1.522629,,1.522629
20,20,gsm8k_orgn_vs_gsm8k_ver1,1,1,1,1.172428,,1.172428
20,20,gsm8k_ver1_vs_gpqa_orgn,1,1,1,1.416709,,1.416709
20,20,gsm8k_ver1_vs_gpqa_ver1,1,1,1,1.465433,,1.465433
20,21,gpqa_orgn_vs_gpqa_ver1,1,1,1,2.002456,,2.002456
20,21,gsm8k_orgn_vs_gpqa_orgn,1,1,1,1.678838,,1.678838
20,21,gsm8k_orgn_vs_gpqa_ver1,1,1,1,1.735296,,1.735296
20,21,gsm8k_orgn_vs_gsm8k_ver1,1,1,1,1.290625,,1.290625
20,21,gsm8k_ver1_vs_gpqa_orgn,1,1,1,1.634401,,1.634401
20,21,gsm8k_ver1_vs_gpqa_ver1,1,1,1,1.688754,,1.688754
20,22,gpqa_orgn_vs_gpqa_ver1,1,1,1,3.831991,,3.831991
20,22,gsm8k_orgn_vs_gpqa_orgn,1,1,1,3.873137,,3.873137
20,22,gsm8k_orgn_vs_gpqa_ver1,1,1,1,3.768739,,3.768739
20,22,gsm8k_orgn_vs_gsm8k_ver1,1,1,1,3.481841,,3.481841
20,22,gsm8k_ver1_vs_gpqa_orgn,1,1,1,3.647975,,3.647975
20,22,gsm8k_ver1_vs_gpqa_ver1,1,1,1,3.534863,,3.534863
20,23,gpqa_orgn_vs_gpqa_ver1,1,1,1,1.478308,,1.478308
20,23,gsm8k_orgn_vs_gpqa_orgn,1,1,1,1.241693,,1.241693
20,23,gsm8k_orgn_vs_gpqa_ver1,1,1,1,1.243545,,1.243545
20,23,gsm8k_orgn_vs_gsm8k_ver1,1,1,1,0.931871,,0.931871
20,23,gsm8k_ver1_vs_gpqa_orgn,1,1,1,1.23605,,1.23605
20,23,gsm8k_ver1_vs_gpqa_ver1,1,1,1,1.23664,,1.23664
20,24,gpqa_orgn_vs_gpqa_ver1,1,1,1,2.663996,,2.663996
20,24,gsm8k_orgn_vs_gpqa_orgn,1,1,1,2.557095,,2.557095
20,24,gsm8k_orgn_vs_gpqa_ver1,1,1,1,2.529163,,2.529163
20,24,gsm8k_orgn_vs_gsm8k_ver1,1,1,1,2.166657,,2.166657
20,24,gsm8k_ver1_vs_gpqa_orgn,1,1,1,2.376346,,2.376346
20,24,gsm8k_ver1_vs_gpqa_ver1,1,1,1,2.343606,,2.343606
20,25,gpqa_orgn_vs_gpqa_ver1,1,1,1,2.621611,,2.621611
20,25,gsm8k_orgn_vs_gpqa_orgn,1,1,1,2.69758,,2.69758
20,25,gsm8k_orgn_vs_gpqa_ver1,1,1,1,2.704962,,2.704962
20,25,gsm8k_orgn_vs_gsm8k_ver1,1,1,1,2.586308,,2.586308
20,25,gsm8k_ver1_vs_gpqa_orgn,1,1,1,2.604464,,2.604464
20,25,gsm8k_ver1_vs_gpqa_ver1,1,1,1,2.609688,,2.609688
20,26,gpqa_orgn_vs_gpqa_ver1,1,1,1,2.905698,,2.905698
20,26,gsm8k_orgn_vs_gpqa_orgn,1,1,1,3.487115,,3.487115
20,26,gsm8k_orgn_vs_gpqa_ver1,1,1,1,3.451101,,3.451101
20,26,gsm8k_orgn_vs_gsm8k_ver1,1,1,1,3.615982,,3.615982
20,26,gsm8k_ver1_vs_gpqa_orgn,1,1,1,3.225535,,3.225535
20,26,gsm8k_ver1_vs_gpqa_ver1,1,1,1,3.184936,,3.184936
20,27,gpqa_orgn_vs_gpqa_ver1,1,1,1,4.011325,,4.011325
20,27,gsm8k_orgn_vs_gpqa_orgn,1,1,1,4.127223,,4.127223
20,27,gsm8k_orgn_vs_gpqa_ver1,1,1,1,4.0994,,4.0994
20,27,gsm8k_orgn_vs_gsm8k_ver1,1,1,1,3.948747,,3.948747
20,27,gsm8k_ver1_vs_gpqa_orgn,1,1,1,4.097155,,4.097155
20,27,gsm8k_ver1_vs_gpqa_ver1,1,1,1,4.063271,,4.063271
20,28,gpqa_orgn_vs_gpqa_ver1,1,1,1,3.481157,,3.481157
20,28,gsm8k_orgn_vs_gpqa_orgn,1,1,1,3.510923,,3.510923
20,28,gsm8k_orgn_vs_gpqa_ver1,1,1,1,3.42114,,3.42114
20,28,gsm8k_orgn_vs_gsm8k_ver1,1,1,1,3.185407,,3.185407
20,28,gsm8k_ver1_vs_gpqa_orgn,1,1,1,3.37987,,3.37987
20,28,gsm8k_ver1_vs_gpqa_ver1,1,1,1,3.282136,,3.282136
20,29,gpqa_orgn_vs_gpqa_ver1,1,1,1,4.164659,,4.164659
20,29,gsm8k_orgn_vs_gpqa_orgn,1,1,1,3.994939,,3.994939
20,29,gsm8k_orgn_vs_gpqa_ver1,1,1,1,3.980773,,3.980773
20,29,gsm8k_orgn_vs_gsm8k_ver1,1,1,1,3.515701,,3.515701
20,29,gsm8k_ver1_vs_gpqa_orgn,1,1,1,3.882195,,3.882195
20,29,gsm8k_ver1_vs_gpqa_ver1,1,1,1,3.863317,,3.863317
20,30,gpqa_orgn_vs_gpqa_ver1,1,1,1,5.262518,,5.262518
20,30,gsm8k_orgn_vs_gpqa_orgn,1,1,1,5.104484,,5.104484
20,30,gsm8k_orgn_vs_gpqa_ver1,1,1,1,5.139757,,5.139757
20,30,gsm8k_orgn_vs_gsm8k_ver1,1,1,1,4.85685,,4.85685
20,30,gsm8k_ver1_vs_gpqa_orgn,1,1,1,5.083394,,5.083394
20,30,gsm8k_ver1_vs_gpqa_ver1,1,1,1,5.106403,,5.106403
20,31,gpqa_orgn_vs_gpqa_ver1,1,1,1,4.235301,,4.235301
20,31,gsm8k_orgn_vs_gpqa_orgn,1,1,1,3.943992,,3.943992
20,31,gsm8k_orgn_vs_gpqa_ver1,1,1,1,3.888906,,3.888906
20,31,gsm8k_orgn_vs_gsm8k_ver1,1,1,1,3.46571,,3.46571
20,31,gsm8k_ver1_vs_gpqa_orgn,1,1,1,3.990247,,3.990247
20,31,gsm8k_ver1_vs_gpqa_ver1,1,1,1,3.923269,,3.923269
20,32,gpqa_orgn_vs_gpqa_ver1,1,1,1,2.749766,,2.749766
20,32,gsm8k_orgn_vs_gpqa_orgn,1,1,1,2.618093,,2.618093
20,32,gsm8k_orgn_vs_gpqa_ver1,1,1,1,2.672867,,2.672867
20,32,gsm8k_orgn_vs_gsm8k_ver1,1,1,1,2.32476,,2.32476
20,32,gsm8k_ver1_vs_gpqa_orgn,1,1,1,2.60134,,2.60134
20,32,gsm8k_ver1_vs_gpqa_ver1,1,1,1,2.649388,,2.649388
20,33,gpqa_orgn_vs_gpqa_ver1,1,1,1,3.727319,,3.727319
20,33,gsm8k_orgn_vs_gpqa_orgn,1,1,1,3.714847,,3.714847
20,33,gsm8k_orgn_vs_gpqa_ver1,1,1,1,3.889669,,3.889669
20,33,gsm8k_orgn_vs_gsm8k_ver1,1,1,1,3.836406,,3.836406
20,33,gsm8k_ver1_vs_gpqa_orgn,1,1,1,3.737349,,3.737349
20,33,gsm8k_ver1_vs_gpqa_ver1,1,1,1,3.902829,,3.902829
20,34,gpqa_orgn_vs_gpqa_ver1,1,1,1,4.616996,,4.616996
20,34,gsm8k_orgn_vs_gpqa_orgn,1,1,1,4.435238,,4.435238
20,34,gsm8k_orgn_vs_gpqa_ver1,1,1,1,4.534058,,4.534058
20,34,gsm8k_orgn_vs_gsm8k_ver1,1,1,1,4.399153,,4.399153
20,34,gsm8k_ver1_vs_gpqa_orgn,1,1,1,4.579213,,4.579213
20,34,gsm8k_ver1_vs_gpqa_ver1,1,1,1,4.663487,,4.663487
20,35,gpqa_orgn_vs_gpqa_ver1,1,1,1,4.291139,,4.291139
20,35,gsm8k_orgn_vs_gpqa_orgn,1,1,1,3.723451,,3.723451
20,35,gsm8k_orgn_vs_gpqa_ver1,1,1,1,3.797891,,3.797891
20,35,gsm8k_orgn_vs_gsm8k_ver1,1,1,1,2.933494,,2.933494
20,35,gsm8k_ver1_vs_gpqa_orgn,1,1,1,3.645818,,3.645818
20,35,gsm8k_ver1_vs_gpqa_ver1,1,1,1,3.723802,,3.723802
20,36,gpqa_orgn_vs_gpqa_ver1,1,1,1,2.713623,,2.713623
20,36,gsm8k_orgn_vs_gpqa_orgn,1,1,1,2.344342,,2.344342
20,36,gsm8k_orgn_vs_gpqa_ver1,1,1,1,2.475451,,2.475451
20,36,gsm8k_orgn_vs_gsm8k_ver1,1,1,1,1.855147,,1.855147
20,36,gsm8k_ver1_vs_gpqa_orgn,1,1,1,2.308227,,2.308227
20,36,gsm8k_ver1_vs_gpqa_ver1,1,1,1,2.436154,,2.436154
20,37,gpqa_orgn_vs_gpqa_ver1,1,1,1,4.276517,,4.276517
20,37,gsm8k_orgn_vs_gpqa_orgn,1,1,1,3.692938,,3.692938
20,37,gsm8k_orgn_vs_gpqa_ver1,1,1,1,3.493788,,3.493788
20,37,gsm8k_orgn_vs_gsm8k_ver1,1,1,1,2.589234,,2.589234
20,37,gsm8k_ver1_vs_gpqa_orgn,1,1,1,3.695146,,3.695146
20,37,gsm8k_ver1_vs_gpqa_ver1,1,1,1,3.4932,,3.4932
20,38,gpqa_orgn_vs_gpqa_ver1,1,1,1,3.91633,,3.91633
20,38,gsm8k_orgn_vs_gpqa_orgn,1,1,1,3.583649,,3.583649
20,38,gsm8k_orgn_vs_gpqa_ver1,1,1,1,3.559797,,3.559797
20,38,gsm8k_orgn_vs_gsm8k_ver1,1,1,1,2.774531,,2.774531
20,38,gsm8k_ver1_vs_gpqa_orgn,1,1,1,3.559293,,3.559293
20,38,gsm8k_ver1_vs_gpqa_ver1,1,1,1,3.524428,,3.524428
20,39,gpqa_orgn_vs_gpqa_ver1,1,1,1,4.539237,,4.539237
20,39,gsm8k_orgn_vs_gpqa_orgn,1,1,1,3.955692,,3.955692
20,39,gsm8k_orgn_vs_gpqa_ver1,1,1,1,3.95589,,3.95589
20,39,gsm8k_orgn_vs_gsm8k_ver1,1,1,1,2.816857,,2.816857
20,39,gsm8k_ver1_vs_gpqa_orgn,1,1,1,3.948051,,3.948051
20,39,gsm8k_ver1_vs_gpqa_ver1,1,1,1,3.937582,,3.937582
21,0,gpqa_orgn_vs_gpqa_ver1,1,1,1,5.012495,,5.012495
21,0,gsm8k_orgn_vs_gpqa_orgn,1,1,1,4.819656,,4.819656
21,0,gsm8k_orgn_vs_gpqa_ver1,1,1,1,4.843365,,4.843365
21,0,gsm8k_orgn_vs_gsm8k_ver1,1,1,1,3.924065,,3.924065
21,0,gsm8k_ver1_vs_gpqa_orgn,1,1,1,4.81688,,4.81688
21,0,gsm8k_ver1_vs_gpqa_ver1,1,1,1,4.834743,,4.834743
21,1,gpqa_orgn_vs_gpqa_ver1,1,1,1,5.936907,,5.936907
21,1,gsm8k_orgn_vs_gpqa_orgn,1,1,1,5.844412,,5.844412
21,1,gsm8k_orgn_vs_gpqa_ver1,1,1,1,5.85589,,5.85589
21,1,gsm8k_orgn_vs_gsm8k_ver1,1,1,1,5.233159,,5.233159
21,1,gsm8k_ver1_vs_gpqa_orgn,1,1,1,5.886233,,5.886233
21,1,gsm8k_ver1_vs_gpqa_ver1,1,1,1,5.894812,,5.894812
21,2,gpqa_orgn_vs_gpqa_ver1,1,1,1,5.179076,,5.179076
21,2,gsm8k_orgn_vs_gpqa_orgn,1,1,1,4.926259,,4.926259
21,2,gsm8k_orgn_vs_gpqa_ver1,1,1,1,4.747045,,4.747045
21,2,gsm8k_orgn_vs_gsm8k_ver1,1,1,1,3.784556,,3.784556
21,2,gsm8k_ver1_vs_gpqa_orgn,1,1,1,4.847451,,4.847451
21,2,gsm8k_ver1_vs_gpqa_ver1,1,1,1,4.65745,,4.65745
21,3,gpqa_orgn_vs_gpqa_ver1,1,1,1,6.837115,,6.837115
21,3,gsm8k_orgn_vs_gpqa_orgn,1,1,1,6.257502,,6.257502
21,3,gsm8k_orgn_vs_gpqa_ver1,1,1,1,6.24629,,6.24629
21,3,gsm8k_orgn_vs_gsm8k_ver1,1,1,1,4.935726,,4.935726
21,3,gsm8k_ver1_vs_gpqa_orgn,1,1,1,6.238586,,6.238586
21,3,gsm8k_ver1_vs_gpqa_ver1,1,1,1,6.219266,,6.219266
21,4,gpqa_orgn_vs_gpqa_ver1,1,1,1,5.667368,,5.667368
21,4,gsm8k_orgn_vs_gpqa_orgn,1,1,1,5.472703,,5.472703
21,4,gsm8k_orgn_vs_gpqa_ver1,1,1,1,5.384842,,5.384842
21,4,gsm8k_orgn_vs_gsm8k_ver1,1,1,1,4.46692,,4.46692
21,4,gsm8k_ver1_vs_gpqa_orgn,1,1,1,5.452315,,5.452315
21,4,gsm8k_ver1_vs_gpqa_ver1,1,1,1,5.348595,,5.348595
21,5,gpqa_orgn_vs_gpqa_ver1,1,1,1,3.934619,,3.934619
21,5,gsm8k_orgn_vs_gpqa_orgn,1,1,1,3.223559,,3.223559
21,5,gsm8k_orgn_vs_gpqa_ver1,1,1,1,3.380109,,3.380109
21,5,gsm8k_orgn_vs_gsm8k_ver1,1,1,1,2.722413,,2.722413
21,5,gsm8k_ver1_vs_gpqa_orgn,1,1,1,3.430205,,3.430205
21,5,gsm8k_ver1_vs_gpqa_ver1,1,1,1,3.581869,,3.581869
21,6,gpqa_orgn_vs_gpqa_ver1,1,1,1,2.115524,,2.115524
21,6,gsm8k_orgn_vs_gpqa_orgn,1,1,1,1.622612,,1.622612
21,6,gsm8k_orgn_vs_gpqa_ver1,1,1,1,1.757961,,1.757961
21,6,gsm8k_orgn_vs_gsm8k_ver1,1,1,1,1.242116,,1.242116
21,6,gsm8k_ver1_vs_gpqa_orgn,1,1,1,1.687699,,1.687699
21,6,gsm8k_ver1_vs_gpqa_ver1,1,1,1,1.819165,,1.819165
21,7,gpqa_orgn_vs_gpqa_ver1,1,1,1,4.700306,,4.700306
21,7,gsm8k_orgn_vs_gpqa_orgn,1,1,1,3.615121,,3.615121
21,7,gsm8k_orgn_vs_gpqa_ver1,1,1,1,3.967784,,3.967784
21,7,gsm8k_orgn_vs_gsm8k_ver1,1,1,1,2.772848,,2.772848
21,7,gsm8k_ver1_vs_gpqa_orgn,1,1,1,3.794639,,3.794639
21,7,gsm8k_ver1_vs_gpqa_ver1,1,1,1,4.138953,,4.138953
21,8,gpqa_orgn_vs_gpqa_ver1,1,1,1,2.335969,,2.335969
21,8,gsm8k_orgn_vs_gpqa_orgn,1,1,1,2.031775,,2.031775
21,8,gsm8k_orgn_vs_gpqa_ver1,1,1,1,2.10892,,2.10892
21,8,gsm8k_orgn_vs_gsm8k_ver1,1,1,1,1.76518,,1.76518
21,8,gsm8k_ver1_vs_gpqa_orgn,1,1,1,2.057941,,2.057941
21,8,gsm8k_ver1_vs_gpqa_ver1,1,1,1,2.132777,,2.132777
21,9,gpqa_orgn_vs_gpqa_ver1,1,1,1,3.35235,,3.35235
21,9,gsm8k_orgn_vs_gpqa_orgn,1,1,1,2.75144,,2.75144
21,9,gsm8k_orgn_vs_gpqa_ver1,1,1,1,2.926086,,2.926086
21,9,gsm8k_orgn_vs_gsm8k_ver1,1,1,1,2.28567,,2.28567
21,9,gsm8k_ver1_vs_gpqa_orgn,1,1,1,2.954661,,2.954661
21,9,gsm8k_ver1_vs_gpqa_ver1,1,1,1,3.119018,,3.119018
21,10,gpqa_orgn_vs_gpqa_ver1,1,1,1,4.539922,,4.539922
21,10,gsm8k_orgn_vs_gpqa_orgn,1,1,1,4.197314,,4.197314
21,10,gsm8k_orgn_vs_gpqa_ver1,1,1,1,4.125915,,4.125915
21,10,gsm8k_orgn_vs_gsm8k_ver1,1,1,1,3.574636,,3.574636
21,10,gsm8k_ver1_vs_gpqa_orgn,1,1,1,4.17276,,4.17276
21,10,gsm8k_ver1_vs_gpqa_ver1,1,1,1,4.096907,,4.096907
21,11,gpqa_orgn_vs_gpqa_ver1,1,1,1,5.724705,,5.724705
21,11,gsm8k_orgn_vs_gpqa_orgn,1,1,1,5.104208,,5.104208
21,11,gsm8k_orgn_vs_gpqa_ver1,1,1,1,5.134016,,5.134016
21,11,gsm8k_orgn_vs_gsm8k_ver1,1,1,1,4.177699,,4.177699
21,11,gsm8k_ver1_vs_gpqa_orgn,1,1,1,5.107393,,5.107393
21,11,gsm8k_ver1_vs_gpqa_ver1,1,1,1,5.138857,,5.138857
21,12,gpqa_orgn_vs_gpqa_ver1,1,1,1,4.207603,,4.207603
21,12,gsm8k_orgn_vs_gpqa_orgn,1,1,1,3.850759,,3.850759
21,12,gsm8k_orgn_vs_gpqa_ver1,1,1,1,3.948105,,3.948105
21,12,gsm8k_orgn_vs_gsm8k_ver1,1,1,1,3.299204,,3.299204
21,12,gsm8k_ver1_vs_gpqa_orgn,1,1,1,3.921007,,3.921007
21,12,gsm8k_ver1_vs_gpqa_ver1,1,1,1,4.013314,,4.013314
21,13,gpqa_orgn_vs_gpqa_ver1,1,1,1,3.89758,,3.89758
21,13,gsm8k_orgn_vs_gpqa_orgn,1,1,1,3.582206,,3.582206
21,13,gsm8k_orgn_vs_gpqa_ver1,1,1,1,3.574222,,3.574222
21,13,gsm8k_orgn_vs_gsm8k_ver1,1,1,1,2.956489,,2.956489
21,13,gsm8k_ver1_vs_gpqa_orgn,1,1,1,3.609906,,3.609906
21,13,gsm8k_ver1_vs_gpqa_ver1,1,1,1,3.599619,,3.599619
21,14,gpqa_orgn_vs_gpqa_ver1,1,1,1,4.891598,,4.891598
21,14,gsm8k_orgn_vs_gpqa_orgn,1,1,1,4.36751,,4.36751
21,14,gsm8k_orgn_vs_gpqa_ver1,1,1,1,4.383518,,4.383518
21,14,gsm8k_orgn_vs_gsm8k_ver1,1,1,1,3.431914,,3.431914
21,14,gsm8k_ver1_vs_gpqa_orgn,1,1,1,4.364378,,4.364378
21,14,gsm8k_ver1_vs_gpqa_ver1,1,1,1,4.37912,,4.37912
21,15,gpqa_orgn_vs_gpqa_ver1,1,1,1,2.821156,,2.821156
21,15,gsm8k_orgn_vs_gpqa_orgn,1,1,1,2.833855,,2.833855
21,15,gsm8k_orgn_vs_gpqa_ver1,1,1,1,2.800733,,2.800733
21,15,gsm8k_orgn_vs_gsm8k_ver1,1,1,1,2.638717,,2.638717
21,15,gsm8k_ver1_vs_gpqa_orgn,1,1,1,2.77271,,2.77271
21,15,gsm8k_ver1_vs_gpqa_ver1,1,1,1,2.737369,,2.737369
21,16,gpqa_orgn_vs_gpqa_ver1,1,1,1,3.556105,,3.556105
21,16,gsm8k_orgn_vs_gpqa_orgn,1,1,1,3.153005,,3.153005
21,16,gsm8k_orgn_vs_gpqa_ver1,1,1,1,3.108697,,3.108697
21,16,gsm8k_orgn_vs_gsm8k_ver1,1,1,1,2.574096,,2.574096
21,16,gsm8k_ver1_vs_gpqa_orgn,1,1,1,3.230957,,3.230957
21,16,gsm8k_ver1_vs_gpqa_ver1,1,1,1,3.183939,,3.183939
21,17,gpqa_orgn_vs_gpqa_ver1,1,1,1,3.323565,,3.323565
21,17,gsm8k_orgn_vs_gpqa_orgn,1,1,1,3.347466,,3.347466
21,17,gsm8k_orgn_vs_gpqa_ver1,1,1,1,3.287895,,3.287895
21,17,gsm8k_orgn_vs_gsm8k_ver1,1,1,1,3.25763,,3.25763
21,17,gsm8k_ver1_vs_gpqa_orgn,1,1,1,3.420342,,3.420342
21,17,gsm8k_ver1_vs_gpqa_ver1,1,1,1,3.360255,,3.360255
21,18,gpqa_orgn_vs_gpqa_ver1,1,1,1,4.527181,,4.527181
21,18,gsm8k_orgn_vs_gpqa_orgn,1,1,1,4.08137,,4.08137
21,18,gsm8k_orgn_vs_gpqa_ver1,1,1,1,4.108155,,4.108155
21,18,gsm8k_orgn_vs_gsm8k_ver1,1,1,1,3.485583,,3.485583
21,18,gsm8k_ver1_vs_gpqa_orgn,1,1,1,4.062797,,4.062797
21,18,gsm8k_ver1_vs_gpqa_ver1,1,1,1,4.089442,,4.089442
21,19,gpqa_orgn_vs_gpqa_ver1,1,1,1,3.502513,,3.502513
21,19,gsm8k_orgn_vs_gpqa_orgn,1,1,1,2.982565,,2.982565
21,19,gsm8k_orgn_vs_gpqa_ver1,1,1,1,3.032809,,3.032809
21,19,gsm8k_orgn_vs_gsm8k_ver1,1,1,1,2.214505,,2.214505
21,19,gsm8k_ver1_vs_gpqa_orgn,1,1,1,2.905316,,2.905316
21,19,gsm8k_ver1_vs_gpqa_ver1,1,1,1,2.955058,,2.955058
21,20,gpqa_orgn_vs_gpqa_ver1,1,1,1,2.704547,,2.704547
21,20,gsm8k_orgn_vs_gpqa_orgn,1,1,1,2.377305,,2.377305
21,20,gsm8k_orgn_vs_gpqa_ver1,1,1,1,2.531142,,2.531142
21,20,gsm8k_orgn_vs_gsm8k_ver1,1,1,1,1.893958,,1.893958
21,20,gsm8k_ver1_vs_gpqa_orgn,1,1,1,2.137701,,2.137701
21,20,gsm8k_ver1_vs_gpqa_ver1,1,1,1,2.294755,,2.294755
21,21,gpqa_orgn_vs_gpqa_ver1,1,1,1,3.6481,,3.6481
21,21,gsm8k_orgn_vs_gpqa_orgn,1,1,1,3.07022,,3.07022
21,21,gsm8k_orgn_vs_gpqa_ver1,1,1,1,3.059993,,3.059993
21,21,gsm8k_orgn_vs_gsm8k_ver1,1,1,1,2.379786,,2.379786
21,21,gsm8k_ver1_vs_gpqa_orgn,1,1,1,3.142839,,3.142839
21,21,gsm8k_ver1_vs_gpqa_ver1,1,1,1,3.128965,,3.128965
21,22,gpqa_orgn_vs_gpqa_ver1,1,1,1,2.962599,,2.962599
21,22,gsm8k_orgn_vs_gpqa_orgn,1,1,1,2.518281,,2.518281
21,22,gsm8k_orgn_vs_gpqa_ver1,1,1,1,2.68346,,2.68346
21,22,gsm8k_orgn_vs_gsm8k_ver1,1,1,1,1.976124,,1.976124
21,22,gsm8k_ver1_vs_gpqa_orgn,1,1,1,2.387684,,2.387684
21,22,gsm8k_ver1_vs_gpqa_ver1,1,1,1,2.553648,,2.553648
21,23,gpqa_orgn_vs_gpqa_ver1,1,1,1,2.472214,,2.472214
21,23,gsm8k_orgn_vs_gpqa_orgn,1,1,1,2.553829,,2.553829
21,23,gsm8k_orgn_vs_gpqa_ver1,1,1,1,2.658719,,2.658719
21,23,gsm8k_orgn_vs_gsm8k_ver1,1,1,1,2.526112,,2.526112
21,23,gsm8k_ver1_vs_gpqa_orgn,1,1,1,2.445786,,2.445786
21,23,gsm8k_ver1_vs_gpqa_ver1,1,1,1,2.546664,,2.546664
21,24,gpqa_orgn_vs_gpqa_ver1,1,1,1,2.639575,,2.639575
21,24,gsm8k_orgn_vs_gpqa_orgn,1,1,1,2.356211,,2.356211
21,24,gsm8k_orgn_vs_gpqa_ver1,1,1,1,2.468703,,2.468703
21,24,gsm8k_orgn_vs_gsm8k_ver1,1,1,1,1.947821,,1.947821
21,24,gsm8k_ver1_vs_gpqa_orgn,1,1,1,2.244326,,2.244326
21,24,gsm8k_ver1_vs_gpqa_ver1,1,1,1,2.356234,,2.356234
21,25,gpqa_orgn_vs_gpqa_ver1,1,1,1,2.678842,,2.678842
21,25,gsm8k_orgn_vs_gpqa_orgn,1,1,1,2.714828,,2.714828
21,25,gsm8k_orgn_vs_gpqa_ver1,1,1,1,2.76128,,2.76128
21,25,gsm8k_orgn_vs_gsm8k_ver1,1,1,1,2.275291,,2.275291
21,25,gsm8k_ver1_vs_gpqa_orgn,1,1,1,2.708086,,2.708086
21,25,gsm8k_ver1_vs_gpqa_ver1,1,1,1,2.674169,,2.674169
21,26,gpqa_orgn_vs_gpqa_ver1,1,1,1,3.65192,,3.65192
21,26,gsm8k_orgn_vs_gpqa_orgn,1,1,1,3.530204,,3.530204
21,26,gsm8k_orgn_vs_gpqa_ver1,1,1,1,3.614362,,3.614362
21,26,gsm8k_orgn_vs_gsm8k_ver1,1,1,1,2.829258,,2.829258
21,26,gsm8k_ver1_vs_gpqa_orgn,1,1,1,3.538129,,3.538129
21,26,gsm8k_ver1_vs_gpqa_ver1,1,1,1,3.539812,,3.539812
21,27,gpqa_orgn_vs_gpqa_ver1,1,1,1,4.954464,,4.954464
21,27,gsm8k_orgn_vs_gpqa_orgn,1,1,1,4.898582,,4.898582
21,27,gsm8k_orgn_vs_gpqa_ver1,1,1,1,4.958383,,4.958383
21,27,gsm8k_orgn_vs_gsm8k_ver1,1,1,1,4.346144,,4.346144
21,27,gsm8k_ver1_vs_gpqa_orgn,1,1,1,4.88541,,4.88541
21,27,gsm8k_ver1_vs_gpqa_ver1,1,1,1,4.886076,,4.886076
21,28,gpqa_orgn_vs_gpqa_ver1,1,1,1,2.105414,,2.105414
21,28,gsm8k_orgn_vs_gpqa_orgn,1,1,1,2.189281,,2.189281
21,28,gsm8k_orgn_vs_gpqa_ver1,1,1,1,2.224741,,2.224741
21,28,gsm8k_orgn_vs_gsm8k_ver1,1,1,1,1.817857,,1.817857
21,28,gsm8k_ver1_vs_gpqa_orgn,1,1,1,2.182806,,2.182806
21,28,gsm8k_ver1_vs_gpqa_ver1,1,1,1,2.156795,,2.156795
21,29,gpqa_orgn_vs_gpqa_ver1,1,1,1,8.120686,,8.120686
21,29,gsm8k_orgn_vs_gpqa_orgn,1,1,1,7.988293,,7.988293
21,29,gsm8k_orgn_vs_gpqa_ver1,1,1,1,8.076583,,8.076583
21,29,gsm8k_orgn_vs_gsm8k_ver1,1,1,1,7.628729,,7.628729
21,29,gsm8k_ver1_vs_gpqa_orgn,1,1,1,8.091682,,8.091682
21,29,gsm8k_ver1_vs_gpqa_ver1,1,1,1,8.143539,,8.143539
21,30,gpqa_orgn_vs_gpqa_ver1,1,1,1,3.501431,,3.501431
21,30,gsm8k_orgn_vs_gpqa_orgn,1,1,1,3.375364,,3.375364
21,30,gsm8k_orgn_vs_gpqa_ver1,1,1,1,3.353574,,3.353574
21,30,gsm8k_orgn_vs_gsm8k_ver1,1,1,1,2.805005,,2.805005
21,30,gsm8k_ver1_vs_gpqa_orgn,1,1,1,3.354283,,3.354283
21,30,gsm8k_ver1_vs_gpqa_ver1,1,1,1,3.32663,,3.32663
21,31,gpqa_orgn_vs_gpqa_ver1,1,1,1,2.467058,,2.467058
21,31,gsm8k_orgn_vs_gpqa_orgn,1,1,1,2.583261,,2.583261
21,31,gsm8k_orgn_vs_gpqa_ver1,1,1,1,2.7069,,2.7069
21,31,gsm8k_orgn_vs_gsm8k_ver1,1,1,1,2.530855,,2.530855
21,31,gsm8k_ver1_vs_gpqa_orgn,1,1,1,2.616429,,2.616429
21,31,gsm8k_ver1_vs_gpqa_ver1,1,1,1,2.730578,,2.730578
21,32,gpqa_orgn_vs_gpqa_ver1,1,1,1,4.216134,,4.216134
21,32,gsm8k_orgn_vs_gpqa_orgn,1,1,1,4.355026,,4.355026
21,32,gsm8k_orgn_vs_gpqa_ver1,1,1,1,4.332756,,4.332756
21,32,gsm8k_orgn_vs_gsm8k_ver1,1,1,1,3.931863,,3.931863
21,32,gsm8k_ver1_vs_gpqa_orgn,1,1,1,4.371487,,4.371487
21,32,gsm8k_ver1_vs_gpqa_ver1,1,1,1,4.339871,,4.339871
21,33,gpqa_orgn_vs_gpqa_ver1,1,1,1,3.380405,,3.380405
21,33,gsm8k_orgn_vs_gpqa_orgn,1,1,1,3.8022,,3.8022
21,33,gsm8k_orgn_vs_gpqa_ver1,1,1,1,3.884167,,3.884167
21,33,gsm8k_orgn_vs_gsm8k_ver1,1,1,1,3.648277,,3.648277
21,33,gsm8k_ver1_vs_gpqa_orgn,1,1,1,3.852423,,3.852423
21,33,gsm8k_ver1_vs_gpqa_ver1,1,1,1,3.92175,,3.92175
21,34,gpqa_orgn_vs_gpqa_ver1,1,1,1,3.001438,,3.001438
21,34,gsm8k_orgn_vs_gpqa_orgn,1,1,1,3.077481,,3.077481
21,34,gsm8k_orgn_vs_gpqa_ver1,1,1,1,3.065335,,3.065335
21,34,gsm8k_orgn_vs_gsm8k_ver1,1,1,1,2.632654,,2.632654
21,34,gsm8k_ver1_vs_gpqa_orgn,1,1,1,3.223177,,3.223177
21,34,gsm8k_ver1_vs_gpqa_ver1,1,1,1,3.195645,,3.195645
21,35,gpqa_orgn_vs_gpqa_ver1,1,1,1,4.360902,,4.360902
21,35,gsm8k_orgn_vs_gpqa_orgn,1,1,1,4.103331,,4.103331
21,35,gsm8k_orgn_vs_gpqa_ver1,1,1,1,4.036322,,4.036322
21,35,gsm8k_orgn_vs_gsm8k_ver1,1,1,1,3.601087,,3.601087
21,35,gsm8k_ver1_vs_gpqa_orgn,1,1,1,4.073465,,4.073465
21,35,gsm8k_ver1_vs_gpqa_ver1,1,1,1,4.004554,,4.004554
21,36,gpqa_orgn_vs_gpqa_ver1,1,1,1,3.508278,,3.508278
21,36,gsm8k_orgn_vs_gpqa_orgn,1,1,1,2.956744,,2.956744
21,36,gsm8k_orgn_vs_gpqa_ver1,1,1,1,3.030596,,3.030596
21,36,gsm8k_orgn_vs_gsm8k_ver1,1,1,1,2.264011,,2.264011
21,36,gsm8k_ver1_vs_gpqa_orgn,1,1,1,2.996868,,2.996868
21,36,gsm8k_ver1_vs_gpqa_ver1,1,1,1,3.068389,,3.068389
21,37,gpqa_orgn_vs_gpqa_ver1,1,1,1,3.899458,,3.899458
21,37,gsm8k_orgn_vs_gpqa_orgn,1,1,1,3.862223,,3.862223
21,37,gsm8k_orgn_vs_gpqa_ver1,1,1,1,3.850609,,3.850609
21,37,gsm8k_orgn_vs_gsm8k_ver1,1,1,1,3.513574,,3.513574
21,37,gsm8k_ver1_vs_gpqa_orgn,1,1,1,3.789902,,3.789902
21,37,gsm8k_ver1_vs_gpqa_ver1,1,1,1,3.773344,,3.773344
21,38,gpqa_orgn_vs_gpqa_ver1,1,1,1,3.948199,,3.948199
21,38,gsm8k_orgn_vs_gpqa_orgn,1,1,1,3.802072,,3.802072
21,38,gsm8k_orgn_vs_gpqa_ver1,1,1,1,3.778102,,3.778102
21,38,gsm8k_orgn_vs_gsm8k_ver1,1,1,1,3.42064,,3.42064
21,38,gsm8k_ver1_vs_gpqa_orgn,1,1,1,3.734805,,3.734805
21,38,gsm8k_ver1_vs_gpqa_ver1,1,1,1,3.708174,,3.708174
21,39,gpqa_orgn_vs_gpqa_ver1,1,1,1,3.971466,,3.971466
21,39,gsm8k_orgn_vs_gpqa_orgn,1,1,1,3.670407,,3.670407
21,39,gsm8k_orgn_vs_gpqa_ver1,1,1,1,3.731893,,3.731893
21,39,gsm8k_orgn_vs_gsm8k_ver1,1,1,1,3.26259,,3.26259
21,39,gsm8k_ver1_vs_gpqa_orgn,1,1,1,3.66802,,3.66802
21,39,gsm8k_ver1_vs_gpqa_ver1,1,1,1,3.726631,,3.726631
22,0,gpqa_orgn_vs_gpqa_ver1,1,1,1,5.536876,,5.536876
22,0,gsm8k_orgn_vs_gpqa_orgn,1,1,1,5.334115,,5.334115
22,0,gsm8k_orgn_vs_gpqa_ver1,1,1,1,5.388141,,5.388141
22,0,gsm8k_orgn_vs_gsm8k_ver1,1,1,1,5.008366,,5.008366
22,0,gsm8k_ver1_vs_gpqa_orgn,1,1,1,5.367185,,5.367185
22,0,gsm8k_ver1_vs_gpqa_ver1,1,1,1,5.408803,,5.408803
22,1,gpqa_orgn_vs_gpqa_ver1,1,1,1,4.163873,,4.163873
22,1,gsm8k_orgn_vs_gpqa_orgn,1,1,1,3.672785,,3.672785
22,1,gsm8k_orgn_vs_gpqa_ver1,1,1,1,3.958904,,3.958904
22,1,gsm8k_orgn_vs_gsm8k_ver1,1,1,1,3.440556,,3.440556
22,1,gsm8k_ver1_vs_gpqa_orgn,1,1,1,3.841868,,3.841868
22,1,gsm8k_ver1_vs_gpqa_ver1,1,1,1,4.110843,,4.110843
22,2,gpqa_orgn_vs_gpqa_ver1,1,1,1,3.433293,,3.433293
22,2,gsm8k_orgn_vs_gpqa_orgn,1,1,1,3.202793,,3.202793
22,2,gsm8k_orgn_vs_gpqa_ver1,1,1,1,3.218513,,3.218513
22,2,gsm8k_orgn_vs_gsm8k_ver1,1,1,1,2.77129,,2.77129
22,2,gsm8k_ver1_vs_gpqa_orgn,1,1,1,3.157414,,3.157414
22,2,gsm8k_ver1_vs_gpqa_ver1,1,1,1,3.165746,,3.165746
22,3,gpqa_orgn_vs_gpqa_ver1,1,1,1,3.780644,,3.780644
22,3,gsm8k_orgn_vs_gpqa_orgn,1,1,1,3.473528,,3.473528
22,3,gsm8k_orgn_vs_gpqa_ver1,1,1,1,3.537728,,3.537728
22,3,gsm8k_orgn_vs_gsm8k_ver1,1,1,1,3.222116,,3.222116
22,3,gsm8k_ver1_vs_gpqa_orgn,1,1,1,3.650104,,3.650104
22,3,gsm8k_ver1_vs_gpqa_ver1,1,1,1,3.702004,,3.702004
22,4,gpqa_orgn_vs_gpqa_ver1,1,1,1,5.348318,,5.348318
22,4,gsm8k_orgn_vs_gpqa_orgn,1,1,1,5.006444,,5.006444
22,4,gsm8k_orgn_vs_gpqa_ver1,1,1,1,5.132778,,5.132778
22,4,gsm8k_orgn_vs_gsm8k_ver1,1,1,1,4.591067,,4.591067
22,4,gsm8k_ver1_vs_gpqa_orgn,1,1,1,4.978577,,4.978577
22,4,gsm8k_ver1_vs_gpqa_ver1,1,1,1,5.098015,,5.098015
22,5,gpqa_orgn_vs_gpqa_ver1,1,1,1,3.515556,,3.515556
22,5,gsm8k_orgn_vs_gpqa_orgn,1,1,1,4.051943,,4.051943
22,5,gsm8k_orgn_vs_gpqa_ver1,1,1,1,3.822521,,3.822521
22,5,gsm8k_orgn_vs_gsm8k_ver1,1,1,1,4.146374,,4.146374
22,5,gsm8k_ver1_vs_gpqa_orgn,1,1,1,3.936414,,3.936414
22,5,gsm8k_ver1_vs_gpqa_ver1,1,1,1,3.688201,,3.688201
22,6,gpqa_orgn_vs_gpqa_ver1,1,1,1,3.817652,,3.817652
22,6,gsm8k_orgn_vs_gpqa_orgn,1,1,1,4.051412,,4.051412
22,6,gsm8k_orgn_vs_gpqa_ver1,1,1,1,4.055674,,4.055674
22,6,gsm8k_orgn_vs_gsm8k_ver1,1,1,1,4.213954,,4.213954
22,6,gsm8k_ver1_vs_gpqa_orgn,1,1,1,4.120516,,4.120516
22,6,gsm8k_ver1_vs_gpqa_ver1,1,1,1,4.117036,,4.117036
22,7,gpqa_orgn_vs_gpqa_ver1,1,1,1,3.620573,,3.620573
22,7,gsm8k_orgn_vs_gpqa_orgn,1,1,1,3.48948,,3.48948
22,7,gsm8k_orgn_vs_gpqa_ver1,1,1,1,3.512154,,3.512154
22,7,gsm8k_orgn_vs_gsm8k_ver1,1,1,1,3.321004,,3.321004
22,7,gsm8k_ver1_vs_gpqa_orgn,1,1,1,3.508371,,3.508371
22,7,gsm8k_ver1_vs_gpqa_ver1,1,1,1,3.526661,,3.526661
22,8,gpqa_orgn_vs_gpqa_ver1,1,1,1,2.535472,,2.535472
22,8,gsm8k_orgn_vs_gpqa_orgn,1,1,1,2.678238,,2.678238
22,8,gsm8k_orgn_vs_gpqa_ver1,1,1,1,2.698496,,2.698496
22,8,gsm8k_orgn_vs_gsm8k_ver1,1,1,1,2.775776,,2.775776
22,8,gsm8k_ver1_vs_gpqa_orgn,1,1,1,2.677677,,2.677677
22,8,gsm8k_ver1_vs_gpqa_ver1,1,1,1,2.692819,,2.692819
22,9,gpqa_orgn_vs_gpqa_ver1,1,1,1,2.732124,,2.732124
22,9,gsm8k_orgn_vs_gpqa_orgn,1,1,1,2.821173,,2.821173
22,9,gsm8k_orgn_vs_gpqa_ver1,1,1,1,2.75159,,2.75159
22,9,gsm8k_orgn_vs_gsm8k_ver1,1,1,1,2.956739,,2.956739
22,9,gsm8k_ver1_vs_gpqa_orgn,1,1,1,3.026403,,3.026403
22,9,gsm8k_ver1_vs_gpqa_ver1,1,1,1,2.95189,,2.95189
22,10,gpqa_orgn_vs_gpqa_ver1,1,1,1,3.011342,,3.011342
22,10,gsm8k_orgn_vs_gpqa_orgn,1,1,1,3.051254,,3.051254
22,10,gsm8k_orgn_vs_gpqa_ver1,1,1,1,3.022463,,3.022463
22,10,gsm8k_orgn_vs_gsm8k_ver1,1,1,1,2.925841,,2.925841
22,10,gsm8k_ver1_vs_gpqa_orgn,1,1,1,3.020191,,3.020191
22,10,gsm8k_ver1_vs_gpqa_ver1,1,1,1,2.97748,,2.97748
22,11,gpqa_orgn_vs_gpqa_ver1,1,1,1,3.499546,,3.499546
22,11,gsm8k_orgn_vs_gpqa_orgn,1,1,1,3.308431,,3.308431
22,11,gsm8k_orgn_vs_gpqa_ver1,1,1,1,3.353591,,3.353591
22,11,gsm8k_orgn_vs_gsm8k_ver1,1,1,1,3.10152,,3.10152
22,11,gsm8k_ver1_vs_gpqa_orgn,1,1,1,3.326833,,3.326833
22,11,gsm8k_ver1_vs_gpqa_ver1,1,1,1,3.364569,,3.364569
22,12,gpqa_orgn_vs_gpqa_ver1,1,1,1,4.90133,,4.90133
22,12,gsm8k_orgn_vs_gpqa_orgn,1,1,1,4.694336,,4.694336
22,12,gsm8k_orgn_vs_gpqa_ver1,1,1,1,4.600822,,4.600822
22,12,gsm8k_orgn_vs_gsm8k_ver1,1,1,1,4.194199,,4.194199
22,12,gsm8k_ver1_vs_gpqa_orgn,1,1,1,4.712493,,4.712493
22,12,gsm8k_ver1_vs_gpqa_ver1,1,1,1,4.594679,,4.594679
22,13,gpqa_orgn_vs_gpqa_ver1,1,1,1,3.057585,,3.057585
22,13,gsm8k_orgn_vs_gpqa_orgn,1,1,1,2.888533,,2.888533
22,13,gsm8k_orgn_vs_gpqa_ver1,1,1,1,2.867354,,2.867354
22,13,gsm8k_orgn_vs_gsm8k_ver1,1,1,1,2.783393,,2.783393
22,13,gsm8k_ver1_vs_gpqa_orgn,1,1,1,3.032926,,3.032926
22,13,gsm8k_ver1_vs_gpqa_ver1,1,1,1,3.005278,,3.005278
22,14,gpqa_orgn_vs_gpqa_ver1,1,1,1,6.290542,,6.290542
22,14,gsm8k_orgn_vs_gpqa_orgn,1,1,1,6.256395,,6.256395
22,14,gsm8k_orgn_vs_gpqa_ver1,1,1,1,6.210506,,6.210506
22,14,gsm8k_orgn_vs_gsm8k_ver1,1,1,1,6.146259,,6.146259
22,14,gsm8k_ver1_vs_gpqa_orgn,1,1,1,6.395906,,6.395906
22,14,gsm8k_ver1_vs_gpqa_ver1,1,1,1,6.334315,,6.334315
22,15,gpqa_orgn_vs_gpqa_ver1,1,1,1,0.658483,,0.658483
22,15,gsm8k_orgn_vs_gpqa_orgn,1,1,1,0.4411,,0.4411
22,15,gsm8k_orgn_vs_gpqa_ver1,1,1,1,0.513309,,0.513309
22,15,gsm8k_orgn_vs_gsm8k_ver1,1,1,1,0.211436,,0.211436
22,15,gsm8k_ver1_vs_gpqa_orgn,1,1,1,0.437687,,0.437687
22,15,gsm8k_ver1_vs_gpqa_ver1,1,1,1,0.509462,,0.509462
22,16,gpqa_orgn_vs_gpqa_ver1,1,1,1,5.220571,,5.220571
22,16,gsm8k_orgn_vs_gpqa_orgn,1,1,1,4.912151,,4.912151
22,16,gsm8k_orgn_vs_gpqa_ver1,1,1,1,4.972707,,4.972707
22,16,gsm8k_orgn_vs_gsm8k_ver1,1,1,1,4.131603,,4.131603
22,16,gsm8k_ver1_vs_gpqa_orgn,1,1,1,4.900872,,4.900872
22,16,gsm8k_ver1_vs_gpqa_ver1,1,1,1,4.946102,,4.946102
22,17,gpqa_orgn_vs_gpqa_ver1,1,1,1,3.856377,,3.856377
22,17,gsm8k_orgn_vs_gpqa_orgn,1,1,1,3.361362,,3.361362
22,17,gsm8k_orgn_vs_gpqa_ver1,1,1,1,3.352371,,3.352371
22,17,gsm8k_orgn_vs_gsm8k_ver1,1,1,1,2.519749,,2.519749
22,17,gsm8k_ver1_vs_gpqa_orgn,1,1,1,3.347318,,3.347318
22,17,gsm8k_ver1_vs_gpqa_ver1,1,1,1,3.332483,,3.332483
22,18,gpqa_orgn_vs_gpqa_ver1,1,1,1,4.412713,,4.412713
22,18,gsm8k_orgn_vs_gpqa_orgn,1,1,1,4.132942,,4.132942
22,18,gsm8k_orgn_vs_gpqa_ver1,1,1,1,4.030128,,4.030128
22,18,gsm8k_orgn_vs_gsm8k_ver1,1,1,1,3.312966,,3.312966
22,18,gsm8k_ver1_vs_gpqa_orgn,1,1,1,4.149964,,4.149964
22,18,gsm8k_ver1_vs_gpqa_ver1,1,1,1,4.035107,,4.035107
22,19,gpqa_orgn_vs_gpqa_ver1,1,1,1,3.672176,,3.672176
22,19,gsm8k_orgn_vs_gpqa_orgn,1,1,1,3.50718,,3.50718
22,19,gsm8k_orgn_vs_gpqa_ver1,1,1,1,3.5299,,3.5299
22,19,gsm8k_orgn_vs_gsm8k_ver1,1,1,1,2.97917,,2.97917
22,19,gsm8k_ver1_vs_gpqa_orgn,1,1,1,3.559841,,3.559841
22,19,gsm8k_ver1_vs_gpqa_ver1,1,1,1,3.566531,,3.566531
22,20,gpqa_orgn_vs_gpqa_ver1,1,1,1,4.438146,,4.438146
22,20,gsm8k_orgn_vs_gpqa_orgn,1,1,1,3.984852,,3.984852
22,20,gsm8k_orgn_vs_gpqa_ver1,1,1,1,3.970744,,3.970744
22,20,gsm8k_orgn_vs_gsm8k_ver1,1,1,1,3.180766,,3.180766
22,20,gsm8k_ver1_vs_gpqa_orgn,1,1,1,3.92374,,3.92374
22,20,gsm8k_ver1_vs_gpqa_ver1,1,1,1,3.904348,,3.904348
22,21,gpqa_orgn_vs_gpqa_ver1,1,1,1,4.577149,,4.577149
22,21,gsm8k_orgn_vs_gpqa_orgn,1,1,1,4.551345,,4.551345
22,21,gsm8k_orgn_vs_gpqa_ver1,1,1,1,4.522045,,4.522045
22,21,gsm8k_orgn_vs_gsm8k_ver1,1,1,1,4.261073,,4.261073
22,21,gsm8k_ver1_vs_gpqa_orgn,1,1,1,4.561724,,4.561724
22,21,gsm8k_ver1_vs_gpqa_ver1,1,1,1,4.527686,,4.527686
22,22,gpqa_orgn_vs_gpqa_ver1,1,1,1,4.327424,,4.327424
22,22,gsm8k_orgn_vs_gpqa_orgn,1,1,1,4.07743,,4.07743
22,22,gsm8k_orgn_vs_gpqa_ver1,1,1,1,3.962387,,3.962387
22,22,gsm8k_orgn_vs_gsm8k_ver1,1,1,1,3.563988,,3.563988
22,22,gsm8k_ver1_vs_gpqa_orgn,1,1,1,4.204451,,4.204451
22,22,gsm8k_ver1_vs_gpqa_ver1,1,1,1,4.083368,,4.083368
22,23,gpqa_orgn_vs_gpqa_ver1,1,1,1,3.597686,,3.597686
22,23,gsm8k_orgn_vs_gpqa_orgn,1,1,1,3.522057,,3.522057
22,23,gsm8k_orgn_vs_gpqa_ver1,1,1,1,3.573757,,3.573757
22,23,gsm8k_orgn_vs_gsm8k_ver1,1,1,1,3.076629,,3.076629
22,23,gsm8k_ver1_vs_gpqa_orgn,1,1,1,3.418613,,3.418613
22,23,gsm8k_ver1_vs_gpqa_ver1,1,1,1,3.460199,,3.460199
22,24,gpqa_orgn_vs_gpqa_ver1,1,1,1,4.350521,,4.350521
22,24,gsm8k_orgn_vs_gpqa_orgn,1,1,1,4.099276,,4.099276
22,24,gsm8k_orgn_vs_gpqa_ver1,1,1,1,4.035565,,4.035565
22,24,gsm8k_orgn_vs_gsm8k_ver1,1,1,1,3.388932,,3.388932
22,24,gsm8k_ver1_vs_gpqa_orgn,1,1,1,4.053971,,4.053971
22,24,gsm8k_ver1_vs_gpqa_ver1,1,1,1,3.981805,,3.981805
22,25,gpqa_orgn_vs_gpqa_ver1,1,1,1,3.52327,,3.52327
22,25,gsm8k_orgn_vs_gpqa_orgn,1,1,1,3.340068,,3.340068
22,25,gsm8k_orgn_vs_gpqa_ver1,1,1,1,3.483729,,3.483729
22,25,gsm8k_orgn_vs_gsm8k_ver1,1,1,1,2.941555,,2.941555
22,25,gsm8k_ver1_vs_gpqa_orgn,1,1,1,3.553492,,3.553492
22,25,gsm8k_ver1_vs_gpqa_ver1,1,1,1,3.193455,,3.193455
22,26,gpqa_orgn_vs_gpqa_ver1,1,1,1,2.566636,,2.566636
22,26,gsm8k_orgn_vs_gpqa_orgn,1,1,1,2.090379,,2.090379
22,26,gsm8k_orgn_vs_gpqa_ver1,1,1,1,2.245299,,2.245299
22,26,gsm8k_orgn_vs_gsm8k_ver1,1,1,1,1.493496,,1.493496
22,26,gsm8k_ver1_vs_gpqa_orgn,1,1,1,2.057665,,2.057665
22,26,gsm8k_ver1_vs_gpqa_ver1,1,1,1,2.18718,,2.18718
22,27,gpqa_orgn_vs_gpqa_ver1,1,1,1,2.753375,,2.753375
22,27,gsm8k_orgn_vs_gpqa_orgn,1,1,1,2.539701,,2.539701
22,27,gsm8k_orgn_vs_gpqa_ver1,1,1,1,2.592173,,2.592173
22,27,gsm8k_orgn_vs_gsm8k_ver1,1,1,1,2.295515,,2.295515
22,27,gsm8k_ver1_vs_gpqa_orgn,1,1,1,2.703052,,2.703052
22,27,gsm8k_ver1_vs_gpqa_ver1,1,1,1,2.676735,,2.676735
22,28,gpqa_orgn_vs_gpqa_ver1,1,1,1,1.986072,,1.986072
22,28,gsm8k_orgn_vs_gpqa_orgn,1,1,1,2.009998,,2.009998
22,28,gsm8k_orgn_vs_gpqa_ver1,1,1,1,1.994747,,1.994747
22,28,gsm8k_orgn_vs_gsm8k_ver1,1,1,1,1.9842,,1.9842
22,28,gsm8k_ver1_vs_gpqa_orgn,1,1,1,2.184916,,2.184916
22,28,gsm8k_ver1_vs_gpqa_ver1,1,1,1,2.12445,,2.12445
22,29,gpqa_orgn_vs_gpqa_ver1,1,1,1,1.025988,,1.025988
22,29,gsm8k_orgn_vs_gpqa_orgn,1,1,1,1.509123,,1.509123
22,29,gsm8k_orgn_vs_gpqa_ver1,1,1,1,1.504121,,1.504121
22,29,gsm8k_orgn_vs_gsm8k_ver1,1,1,1,1.664695,,1.664695
22,29,gsm8k_ver1_vs_gpqa_orgn,1,1,1,1.362985,,1.362985
22,29,gsm8k_ver1_vs_gpqa_ver1,1,1,1,1.327376,,1.327376
22,30,gpqa_orgn_vs_gpqa_ver1,1,1,1,3.80345,,3.80345
22,30,gsm8k_orgn_vs_gpqa_orgn,1,1,1,3.878582,,3.878582
22,30,gsm8k_orgn_vs_gpqa_ver1,1,1,1,3.845452,,3.845452
22,30,gsm8k_orgn_vs_gsm8k_ver1,1,1,1,3.465147,,3.465147
22,30,gsm8k_ver1_vs_gpqa_orgn,1,1,1,3.782772,,3.782772
22,30,gsm8k_ver1_vs_gpqa_ver1,1,1,1,3.742471,,3.742471
22,31,gpqa_orgn_vs_gpqa_ver1,1,1,1,4.069595,,4.069595
22,31,gsm8k_orgn_vs_gpqa_orgn,1,1,1,3.72911,,3.72911
22,31,gsm8k_orgn_vs_gpqa_ver1,1,1,1,3.608971,,3.608971
22,31,gsm8k_orgn_vs_gsm8k_ver1,1,1,1,2.884212,,2.884212
22,31,gsm8k_ver1_vs_gpqa_orgn,1,1,1,3.699073,,3.699073
22,31,gsm8k_ver1_vs_gpqa_ver1,1,1,1,3.573616,,3.573616
22,32,gpqa_orgn_vs_gpqa_ver1,1,1,1,4.730931,,4.730931
22,32,gsm8k_orgn_vs_gpqa_orgn,1,1,1,4.260868,,4.260868
22,32,gsm8k_orgn_vs_gpqa_ver1,1,1,1,4.313878,,4.313878
22,32,gsm8k_orgn_vs_gsm8k_ver1,1,1,1,3.451462,,3.451462
22,32,gsm8k_ver1_vs_gpqa_orgn,1,1,1,4.225435,,4.225435
22,32,gsm8k_ver1_vs_gpqa_ver1,1,1,1,4.276672,,4.276672
22,33,gpqa_orgn_vs_gpqa_ver1,1,1,1,4.06275,,4.06275
22,33,gsm8k_orgn_vs_gpqa_orgn,1,1,1,3.92016,,3.92016
22,33,gsm8k_orgn_vs_gpqa_ver1,1,1,1,3.960374,,3.960374
22,33,gsm8k_orgn_vs_gsm8k_ver1,1,1,1,3.413288,,3.413288
22,33,gsm8k_ver1_vs_gpqa_orgn,1,1,1,3.810271,,3.810271
22,33,gsm8k_ver1_vs_gpqa_ver1,1,1,1,3.850013,,3.850013
22,34,gpqa_orgn_vs_gpqa_ver1,1,1,1,4.38863,,4.38863
22,34,gsm8k_orgn_vs_gpqa_orgn,1,1,1,4.132957,,4.132957
22,34,gsm8k_orgn_vs_gpqa_ver1,1,1,1,4.168349,,4.168349
22,34,gsm8k_orgn_vs_gsm8k_ver1,1,1,1,3.429997,,3.429997
22,34,gsm8k_ver1_vs_gpqa_orgn,1,1,1,4.127938,,4.127938
22,34,gsm8k_ver1_vs_gpqa_ver1,1,1,1,4.15988,,4.15988
22,35,gpqa_orgn_vs_gpqa_ver1,1,1,1,4.547337,,4.547337
22,35,gsm8k_orgn_vs_gpqa_orgn,1,1,1,4.325346,,4.325346
22,35,gsm8k_orgn_vs_gpqa_ver1,1,1,1,4.508452,,4.508452
22,35,gsm8k_orgn_vs_gsm8k_ver1,1,1,1,3.844937,,3.844937
22,35,gsm8k_ver1_vs_gpqa_orgn,1,1,1,4.337149,,4.337149
22,35,gsm8k_ver1_vs_gpqa_ver1,1,1,1,4.502269,,4.502269
22,36,gpqa_orgn_vs_gpqa_ver1,1,1,1,4.295959,,4.295959
22,36,gsm8k_orgn_vs_gpqa_orgn,1,1,1,3.971866,,3.971866
22,36,gsm8k_orgn_vs_gpqa_ver1,1,1,1,3.96583,,3.96583
22,36,gsm8k_orgn_vs_gsm8k_ver1,1,1,1,3.21441,,3.21441
22,36,gsm8k_ver1_vs_gpqa_orgn,1,1,1,3.99843,,3.99843
22,36,gsm8k_ver1_vs_gpqa_ver1,1,1,1,3.980637,,3.980637
22,37,gpqa_orgn_vs_gpqa_ver1,1,1,1,7.498241,,7.498241
22,37,gsm8k_orgn_vs_gpqa_orgn,1,1,1,6.73411,,6.73411
22,37,gsm8k_orgn_vs_gpqa_ver1,1,1,1,6.769421,,6.769421
22,37,gsm8k_orgn_vs_gsm8k_ver1,1,1,1,5.586653,,5.586653
22,37,gsm8k_ver1_vs_gpqa_orgn,1,1,1,6.790972,,6.790972
22,37,gsm8k_ver1_vs_gpqa_ver1,1,1,1,6.816532,,6.816532
22,38,gpqa_orgn_vs_gpqa_ver1,1,1,1,5.353049,,5.353049
22,38,gsm8k_orgn_vs_gpqa_orgn,1,1,1,4.727554,,4.727554
22,38,gsm8k_orgn_vs_gpqa_ver1,1,1,1,4.737946,,4.737946
22,38,gsm8k_orgn_vs_gsm8k_ver1,1,1,1,3.600255,,3.600255
22,38,gsm8k_ver1_vs_gpqa_orgn,1,1,1,4.737684,,4.737684
22,38,gsm8k_ver1_vs_gpqa_ver1,1,1,1,4.736878,,4.736878
22,39,gpqa_orgn_vs_gpqa_ver1,1,1,1,3.972791,,3.972791
22,39,gsm8k_orgn_vs_gpqa_orgn,1,1,1,3.375773,,3.375773
22,39,gsm8k_orgn_vs_gpqa_ver1,1,1,1,3.376522,,3.376522
22,39,gsm8k_orgn_vs_gsm8k_ver1,1,1,1,2.355254,,2.355254
22,39,gsm8k_ver1_vs_gpqa_orgn,1,1,1,3.378309,,3.378309
22,39,gsm8k_ver1_vs_gpqa_ver1,1,1,1,3.372981,,3.372981
23,0,gpqa_orgn_vs_gpqa_ver1,1,1,1,4.707477,,4.707477
23,0,gsm8k_orgn_vs_gpqa_orgn,1,1,1,4.909125,,4.909125
23,0,gsm8k_orgn_vs_gpqa_ver1,1,1,1,4.826006,,4.826006
23,0,gsm8k_orgn_vs_gsm8k_ver1,1,1,1,4.331278,,4.331278
23,0,gsm8k_ver1_vs_gpqa_orgn,1,1,1,4.872933,,4.872933
23,0,gsm8k_ver1_vs_gpqa_ver1,1,1,1,4.783854,,4.783854
23,1,gpqa_orgn_vs_gpqa_ver1,1,1,1,5.736413,,5.736413
23,1,gsm8k_orgn_vs_gpqa_orgn,1,1,1,5.648143,,5.648143
23,1,gsm8k_orgn_vs_gpqa_ver1,1,1,1,5.638345,,5.638345
23,1,gsm8k_orgn_vs_gsm8k_ver1,1,1,1,4.942969,,4.942969
23,1,gsm8k_ver1_vs_gpqa_orgn,1,1,1,5.617335,,5.617335
23,1,gsm8k_ver1_vs_gpqa_ver1,1,1,1,5.604269,,5.604269
23,2,gpqa_orgn_vs_gpqa_ver1,1,1,1,5.320513,,5.320513
23,2,gsm8k_orgn_vs_gpqa_orgn,1,1,1,5.514661,,5.514661
23,2,gsm8k_orgn_vs_gpqa_ver1,1,1,1,5.49438,,5.49438
23,2,gsm8k_orgn_vs_gsm8k_ver1,1,1,1,5.165772,,5.165772
23,2,gsm8k_ver1_vs_gpqa_orgn,1,1,1,5.510733,,5.510733
23,2,gsm8k_ver1_vs_gpqa_ver1,1,1,1,5.483893,,5.483893
23,3,gpqa_orgn_vs_gpqa_ver1,1,1,1,4.061203,,4.061203
23,3,gsm8k_orgn_vs_gpqa_orgn,1,1,1,3.798783,,3.798783
23,3,gsm8k_orgn_vs_gpqa_ver1,1,1,1,3.818357,,3.818357
23,3,gsm8k_orgn_vs_gsm8k_ver1,1,1,1,3.2447,,3.2447
23,3,gsm8k_ver1_vs_gpqa_orgn,1,1,1,3.798508,,3.798508
23,3,gsm8k_ver1_vs_gpqa_ver1,1,1,1,3.816053,,3.816053
23,4,gpqa_orgn_vs_gpqa_ver1,1,1,1,4.775136,,4.775136
23,4,gsm8k_orgn_vs_gpqa_orgn,1,1,1,4.213155,,4.213155
23,4,gsm8k_orgn_vs_gpqa_ver1,1,1,1,4.250162,,4.250162
23,4,gsm8k_orgn_vs_gsm8k_ver1,1,1,1,3.490635,,3.490635
23,4,gsm8k_ver1_vs_gpqa_orgn,1,1,1,4.34056,,4.34056
23,4,gsm8k_ver1_vs_gpqa_ver1,1,1,1,4.37495,,4.37495
23,5,gpqa_orgn_vs_gpqa_ver1,1,1,1,3.60692,,3.60692
23,5,gsm8k_orgn_vs_gpqa_orgn,1,1,1,3.788067,,3.788067
23,5,gsm8k_orgn_vs_gpqa_ver1,1,1,1,3.593486,,3.593486
23,5,gsm8k_orgn_vs_gsm8k_ver1,1,1,1,3.459984,,3.459984
23,5,gsm8k_ver1_vs_gpqa_orgn,1,1,1,3.682921,,3.682921
23,5,gsm8k_ver1_vs_gpqa_ver1,1,1,1,3.477201,,3.477201
23,6,gpqa_orgn_vs_gpqa_ver1,1,1,1,2.976469,,2.976469
23,6,gsm8k_orgn_vs_gpqa_orgn,1,1,1,2.873991,,2.873991
23,6,gsm8k_orgn_vs_gpqa_ver1,1,1,1,2.709824,,2.709824
23,6,gsm8k_orgn_vs_gsm8k_ver1,1,1,1,2.305314,,2.305314
23,6,gsm8k_ver1_vs_gpqa_orgn,1,1,1,2.74325,,2.74325
23,6,gsm8k_ver1_vs_gpqa_ver1,1,1,1,2.570628,,2.570628
23,7,gpqa_orgn_vs_gpqa_ver1,1,1,1,3.238525,,3.238525
23,7,gsm8k_orgn_vs_gpqa_orgn,1,1,1,2.876218,,2.876218
23,7,gsm8k_orgn_vs_gpqa_ver1,1,1,1,2.877608,,2.877608
23,7,gsm8k_orgn_vs_gsm8k_ver1,1,1,1,2.278728,,2.278728
23,7,gsm8k_ver1_vs_gpqa_orgn,1,1,1,2.938041,,2.938041
23,7,gsm8k_ver1_vs_gpqa_ver1,1,1,1,2.934967,,2.934967
23,8,gpqa_orgn_vs_gpqa_ver1,1,1,1,0.953304,,0.953304
23,8,gsm8k_orgn_vs_gpqa_orgn,1,1,1,1.162075,,1.162075
23,8,gsm8k_orgn_vs_gpqa_ver1,1,1,1,1.181593,,1.181593
23,8,gsm8k_orgn_vs_gsm8k_ver1,1,1,1,1.27525,,1.27525
23,8,gsm8k_ver1_vs_gpqa_orgn,1,1,1,1.092721,,1.092721
23,8,gsm8k_ver1_vs_gpqa_ver1,1,1,1,1.110401,,1.110401
23,9,gpqa_orgn_vs_gpqa_ver1,1,1,1,2.745583,,2.745583
23,9,gsm8k_orgn_vs_gpqa_orgn,1,1,1,2.532248,,2.532248
23,9,gsm8k_orgn_vs_gpqa_ver1,1,1,1,2.443008,,2.443008
23,9,gsm8k_orgn_vs_gsm8k_ver1,1,1,1,1.991362,,1.991362
23,9,gsm8k_ver1_vs_gpqa_orgn,1,1,1,2.424264,,2.424264
23,9,gsm8k_ver1_vs_gpqa_ver1,1,1,1,2.331963,,2.331963
23,10,gpqa_orgn_vs_gpqa_ver1,1,1,1,3.546114,,3.546114
23,10,gsm8k_orgn_vs_gpqa_orgn,1,1,1,2.851047,,2.851047
23,10,gsm8k_orgn_vs_gpqa_ver1,1,1,1,2.760375,,2.760375
23,10,gsm8k_orgn_vs_gsm8k_ver1,1,1,1,1.799085,,1.799085
23,10,gsm8k_ver1_vs_gpqa_orgn,1,1,1,2.81148,,2.81148
23,10,gsm8k_ver1_vs_gpqa_ver1,1,1,1,2.713083,,2.713083
23,11,gpqa_orgn_vs_gpqa_ver1,1,1,1,5.098673,,5.098673
23,11,gsm8k_orgn_vs_gpqa_orgn,1,1,1,4.112339,,4.112339
23,11,gsm8k_orgn_vs_gpqa_ver1,1,1,1,4.209904,,4.209904
23,11,gsm8k_orgn_vs_gsm8k_ver1,1,1,1,2.978114,,2.978114
23,11,gsm8k_ver1_vs_gpqa_orgn,1,1,1,4.101612,,4.101612
23,11,gsm8k_ver1_vs_gpqa_ver1,1,1,1,4.192339,,4.192339
23,12,gpqa_orgn_vs_gpqa_ver1,1,1,1,2.926767,,2.926767
23,12,gsm8k_orgn_vs_gpqa_orgn,1,1,1,2.383499,,2.383499
23,12,gsm8k_orgn_vs_gpqa_ver1,1,1,1,2.353469,,2.353469
23,12,gsm8k_orgn_vs_gsm8k_ver1,1,1,1,1.670412,,1.670412
23,12,gsm8k_ver1_vs_gpqa_orgn,1,1,1,2.458211,,2.458211
23,12,gsm8k_ver1_vs_gpqa_ver1,1,1,1,2.417725,,2.417725
23,13,gpqa_orgn_vs_gpqa_ver1,1,1,1,2.796718,,2.796718
23,13,gsm8k_orgn_vs_gpqa_orgn,1,1,1,1.950452,,1.950452
23,13,gsm8k_orgn_vs_gpqa_ver1,1,1,1,2.077136,,2.077136
23,13,gsm8k_orgn_vs_gsm8k_ver1,1,1,1,1.162619,,1.162619
23,13,gsm8k_ver1_vs_gpqa_orgn,1,1,1,2.058973,,2.058973
23,13,gsm8k_ver1_vs_gpqa_ver1,1,1,1,2.180531,,2.180531
23,14,gpqa_orgn_vs_gpqa_ver1,1,1,1,1.536386,,1.536386
23,14,gsm8k_orgn_vs_gpqa_orgn,1,1,1,1.037427,,1.037427
23,14,gsm8k_orgn_vs_gpqa_ver1,1,1,1,1.092088,,1.092088
23,14,gsm8k_orgn_vs_gsm8k_ver1,1,1,1,0.489849,,0.489849
23,14,gsm8k_ver1_vs_gpqa_orgn,1,1,1,1.011963,,1.011963
23,14,gsm8k_ver1_vs_gpqa_ver1,1,1,1,1.064459,,1.064459
23,15,gpqa_orgn_vs_gpqa_ver1,1,1,1,2.268443,,2.268443
23,15,gsm8k_orgn_vs_gpqa_orgn,1,1,1,2.081819,,2.081819
23,15,gsm8k_orgn_vs_gpqa_ver1,1,1,1,2.137699,,2.137699
23,15,gsm8k_orgn_vs_gsm8k_ver1,1,1,1,2.080151,,2.080151
23,15,gsm8k_ver1_vs_gpqa_orgn,1,1,1,2.275333,,2.275333
23,15,gsm8k_ver1_vs_gpqa_ver1,1,1,1,2.318605,,2.318605
23,16,gpqa_orgn_vs_gpqa_ver1,1,1,1,0.615291,,0.615291
23,16,gsm8k_orgn_vs_gpqa_orgn,1,1,1,0.715685,,0.715685
23,16,gsm8k_orgn_vs_gpqa_ver1,1,1,1,0.727195,,0.727195
23,16,gsm8k_orgn_vs_gsm8k_ver1,1,1,1,0.748192,,0.748192
23,16,gsm8k_ver1_vs_gpqa_orgn,1,1,1,0.708553,,0.708553
23,16,gsm8k_ver1_vs_gpqa_ver1,1,1,1,0.707563,,0.707563
23,17,gpqa_orgn_vs_gpqa_ver1,1,1,1,1.124505,,1.124505
23,17,gsm8k_orgn_vs_gpqa_orgn,1,1,1,0.923339,,0.923339
23,17,gsm8k_orgn_vs_gpqa_ver1,1,1,1,1.002017,,1.002017
23,17,gsm8k_orgn_vs_gsm8k_ver1,1,1,1,0.716711,,0.716711
23,17,gsm8k_ver1_vs_gpqa_orgn,1,1,1,0.914633,,0.914633
23,17,gsm8k_ver1_vs_gpqa_ver1,1,1,1,0.981371,,0.981371
23,18,gpqa_orgn_vs_gpqa_ver1,1,1,1,0.224131,,0.224131
23,18,gsm8k_orgn_vs_gpqa_orgn,1,1,1,0.278758,,0.278758
23,18,gsm8k_orgn_vs_gpqa_ver1,1,1,1,0.278281,,0.278281
23,18,gsm8k_orgn_vs_gsm8k_ver1,1,1,1,0.313469,,0.313469
23,18,gsm8k_ver1_vs_gpqa_orgn,1,1,1,0.279748,,0.279748
23,18,gsm8k_ver1_vs_gpqa_ver1,1,1,1,0.276533,,0.276533
23,19,gpqa_orgn_vs_gpqa_ver1,1,1,1,2.365364,,2.365364
23,19,gsm8k_orgn_vs_gpqa_orgn,1,1,1,2.171594,,2.171594
23,19,gsm8k_orgn_vs_gpqa_ver1,1,1,1,2.392668,,2.392668
23,19,gsm8k_orgn_vs_gsm8k_ver1,1,1,1,2.58645,,2.58645
23,19,gsm8k_ver1_vs_gpqa_orgn,1,1,1,2.62827,,2.62827
23,19,gsm8k_ver1_vs_gpqa_ver1,1,1,1,2.822378,,2.822378
23,20,gpqa_orgn_vs_gpqa_ver1,1,1,1,2.211219,,2.211219
23,20,gsm8k_orgn_vs_gpqa_orgn,1,1,1,1.91905,,1.91905
23,20,gsm8k_orgn_vs_gpqa_ver1,1,1,1,2.015625,,2.015625
23,20,gsm8k_orgn_vs_gsm8k_ver1,1,1,1,1.90718,,1.90718
23,20,gsm8k_ver1_vs_gpqa_orgn,1,1,1,2.197079,,2.197079
23,20,gsm8k_ver1_vs_gpqa_ver1,1,1,1,2.159159,,2.159159
23,21,gpqa_orgn_vs_gpqa_ver1,1,1,1,3.34313,,3.34313
23,21,gsm8k_orgn_vs_gpqa_orgn,1,1,1,3.336176,,3.336176
23,21,gsm8k_orgn_vs_gpqa_ver1,1,1,1,3.471161,,3.471161
23,21,gsm8k_orgn_vs_gsm8k_ver1,1,1,1,3.544305,,3.544305
23,21,gsm8k_ver1_vs_gpqa_orgn,1,1,1,3.529384,,3.529384
23,21,gsm8k_ver1_vs_gpqa_ver1,1,1,1,3.554324,,3.554324
23,22,gpqa_orgn_vs_gpqa_ver1,1,1,1,3.994245,,3.994245
23,22,gsm8k_orgn_vs_gpqa_orgn,1,1,1,4.135585,,4.135585
23,22,gsm8k_orgn_vs_gpqa_ver1,1,1,1,4.070119,,4.070119
23,22,gsm8k_orgn_vs_gsm8k_ver1,1,1,1,4.032255,,4.032255
23,22,gsm8k_ver1_vs_gpqa_orgn,1,1,1,4.125499,,4.125499
23,22,gsm8k_ver1_vs_gpqa_ver1,1,1,1,3.908812,,3.908812
23,23,gpqa_orgn_vs_gpqa_ver1,1,1,1,1.381139,,1.381139
23,23,gsm8k_orgn_vs_gpqa_orgn,1,1,1,1.482754,,1.482754
23,23,gsm8k_orgn_vs_gpqa_ver1,1,1,1,1.57673,,1.57673
23,23,gsm8k_orgn_vs_gsm8k_ver1,1,1,1,1.580473,,1.580473
23,23,gsm8k_ver1_vs_gpqa_orgn,1,1,1,1.501494,,1.501494
23,23,gsm8k_ver1_vs_gpqa_ver1,1,1,1,1.434969,,1.434969
23,24,gpqa_orgn_vs_gpqa_ver1,1,1,1,1.715773,,1.715773
23,24,gsm8k_orgn_vs_gpqa_orgn,1,1,1,1.972299,,1.972299
23,24,gsm8k_orgn_vs_gpqa_ver1,1,1,1,2.031534,,2.031534
23,24,gsm8k_orgn_vs_gsm8k_ver1,1,1,1,2.106321,,2.106321
23,24,gsm8k_ver1_vs_gpqa_orgn,1,1,1,1.933704,,1.933704
23,24,gsm8k_ver1_vs_gpqa_ver1,1,1,1,1.835334,,1.835334
23,25,gpqa_orgn_vs_gpqa_ver1,1,1,1,3.170895,,3.170895
23,25,gsm8k_orgn_vs_gpqa_orgn,1,1,1,3.385421,,3.385421
23,25,gsm8k_orgn_vs_gpqa_ver1,1,1,1,3.292098,,3.292098
23,25,gsm8k_orgn_vs_gsm8k_ver1,1,1,1,3.325732,,3.325732
23,25,gsm8k_ver1_vs_gpqa_orgn,1,1,1,3.31221,,3.31221
23,25,gsm8k_ver1_vs_gpqa_ver1,1,1,1,3.215555,,3.215555
23,26,gpqa_orgn_vs_gpqa_ver1,1,1,1,3.691681,,3.691681
23,26,gsm8k_orgn_vs_gpqa_orgn,1,1,1,3.565691,,3.565691
23,26,gsm8k_orgn_vs_gpqa_ver1,1,1,1,3.550269,,3.550269
23,26,gsm8k_orgn_vs_gsm8k_ver1,1,1,1,3.319996,,3.319996
23,26,gsm8k_ver1_vs_gpqa_orgn,1,1,1,3.550424,,3.550424
23,26,gsm8k_ver1_vs_gpqa_ver1,1,1,1,3.535918,,3.535918
23,27,gpqa_orgn_vs_gpqa_ver1,1,1,1,2.576639,,2.576639
23,27,gsm8k_orgn_vs_gpqa_orgn,1,1,1,2.56211,,2.56211
23,27,gsm8k_orgn_vs_gpqa_ver1,1,1,1,2.477107,,2.477107
23,27,gsm8k_orgn_vs_gsm8k_ver1,1,1,1,2.375378,,2.375378
23,27,gsm8k_ver1_vs_gpqa_orgn,1,1,1,2.551998,,2.551998
23,27,gsm8k_ver1_vs_gpqa_ver1,1,1,1,2.461819,,2.461819
23,28,gpqa_orgn_vs_gpqa_ver1,1,1,1,2.876347,,2.876347
23,28,gsm8k_orgn_vs_gpqa_orgn,1,1,1,2.827459,,2.827459
23,28,gsm8k_orgn_vs_gpqa_ver1,1,1,1,2.670712,,2.670712
23,28,gsm8k_orgn_vs_gsm8k_ver1,1,1,1,2.417471,,2.417471
23,28,gsm8k_ver1_vs_gpqa_orgn,1,1,1,2.769009,,2.769009
23,28,gsm8k_ver1_vs_gpqa_ver1,1,1,1,2.60193,,2.60193
23,29,gpqa_orgn_vs_gpqa_ver1,1,1,1,3.610629,,3.610629
23,29,gsm8k_orgn_vs_gpqa_orgn,1,1,1,3.427,,3.427
23,29,gsm8k_orgn_vs_gpqa_ver1,1,1,1,3.165578,,3.165578
23,29,gsm8k_orgn_vs_gsm8k_ver1,1,1,1,2.908571,,2.908571
23,29,gsm8k_ver1_vs_gpqa_orgn,1,1,1,3.481173,,3.481173
23,29,gsm8k_ver1_vs_gpqa_ver1,1,1,1,3.223071,,3.223071
23,30,gpqa_orgn_vs_gpqa_ver1,1,1,1,2.278613,,2.278613
23,30,gsm8k_orgn_vs_gpqa_orgn,1,1,1,1.798922,,1.798922
23,30,gsm8k_orgn_vs_gpqa_ver1,1,1,1,1.736667,,1.736667
23,30,gsm8k_orgn_vs_gsm8k_ver1,1,1,1,1.144438,,1.144438
23,30,gsm8k_ver1_vs_gpqa_orgn,1,1,1,1.848466,,1.848466
23,30,gsm8k_ver1_vs_gpqa_ver1,1,1,1,1.781672,,1.781672
23,31,gpqa_orgn_vs_gpqa_ver1,1,1,1,3.004617,,3.004617
23,31,gsm8k_orgn_vs_gpqa_orgn,1,1,1,2.498497,,2.498497
23,31,gsm8k_orgn_vs_gpqa_ver1,1,1,1,2.500881,,2.500881
23,31,gsm8k_orgn_vs_gsm8k_ver1,1,1,1,1.916518,,1.916518
23,31,gsm8k_ver1_vs_gpqa_orgn,1,1,1,2.573237,,2.573237
23,31,gsm8k_ver1_vs_gpqa_ver1,1,1,1,2.574509,,2.574509
23,32,gpqa_orgn_vs_gpqa_ver1,1,1,1,2.356761,,2.356761
23,32,gsm8k_orgn_vs_gpqa_orgn,1,1,1,1.677338,,1.677338
23,32,gsm8k_orgn_vs_gpqa_ver1,1,1,1,1.671045,,1.671045
23,32,gsm8k_orgn_vs_gsm8k_ver1,1,1,1,0.952461,,0.952461
23,32,gsm8k_ver1_vs_gpqa_orgn,1,1,1,1.763643,,1.763643
23,32,gsm8k_ver1_vs_gpqa_ver1,1,1,1,1.754537,,1.754537
23,33,gpqa_orgn_vs_gpqa_ver1,1,1,1,2.069289,,2.069289
23,33,gsm8k_orgn_vs_gpqa_orgn,1,1,1,1.521446,,1.521446
23,33,gsm8k_orgn_vs_gpqa_ver1,1,1,1,1.554857,,1.554857
23,33,gsm8k_orgn_vs_gsm8k_ver1,1,1,1,0.915342,,0.915342
23,33,gsm8k_ver1_vs_gpqa_orgn,1,1,1,1.525205,,1.525205
23,33,gsm8k_ver1_vs_gpqa_ver1,1,1,1,1.557699,,1.557699
23,34,gpqa_orgn_vs_gpqa_ver1,1,1,1,1.624139,,1.624139
23,34,gsm8k_orgn_vs_gpqa_orgn,1,1,1,1.193854,,1.193854
23,34,gsm8k_orgn_vs_gpqa_ver1,1,1,1,1.264853,,1.264853
23,34,gsm8k_orgn_vs_gsm8k_ver1,1,1,1,0.838892,,0.838892
23,34,gsm8k_ver1_vs_gpqa_orgn,1,1,1,1.258846,,1.258846
23,34,gsm8k_ver1_vs_gpqa_ver1,1,1,1,1.329707,,1.329707
23,35,gpqa_orgn_vs_gpqa_ver1,1,1,1,3.46113,,3.46113
23,35,gsm8k_orgn_vs_gpqa_orgn,1,1,1,3.144903,,3.144903
23,35,gsm8k_orgn_vs_gpqa_ver1,1,1,1,3.058406,,3.058406
23,35,gsm8k_orgn_vs_gsm8k_ver1,1,1,1,2.542389,,2.542389
23,35,gsm8k_ver1_vs_gpqa_orgn,1,1,1,3.18444,,3.18444
23,35,gsm8k_ver1_vs_gpqa_ver1,1,1,1,3.087975,,3.087975
23,36,gpqa_orgn_vs_gpqa_ver1,1,1,1,4.076586,,4.076586
23,36,gsm8k_orgn_vs_gpqa_orgn,1,1,1,3.771009,,3.771009
23,36,gsm8k_orgn_vs_gpqa_ver1,1,1,1,3.653954,,3.653954
23,36,gsm8k_orgn_vs_gsm8k_ver1,1,1,1,3.212804,,3.212804
23,36,gsm8k_ver1_vs_gpqa_orgn,1,1,1,3.860653,,3.860653
23,36,gsm8k_ver1_vs_gpqa_ver1,1,1,1,3.739668,,3.739668
23,37,gpqa_orgn_vs_gpqa_ver1,1,1,1,2.836195,,2.836195
23,37,gsm8k_orgn_vs_gpqa_orgn,1,1,1,2.640263,,2.640263
23,37,gsm8k_orgn_vs_gpqa_ver1,1,1,1,2.434528,,2.434528
23,37,gsm8k_orgn_vs_gsm8k_ver1,1,1,1,2.077215,,2.077215
23,37,gsm8k_ver1_vs_gpqa_orgn,1,1,1,2.701885,,2.701885
23,37,gsm8k_ver1_vs_gpqa_ver1,1,1,1,2.485533,,2.485533
23,38,gpqa_orgn_vs_gpqa_ver1,1,1,1,3.335952,,3.335952
23,38,gsm8k_orgn_vs_gpqa_orgn,1,1,1,3.083882,,3.083882
23,38,gsm8k_orgn_vs_gpqa_ver1,1,1,1,2.970081,,2.970081
23,38,gsm8k_orgn_vs_gsm8k_ver1,1,1,1,2.561964,,2.561964
23,38,gsm8k_ver1_vs_gpqa_orgn,1,1,1,3.097272,,3.097272
23,38,gsm8k_ver1_vs_gpqa_ver1,1,1,1,2.977326,,2.977326
23,39,gpqa_orgn_vs_gpqa_ver1,1,1,1,3.445357,,3.445357
23,39,gsm8k_orgn_vs_gpqa_orgn,1,1,1,3.296315,,3.296315
23,39,gsm8k_orgn_vs_gpqa_ver1,1,1,1,3.220677,,3.220677
23,39,gsm8k_orgn_vs_gsm8k_ver1,1,1,1,2.877375,,2.877375
23,39,gsm8k_ver1_vs_gpqa_orgn,1,1,1,3.319968,,3.319968
23,39,gsm8k_ver1_vs_gpqa_ver1,1,1,1,3.236041,,3.236041
24,0,gpqa_orgn_vs_gpqa_ver1,1,1,1,7.739296,,7.739296
24,0,gsm8k_orgn_vs_gpqa_orgn,1,1,1,6.488711,,6.488711
24,0,gsm8k_orgn_vs_gpqa_ver1,1,1,1,6.636747,,6.636747
24,0,gsm8k_orgn_vs_gsm8k_ver1,1,1,1,4.557692,,4.557692
24,0,gsm8k_ver1_vs_gpqa_orgn,1,1,1,6.337158,,6.337158
24,0,gsm8k_ver1_vs_gpqa_ver1,1,1,1,6.480706,,6.480706
24,1,gpqa_orgn_vs_gpqa_ver1,1,1,1,7.940923,,7.940923
24,1,gsm8k_orgn_vs_gpqa_orgn,1,1,1,6.841717,,6.841717
24,1,gsm8k_orgn_vs_gpqa_ver1,1,1,1,7.058971,,7.058971
24,1,gsm8k_orgn_vs_gsm8k_ver1,1,1,1,5.191149,,5.191149
24,1,gsm8k_ver1_vs_gpqa_orgn,1,1,1,6.751333,,6.751333
24,1,gsm8k_ver1_vs_gpqa_ver1,1,1,1,6.965074,,6.965074
24,2,gpqa_orgn_vs_gpqa_ver1,1,1,1,6.558992,,6.558992
24,2,gsm8k_orgn_vs_gpqa_orgn,1,1,1,5.893792,,5.893792
24,2,gsm8k_orgn_vs_gpqa_ver1,1,1,1,6.005213,,6.005213
24,2,gsm8k_orgn_vs_gsm8k_ver1,1,1,1,4.69215,,4.69215
24,2,gsm8k_ver1_vs_gpqa_orgn,1,1,1,5.924564,,5.924564
24,2,gsm8k_ver1_vs_gpqa_ver1,1,1,1,6.027826,,6.027826
24,3,gpqa_orgn_vs_gpqa_ver1,1,1,1,7.146559,,7.146559
24,3,gsm8k_orgn_vs_gpqa_orgn,1,1,1,6.199011,,6.199011
24,3,gsm8k_orgn_vs_gpqa_ver1,1,1,1,6.25294,,6.25294
24,3,gsm8k_orgn_vs_gsm8k_ver1,1,1,1,4.58477,,4.58477
24,3,gsm8k_ver1_vs_gpqa_orgn,1,1,1,6.143539,,6.143539
24,3,gsm8k_ver1_vs_gpqa_ver1,1,1,1,6.189042,,6.189042
24,4,gpqa_orgn_vs_gpqa_ver1,1,1,1,7.583288,,7.583288
24,4,gsm8k_orgn_vs_gpqa_orgn,1,1,1,6.365571,,6.365571
24,4,gsm8k_orgn_vs_gpqa_ver1,1,1,1,6.282455,,6.282455
24,4,gsm8k_orgn_vs_gsm8k_ver1,1,1,1,4.160092,,4.160092
24,4,gsm8k_ver1_vs_gpqa_orgn,1,1,1,6.32129,,6.32129
24,4,gsm8k_ver1_vs_gpqa_ver1,1,1,1,6.228892,,6.228892
24,5,gpqa_orgn_vs_gpqa_ver1,1,1,1,11.019975,,11.019975
24,5,gsm8k_orgn_vs_gpqa_orgn,1,1,1,10.86091,,10.86091
24,5,gsm8k_orgn_vs_gpqa_ver1,1,1,1,10.895668,,10.895668
24,5,gsm8k_orgn_vs_gsm8k_ver1,1,1,1,10.455897,,10.455897
24,5,gsm8k_ver1_vs_gpqa_orgn,1,1,1,10.895507,,10.895507
24,5,gsm8k_ver1_vs_gpqa_ver1,1,1,1,10.906883,,10.906883
24,6,gpqa_orgn_vs_gpqa_ver1,1,1,1,1.792596,,1.792596
24,6,gsm8k_orgn_vs_gpqa_orgn,1,1,1,1.908871,,1.908871
24,6,gsm8k_orgn_vs_gpqa_ver1,1,1,1,1.905607,,1.905607
24,6,gsm8k_orgn_vs_gsm8k_ver1,1,1,1,1.684684,,1.684684
24,6,gsm8k_ver1_vs_gpqa_orgn,1,1,1,1.924697,,1.924697
24,6,gsm8k_ver1_vs_gpqa_ver1,1,1,1,1.89208,,1.89208
24,7,gpqa_orgn_vs_gpqa_ver1,1,1,1,1.568118,,1.568118
24,7,gsm8k_orgn_vs_gpqa_orgn,1,1,1,1.380349,,1.380349
24,7,gsm8k_orgn_vs_gpqa_ver1,1,1,1,1.430644,,1.430644
24,7,gsm8k_orgn_vs_gsm8k_ver1,1,1,1,1.138619,,1.138619
24,7,gsm8k_ver1_vs_gpqa_orgn,1,1,1,1.453087,,1.453087
24,7,gsm8k_ver1_vs_gpqa_ver1,1,1,1,1.4888,,1.4888
24,8,gpqa_orgn_vs_gpqa_ver1,1,1,1,1.368537,,1.368537
24,8,gsm8k_orgn_vs_gpqa_orgn,1,1,1,1.55523,,1.55523
24,8,gsm8k_orgn_vs_gpqa_ver1,1,1,1,1.46674,,1.46674
24,8,gsm8k_orgn_vs_gsm8k_ver1,1,1,1,1.332976,,1.332976
24,8,gsm8k_ver1_vs_gpqa_orgn,1,1,1,1.441963,,1.441963
24,8,gsm8k_ver1_vs_gpqa_ver1,1,1,1,1.326382,,1.326382
24,9,gpqa_orgn_vs_gpqa_ver1,1,1,1,3.336382,,3.336382
24,9,gsm8k_orgn_vs_gpqa_orgn,1,1,1,3.769865,,3.769865
24,9,gsm8k_orgn_vs_gpqa_ver1,1,1,1,3.697931,,3.697931
24,9,gsm8k_orgn_vs_gsm8k_ver1,1,1,1,3.484653,,3.484653
24,9,gsm8k_ver1_vs_gpqa_orgn,1,1,1,3.629903,,3.629903
24,9,gsm8k_ver1_vs_gpqa_ver1,1,1,1,3.526985,,3.526985
24,10,gpqa_orgn_vs_gpqa_ver1,1,1,1,2.745937,,2.745937
24,10,gsm8k_orgn_vs_gpqa_orgn,1,1,1,2.000162,,2.000162
24,10,gsm8k_orgn_vs_gpqa_ver1,1,1,1,1.982059,,1.982059
24,10,gsm8k_orgn_vs_gsm8k_ver1,1,1,1,1.123842,,1.123842
24,10,gsm8k_ver1_vs_gpqa_orgn,1,1,1,2.00484,,2.00484
24,10,gsm8k_ver1_vs_gpqa_ver1,1,1,1,1.983045,,1.983045
24,11,gpqa_orgn_vs_gpqa_ver1,1,1,1,1.869444,,1.869444
24,11,gsm8k_orgn_vs_gpqa_orgn,1,1,1,1.402744,,1.402744
24,11,gsm8k_orgn_vs_gpqa_ver1,1,1,1,1.433552,,1.433552
24,11,gsm8k_orgn_vs_gsm8k_ver1,1,1,1,0.944516,,0.944516
24,11,gsm8k_ver1_vs_gpqa_orgn,1,1,1,1.466971,,1.466971
24,11,gsm8k_ver1_vs_gpqa_ver1,1,1,1,1.490995,,1.490995
24,12,gpqa_orgn_vs_gpqa_ver1,1,1,1,0.486943,,0.486943
24,12,gsm8k_orgn_vs_gpqa_orgn,1,1,1,0.521062,,0.521062
24,12,gsm8k_orgn_vs_gpqa_ver1,1,1,1,0.471666,,0.471666
24,12,gsm8k_orgn_vs_gsm8k_ver1,1,1,1,0.444461,,0.444461
24,12,gsm8k_ver1_vs_gpqa_orgn,1,1,1,0.474485,,0.474485
24,12,gsm8k_ver1_vs_gpqa_ver1,1,1,1,0.416816,,0.416816
24,13,gpqa_orgn_vs_gpqa_ver1,1,1,1,2.11445,,2.11445
24,13,gsm8k_orgn_vs_gpqa_orgn,1,1,1,1.654138,,1.654138
24,13,gsm8k_orgn_vs_gpqa_ver1,1,1,1,1.759533,,1.759533
24,13,gsm8k_orgn_vs_gsm8k_ver1,1,1,1,1.188649,,1.188649
24,13,gsm8k_ver1_vs_gpqa_orgn,1,1,1,1.628856,,1.628856
24,13,gsm8k_ver1_vs_gpqa_ver1,1,1,1,1.727821,,1.727821
24,14,gpqa_orgn_vs_gpqa_ver1,1,1,1,1.823358,,1.823358
24,14,gsm8k_orgn_vs_gpqa_orgn,1,1,1,1.244333,,1.244333
24,14,gsm8k_orgn_vs_gpqa_ver1,1,1,1,1.346171,,1.346171
24,14,gsm8k_orgn_vs_gsm8k_ver1,1,1,1,0.686063,,0.686063
24,14,gsm8k_ver1_vs_gpqa_orgn,1,1,1,1.253091,,1.253091
24,14,gsm8k_ver1_vs_gpqa_ver1,1,1,1,1.351482,,1.351482
24,15,gpqa_orgn_vs_gpqa_ver1,1,1,1,3.622035,,3.622035
24,15,gsm8k_orgn_vs_gpqa_orgn,1,1,1,3.189822,,3.189822
24,15,gsm8k_orgn_vs_gpqa_ver1,1,1,1,3.292385,,3.292385
24,15,gsm8k_orgn_vs_gsm8k_ver1,1,1,1,2.617945,,2.617945
24,15,gsm8k_ver1_vs_gpqa_orgn,1,1,1,3.152857,,3.152857
24,15,gsm8k_ver1_vs_gpqa_ver1,1,1,1,3.251442,,3.251442
24,16,gpqa_orgn_vs_gpqa_ver1,1,1,1,2.149802,,2.149802
24,16,gsm8k_orgn_vs_gpqa_orgn,1,1,1,1.735165,,1.735165
24,16,gsm8k_orgn_vs_gpqa_ver1,1,1,1,1.811686,,1.811686
24,16,gsm8k_orgn_vs_gsm8k_ver1,1,1,1,1.368158,,1.368158
24,16,gsm8k_ver1_vs_gpqa_orgn,1,1,1,1.804893,,1.804893
24,16,gsm8k_ver1_vs_gpqa_ver1,1,1,1,1.879694,,1.879694
24,17,gpqa_orgn_vs_gpqa_ver1,1,1,1,3.60422,,3.60422
24,17,gsm8k_orgn_vs_gpqa_orgn,1,1,1,3.16448,,3.16448
24,17,gsm8k_orgn_vs_gpqa_ver1,1,1,1,3.287475,,3.287475
24,17,gsm8k_orgn_vs_gsm8k_ver1,1,1,1,2.656664,,2.656664
24,17,gsm8k_ver1_vs_gpqa_orgn,1,1,1,3.190099,,3.190099
24,17,gsm8k_ver1_vs_gpqa_ver1,1,1,1,3.308599,,3.308599
24,18,gpqa_orgn_vs_gpqa_ver1,1,1,1,4.347662,,4.347662
24,18,gsm8k_orgn_vs_gpqa_orgn,1,1,1,3.62659,,3.62659
24,18,gsm8k_orgn_vs_gpqa_ver1,1,1,1,3.591636,,3.591636
24,18,gsm8k_orgn_vs_gsm8k_ver1,1,1,1,2.566544,,2.566544
24,18,gsm8k_ver1_vs_gpqa_orgn,1,1,1,3.624535,,3.624535
24,18,gsm8k_ver1_vs_gpqa_ver1,1,1,1,3.588232,,3.588232
24,19,gpqa_orgn_vs_gpqa_ver1,1,1,1,4.976601,,4.976601
24,19,gsm8k_orgn_vs_gpqa_orgn,1,1,1,4.045836,,4.045836
24,19,gsm8k_orgn_vs_gpqa_ver1,1,1,1,4.31257,,4.31257
24,19,gsm8k_orgn_vs_gsm8k_ver1,1,1,1,3.077206,,3.077206
24,19,gsm8k_ver1_vs_gpqa_orgn,1,1,1,4.036183,,4.036183
24,19,gsm8k_ver1_vs_gpqa_ver1,1,1,1,4.302611,,4.302611
24,20,gpqa_orgn_vs_gpqa_ver1,1,1,1,5.657897,,5.657897
24,20,gsm8k_orgn_vs_gpqa_orgn,1,1,1,5.904361,,5.904361
24,20,gsm8k_orgn_vs_gpqa_ver1,1,1,1,5.975453,,5.975453
24,20,gsm8k_orgn_vs_gsm8k_ver1,1,1,1,4.842643,,4.842643
24,20,gsm8k_ver1_vs_gpqa_orgn,1,1,1,6.025056,,6.025056
24,20,gsm8k_ver1_vs_gpqa_ver1,1,1,1,6.085809,,6.085809
24,21,gpqa_orgn_vs_gpqa_ver1,1,1,1,4.783024,,4.783024
24,21,gsm8k_orgn_vs_gpqa_orgn,1,1,1,4.309108,,4.309108
24,21,gsm8k_orgn_vs_gpqa_ver1,1,1,1,4.238511,,4.238511
24,21,gsm8k_orgn_vs_gsm8k_ver1,1,1,1,2.289508,,2.289508
24,21,gsm8k_ver1_vs_gpqa_orgn,1,1,1,4.368472,,4.368472
24,21,gsm8k_ver1_vs_gpqa_ver1,1,1,1,4.295382,,4.295382
24,22,gpqa_orgn_vs_gpqa_ver1,1,1,1,6.203662,,6.203662
24,22,gsm8k_orgn_vs_gpqa_orgn,1,1,1,6.506565,,6.506565
24,22,gsm8k_orgn_vs_gpqa_ver1,1,1,1,6.584785,,6.584785
24,22,gsm8k_orgn_vs_gsm8k_ver1,1,1,1,5.506424,,5.506424
24,22,gsm8k_ver1_vs_gpqa_orgn,1,1,1,6.39516,,6.39516
24,22,gsm8k_ver1_vs_gpqa_ver1,1,1,1,6.464767,,6.464767
24,23,gpqa_orgn_vs_gpqa_ver1,1,1,1,4.618236,,4.618236
24,23,gsm8k_orgn_vs_gpqa_orgn,1,1,1,4.585905,,4.585905
24,23,gsm8k_orgn_vs_gpqa_ver1,1,1,1,4.671984,,4.671984
24,23,gsm8k_orgn_vs_gsm8k_ver1,1,1,1,3.842281,,3.842281
24,23,gsm8k_ver1_vs_gpqa_orgn,1,1,1,4.672644,,4.672644
24,23,gsm8k_ver1_vs_gpqa_ver1,1,1,1,4.750926,,4.750926
24,24,gpqa_orgn_vs_gpqa_ver1,1,1,1,2.707943,,2.707943
24,24,gsm8k_orgn_vs_gpqa_orgn,1,1,1,2.778211,,2.778211
24,24,gsm8k_orgn_vs_gpqa_ver1,1,1,1,2.66059,,2.66059
24,24,gsm8k_orgn_vs_gsm8k_ver1,1,1,1,2.315443,,2.315443
24,24,gsm8k_ver1_vs_gpqa_orgn,1,1,1,2.846427,,2.846427
24,24,gsm8k_ver1_vs_gpqa_ver1,1,1,1,2.724299,,2.724299
24,25,gpqa_orgn_vs_gpqa_ver1,1,1,1,4.145208,,4.145208
24,25,gsm8k_orgn_vs_gpqa_orgn,1,1,1,4.001952,,4.001952
24,25,gsm8k_orgn_vs_gpqa_ver1,1,1,1,3.973851,,3.973851
24,25,gsm8k_orgn_vs_gsm8k_ver1,1,1,1,3.589646,,3.589646
24,25,gsm8k_ver1_vs_gpqa_orgn,1,1,1,3.945577,,3.945577
24,25,gsm8k_ver1_vs_gpqa_ver1,1,1,1,3.914791,,3.914791
24,26,gpqa_orgn_vs_gpqa_ver1,1,1,1,3.479654,,3.479654
24,26,gsm8k_orgn_vs_gpqa_orgn,1,1,1,3.635973,,3.635973
24,26,gsm8k_orgn_vs_gpqa_ver1,1,1,1,3.52157,,3.52157
24,26,gsm8k_orgn_vs_gsm8k_ver1,1,1,1,3.556498,,3.556498
24,26,gsm8k_ver1_vs_gpqa_orgn,1,1,1,3.621298,,3.621298
24,26,gsm8k_ver1_vs_gpqa_ver1,1,1,1,3.504055,,3.504055
24,27,gpqa_orgn_vs_gpqa_ver1,1,1,1,4.988047,,4.988047
24,27,gsm8k_orgn_vs_gpqa_orgn,1,1,1,4.828395,,4.828395
24,27,gsm8k_orgn_vs_gpqa_ver1,1,1,1,4.841652,,4.841652
24,27,gsm8k_orgn_vs_gsm8k_ver1,1,1,1,4.430456,,4.430456
24,27,gsm8k_ver1_vs_gpqa_orgn,1,1,1,4.852657,,4.852657
24,27,gsm8k_ver1_vs_gpqa_ver1,1,1,1,4.861366,,4.861366
24,28,gpqa_orgn_vs_gpqa_ver1,1,1,1,5.214139,,5.214139
24,28,gsm8k_orgn_vs_gpqa_orgn,1,1,1,4.64787,,4.64787
24,28,gsm8k_orgn_vs_gpqa_ver1,1,1,1,4.665147,,4.665147
24,28,gsm8k_orgn_vs_gsm8k_ver1,1,1,1,3.810115,,3.810115
24,28,gsm8k_ver1_vs_gpqa_orgn,1,1,1,4.624105,,4.624105
24,28,gsm8k_ver1_vs_gpqa_ver1,1,1,1,4.637784,,4.637784
24,29,gpqa_orgn_vs_gpqa_ver1,1,1,1,4.318816,,4.318816
24,29,gsm8k_orgn_vs_gpqa_orgn,1,1,1,4.047854,,4.047854
24,29,gsm8k_orgn_vs_gpqa_ver1,1,1,1,4.089353,,4.089353
24,29,gsm8k_orgn_vs_gsm8k_ver1,1,1,1,3.600962,,3.600962
24,29,gsm8k_ver1_vs_gpqa_orgn,1,1,1,4.025689,,4.025689
24,29,gsm8k_ver1_vs_gpqa_ver1,1,1,1,4.066465,,4.066465
24,30,gpqa_orgn_vs_gpqa_ver1,1,1,1,4.763075,,4.763075
24,30,gsm8k_orgn_vs_gpqa_orgn,1,1,1,4.506266,,4.506266
24,30,gsm8k_orgn_vs_gpqa_ver1,1,1,1,4.592859,,4.592859
24,30,gsm8k_orgn_vs_gsm8k_ver1,1,1,1,4.027605,,4.027605
24,30,gsm8k_ver1_vs_gpqa_orgn,1,1,1,4.441038,,4.441038
24,30,gsm8k_ver1_vs_gpqa_ver1,1,1,1,4.522164,,4.522164
24,31,gpqa_orgn_vs_gpqa_ver1,1,1,1,3.814579,,3.814579
24,31,gsm8k_orgn_vs_gpqa_orgn,1,1,1,3.554209,,3.554209
24,31,gsm8k_orgn_vs_gpqa_ver1,1,1,1,3.652627,,3.652627
24,31,gsm8k_orgn_vs_gsm8k_ver1,1,1,1,3.197683,,3.197683
24,31,gsm8k_ver1_vs_gpqa_orgn,1,1,1,3.600614,,3.600614
24,31,gsm8k_ver1_vs_gpqa_ver1,1,1,1,3.689322,,3.689322
24,32,gpqa_orgn_vs_gpqa_ver1,1,1,1,4.726637,,4.726637
24,32,gsm8k_orgn_vs_gpqa_orgn,1,1,1,4.524417,,4.524417
24,32,gsm8k_orgn_vs_gpqa_ver1,1,1,1,4.587858,,4.587858
24,32,gsm8k_orgn_vs_gsm8k_ver1,1,1,1,4.159869,,4.159869
24,32,gsm8k_ver1_vs_gpqa_orgn,1,1,1,4.561866,,4.561866
24,32,gsm8k_ver1_vs_gpqa_ver1,1,1,1,4.612853,,4.612853
24,33,gpqa_orgn_vs_gpqa_ver1,1,1,1,3.466571,,3.466571
24,33,gsm8k_orgn_vs_gpqa_orgn,1,1,1,3.110621,,3.110621
24,33,gsm8k_orgn_vs_gpqa_ver1,1,1,1,3.100911,,3.100911
24,33,gsm8k_orgn_vs_gsm8k_ver1,1,1,1,2.504871,,2.504871
24,33,gsm8k_ver1_vs_gpqa_orgn,1,1,1,3.104366,,3.104366
24,33,gsm8k_ver1_vs_gpqa_ver1,1,1,1,3.088172,,3.088172
24,34,gpqa_orgn_vs_gpqa_ver1,1,1,1,3.782401,,3.782401
24,34,gsm8k_orgn_vs_gpqa_orgn,1,1,1,3.628519,,3.628519
24,34,gsm8k_orgn_vs_gpqa_ver1,1,1,1,3.646289,,3.646289
24,34,gsm8k_orgn_vs_gsm8k_ver1,1,1,1,3.300166,,3.300166
24,34,gsm8k_ver1_vs_gpqa_orgn,1,1,1,3.673098,,3.673098
24,34,gsm8k_ver1_vs_gpqa_ver1,1,1,1,3.681482,,3.681482
24,35,gpqa_orgn_vs_gpqa_ver1,1,1,1,3.715465,,3.715465
24,35,gsm8k_orgn_vs_gpqa_orgn,1,1,1,3.685067,,3.685067
24,35,gsm8k_orgn_vs_gpqa_ver1,1,1,1,3.649849,,3.649849
24,35,gsm8k_orgn_vs_gsm8k_ver1,1,1,1,3.218153,,3.218153
24,35,gsm8k_ver1_vs_gpqa_orgn,1,1,1,3.518623,,3.518623
24,35,gsm8k_ver1_vs_gpqa_ver1,1,1,1,3.477274,,3.477274
24,36,gpqa_orgn_vs_gpqa_ver1,1,1,1,4.310651,,4.310651
24,36,gsm8k_orgn_vs_gpqa_orgn,1,1,1,4.019409,,4.019409
24,36,gsm8k_orgn_vs_gpqa_ver1,1,1,1,3.964812,,3.964812
24,36,gsm8k_orgn_vs_gsm8k_ver1,1,1,1,3.47414,,3.47414
24,36,gsm8k_ver1_vs_gpqa_orgn,1,1,1,4.07759,,4.07759
24,36,gsm8k_ver1_vs_gpqa_ver1,1,1,1,4.015831,,4.015831
24,37,gpqa_orgn_vs_gpqa_ver1,1,1,1,4.323065,,4.323065
24,37,gsm8k_orgn_vs_gpqa_orgn,1,1,1,4.382622,,4.382622
24,37,gsm8k_orgn_vs_gpqa_ver1,1,1,1,4.452486,,4.452486
24,37,gsm8k_orgn_vs_gsm8k_ver1,1,1,1,4.408203,,4.408203
24,37,gsm8k_ver1_vs_gpqa_orgn,1,1,1,4.491961,,4.491961
24,37,gsm8k_ver1_vs_gpqa_ver1,1,1,1,4.554131,,4.554131
24,38,gpqa_orgn_vs_gpqa_ver1,1,1,1,4.478814,,4.478814
24,38,gsm8k_orgn_vs_gpqa_orgn,1,1,1,4.490203,,4.490203
24,38,gsm8k_orgn_vs_gpqa_ver1,1,1,1,4.389103,,4.389103
24,38,gsm8k_orgn_vs_gsm8k_ver1,1,1,1,4.298307,,4.298307
24,38,gsm8k_ver1_vs_gpqa_orgn,1,1,1,4.636314,,4.636314
24,38,gsm8k_ver1_vs_gpqa_ver1,1,1,1,4.531146,,4.531146
24,39,gpqa_orgn_vs_gpqa_ver1,1,1,1,3.747679,,3.747679
24,39,gsm8k_orgn_vs_gpqa_orgn,1,1,1,3.490734,,3.490734
24,39,gsm8k_orgn_vs_gpqa_ver1,1,1,1,3.350935,,3.350935
24,39,gsm8k_orgn_vs_gsm8k_ver1,1,1,1,2.831121,,2.831121
24,39,gsm8k_ver1_vs_gpqa_orgn,1,1,1,3.443159,,3.443159
24,39,gsm8k_ver1_vs_gpqa_ver1,1,1,1,3.300615,,3.300615
25,0,gpqa_orgn_vs_gpqa_ver1,1,1,1,2.654514,,2.654514
25,0,gsm8k_orgn_vs_gpqa_orgn,1,1,1,2.60668,,2.60668
25,0,gsm8k_orgn_vs_gpqa_ver1,1,1,1,2.793131,,2.793131
25,0,gsm8k_orgn_vs_gsm8k_ver1,1,1,1,2.621686,,2.621686
25,0,gsm8k_ver1_vs_gpqa_orgn,1,1,1,3.073848,,3.073848
25,0,gsm8k_ver1_vs_gpqa_ver1,1,1,1,3.008839,,3.008839
25,1,gpqa_orgn_vs_gpqa_ver1,1,1,1,3.16086,,3.16086
25,1,gsm8k_orgn_vs_gpqa_orgn,1,1,1,2.950573,,2.950573
25,1,gsm8k_orgn_vs_gpqa_ver1,1,1,1,3.000668,,3.000668
25,1,gsm8k_orgn_vs_gsm8k_ver1,1,1,1,2.66858,,2.66858
25,1,gsm8k_ver1_vs_gpqa_orgn,1,1,1,3.244514,,3.244514
25,1,gsm8k_ver1_vs_gpqa_ver1,1,1,1,3.156088,,3.156088
25,2,gpqa_orgn_vs_gpqa_ver1,1,1,1,4.279037,,4.279037
25,2,gsm8k_orgn_vs_gpqa_orgn,1,1,1,4.26203,,4.26203
25,2,gsm8k_orgn_vs_gpqa_ver1,1,1,1,4.448192,,4.448192
25,2,gsm8k_orgn_vs_gsm8k_ver1,1,1,1,3.98928,,3.98928
25,2,gsm8k_ver1_vs_gpqa_orgn,1,1,1,4.551003,,4.551003
25,2,gsm8k_ver1_vs_gpqa_ver1,1,1,1,4.427147,,4.427147
25,3,gpqa_orgn_vs_gpqa_ver1,1,1,1,2.928486,,2.928486
25,3,gsm8k_orgn_vs_gpqa_orgn,1,1,1,3.462877,,3.462877
25,3,gsm8k_orgn_vs_gpqa_ver1,1,1,1,3.551517,,3.551517
25,3,gsm8k_orgn_vs_gsm8k_ver1,1,1,1,3.220651,,3.220651
25,3,gsm8k_ver1_vs_gpqa_orgn,1,1,1,3.483925,,3.483925
25,3,gsm8k_ver1_vs_gpqa_ver1,1,1,1,3.067604,,3.067604
25,4,gpqa_orgn_vs_gpqa_ver1,1,1,1,1.941648,,1.941648
25,4,gsm8k_orgn_vs_gpqa_orgn,1,1,1,1.796141,,1.796141
25,4,gsm8k_orgn_vs_gpqa_ver1,1,1,1,1.968796,,1.968796
25,4,gsm8k_orgn_vs_gsm8k_ver1,1,1,1,2.000589,,2.000589
25,4,gsm8k_ver1_vs_gpqa_orgn,1,1,1,2.232514,,2.232514
25,4,gsm8k_ver1_vs_gpqa_ver1,1,1,1,1.990304,,1.990304
25,5,gpqa_orgn_vs_gpqa_ver1,1,1,1,2.903516,,2.903516
25,5,gsm8k_orgn_vs_gpqa_orgn,1,1,1,3.237123,,3.237123
25,5,gsm8k_orgn_vs_gpqa_ver1,1,1,1,2.947415,,2.947415
25,5,gsm8k_orgn_vs_gsm8k_ver1,1,1,1,2.568811,,2.568811
25,5,gsm8k_ver1_vs_gpqa_orgn,1,1,1,2.654125,,2.654125
25,5,gsm8k_ver1_vs_gpqa_ver1,1,1,1,2.331159,,2.331159
25,6,gpqa_orgn_vs_gpqa_ver1,1,1,1,3.49783,,3.49783
25,6,gsm8k_orgn_vs_gpqa_orgn,1,1,1,3.082481,,3.082481
25,6,gsm8k_orgn_vs_gpqa_ver1,1,1,1,2.909314,,2.909314
25,6,gsm8k_orgn_vs_gsm8k_ver1,1,1,1,2.219846,,2.219846
25,6,gsm8k_ver1_vs_gpqa_orgn,1,1,1,3.058065,,3.058065
25,6,gsm8k_ver1_vs_gpqa_ver1,1,1,1,2.881619,,2.881619
25,7,gpqa_orgn_vs_gpqa_ver1,1,1,1,2.805173,,2.805173
25,7,gsm8k_orgn_vs_gpqa_orgn,1,1,1,3.341569,,3.341569
25,7,gsm8k_orgn_vs_gpqa_ver1,1,1,1,3.256479,,3.256479
25,7,gsm8k_orgn_vs_gsm8k_ver1,1,1,1,3.132007,,3.132007
25,7,gsm8k_ver1_vs_gpqa_orgn,1,1,1,2.961253,,2.961253
25,7,gsm8k_ver1_vs_gpqa_ver1,1,1,1,2.850747,,2.850747
25,8,gpqa_orgn_vs_gpqa_ver1,1,1,1,2.337892,,2.337892
25,8,gsm8k_orgn_vs_gpqa_orgn,1,1,1,2.57091,,2.57091
25,8,gsm8k_orgn_vs_gpqa_ver1,1,1,1,2.581054,,2.581054
25,8,gsm8k_orgn_vs_gsm8k_ver1,1,1,1,2.451959,,2.451959
25,8,gsm8k_ver1_vs_gpqa_orgn,1,1,1,2.339823,,2.339823
25,8,gsm8k_ver1_vs_gpqa_ver1,1,1,1,2.350706,,2.350706
25,9,gpqa_orgn_vs_gpqa_ver1,1,1,1,3.103854,,3.103854
25,9,gsm8k_orgn_vs_gpqa_orgn,1,1,1,2.876767,,2.876767
25,9,gsm8k_orgn_vs_gpqa_ver1,1,1,1,2.903911,,2.903911
25,9,gsm8k_orgn_vs_gsm8k_ver1,1,1,1,2.378902,,2.378902
25,9,gsm8k_ver1_vs_gpqa_orgn,1,1,1,2.816444,,2.816444
25,9,gsm8k_ver1_vs_gpqa_ver1,1,1,1,2.840182,,2.840182
25,10,gpqa_orgn_vs_gpqa_ver1,1,1,1,2.70351,,2.70351
25,10,gsm8k_orgn_vs_gpqa_orgn,1,1,1,2.566045,,2.566045
25,10,gsm8k_orgn_vs_gpqa_ver1,1,1,1,2.559903,,2.559903
25,10,gsm8k_orgn_vs_gsm8k_ver1,1,1,1,2.361182,,2.361182
25,10,gsm8k_ver1_vs_gpqa_orgn,1,1,1,2.63947,,2.63947
25,10,gsm8k_ver1_vs_gpqa_ver1,1,1,1,2.619608,,2.619608
25,11,gpqa_orgn_vs_gpqa_ver1,1,1,1,2.604681,,2.604681
25,11,gsm8k_orgn_vs_gpqa_orgn,1,1,1,2.378657,,2.378657
25,11,gsm8k_orgn_vs_gpqa_ver1,1,1,1,2.262421,,2.262421
25,11,gsm8k_orgn_vs_gsm8k_ver1,1,1,1,1.717822,,1.717822
25,11,gsm8k_ver1_vs_gpqa_orgn,1,1,1,2.233249,,2.233249
25,11,gsm8k_ver1_vs_gpqa_ver1,1,1,1,2.094388,,2.094388
25,12,gpqa_orgn_vs_gpqa_ver1,1,1,1,2.365594,,2.365594
25,12,gsm8k_orgn_vs_gpqa_orgn,1,1,1,2.242361,,2.242361
25,12,gsm8k_orgn_vs_gpqa_ver1,1,1,1,2.205099,,2.205099
25,12,gsm8k_orgn_vs_gsm8k_ver1,1,1,1,1.883162,,1.883162
25,12,gsm8k_ver1_vs_gpqa_orgn,1,1,1,2.253819,,2.253819
25,12,gsm8k_ver1_vs_gpqa_ver1,1,1,1,2.19392,,2.19392
25,13,gpqa_orgn_vs_gpqa_ver1,1,1,1,2.375316,,2.375316
25,13,gsm8k_orgn_vs_gpqa_orgn,1,1,1,2.271691,,2.271691
25,13,gsm8k_orgn_vs_gpqa_ver1,1,1,1,2.353493,,2.353493
25,13,gsm8k_orgn_vs_gsm8k_ver1,1,1,1,2.109408,,2.109408
25,13,gsm8k_ver1_vs_gpqa_orgn,1,1,1,2.259195,,2.259195
25,13,gsm8k_ver1_vs_gpqa_ver1,1,1,1,2.326175,,2.326175
25,14,gpqa_orgn_vs_gpqa_ver1,1,1,1,4.613223,,4.613223
25,14,gsm8k_orgn_vs_gpqa_orgn,1,1,1,4.710362,,4.710362
25,14,gsm8k_orgn_vs_gpqa_ver1,1,1,1,4.533935,,4.533935
25,14,gsm8k_orgn_vs_gsm8k_ver1,1,1,1,4.058135,,4.058135
25,14,gsm8k_ver1_vs_gpqa_orgn,1,1,1,4.658466,,4.658466
25,14,gsm8k_ver1_vs_gpqa_ver1,1,1,1,4.427811,,4.427811
25,15,gpqa_orgn_vs_gpqa_ver1,1,1,1,3.767518,,3.767518
25,15,gsm8k_orgn_vs_gpqa_orgn,1,1,1,3.483707,,3.483707
25,15,gsm8k_orgn_vs_gpqa_ver1,1,1,1,3.477389,,3.477389
25,15,gsm8k_orgn_vs_gsm8k_ver1,1,1,1,3.150914,,3.150914
25,15,gsm8k_ver1_vs_gpqa_orgn,1,1,1,3.543759,,3.543759
25,15,gsm8k_ver1_vs_gpqa_ver1,1,1,1,3.533675,,3.533675
25,16,gpqa_orgn_vs_gpqa_ver1,1,1,1,2.750009,,2.750009
25,16,gsm8k_orgn_vs_gpqa_orgn,1,1,1,2.340991,,2.340991
25,16,gsm8k_orgn_vs_gpqa_ver1,1,1,1,2.451659,,2.451659
25,16,gsm8k_orgn_vs_gsm8k_ver1,1,1,1,2.060274,,2.060274
25,16,gsm8k_ver1_vs_gpqa_orgn,1,1,1,2.456085,,2.456085
25,16,gsm8k_ver1_vs_gpqa_ver1,1,1,1,2.560029,,2.560029
25,17,gpqa_orgn_vs_gpqa_ver1,1,1,1,2.660452,,2.660452
25,17,gsm8k_orgn_vs_gpqa_orgn,1,1,1,2.534135,,2.534135
25,17,gsm8k_orgn_vs_gpqa_ver1,1,1,1,2.59231,,2.59231
25,17,gsm8k_orgn_vs_gsm8k_ver1,1,1,1,2.330187,,2.330187
25,17,gsm8k_ver1_vs_gpqa_orgn,1,1,1,2.458889,,2.458889
25,17,gsm8k_ver1_vs_gpqa_ver1,1,1,1,2.514215,,2.514215
25,18,gpqa_orgn_vs_gpqa_ver1,1,1,1,3.224531,,3.224531
25,18,gsm8k_orgn_vs_gpqa_orgn,1,1,1,2.856955,,2.856955
25,18,gsm8k_orgn_vs_gpqa_ver1,1,1,1,2.952584,,2.952584
25,18,gsm8k_orgn_vs_gsm8k_ver1,1,1,1,2.558607,,2.558607
25,18,gsm8k_ver1_vs_gpqa_orgn,1,1,1,2.941034,,2.941034
25,18,gsm8k_ver1_vs_gpqa_ver1,1,1,1,3.030887,,3.030887
25,19,gpqa_orgn_vs_gpqa_ver1,1,1,1,2.509166,,2.509166
25,19,gsm8k_orgn_vs_gpqa_orgn,1,1,1,2.296438,,2.296438
25,19,gsm8k_orgn_vs_gpqa_ver1,1,1,1,2.26107,,2.26107
25,19,gsm8k_orgn_vs_gsm8k_ver1,1,1,1,1.930027,,1.930027
25,19,gsm8k_ver1_vs_gpqa_orgn,1,1,1,2.27425,,2.27425
25,19,gsm8k_ver1_vs_gpqa_ver1,1,1,1,2.235383,,2.235383
25,20,gpqa_orgn_vs_gpqa_ver1,1,1,1,4.373043,,4.373043
25,20,gsm8k_orgn_vs_gpqa_orgn,1,1,1,4.106718,,4.106718
25,20,gsm8k_orgn_vs_gpqa_ver1,1,1,1,3.988482,,3.988482
25,20,gsm8k_orgn_vs_gsm8k_ver1,1,1,1,3.12219,,3.12219
25,20,gsm8k_ver1_vs_gpqa_orgn,1,1,1,4.074459,,4.074459
25,20,gsm8k_ver1_vs_gpqa_ver1,1,1,1,3.946057,,3.946057
25,21,gpqa_orgn_vs_gpqa_ver1,1,1,1,8.575432,,8.575432
25,21,gsm8k_orgn_vs_gpqa_orgn,1,1,1,8.310887,,8.310887
25,21,gsm8k_orgn_vs_gpqa_ver1,1,1,1,8.153298,,8.153298
25,21,gsm8k_orgn_vs_gsm8k_ver1,1,1,1,7.114793,,7.114793
25,21,gsm8k_ver1_vs_gpqa_orgn,1,1,1,8.054828,,8.054828
25,21,gsm8k_ver1_vs_gpqa_ver1,1,1,1,7.882897,,7.882897
25,22,gpqa_orgn_vs_gpqa_ver1,1,1,1,3.577816,,3.577816
25,22,gsm8k_orgn_vs_gpqa_orgn,1,1,1,3.226754,,3.226754
25,22,gsm8k_orgn_vs_gpqa_ver1,1,1,1,3.225093,,3.225093
25,22,gsm8k_orgn_vs_gsm8k_ver1,1,1,1,2.449236,,2.449236
25,22,gsm8k_ver1_vs_gpqa_orgn,1,1,1,3.04596,,3.04596
25,22,gsm8k_ver1_vs_gpqa_ver1,1,1,1,3.039795,,3.039795
25,23,gpqa_orgn_vs_gpqa_ver1,1,1,1,7.739334,,7.739334
25,23,gsm8k_orgn_vs_gpqa_orgn,1,1,1,7.775653,,7.775653
25,23,gsm8k_orgn_vs_gpqa_ver1,1,1,1,7.640608,,7.640608
25,23,gsm8k_orgn_vs_gsm8k_ver1,1,1,1,6.840734,,6.840734
25,23,gsm8k_ver1_vs_gpqa_orgn,1,1,1,7.542697,,7.542697
25,23,gsm8k_ver1_vs_gpqa_ver1,1,1,1,7.397623,,7.397623
25,24,gpqa_orgn_vs_gpqa_ver1,1,1,1,5.145058,,5.145058
25,24,gsm8k_orgn_vs_gpqa_orgn,1,1,1,4.716567,,4.716567
25,24,gsm8k_orgn_vs_gpqa_ver1,1,1,1,4.740017,,4.740017
25,24,gsm8k_orgn_vs_gsm8k_ver1,1,1,1,3.643497,,3.643497
25,24,gsm8k_ver1_vs_gpqa_orgn,1,1,1,4.601237,,4.601237
25,24,gsm8k_ver1_vs_gpqa_ver1,1,1,1,4.613346,,4.613346
25,25,gpqa_orgn_vs_gpqa_ver1,1,1,1,3.245138,,3.245138
25,25,gsm8k_orgn_vs_gpqa_orgn,1,1,1,3.071595,,3.071595
25,25,gsm8k_orgn_vs_gpqa_ver1,1,1,1,3.026565,,3.026565
25,25,gsm8k_orgn_vs_gsm8k_ver1,1,1,1,2.599209,,2.599209
25,25,gsm8k_ver1_vs_gpqa_orgn,1,1,1,2.986792,,2.986792
25,25,gsm8k_ver1_vs_gpqa_ver1,1,1,1,2.929986,,2.929986
25,26,gpqa_orgn_vs_gpqa_ver1,1,1,1,4.013674,,4.013674
25,26,gsm8k_orgn_vs_gpqa_orgn,1,1,1,3.837875,,3.837875
25,26,gsm8k_orgn_vs_gpqa_ver1,1,1,1,3.959057,,3.959057
25,26,gsm8k_orgn_vs_gsm8k_ver1,1,1,1,3.471252,,3.471252
25,26,gsm8k_ver1_vs_gpqa_orgn,1,1,1,3.707377,,3.707377
25,26,gsm8k_ver1_vs_gpqa_ver1,1,1,1,3.8228,,3.8228
25,27,gpqa_orgn_vs_gpqa_ver1,1,1,1,6.487892,,6.487892
25,27,gsm8k_orgn_vs_gpqa_orgn,1,1,1,5.885315,,5.885315
25,27,gsm8k_orgn_vs_gpqa_ver1,1,1,1,6.095152,,6.095152
25,27,gsm8k_orgn_vs_gsm8k_ver1,1,1,1,5.232728,,5.232728
25,27,gsm8k_ver1_vs_gpqa_orgn,1,1,1,5.922043,,5.922043
25,27,gsm8k_ver1_vs_gpqa_ver1,1,1,1,6.117455,,6.117455
25,28,gpqa_orgn_vs_gpqa_ver1,1,1,1,3.807864,,3.807864
25,28,gsm8k_orgn_vs_gpqa_orgn,1,1,1,3.692016,,3.692016
25,28,gsm8k_orgn_vs_gpqa_ver1,1,1,1,3.577652,,3.577652
25,28,gsm8k_orgn_vs_gsm8k_ver1,1,1,1,3.048158,,3.048158
25,28,gsm8k_ver1_vs_gpqa_orgn,1,1,1,3.446727,,3.446727
25,28,gsm8k_ver1_vs_gpqa_ver1,1,1,1,3.319437,,3.319437
25,29,gpqa_orgn_vs_gpqa_ver1,1,1,1,4.471106,,4.471106
25,29,gsm8k_orgn_vs_gpqa_orgn,1,1,1,4.279062,,4.279062
25,29,gsm8k_orgn_vs_gpqa_ver1,1,1,1,4.314108,,4.314108
25,29,gsm8k_orgn_vs_gsm8k_ver1,1,1,1,3.821621,,3.821621
25,29,gsm8k_ver1_vs_gpqa_orgn,1,1,1,4.207999,,4.207999
25,29,gsm8k_ver1_vs_gpqa_ver1,1,1,1,4.233623,,4.233623
25,30,gpqa_orgn_vs_gpqa_ver1,1,1,1,2.809269,,2.809269
25,30,gsm8k_orgn_vs_gpqa_orgn,1,1,1,3.138919,,3.138919
25,30,gsm8k_orgn_vs_gpqa_ver1,1,1,1,3.120211,,3.120211
25,30,gsm8k_orgn_vs_gsm8k_ver1,1,1,1,2.999557,,2.999557
25,30,gsm8k_ver1_vs_gpqa_orgn,1,1,1,2.790755,,2.790755
25,30,gsm8k_ver1_vs_gpqa_ver1,1,1,1,2.771267,,2.771267
25,31,gpqa_orgn_vs_gpqa_ver1,1,1,1,4.041277,,4.041277
25,31,gsm8k_orgn_vs_gpqa_orgn,1,1,1,4.239185,,4.239185
25,31,gsm8k_orgn_vs_gpqa_ver1,1,1,1,4.243316,,4.243316
25,31,gsm8k_orgn_vs_gsm8k_ver1,1,1,1,4.065485,,4.065485
25,31,gsm8k_ver1_vs_gpqa_orgn,1,1,1,4.039014,,4.039014
25,31,gsm8k_ver1_vs_gpqa_ver1,1,1,1,4.038835,,4.038835
25,32,gpqa_orgn_vs_gpqa_ver1,1,1,1,4.715003,,4.715003
25,32,gsm8k_orgn_vs_gpqa_orgn,1,1,1,4.766305,,4.766305
25,32,gsm8k_orgn_vs_gpqa_ver1,1,1,1,4.827009,,4.827009
25,32,gsm8k_orgn_vs_gsm8k_ver1,1,1,1,4.601505,,4.601505
25,32,gsm8k_ver1_vs_gpqa_orgn,1,1,1,4.66896,,4.66896
25,32,gsm8k_ver1_vs_gpqa_ver1,1,1,1,4.726101,,4.726101
25,33,gpqa_orgn_vs_gpqa_ver1,1,1,1,3.825079,,3.825079
25,33,gsm8k_orgn_vs_gpqa_orgn,1,1,1,4.044464,,4.044464
25,33,gsm8k_orgn_vs_gpqa_ver1,1,1,1,4.02742,,4.02742
25,33,gsm8k_orgn_vs_gsm8k_ver1,1,1,1,4.129711,,4.129711
25,33,gsm8k_ver1_vs_gpqa_orgn,1,1,1,4.057844,,4.057844
25,33,gsm8k_ver1_vs_gpqa_ver1,1,1,1,4.037246,,4.037246
25,34,gpqa_orgn_vs_gpqa_ver1,1,1,1,2.875915,,2.875915
25,34,gsm8k_orgn_vs_gpqa_orgn,1,1,1,3.073617,,3.073617
25,34,gsm8k_orgn_vs_gpqa_ver1,1,1,1,3.083508,,3.083508
25,34,gsm8k_orgn_vs_gsm8k_ver1,1,1,1,3.086775,,3.086775
25,34,gsm8k_ver1_vs_gpqa_orgn,1,1,1,2.959415,,2.959415
25,34,gsm8k_ver1_vs_gpqa_ver1,1,1,1,2.968313,,2.968313
25,35,gpqa_orgn_vs_gpqa_ver1,1,1,1,4.890548,,4.890548
25,35,gsm8k_orgn_vs_gpqa_orgn,1,1,1,4.720899,,4.720899
25,35,gsm8k_orgn_vs_gpqa_ver1,1,1,1,4.760511,,4.760511
25,35,gsm8k_orgn_vs_gsm8k_ver1,1,1,1,4.118896,,4.118896
25,35,gsm8k_ver1_vs_gpqa_orgn,1,1,1,4.527515,,4.527515
25,35,gsm8k_ver1_vs_gpqa_ver1,1,1,1,4.566343,,4.566343
25,36,gpqa_orgn_vs_gpqa_ver1,1,1,1,5.044969,,5.044969
25,36,gsm8k_orgn_vs_gpqa_orgn,1,1,1,4.717983,,4.717983
25,36,gsm8k_orgn_vs_gpqa_ver1,1,1,1,4.619441,,4.619441
25,36,gsm8k_orgn_vs_gsm8k_ver1,1,1,1,3.969766,,3.969766
25,36,gsm8k_ver1_vs_gpqa_orgn,1,1,1,4.624107,,4.624107
25,36,gsm8k_ver1_vs_gpqa_ver1,1,1,1,4.523028,,4.523028
25,37,gpqa_orgn_vs_gpqa_ver1,1,1,1,4.58916,,4.58916
25,37,gsm8k_orgn_vs_gpqa_orgn,1,1,1,4.575845,,4.575845
25,37,gsm8k_orgn_vs_gpqa_ver1,1,1,1,4.346382,,4.346382
25,37,gsm8k_orgn_vs_gsm8k_ver1,1,1,1,3.829708,,3.829708
25,37,gsm8k_ver1_vs_gpqa_orgn,1,1,1,4.334669,,4.334669
25,37,gsm8k_ver1_vs_gpqa_ver1,1,1,1,4.091563,,4.091563
25,38,gpqa_orgn_vs_gpqa_ver1,1,1,1,4.756881,,4.756881
25,38,gsm8k_orgn_vs_gpqa_orgn,1,1,1,4.486007,,4.486007
25,38,gsm8k_orgn_vs_gpqa_ver1,1,1,1,4.498447,,4.498447
25,38,gsm8k_orgn_vs_gsm8k_ver1,1,1,1,3.962146,,3.962146
25,38,gsm8k_ver1_vs_gpqa_orgn,1,1,1,4.572819,,4.572819
25,38,gsm8k_ver1_vs_gpqa_ver1,1,1,1,4.577064,,4.577064
25,39,gpqa_orgn_vs_gpqa_ver1,1,1,1,4.482249,,4.482249
25,39,gsm8k_orgn_vs_gpqa_orgn,1,1,1,4.239021,,4.239021
25,39,gsm8k_orgn_vs_gpqa_ver1,1,1,1,4.070494,,4.070494
25,39,gsm8k_orgn_vs_gsm8k_ver1,1,1,1,3.370827,,3.370827
25,39,gsm8k_ver1_vs_gpqa_orgn,1,1,1,4.07987,,4.07987
25,39,gsm8k_ver1_vs_gpqa_ver1,1,1,1,3.904194,,3.904194
26,0,gpqa_orgn_vs_gpqa_ver1,1,1,1,5.597396,,5.597396
26,0,gsm8k_orgn_vs_gpqa_orgn,1,1,1,5.872891,,5.872891
26,0,gsm8k_orgn_vs_gpqa_ver1,1,1,1,5.75899,,5.75899
26,0,gsm8k_orgn_vs_gsm8k_ver1,1,1,1,5.488572,,5.488572
26,0,gsm8k_ver1_vs_gpqa_orgn,1,1,1,5.552837,,5.552837
26,0,gsm8k_ver1_vs_gpqa_ver1,1,1,1,5.42718,,5.42718
26,1,gpqa_orgn_vs_gpqa_ver1,1,1,1,4.156861,,4.156861
26,1,gsm8k_orgn_vs_gpqa_orgn,1,1,1,4.147806,,4.147806
26,1,gsm8k_orgn_vs_gpqa_ver1,1,1,1,4.131132,,4.131132
26,1,gsm8k_orgn_vs_gsm8k_ver1,1,1,1,3.859969,,3.859969
26,1,gsm8k_ver1_vs_gpqa_orgn,1,1,1,4.117446,,4.117446
26,1,gsm8k_ver1_vs_gpqa_ver1,1,1,1,4.093937,,4.093937
26,2,gpqa_orgn_vs_gpqa_ver1,1,1,1,6.361845,,6.361845
26,2,gsm8k_orgn_vs_gpqa_orgn,1,1,1,5.936013,,5.936013
26,2,gsm8k_orgn_vs_gpqa_ver1,1,1,1,5.906277,,5.906277
26,2,gsm8k_orgn_vs_gsm8k_ver1,1,1,1,5.170991,,5.170991
26,2,gsm8k_ver1_vs_gpqa_orgn,1,1,1,5.951531,,5.951531
26,2,gsm8k_ver1_vs_gpqa_ver1,1,1,1,5.916907,,5.916907
26,3,gpqa_orgn_vs_gpqa_ver1,1,1,1,6.331971,,6.331971
26,3,gsm8k_orgn_vs_gpqa_orgn,1,1,1,6.568439,,6.568439
26,3,gsm8k_orgn_vs_gpqa_ver1,1,1,1,6.49397,,6.49397
26,3,gsm8k_orgn_vs_gsm8k_ver1,1,1,1,5.941203,,5.941203
26,3,gsm8k_ver1_vs_gpqa_orgn,1,1,1,6.089509,,6.089509
26,3,gsm8k_ver1_vs_gpqa_ver1,1,1,1,5.991057,,5.991057
26,4,gpqa_orgn_vs_gpqa_ver1,1,1,1,6.163093,,6.163093
26,4,gsm8k_orgn_vs_gpqa_orgn,1,1,1,6.238296,,6.238296
26,4,gsm8k_orgn_vs_gpqa_ver1,1,1,1,6.172877,,6.172877
26,4,gsm8k_orgn_vs_gsm8k_ver1,1,1,1,6.046791,,6.046791
26,4,gsm8k_ver1_vs_gpqa_orgn,1,1,1,6.430153,,6.430153
26,4,gsm8k_ver1_vs_gpqa_ver1,1,1,1,6.352081,,6.352081
26,5,gpqa_orgn_vs_gpqa_ver1,1,1,1,4.991813,,4.991813
26,5,gsm8k_orgn_vs_gpqa_orgn,1,1,1,4.851192,,4.851192
26,5,gsm8k_orgn_vs_gpqa_ver1,1,1,1,4.969855,,4.969855
26,5,gsm8k_orgn_vs_gsm8k_ver1,1,1,1,4.891732,,4.891732
26,5,gsm8k_ver1_vs_gpqa_orgn,1,1,1,5.020341,,5.020341
26,5,gsm8k_ver1_vs_gpqa_ver1,1,1,1,5.125251,,5.125251
26,6,gpqa_orgn_vs_gpqa_ver1,1,1,1,4.920126,,4.920126
26,6,gsm8k_orgn_vs_gpqa_orgn,1,1,1,3.948003,,3.948003
26,6,gsm8k_orgn_vs_gpqa_ver1,1,1,1,4.053245,,4.053245
26,6,gsm8k_orgn_vs_gsm8k_ver1,1,1,1,2.675456,,2.675456
26,6,gsm8k_ver1_vs_gpqa_orgn,1,1,1,3.864827,,3.864827
26,6,gsm8k_ver1_vs_gpqa_ver1,1,1,1,3.961768,,3.961768
26,7,gpqa_orgn_vs_gpqa_ver1,1,1,1,5.406769,,5.406769
26,7,gsm8k_orgn_vs_gpqa_orgn,1,1,1,5.404214,,5.404214
26,7,gsm8k_orgn_vs_gpqa_ver1,1,1,1,5.144329,,5.144329
26,7,gsm8k_orgn_vs_gsm8k_ver1,1,1,1,4.882694,,4.882694
26,7,gsm8k_ver1_vs_gpqa_orgn,1,1,1,5.292411,,5.292411
26,7,gsm8k_ver1_vs_gpqa_ver1,1,1,1,5.017411,,5.017411
26,8,gpqa_orgn_vs_gpqa_ver1,1,1,1,5.183907,,5.183907
26,8,gsm8k_orgn_vs_gpqa_orgn,1,1,1,4.729193,,4.729193
26,8,gsm8k_orgn_vs_gpqa_ver1,1,1,1,4.635117,,4.635117
26,8,gsm8k_orgn_vs_gsm8k_ver1,1,1,1,3.851913,,3.851913
26,8,gsm8k_ver1_vs_gpqa_orgn,1,1,1,4.79287,,4.79287
26,8,gsm8k_ver1_vs_gpqa_ver1,1,1,1,4.666696,,4.666696
26,9,gpqa_orgn_vs_gpqa_ver1,1,1,1,4.246299,,4.246299
26,9,gsm8k_orgn_vs_gpqa_orgn,1,1,1,4.284024,,4.284024
26,9,gsm8k_orgn_vs_gpqa_ver1,1,1,1,4.104849,,4.104849
26,9,gsm8k_orgn_vs_gsm8k_ver1,1,1,1,4.037532,,4.037532
26,9,gsm8k_ver1_vs_gpqa_orgn,1,1,1,4.316755,,4.316755
26,9,gsm8k_ver1_vs_gpqa_ver1,1,1,1,4.129495,,4.129495
26,10,gpqa_orgn_vs_gpqa_ver1,1,1,1,2.895446,,2.895446
26,10,gsm8k_orgn_vs_gpqa_orgn,1,1,1,3.173732,,3.173732
26,10,gsm8k_orgn_vs_gpqa_ver1,1,1,1,3.2084,,3.2084
26,10,gsm8k_orgn_vs_gsm8k_ver1,1,1,1,3.166224,,3.166224
26,10,gsm8k_ver1_vs_gpqa_orgn,1,1,1,3.171008,,3.171008
26,10,gsm8k_ver1_vs_gpqa_ver1,1,1,1,3.205376,,3.205376
26,11,gpqa_orgn_vs_gpqa_ver1,1,1,1,4.16258,,4.16258
26,11,gsm8k_orgn_vs_gpqa_orgn,1,1,1,4.61605,,4.61605
26,11,gsm8k_orgn_vs_gpqa_ver1,1,1,1,4.850374,,4.850374
26,11,gsm8k_orgn_vs_gsm8k_ver1,1,1,1,4.763353,,4.763353
26,11,gsm8k_ver1_vs_gpqa_orgn,1,1,1,4.476936,,4.476936
26,11,gsm8k_ver1_vs_gpqa_ver1,1,1,1,4.717277,,4.717277
26,12,gpqa_orgn_vs_gpqa_ver1,1,1,1,3.741128,,3.741128
26,12,gsm8k_orgn_vs_gpqa_orgn,1,1,1,4.928285,,4.928285
26,12,gsm8k_orgn_vs_gpqa_ver1,1,1,1,5.061569,,5.061569
26,12,gsm8k_orgn_vs_gsm8k_ver1,1,1,1,5.261785,,5.261785
26,12,gsm8k_ver1_vs_gpqa_orgn,1,1,1,4.529163,,4.529163
26,12,gsm8k_ver1_vs_gpqa_ver1,1,1,1,4.66714,,4.66714
26,13,gpqa_orgn_vs_gpqa_ver1,1,1,1,2.316564,,2.316564
26,13,gsm8k_orgn_vs_gpqa_orgn,1,1,1,3.752492,,3.752492
26,13,gsm8k_orgn_vs_gpqa_ver1,1,1,1,3.716926,,3.716926
26,13,gsm8k_orgn_vs_gsm8k_ver1,1,1,1,4.59778,,4.59778
26,13,gsm8k_ver1_vs_gpqa_orgn,1,1,1,3.929625,,3.929625
26,13,gsm8k_ver1_vs_gpqa_ver1,1,1,1,3.892407,,3.892407
26,14,gpqa_orgn_vs_gpqa_ver1,1,1,1,2.584491,,2.584491
26,14,gsm8k_orgn_vs_gpqa_orgn,1,1,1,2.935825,,2.935825
26,14,gsm8k_orgn_vs_gpqa_ver1,1,1,1,2.906257,,2.906257
26,14,gsm8k_orgn_vs_gsm8k_ver1,1,1,1,3.049471,,3.049471
26,14,gsm8k_ver1_vs_gpqa_orgn,1,1,1,2.908502,,2.908502
26,14,gsm8k_ver1_vs_gpqa_ver1,1,1,1,2.876102,,2.876102
26,15,gpqa_orgn_vs_gpqa_ver1,1,1,1,4.892754,,4.892754
26,15,gsm8k_orgn_vs_gpqa_orgn,1,1,1,4.586114,,4.586114
26,15,gsm8k_orgn_vs_gpqa_ver1,1,1,1,4.630356,,4.630356
26,15,gsm8k_orgn_vs_gsm8k_ver1,1,1,1,4.055084,,4.055084
26,15,gsm8k_ver1_vs_gpqa_orgn,1,1,1,4.499397,,4.499397
26,15,gsm8k_ver1_vs_gpqa_ver1,1,1,1,4.546258,,4.546258
26,16,gpqa_orgn_vs_gpqa_ver1,1,1,1,3.621975,,3.621975
26,16,gsm8k_orgn_vs_gpqa_orgn,1,1,1,3.720438,,3.720438
26,16,gsm8k_orgn_vs_gpqa_ver1,1,1,1,3.726652,,3.726652
26,16,gsm8k_orgn_vs_gsm8k_ver1,1,1,1,3.539451,,3.539451
26,16,gsm8k_ver1_vs_gpqa_orgn,1,1,1,3.581741,,3.581741
26,16,gsm8k_ver1_vs_gpqa_ver1,1,1,1,3.587507,,3.587507
26,17,gpqa_orgn_vs_gpqa_ver1,1,1,1,6.417956,,6.417956
26,17,gsm8k_orgn_vs_gpqa_orgn,1,1,1,5.710009,,5.710009
26,17,gsm8k_orgn_vs_gpqa_ver1,1,1,1,5.522798,,5.522798
26,17,gsm8k_orgn_vs_gsm8k_ver1,1,1,1,4.380741,,4.380741
26,17,gsm8k_ver1_vs_gpqa_orgn,1,1,1,5.669578,,5.669578
26,17,gsm8k_ver1_vs_gpqa_ver1,1,1,1,5.479898,,5.479898
26,18,gpqa_orgn_vs_gpqa_ver1,1,1,1,4.80964,,4.80964
26,18,gsm8k_orgn_vs_gpqa_orgn,1,1,1,4.911498,,4.911498
26,18,gsm8k_orgn_vs_gpqa_ver1,1,1,1,4.833014,,4.833014
26,18,gsm8k_orgn_vs_gsm8k_ver1,1,1,1,5.02866,,5.02866
26,18,gsm8k_ver1_vs_gpqa_orgn,1,1,1,5.289895,,5.289895
26,18,gsm8k_ver1_vs_gpqa_ver1,1,1,1,5.2174,,5.2174
26,19,gpqa_orgn_vs_gpqa_ver1,1,1,1,4.741013,,4.741013
26,19,gsm8k_orgn_vs_gpqa_orgn,1,1,1,4.62435,,4.62435
26,19,gsm8k_orgn_vs_gpqa_ver1,1,1,1,4.683793,,4.683793
26,19,gsm8k_orgn_vs_gsm8k_ver1,1,1,1,4.148794,,4.148794
26,19,gsm8k_ver1_vs_gpqa_orgn,1,1,1,4.535964,,4.535964
26,19,gsm8k_ver1_vs_gpqa_ver1,1,1,1,4.589068,,4.589068
26,20,gpqa_orgn_vs_gpqa_ver1,1,1,1,4.14763,,4.14763
26,20,gsm8k_orgn_vs_gpqa_orgn,1,1,1,4.043146,,4.043146
26,20,gsm8k_orgn_vs_gpqa_ver1,1,1,1,3.945258,,3.945258
26,20,gsm8k_orgn_vs_gsm8k_ver1,1,1,1,3.521439,,3.521439
26,20,gsm8k_ver1_vs_gpqa_orgn,1,1,1,3.866123,,3.866123
26,20,gsm8k_ver1_vs_gpqa_ver1,1,1,1,3.764326,,3.764326
26,21,gpqa_orgn_vs_gpqa_ver1,1,1,1,2.241576,,2.241576
26,21,gsm8k_orgn_vs_gpqa_orgn,1,1,1,1.914823,,1.914823
26,21,gsm8k_orgn_vs_gpqa_ver1,1,1,1,2.010788,,2.010788
26,21,gsm8k_orgn_vs_gsm8k_ver1,1,1,1,1.44519,,1.44519
26,21,gsm8k_ver1_vs_gpqa_orgn,1,1,1,1.769819,,1.769819
26,21,gsm8k_ver1_vs_gpqa_ver1,1,1,1,1.866406,,1.866406
26,22,gpqa_orgn_vs_gpqa_ver1,1,1,1,3.519448,,3.519448
26,22,gsm8k_orgn_vs_gpqa_orgn,1,1,1,2.839579,,2.839579
26,22,gsm8k_orgn_vs_gpqa_ver1,1,1,1,2.721934,,2.721934
26,22,gsm8k_orgn_vs_gsm8k_ver1,1,1,1,1.540005,,1.540005
26,22,gsm8k_ver1_vs_gpqa_orgn,1,1,1,2.648515,,2.648515
26,22,gsm8k_ver1_vs_gpqa_ver1,1,1,1,2.528942,,2.528942
26,23,gpqa_orgn_vs_gpqa_ver1,1,1,1,3.144256,,3.144256
26,23,gsm8k_orgn_vs_gpqa_orgn,1,1,1,2.822354,,2.822354
26,23,gsm8k_orgn_vs_gpqa_ver1,1,1,1,2.779864,,2.779864
26,23,gsm8k_orgn_vs_gsm8k_ver1,1,1,1,2.324344,,2.324344
26,23,gsm8k_ver1_vs_gpqa_orgn,1,1,1,2.803467,,2.803467
26,23,gsm8k_ver1_vs_gpqa_ver1,1,1,1,2.758646,,2.758646
26,24,gpqa_orgn_vs_gpqa_ver1,1,1,1,1.5875,,1.5875
26,24,gsm8k_orgn_vs_gpqa_orgn,1,1,1,1.404381,,1.404381
26,24,gsm8k_orgn_vs_gpqa_ver1,1,1,1,1.483524,,1.483524
26,24,gsm8k_orgn_vs_gsm8k_ver1,1,1,1,1.234428,,1.234428
26,24,gsm8k_ver1_vs_gpqa_orgn,1,1,1,1.409534,,1.409534
26,24,gsm8k_ver1_vs_gpqa_ver1,1,1,1,1.484335,,1.484335
26,25,gpqa_orgn_vs_gpqa_ver1,1,1,1,2.005883,,2.005883
26,25,gsm8k_orgn_vs_gpqa_orgn,1,1,1,2.824802,,2.824802
26,25,gsm8k_orgn_vs_gpqa_ver1,1,1,1,2.873565,,2.873565
26,25,gsm8k_orgn_vs_gsm8k_ver1,1,1,1,3.157362,,3.157362
26,25,gsm8k_ver1_vs_gpqa_orgn,1,1,1,2.594208,,2.594208
26,25,gsm8k_ver1_vs_gpqa_ver1,1,1,1,2.636545,,2.636545
26,26,gpqa_orgn_vs_gpqa_ver1,1,1,1,0.882611,,0.882611
26,26,gsm8k_orgn_vs_gpqa_orgn,1,1,1,1.016123,,1.016123
26,26,gsm8k_orgn_vs_gpqa_ver1,1,1,1,1.125697,,1.125697
26,26,gsm8k_orgn_vs_gsm8k_ver1,1,1,1,1.1926,,1.1926
26,26,gsm8k_ver1_vs_gpqa_orgn,1,1,1,1.079694,,1.079694
26,26,gsm8k_ver1_vs_gpqa_ver1,1,1,1,1.12633,,1.12633
26,27,gpqa_orgn_vs_gpqa_ver1,1,1,1,2.030426,,2.030426
26,27,gsm8k_orgn_vs_gpqa_orgn,1,1,1,1.480677,,1.480677
26,27,gsm8k_orgn_vs_gpqa_ver1,1,1,1,1.644051,,1.644051
26,27,gsm8k_orgn_vs_gsm8k_ver1,1,1,1,0.928363,,0.928363
26,27,gsm8k_ver1_vs_gpqa_orgn,1,1,1,1.476959,,1.476959
26,27,gsm8k_ver1_vs_gpqa_ver1,1,1,1,1.635846,,1.635846
26,28,gpqa_orgn_vs_gpqa_ver1,1,1,1,1.431765,,1.431765
26,28,gsm8k_orgn_vs_gpqa_orgn,1,1,1,2.319008,,2.319008
26,28,gsm8k_orgn_vs_gpqa_ver1,1,1,1,2.287868,,2.287868
26,28,gsm8k_orgn_vs_gsm8k_ver1,1,1,1,2.258039,,2.258039
26,28,gsm8k_ver1_vs_gpqa_orgn,1,1,1,1.620658,,1.620658
26,28,gsm8k_ver1_vs_gpqa_ver1,1,1,1,1.5707,,1.5707
26,29,gpqa_orgn_vs_gpqa_ver1,1,1,1,0.736071,,0.736071
26,29,gsm8k_orgn_vs_gpqa_orgn,1,1,1,0.804878,,0.804878
26,29,gsm8k_orgn_vs_gpqa_ver1,1,1,1,0.642536,,0.642536
26,29,gsm8k_orgn_vs_gsm8k_ver1,1,1,1,0.801583,,0.801583
26,29,gsm8k_ver1_vs_gpqa_orgn,1,1,1,0.944942,,0.944942
26,29,gsm8k_ver1_vs_gpqa_ver1,1,1,1,0.772272,,0.772272
26,30,gpqa_orgn_vs_gpqa_ver1,1,1,1,1.327702,,1.327702
26,30,gsm8k_orgn_vs_gpqa_orgn,1,1,1,1.009059,,1.009059
26,30,gsm8k_orgn_vs_gpqa_ver1,1,1,1,0.96443,,0.96443
26,30,gsm8k_orgn_vs_gsm8k_ver1,1,1,1,0.621513,,0.621513
26,30,gsm8k_ver1_vs_gpqa_orgn,1,1,1,1.10097,,1.10097
26,30,gsm8k_ver1_vs_gpqa_ver1,1,1,1,0.968505,,0.968505
26,31,gpqa_orgn_vs_gpqa_ver1,1,1,1,3.742235,,3.742235
26,31,gsm8k_orgn_vs_gpqa_orgn,1,1,1,3.809052,,3.809052
26,31,gsm8k_orgn_vs_gpqa_ver1,1,1,1,4.333956,,4.333956
26,31,gsm8k_orgn_vs_gsm8k_ver1,1,1,1,4.473927,,4.473927
26,31,gsm8k_ver1_vs_gpqa_orgn,1,1,1,4.470516,,4.470516
26,31,gsm8k_ver1_vs_gpqa_ver1,1,1,1,4.044354,,4.044354
26,32,gpqa_orgn_vs_gpqa_ver1,1,1,1,4.449583,,4.449583
26,32,gsm8k_orgn_vs_gpqa_orgn,1,1,1,3.63982,,3.63982
26,32,gsm8k_orgn_vs_gpqa_ver1,1,1,1,4.258967,,4.258967
26,32,gsm8k_orgn_vs_gsm8k_ver1,1,1,1,4.343546,,4.343546
26,32,gsm8k_ver1_vs_gpqa_orgn,1,1,1,4.824778,,4.824778
26,32,gsm8k_ver1_vs_gpqa_ver1,1,1,1,4.249713,,4.249713
26,33,gpqa_orgn_vs_gpqa_ver1,1,1,1,5.430476,,5.430476
26,33,gsm8k_orgn_vs_gpqa_orgn,1,1,1,4.923355,,4.923355
26,33,gsm8k_orgn_vs_gpqa_ver1,1,1,1,5.036947,,5.036947
26,33,gsm8k_orgn_vs_gsm8k_ver1,1,1,1,4.625863,,4.625863
26,33,gsm8k_ver1_vs_gpqa_orgn,1,1,1,5.41927,,5.41927
26,33,gsm8k_ver1_vs_gpqa_ver1,1,1,1,5.027132,,5.027132
26,34,gpqa_orgn_vs_gpqa_ver1,1,1,1,3.722234,,3.722234
26,34,gsm8k_orgn_vs_gpqa_orgn,1,1,1,3.126685,,3.126685
26,34,gsm8k_orgn_vs_gpqa_ver1,1,1,1,3.400958,,3.400958
26,34,gsm8k_orgn_vs_gsm8k_ver1,1,1,1,2.804851,,2.804851
26,34,gsm8k_ver1_vs_gpqa_orgn,1,1,1,3.551682,,3.551682
26,34,gsm8k_ver1_vs_gpqa_ver1,1,1,1,3.326631,,3.326631
26,35,gpqa_orgn_vs_gpqa_ver1,1,1,1,3.164206,,3.164206
26,35,gsm8k_orgn_vs_gpqa_orgn,1,1,1,3.04418,,3.04418
26,35,gsm8k_orgn_vs_gpqa_ver1,1,1,1,3.058859,,3.058859
26,35,gsm8k_orgn_vs_gsm8k_ver1,1,1,1,2.617938,,2.617938
26,35,gsm8k_ver1_vs_gpqa_orgn,1,1,1,3.015496,,3.015496
26,35,gsm8k_ver1_vs_gpqa_ver1,1,1,1,3.021662,,3.021662
26,36,gpqa_orgn_vs_gpqa_ver1,1,1,1,3.204346,,3.204346
26,36,gsm8k_orgn_vs_gpqa_orgn,1,1,1,2.586548,,2.586548
26,36,gsm8k_orgn_vs_gpqa_ver1,1,1,1,2.742503,,2.742503
26,36,gsm8k_orgn_vs_gsm8k_ver1,1,1,1,2.174299,,2.174299
26,36,gsm8k_ver1_vs_gpqa_orgn,1,1,1,2.800034,,2.800034
26,36,gsm8k_ver1_vs_gpqa_ver1,1,1,1,2.946887,,2.946887
26,37,gpqa_orgn_vs_gpqa_ver1,1,1,1,5.699157,,5.699157
26,37,gsm8k_orgn_vs_gpqa_orgn,1,1,1,5.219749,,5.219749
26,37,gsm8k_orgn_vs_gpqa_ver1,1,1,1,5.22179,,5.22179
26,37,gsm8k_orgn_vs_gsm8k_ver1,1,1,1,4.443459,,4.443459
26,37,gsm8k_ver1_vs_gpqa_orgn,1,1,1,5.277062,,5.277062
26,37,gsm8k_ver1_vs_gpqa_ver1,1,1,1,5.271618,,5.271618
26,38,gpqa_orgn_vs_gpqa_ver1,1,1,1,4.198884,,4.198884
26,38,gsm8k_orgn_vs_gpqa_orgn,1,1,1,4.093406,,4.093406
26,38,gsm8k_orgn_vs_gpqa_ver1,1,1,1,4.050097,,4.050097
26,38,gsm8k_orgn_vs_gsm8k_ver1,1,1,1,3.805122,,3.805122
26,38,gsm8k_ver1_vs_gpqa_orgn,1,1,1,4.228163,,4.228163
26,38,gsm8k_ver1_vs_gpqa_ver1,1,1,1,4.176739,,4.176739
26,39,gpqa_orgn_vs_gpqa_ver1,1,1,1,3.31289,,3.31289
26,39,gsm8k_orgn_vs_gpqa_orgn,1,1,1,3.389115,,3.389115
26,39,gsm8k_orgn_vs_gpqa_ver1,1,1,1,3.42814,,3.42814
26,39,gsm8k_orgn_vs_gsm8k_ver1,1,1,1,3.28714,,3.28714
26,39,gsm8k_ver1_vs_gpqa_orgn,1,1,1,3.406818,,3.406818
26,39,gsm8k_ver1_vs_gpqa_ver1,1,1,1,3.440673,,3.440673
27,0,gpqa_orgn_vs_gpqa_ver1,1,1,1,6.032261,,6.032261
27,0,gsm8k_orgn_vs_gpqa_orgn,1,1,1,5.74809,,5.74809
27,0,gsm8k_orgn_vs_gpqa_ver1,1,1,1,5.679995,,5.679995
27,0,gsm8k_orgn_vs_gsm8k_ver1,1,1,1,4.889745,,4.889745
27,0,gsm8k_ver1_vs_gpqa_orgn,1,1,1,5.869852,,5.869852
27,0,gsm8k_ver1_vs_gpqa_ver1,1,1,1,5.600438,,5.600438
27,1,gpqa_orgn_vs_gpqa_ver1,1,1,1,7.456783,,7.456783
27,1,gsm8k_orgn_vs_gpqa_orgn,1,1,1,6.626251,,6.626251
27,1,gsm8k_orgn_vs_gpqa_ver1,1,1,1,6.669259,,6.669259
27,1,gsm8k_orgn_vs_gsm8k_ver1,1,1,1,5.403069,,5.403069
27,1,gsm8k_ver1_vs_gpqa_orgn,1,1,1,6.815275,,6.815275
27,1,gsm8k_ver1_vs_gpqa_ver1,1,1,1,6.707884,,6.707884
27,2,gpqa_orgn_vs_gpqa_ver1,1,1,1,8.090104,,8.090104
27,2,gsm8k_orgn_vs_gpqa_orgn,1,1,1,7.256783,,7.256783
27,2,gsm8k_orgn_vs_gpqa_ver1,1,1,1,7.310537,,7.310537
27,2,gsm8k_orgn_vs_gsm8k_ver1,1,1,1,5.980401,,5.980401
27,2,gsm8k_ver1_vs_gpqa_orgn,1,1,1,7.42616,,7.42616
27,2,gsm8k_ver1_vs_gpqa_ver1,1,1,1,7.340273,,7.340273
27,3,gpqa_orgn_vs_gpqa_ver1,1,1,1,7.030068,,7.030068
27,3,gsm8k_orgn_vs_gpqa_orgn,1,1,1,5.850787,,5.850787
27,3,gsm8k_orgn_vs_gpqa_ver1,1,1,1,6.369669,,6.369669
27,3,gsm8k_orgn_vs_gsm8k_ver1,1,1,1,4.894623,,4.894623
27,3,gsm8k_ver1_vs_gpqa_orgn,1,1,1,6.005924,,6.005924
27,3,gsm8k_ver1_vs_gpqa_ver1,1,1,1,6.429218,,6.429218
27,4,gpqa_orgn_vs_gpqa_ver1,1,1,1,5.886728,,5.886728
27,4,gsm8k_orgn_vs_gpqa_orgn,1,1,1,5.418875,,5.418875
27,4,gsm8k_orgn_vs_gpqa_ver1,1,1,1,5.698056,,5.698056
27,4,gsm8k_orgn_vs_gsm8k_ver1,1,1,1,4.915938,,4.915938
27,4,gsm8k_ver1_vs_gpqa_orgn,1,1,1,5.542338,,5.542338
27,4,gsm8k_ver1_vs_gpqa_ver1,1,1,1,5.696789,,5.696789
27,5,gpqa_orgn_vs_gpqa_ver1,1,1,1,10.093104,,10.093104
27,5,gsm8k_orgn_vs_gpqa_orgn,1,1,1,9.347294,,9.347294
27,5,gsm8k_orgn_vs_gpqa_ver1,1,1,1,9.375733,,9.375733
27,5,gsm8k_orgn_vs_gsm8k_ver1,1,1,1,8.013708,,8.013708
27,5,gsm8k_ver1_vs_gpqa_orgn,1,1,1,9.267168,,9.267168
27,5,gsm8k_ver1_vs_gpqa_ver1,1,1,1,9.271583,,9.271583
27,6,gpqa_orgn_vs_gpqa_ver1,1,1,1,3.20948,,3.20948
27,6,gsm8k_orgn_vs_gpqa_orgn,1,1,1,3.492252,,3.492252
27,6,gsm8k_orgn_vs_gpqa_ver1,1,1,1,3.651579,,3.651579
27,6,gsm8k_orgn_vs_gsm8k_ver1,1,1,1,3.882619,,3.882619
27,6,gsm8k_ver1_vs_gpqa_orgn,1,1,1,3.593173,,3.593173
27,6,gsm8k_ver1_vs_gpqa_ver1,1,1,1,3.74125,,3.74125
27,7,gpqa_orgn_vs_gpqa_ver1,1,1,1,5.355805,,5.355805
27,7,gsm8k_orgn_vs_gpqa_orgn,1,1,1,4.950478,,4.950478
27,7,gsm8k_orgn_vs_gpqa_ver1,1,1,1,5.355597,,5.355597
27,7,gsm8k_orgn_vs_gsm8k_ver1,1,1,1,4.888309,,4.888309
27,7,gsm8k_ver1_vs_gpqa_orgn,1,1,1,5.042167,,5.042167
27,7,gsm8k_ver1_vs_gpqa_ver1,1,1,1,5.402937,,5.402937
27,8,gpqa_orgn_vs_gpqa_ver1,1,1,1,4.173607,,4.173607
27,8,gsm8k_orgn_vs_gpqa_orgn,1,1,1,3.951196,,3.951196
27,8,gsm8k_orgn_vs_gpqa_ver1,1,1,1,4.055103,,4.055103
27,8,gsm8k_orgn_vs_gsm8k_ver1,1,1,1,3.523605,,3.523605
27,8,gsm8k_ver1_vs_gpqa_orgn,1,1,1,3.821505,,3.821505
27,8,gsm8k_ver1_vs_gpqa_ver1,1,1,1,3.91188,,3.91188
27,9,gpqa_orgn_vs_gpqa_ver1,1,1,1,4.5257,,4.5257
27,9,gsm8k_orgn_vs_gpqa_orgn,1,1,1,4.160393,,4.160393
27,9,gsm8k_orgn_vs_gpqa_ver1,1,1,1,4.521535,,4.521535
27,9,gsm8k_orgn_vs_gsm8k_ver1,1,1,1,3.981641,,3.981641
27,9,gsm8k_ver1_vs_gpqa_orgn,1,1,1,4.132763,,4.132763
27,9,gsm8k_ver1_vs_gpqa_ver1,1,1,1,4.48224,,4.48224
27,10,gpqa_orgn_vs_gpqa_ver1,1,1,1,6.4567,,6.4567
27,10,gsm8k_orgn_vs_gpqa_orgn,1,1,1,6.344667,,6.344667
27,10,gsm8k_orgn_vs_gpqa_ver1,1,1,1,6.126706,,6.126706
27,10,gsm8k_orgn_vs_gsm8k_ver1,1,1,1,5.723499,,5.723499
27,10,gsm8k_ver1_vs_gpqa_orgn,1,1,1,6.275069,,6.275069
27,10,gsm8k_ver1_vs_gpqa_ver1,1,1,1,6.046508,,6.046508
27,11,gpqa_orgn_vs_gpqa_ver1,1,1,1,6.649413,,6.649413
27,11,gsm8k_orgn_vs_gpqa_orgn,1,1,1,6.375684,,6.375684
27,11,gsm8k_orgn_vs_gpqa_ver1,1,1,1,6.221729,,6.221729
27,11,gsm8k_orgn_vs_gsm8k_ver1,1,1,1,5.589101,,5.589101
27,11,gsm8k_ver1_vs_gpqa_orgn,1,1,1,6.294629,,6.294629
27,11,gsm8k_ver1_vs_gpqa_ver1,1,1,1,6.133033,,6.133033
27,12,gpqa_orgn_vs_gpqa_ver1,1,1,1,5.022919,,5.022919
27,12,gsm8k_orgn_vs_gpqa_orgn,1,1,1,4.464674,,4.464674
27,12,gsm8k_orgn_vs_gpqa_ver1,1,1,1,4.438996,,4.438996
27,12,gsm8k_orgn_vs_gsm8k_ver1,1,1,1,3.500216,,3.500216
27,12,gsm8k_ver1_vs_gpqa_orgn,1,1,1,4.357075,,4.357075
27,12,gsm8k_ver1_vs_gpqa_ver1,1,1,1,4.322363,,4.322363
27,13,gpqa_orgn_vs_gpqa_ver1,1,1,1,7.725715,,7.725715
27,13,gsm8k_orgn_vs_gpqa_orgn,1,1,1,6.808617,,6.808617
27,13,gsm8k_orgn_vs_gpqa_ver1,1,1,1,6.821634,,6.821634
27,13,gsm8k_orgn_vs_gsm8k_ver1,1,1,1,5.489197,,5.489197
27,13,gsm8k_ver1_vs_gpqa_orgn,1,1,1,6.756879,,6.756879
27,13,gsm8k_ver1_vs_gpqa_ver1,1,1,1,6.762243,,6.762243
27,14,gpqa_orgn_vs_gpqa_ver1,1,1,1,7.303067,,7.303067
27,14,gsm8k_orgn_vs_gpqa_orgn,1,1,1,6.498085,,6.498085
27,14,gsm8k_orgn_vs_gpqa_ver1,1,1,1,6.528545,,6.528545
27,14,gsm8k_orgn_vs_gsm8k_ver1,1,1,1,5.293553,,5.293553
27,14,gsm8k_ver1_vs_gpqa_orgn,1,1,1,6.500375,,6.500375
27,14,gsm8k_ver1_vs_gpqa_ver1,1,1,1,6.521073,,6.521073
27,15,gpqa_orgn_vs_gpqa_ver1,1,1,1,4.150097,,4.150097
27,15,gsm8k_orgn_vs_gpqa_orgn,1,1,1,3.963928,,3.963928
27,15,gsm8k_orgn_vs_gpqa_ver1,1,1,1,3.565792,,3.565792
27,15,gsm8k_orgn_vs_gsm8k_ver1,1,1,1,3.145147,,3.145147
27,15,gsm8k_ver1_vs_gpqa_orgn,1,1,1,3.929865,,3.929865
27,15,gsm8k_ver1_vs_gpqa_ver1,1,1,1,3.518597,,3.518597
27,16,gpqa_orgn_vs_gpqa_ver1,1,1,1,4.283257,,4.283257
27,16,gsm8k_orgn_vs_gpqa_orgn,1,1,1,4.204083,,4.204083
27,16,gsm8k_orgn_vs_gpqa_ver1,1,1,1,4.328534,,4.328534
27,16,gsm8k_orgn_vs_gsm8k_ver1,1,1,1,4.017246,,4.017246
27,16,gsm8k_ver1_vs_gpqa_orgn,1,1,1,4.135561,,4.135561
27,16,gsm8k_ver1_vs_gpqa_ver1,1,1,1,4.246839,,4.246839
27,17,gpqa_orgn_vs_gpqa_ver1,1,1,1,7.650641,,7.650641
27,17,gsm8k_orgn_vs_gpqa_orgn,1,1,1,6.99215,,6.99215
27,17,gsm8k_orgn_vs_gpqa_ver1,1,1,1,6.918678,,6.918678
27,17,gsm8k_orgn_vs_gsm8k_ver1,1,1,1,6.26597,,6.26597
27,17,gsm8k_ver1_vs_gpqa_orgn,1,1,1,7.326728,,7.326728
27,17,gsm8k_ver1_vs_gpqa_ver1,1,1,1,7.239221,,7.239221
27,18,gpqa_orgn_vs_gpqa_ver1,1,1,1,5.142736,,5.142736
27,18,gsm8k_orgn_vs_gpqa_orgn,1,1,1,4.676552,,4.676552
27,18,gsm8k_orgn_vs_gpqa_ver1,1,1,1,4.494317,,4.494317
27,18,gsm8k_orgn_vs_gsm8k_ver1,1,1,1,3.543232,,3.543232
27,18,gsm8k_ver1_vs_gpqa_orgn,1,1,1,4.691766,,4.691766
27,18,gsm8k_ver1_vs_gpqa_ver1,1,1,1,4.491567,,4.491567
27,19,gpqa_orgn_vs_gpqa_ver1,1,1,1,4.282595,,4.282595
27,19,gsm8k_orgn_vs_gpqa_orgn,1,1,1,4.29443,,4.29443
27,19,gsm8k_orgn_vs_gpqa_ver1,1,1,1,4.208944,,4.208944
27,19,gsm8k_orgn_vs_gsm8k_ver1,1,1,1,3.901624,,3.901624
27,19,gsm8k_ver1_vs_gpqa_orgn,1,1,1,4.179397,,4.179397
27,19,gsm8k_ver1_vs_gpqa_ver1,1,1,1,4.082162,,4.082162
27,20,gpqa_orgn_vs_gpqa_ver1,1,1,1,3.548937,,3.548937
27,20,gsm8k_orgn_vs_gpqa_orgn,1,1,1,4.08179,,4.08179
27,20,gsm8k_orgn_vs_gpqa_ver1,1,1,1,3.939689,,3.939689
27,20,gsm8k_orgn_vs_gsm8k_ver1,1,1,1,3.807844,,3.807844
27,20,gsm8k_ver1_vs_gpqa_orgn,1,1,1,3.706614,,3.706614
27,20,gsm8k_ver1_vs_gpqa_ver1,1,1,1,3.54531,,3.54531
27,21,gpqa_orgn_vs_gpqa_ver1,1,1,1,3.049451,,3.049451
27,21,gsm8k_orgn_vs_gpqa_orgn,1,1,1,3.775537,,3.775537
27,21,gsm8k_orgn_vs_gpqa_ver1,1,1,1,3.66607,,3.66607
27,21,gsm8k_orgn_vs_gsm8k_ver1,1,1,1,3.605847,,3.605847
27,21,gsm8k_ver1_vs_gpqa_orgn,1,1,1,3.335553,,3.335553
27,21,gsm8k_ver1_vs_gpqa_ver1,1,1,1,3.199281,,3.199281
27,22,gpqa_orgn_vs_gpqa_ver1,1,1,1,2.943813,,2.943813
27,22,gsm8k_orgn_vs_gpqa_orgn,1,1,1,3.270325,,3.270325
27,22,gsm8k_orgn_vs_gpqa_ver1,1,1,1,2.983295,,2.983295
27,22,gsm8k_orgn_vs_gsm8k_ver1,1,1,1,2.854892,,2.854892
27,22,gsm8k_ver1_vs_gpqa_orgn,1,1,1,3.13597,,3.13597
27,22,gsm8k_ver1_vs_gpqa_ver1,1,1,1,2.83952,,2.83952
27,23,gpqa_orgn_vs_gpqa_ver1,1,1,1,2.468055,,2.468055
27,23,gsm8k_orgn_vs_gpqa_orgn,1,1,1,2.567551,,2.567551
27,23,gsm8k_orgn_vs_gpqa_ver1,1,1,1,2.499747,,2.499747
27,23,gsm8k_orgn_vs_gsm8k_ver1,1,1,1,2.219875,,2.219875
27,23,gsm8k_ver1_vs_gpqa_orgn,1,1,1,2.409211,,2.409211
27,23,gsm8k_ver1_vs_gpqa_ver1,1,1,1,2.331569,,2.331569
27,24,gpqa_orgn_vs_gpqa_ver1,1,1,1,3.249104,,3.249104
27,24,gsm8k_orgn_vs_gpqa_orgn,1,1,1,2.958948,,2.958948
27,24,gsm8k_orgn_vs_gpqa_ver1,1,1,1,3.043451,,3.043451
27,24,gsm8k_orgn_vs_gsm8k_ver1,1,1,1,2.571438,,2.571438
27,24,gsm8k_ver1_vs_gpqa_orgn,1,1,1,3.008645,,3.008645
27,24,gsm8k_ver1_vs_gpqa_ver1,1,1,1,3.090023,,3.090023
27,25,gpqa_orgn_vs_gpqa_ver1,1,1,1,3.678655,,3.678655
27,25,gsm8k_orgn_vs_gpqa_orgn,1,1,1,3.625839,,3.625839
27,25,gsm8k_orgn_vs_gpqa_ver1,1,1,1,3.57592,,3.57592
27,25,gsm8k_orgn_vs_gsm8k_ver1,1,1,1,3.14303,,3.14303
27,25,gsm8k_ver1_vs_gpqa_orgn,1,1,1,3.395459,,3.395459
27,25,gsm8k_ver1_vs_gpqa_ver1,1,1,1,3.3376,,3.3376
27,26,gpqa_orgn_vs_gpqa_ver1,1,1,1,2.953233,,2.953233
27,26,gsm8k_orgn_vs_gpqa_orgn,1,1,1,3.812532,,3.812532
27,26,gsm8k_orgn_vs_gpqa_ver1,1,1,1,3.755935,,3.755935
27,26,gsm8k_orgn_vs_gsm8k_ver1,1,1,1,4.011981,,4.011981
27,26,gsm8k_ver1_vs_gpqa_orgn,1,1,1,3.384379,,3.384379
27,26,gsm8k_ver1_vs_gpqa_ver1,1,1,1,3.316525,,3.316525
27,27,gpqa_orgn_vs_gpqa_ver1,1,1,1,3.433185,,3.433185
27,27,gsm8k_orgn_vs_gpqa_orgn,1,1,1,3.92954,,3.92954
27,27,gsm8k_orgn_vs_gpqa_ver1,1,1,1,3.755839,,3.755839
27,27,gsm8k_orgn_vs_gsm8k_ver1,1,1,1,3.966303,,3.966303
27,27,gsm8k_ver1_vs_gpqa_orgn,1,1,1,3.863392,,3.863392
27,27,gsm8k_ver1_vs_gpqa_ver1,1,1,1,3.673765,,3.673765
27,28,gpqa_orgn_vs_gpqa_ver1,1,1,1,4.446419,,4.446419
27,28,gsm8k_orgn_vs_gpqa_orgn,1,1,1,5.901143,,5.901143
27,28,gsm8k_orgn_vs_gpqa_ver1,1,1,1,6.073964,,6.073964
27,28,gsm8k_orgn_vs_gsm8k_ver1,1,1,1,6.527467,,6.527467
27,28,gsm8k_ver1_vs_gpqa_orgn,1,1,1,5.831793,,5.831793
27,28,gsm8k_ver1_vs_gpqa_ver1,1,1,1,5.989261,,5.989261
27,29,gpqa_orgn_vs_gpqa_ver1,1,1,1,4.034246,,4.034246
27,29,gsm8k_orgn_vs_gpqa_orgn,1,1,1,4.452951,,4.452951
27,29,gsm8k_orgn_vs_gpqa_ver1,1,1,1,4.341627,,4.341627
27,29,gsm8k_orgn_vs_gsm8k_ver1,1,1,1,4.126347,,4.126347
27,29,gsm8k_ver1_vs_gpqa_orgn,1,1,1,3.973388,,3.973388
27,29,gsm8k_ver1_vs_gpqa_ver1,1,1,1,3.850954,,3.850954
27,30,gpqa_orgn_vs_gpqa_ver1,1,1,1,4.657517,,4.657517
27,30,gsm8k_orgn_vs_gpqa_orgn,1,1,1,4.991973,,4.991973
27,30,gsm8k_orgn_vs_gpqa_ver1,1,1,1,4.744995,,4.744995
27,30,gsm8k_orgn_vs_gsm8k_ver1,1,1,1,4.628684,,4.628684
27,30,gsm8k_ver1_vs_gpqa_orgn,1,1,1,4.800391,,4.800391
27,30,gsm8k_ver1_vs_gpqa_ver1,1,1,1,4.530276,,4.530276
27,31,gpqa_orgn_vs_gpqa_ver1,1,1,1,6.356572,,6.356572
27,31,gsm8k_orgn_vs_gpqa_orgn,1,1,1,6.469531,,6.469531
27,31,gsm8k_orgn_vs_gpqa_ver1,1,1,1,6.772126,,6.772126
27,31,gsm8k_orgn_vs_gsm8k_ver1,1,1,1,6.506236,,6.506236
27,31,gsm8k_ver1_vs_gpqa_orgn,1,1,1,6.471772,,6.471772
27,31,gsm8k_ver1_vs_gpqa_ver1,1,1,1,6.751597,,6.751597
27,32,gpqa_orgn_vs_gpqa_ver1,1,1,1,3.995114,,3.995114
27,32,gsm8k_orgn_vs_gpqa_orgn,1,1,1,4.017881,,4.017881
27,32,gsm8k_orgn_vs_gpqa_ver1,1,1,1,4.238998,,4.238998
27,32,gsm8k_orgn_vs_gsm8k_ver1,1,1,1,3.758027,,3.758027
27,32,gsm8k_ver1_vs_gpqa_orgn,1,1,1,3.869236,,3.869236
27,32,gsm8k_ver1_vs_gpqa_ver1,1,1,1,4.06987,,4.06987
27,33,gpqa_orgn_vs_gpqa_ver1,1,1,1,5.435964,,5.435964
27,33,gsm8k_orgn_vs_gpqa_orgn,1,1,1,5.253252,,5.253252
27,33,gsm8k_orgn_vs_gpqa_ver1,1,1,1,5.42227,,5.42227
27,33,gsm8k_orgn_vs_gsm8k_ver1,1,1,1,4.910249,,4.910249
27,33,gsm8k_ver1_vs_gpqa_orgn,1,1,1,5.221803,,5.221803
27,33,gsm8k_ver1_vs_gpqa_ver1,1,1,1,5.369222,,5.369222
27,34,gpqa_orgn_vs_gpqa_ver1,1,1,1,5.149924,,5.149924
27,34,gsm8k_orgn_vs_gpqa_orgn,1,1,1,4.257918,,4.257918
27,34,gsm8k_orgn_vs_gpqa_ver1,1,1,1,4.688524,,4.688524
27,34,gsm8k_orgn_vs_gsm8k_ver1,1,1,1,3.72191,,3.72191
27,34,gsm8k_ver1_vs_gpqa_orgn,1,1,1,4.43665,,4.43665
27,34,gsm8k_ver1_vs_gpqa_ver1,1,1,1,4.844486,,4.844486
27,35,gpqa_orgn_vs_gpqa_ver1,1,1,1,14.901163,,14.901163
27,35,gsm8k_orgn_vs_gpqa_orgn,1,1,1,13.903312,,13.903312
27,35,gsm8k_orgn_vs_gpqa_ver1,1,1,1,14.053439,,14.053439
27,35,gsm8k_orgn_vs_gsm8k_ver1,1,1,1,12.964895,,12.964895
27,35,gsm8k_ver1_vs_gpqa_orgn,1,1,1,14.163101,,14.163101
27,35,gsm8k_ver1_vs_gpqa_ver1,1,1,1,14.257027,,14.257027
27,36,gpqa_orgn_vs_gpqa_ver1,1,1,1,8.824141,,8.824141
27,36,gsm8k_orgn_vs_gpqa_orgn,1,1,1,8.083196,,8.083196
27,36,gsm8k_orgn_vs_gpqa_ver1,1,1,1,8.14849,,8.14849
27,36,gsm8k_orgn_vs_gsm8k_ver1,1,1,1,6.857037,,6.857037
27,36,gsm8k_ver1_vs_gpqa_orgn,1,1,1,7.980681,,7.980681
27,36,gsm8k_ver1_vs_gpqa_ver1,1,1,1,8.003623,,8.003623
27,37,gpqa_orgn_vs_gpqa_ver1,1,1,1,7.724268,,7.724268
27,37,gsm8k_orgn_vs_gpqa_orgn,1,1,1,6.959376,,6.959376
27,37,gsm8k_orgn_vs_gpqa_ver1,1,1,1,7.11962,,7.11962
27,37,gsm8k_orgn_vs_gsm8k_ver1,1,1,1,6.157302,,6.157302
27,37,gsm8k_ver1_vs_gpqa_orgn,1,1,1,7.172509,,7.172509
27,37,gsm8k_ver1_vs_gpqa_ver1,1,1,1,7.265665,,7.265665
27,38,gpqa_orgn_vs_gpqa_ver1,1,1,1,13.766138,,13.766138
27,38,gsm8k_orgn_vs_gpqa_orgn,1,1,1,12.877304,,12.877304
27,38,gsm8k_orgn_vs_gpqa_ver1,1,1,1,13.244256,,13.244256
27,38,gsm8k_orgn_vs_gsm8k_ver1,1,1,1,12.300644,,12.300644
27,38,gsm8k_ver1_vs_gpqa_orgn,1,1,1,13.318503,,13.318503
27,38,gsm8k_ver1_vs_gpqa_ver1,1,1,1,13.596233,,13.596233
27,39,gpqa_orgn_vs_gpqa_ver1,1,1,1,8.362328,,8.362328
27,39,gsm8k_orgn_vs_gpqa_orgn,1,1,1,7.461731,,7.461731
27,39,gsm8k_orgn_vs_gpqa_ver1,1,1,1,7.702603,,7.702603
27,39,gsm8k_orgn_vs_gsm8k_ver1,1,1,1,6.593228,,6.593228
27,39,gsm8k_ver1_vs_gpqa_orgn,1,1,1,7.778597,,7.778597
27,39,gsm8k_ver1_vs_gpqa_ver1,1,1,1,7.935906,,7.935906
28,0,gpqa_orgn_vs_gpqa_ver1,1,1,1,4.490745,,4.490745
28,0,gsm8k_orgn_vs_gpqa_orgn,1,1,1,5.212622,,5.212622
28,0,gsm8k_orgn_vs_gpqa_ver1,1,1,1,5.118513,,5.118513
28,0,gsm8k_orgn_vs_gsm8k_ver1,1,1,1,5.345871,,5.345871
28,0,gsm8k_ver1_vs_gpqa_orgn,1,1,1,4.901292,,4.901292
28,0,gsm8k_ver1_vs_gpqa_ver1,1,1,1,4.800067,,4.800067
28,1,gpqa_orgn_vs_gpqa_ver1,1,1,1,4.629018,,4.629018
28,1,gsm8k_orgn_vs_gpqa_orgn,1,1,1,4.435653,,4.435653
28,1,gsm8k_orgn_vs_gpqa_ver1,1,1,1,4.633903,,4.633903
28,1,gsm8k_orgn_vs_gsm8k_ver1,1,1,1,4.080018,,4.080018
28,1,gsm8k_ver1_vs_gpqa_orgn,1,1,1,4.324593,,4.324593
28,1,gsm8k_ver1_vs_gpqa_ver1,1,1,1,4.522234,,4.522234
28,2,gpqa_orgn_vs_gpqa_ver1,1,1,1,3.60504,,3.60504
28,2,gsm8k_orgn_vs_gpqa_orgn,1,1,1,3.690781,,3.690781
28,2,gsm8k_orgn_vs_gpqa_ver1,1,1,1,3.999722,,3.999722
28,2,gsm8k_orgn_vs_gsm8k_ver1,1,1,1,3.54892,,3.54892
28,2,gsm8k_ver1_vs_gpqa_orgn,1,1,1,3.254871,,3.254871
28,2,gsm8k_ver1_vs_gpqa_ver1,1,1,1,3.570796,,3.570796
28,3,gpqa_orgn_vs_gpqa_ver1,1,1,1,1.671668,,1.671668
28,3,gsm8k_orgn_vs_gpqa_orgn,1,1,1,2.245416,,2.245416
28,3,gsm8k_orgn_vs_gpqa_ver1,1,1,1,2.357484,,2.357484
28,3,gsm8k_orgn_vs_gsm8k_ver1,1,1,1,2.527292,,2.527292
28,3,gsm8k_ver1_vs_gpqa_orgn,1,1,1,1.999375,,1.999375
28,3,gsm8k_ver1_vs_gpqa_ver1,1,1,1,2.116191,,2.116191
28,4,gpqa_orgn_vs_gpqa_ver1,1,1,1,4.712121,,4.712121
28,4,gsm8k_orgn_vs_gpqa_orgn,1,1,1,4.297919,,4.297919
28,4,gsm8k_orgn_vs_gpqa_ver1,1,1,1,4.751164,,4.751164
28,4,gsm8k_orgn_vs_gsm8k_ver1,1,1,1,3.654954,,3.654954
28,4,gsm8k_ver1_vs_gpqa_orgn,1,1,1,3.769656,,3.769656
28,4,gsm8k_ver1_vs_gpqa_ver1,1,1,1,4.239794,,4.239794
28,5,gpqa_orgn_vs_gpqa_ver1,1,1,1,6.163786,,6.163786
28,5,gsm8k_orgn_vs_gpqa_orgn,1,1,1,6.078086,,6.078086
28,5,gsm8k_orgn_vs_gpqa_ver1,1,1,1,5.568958,,5.568958
28,5,gsm8k_orgn_vs_gsm8k_ver1,1,1,1,5.007047,,5.007047
28,5,gsm8k_ver1_vs_gpqa_orgn,1,1,1,5.986096,,5.986096
28,5,gsm8k_ver1_vs_gpqa_ver1,1,1,1,5.469132,,5.469132
28,6,gpqa_orgn_vs_gpqa_ver1,1,1,1,4.925128,,4.925128
28,6,gsm8k_orgn_vs_gpqa_orgn,1,1,1,6.98977,,6.98977
28,6,gsm8k_orgn_vs_gpqa_ver1,1,1,1,6.654492,,6.654492
28,6,gsm8k_orgn_vs_gsm8k_ver1,1,1,1,8.058459,,8.058459
28,6,gsm8k_ver1_vs_gpqa_orgn,1,1,1,7.000061,,7.000061
28,6,gsm8k_ver1_vs_gpqa_ver1,1,1,1,6.659678,,6.659678
28,7,gpqa_orgn_vs_gpqa_ver1,1,1,1,5.814525,,5.814525
28,7,gsm8k_orgn_vs_gpqa_orgn,1,1,1,4.645163,,4.645163
28,7,gsm8k_orgn_vs_gpqa_ver1,1,1,1,4.372811,,4.372811
28,7,gsm8k_orgn_vs_gsm8k_ver1,1,1,1,2.452983,,2.452983
28,7,gsm8k_ver1_vs_gpqa_orgn,1,1,1,4.534246,,4.534246
28,7,gsm8k_ver1_vs_gpqa_ver1,1,1,1,4.259328,,4.259328
28,8,gpqa_orgn_vs_gpqa_ver1,1,1,1,6.042885,,6.042885
28,8,gsm8k_orgn_vs_gpqa_orgn,1,1,1,4.784745,,4.784745
28,8,gsm8k_orgn_vs_gpqa_ver1,1,1,1,4.826721,,4.826721
28,8,gsm8k_orgn_vs_gsm8k_ver1,1,1,1,2.918066,,2.918066
28,8,gsm8k_ver1_vs_gpqa_orgn,1,1,1,4.62329,,4.62329
28,8,gsm8k_ver1_vs_gpqa_ver1,1,1,1,4.662524,,4.662524
28,9,gpqa_orgn_vs_gpqa_ver1,1,1,1,7.22578,,7.22578
28,9,gsm8k_orgn_vs_gpqa_orgn,1,1,1,6.998431,,6.998431
28,9,gsm8k_orgn_vs_gpqa_ver1,1,1,1,6.983738,,6.983738
28,9,gsm8k_orgn_vs_gsm8k_ver1,1,1,1,6.32829,,6.32829
28,9,gsm8k_ver1_vs_gpqa_orgn,1,1,1,7.139042,,7.139042
28,9,gsm8k_ver1_vs_gpqa_ver1,1,1,1,7.123883,,7.123883
28,10,gpqa_orgn_vs_gpqa_ver1,1,1,1,4.857895,,4.857895
28,10,gsm8k_orgn_vs_gpqa_orgn,1,1,1,4.424406,,4.424406
28,10,gsm8k_orgn_vs_gpqa_ver1,1,1,1,4.522833,,4.522833
28,10,gsm8k_orgn_vs_gsm8k_ver1,1,1,1,3.812275,,3.812275
28,10,gsm8k_ver1_vs_gpqa_orgn,1,1,1,4.291752,,4.291752
28,10,gsm8k_ver1_vs_gpqa_ver1,1,1,1,4.379585,,4.379585
28,11,gpqa_orgn_vs_gpqa_ver1,1,1,1,5.568768,,5.568768
28,11,gsm8k_orgn_vs_gpqa_orgn,1,1,1,4.337927,,4.337927
28,11,gsm8k_orgn_vs_gpqa_ver1,1,1,1,4.587256,,4.587256
28,11,gsm8k_orgn_vs_gsm8k_ver1,1,1,1,3.18955,,3.18955
28,11,gsm8k_ver1_vs_gpqa_orgn,1,1,1,4.335677,,4.335677
28,11,gsm8k_ver1_vs_gpqa_ver1,1,1,1,4.580047,,4.580047
28,12,gpqa_orgn_vs_gpqa_ver1,1,1,1,5.463774,,5.463774
28,12,gsm8k_orgn_vs_gpqa_orgn,1,1,1,5.133824,,5.133824
28,12,gsm8k_orgn_vs_gpqa_ver1,1,1,1,5.631106,,5.631106
28,12,gsm8k_orgn_vs_gsm8k_ver1,1,1,1,5.605781,,5.605781
28,12,gsm8k_ver1_vs_gpqa_orgn,1,1,1,5.489948,,5.489948
28,12,gsm8k_ver1_vs_gpqa_ver1,1,1,1,5.956786,,5.956786
28,13,gpqa_orgn_vs_gpqa_ver1,1,1,1,4.680776,,4.680776
28,13,gsm8k_orgn_vs_gpqa_orgn,1,1,1,4.097414,,4.097414
28,13,gsm8k_orgn_vs_gpqa_ver1,1,1,1,4.172803,,4.172803
28,13,gsm8k_orgn_vs_gsm8k_ver1,1,1,1,3.123341,,3.123341
28,13,gsm8k_ver1_vs_gpqa_orgn,1,1,1,3.753585,,3.753585
28,13,gsm8k_ver1_vs_gpqa_ver1,1,1,1,3.825026,,3.825026
28,14,gpqa_orgn_vs_gpqa_ver1,1,1,1,3.487063,,3.487063
28,14,gsm8k_orgn_vs_gpqa_orgn,1,1,1,4.370563,,4.370563
28,14,gsm8k_orgn_vs_gpqa_ver1,1,1,1,4.447185,,4.447185
28,14,gsm8k_orgn_vs_gsm8k_ver1,1,1,1,5.255863,,5.255863
28,14,gsm8k_ver1_vs_gpqa_orgn,1,1,1,4.492795,,4.492795
28,14,gsm8k_ver1_vs_gpqa_ver1,1,1,1,4.556361,,4.556361
28,15,gpqa_orgn_vs_gpqa_ver1,1,1,1,2.749186,,2.749186
28,15,gsm8k_orgn_vs_gpqa_orgn,1,1,1,2.12368,,2.12368
28,15,gsm8k_orgn_vs_gpqa_ver1,1,1,1,2.410292,,2.410292
28,15,gsm8k_orgn_vs_gsm8k_ver1,1,1,1,1.96037,,1.96037
28,15,gsm8k_ver1_vs_gpqa_orgn,1,1,1,2.38486,,2.38486
28,15,gsm8k_ver1_vs_gpqa_ver1,1,1,1,2.616976,,2.616976
28,16,gpqa_orgn_vs_gpqa_ver1,1,1,1,4.515307,,4.515307
28,16,gsm8k_orgn_vs_gpqa_orgn,1,1,1,3.107368,,3.107368
28,16,gsm8k_orgn_vs_gpqa_ver1,1,1,1,3.456881,,3.456881
28,16,gsm8k_orgn_vs_gsm8k_ver1,1,1,1,2.032265,,2.032265
28,16,gsm8k_ver1_vs_gpqa_orgn,1,1,1,3.320974,,3.320974
28,16,gsm8k_ver1_vs_gpqa_ver1,1,1,1,3.633424,,3.633424
28,17,gpqa_orgn_vs_gpqa_ver1,1,1,1,5.47768,,5.47768
28,17,gsm8k_orgn_vs_gpqa_orgn,1,1,1,4.004225,,4.004225
28,17,gsm8k_orgn_vs_gpqa_ver1,1,1,1,4.219386,,4.219386
28,17,gsm8k_orgn_vs_gsm8k_ver1,1,1,1,2.626544,,2.626544
28,17,gsm8k_ver1_vs_gpqa_orgn,1,1,1,4.153538,,4.153538
28,17,gsm8k_ver1_vs_gpqa_ver1,1,1,1,4.337022,,4.337022
28,18,gpqa_orgn_vs_gpqa_ver1,1,1,1,2.033335,,2.033335
28,18,gsm8k_orgn_vs_gpqa_orgn,1,1,1,1.540994,,1.540994
28,18,gsm8k_orgn_vs_gpqa_ver1,1,1,1,1.625276,,1.625276
28,18,gsm8k_orgn_vs_gsm8k_ver1,1,1,1,0.991634,,0.991634
28,18,gsm8k_ver1_vs_gpqa_orgn,1,1,1,1.508203,,1.508203
28,18,gsm8k_ver1_vs_gpqa_ver1,1,1,1,1.573662,,1.573662
28,19,gpqa_orgn_vs_gpqa_ver1,1,1,1,2.836238,,2.836238
28,19,gsm8k_orgn_vs_gpqa_orgn,1,1,1,2.514845,,2.514845
28,19,gsm8k_orgn_vs_gpqa_ver1,1,1,1,2.672216,,2.672216
28,19,gsm8k_orgn_vs_gsm8k_ver1,1,1,1,2.273321,,2.273321
28,19,gsm8k_ver1_vs_gpqa_orgn,1,1,1,2.664642,,2.664642
28,19,gsm8k_ver1_vs_gpqa_ver1,1,1,1,2.696431,,2.696431
28,20,gpqa_orgn_vs_gpqa_ver1,1,1,1,7.672284,,7.672284
28,20,gsm8k_orgn_vs_gpqa_orgn,1,1,1,7.446177,,7.446177
28,20,gsm8k_orgn_vs_gpqa_ver1,1,1,1,7.384576,,7.384576
28,20,gsm8k_orgn_vs_gsm8k_ver1,1,1,1,6.588569,,6.588569
28,20,gsm8k_ver1_vs_gpqa_orgn,1,1,1,7.12258,,7.12258
28,20,gsm8k_ver1_vs_gpqa_ver1,1,1,1,7.032912,,7.032912
28,21,gpqa_orgn_vs_gpqa_ver1,1,1,1,8.21087,,8.21087
28,21,gsm8k_orgn_vs_gpqa_orgn,1,1,1,5.908277,,5.908277
28,21,gsm8k_orgn_vs_gpqa_ver1,1,1,1,6.906833,,6.906833
28,21,gsm8k_orgn_vs_gsm8k_ver1,1,1,1,4.209679,,4.209679
28,21,gsm8k_ver1_vs_gpqa_orgn,1,1,1,5.883603,,5.883603
28,21,gsm8k_ver1_vs_gpqa_ver1,1,1,1,6.873435,,6.873435
28,22,gpqa_orgn_vs_gpqa_ver1,1,1,1,4.93938,,4.93938
28,22,gsm8k_orgn_vs_gpqa_orgn,1,1,1,4.243789,,4.243789
28,22,gsm8k_orgn_vs_gpqa_ver1,1,1,1,4.586558,,4.586558
28,22,gsm8k_orgn_vs_gsm8k_ver1,1,1,1,3.388165,,3.388165
28,22,gsm8k_ver1_vs_gpqa_orgn,1,1,1,3.950812,,3.950812
28,22,gsm8k_ver1_vs_gpqa_ver1,1,1,1,4.286832,,4.286832
28,23,gpqa_orgn_vs_gpqa_ver1,1,1,1,8.004133,,8.004133
28,23,gsm8k_orgn_vs_gpqa_orgn,1,1,1,6.866841,,6.866841
28,23,gsm8k_orgn_vs_gpqa_ver1,1,1,1,7.211645,,7.211645
28,23,gsm8k_orgn_vs_gsm8k_ver1,1,1,1,5.623026,,5.623026
28,23,gsm8k_ver1_vs_gpqa_orgn,1,1,1,6.892039,,6.892039
28,23,gsm8k_ver1_vs_gpqa_ver1,1,1,1,7.212191,,7.212191
28,24,gpqa_orgn_vs_gpqa_ver1,1,1,1,6.053749,,6.053749
28,24,gsm8k_orgn_vs_gpqa_orgn,1,1,1,5.326269,,5.326269
28,24,gsm8k_orgn_vs_gpqa_ver1,1,1,1,5.396032,,5.396032
28,24,gsm8k_orgn_vs_gsm8k_ver1,1,1,1,4.465606,,4.465606
28,24,gsm8k_ver1_vs_gpqa_orgn,1,1,1,5.357896,,5.357896
28,24,gsm8k_ver1_vs_gpqa_ver1,1,1,1,5.412925,,5.412925
28,25,gpqa_orgn_vs_gpqa_ver1,1,1,1,7.420872,,7.420872
28,25,gsm8k_orgn_vs_gpqa_orgn,1,1,1,6.736606,,6.736606
28,25,gsm8k_orgn_vs_gpqa_ver1,1,1,1,6.819663,,6.819663
28,25,gsm8k_orgn_vs_gsm8k_ver1,1,1,1,5.367025,,5.367025
28,25,gsm8k_ver1_vs_gpqa_orgn,1,1,1,6.461502,,6.461502
28,25,gsm8k_ver1_vs_gpqa_ver1,1,1,1,6.539644,,6.539644
28,26,gpqa_orgn_vs_gpqa_ver1,1,1,1,4.63928,,4.63928
28,26,gsm8k_orgn_vs_gpqa_orgn,1,1,1,4.968442,,4.968442
28,26,gsm8k_orgn_vs_gpqa_ver1,1,1,1,5.055913,,5.055913
28,26,gsm8k_orgn_vs_gsm8k_ver1,1,1,1,4.892928,,4.892928
28,26,gsm8k_ver1_vs_gpqa_orgn,1,1,1,4.79968,,4.79968
28,26,gsm8k_ver1_vs_gpqa_ver1,1,1,1,4.885596,,4.885596
28,27,gpqa_orgn_vs_gpqa_ver1,1,1,1,3.870467,,3.870467
28,27,gsm8k_orgn_vs_gpqa_orgn,1,1,1,3.771465,,3.771465
28,27,gsm8k_orgn_vs_gpqa_ver1,1,1,1,3.63095,,3.63095
28,27,gsm8k_orgn_vs_gsm8k_ver1,1,1,1,3.134349,,3.134349
28,27,gsm8k_ver1_vs_gpqa_orgn,1,1,1,3.583228,,3.583228
28,27,gsm8k_ver1_vs_gpqa_ver1,1,1,1,3.437501,,3.437501
28,28,gpqa_orgn_vs_gpqa_ver1,1,1,1,6.757633,,6.757633
28,28,gsm8k_orgn_vs_gpqa_orgn,1,1,1,6.414463,,6.414463
28,28,gsm8k_orgn_vs_gpqa_ver1,1,1,1,6.631039,,6.631039
28,28,gsm8k_orgn_vs_gsm8k_ver1,1,1,1,6.277482,,6.277482
28,28,gsm8k_ver1_vs_gpqa_orgn,1,1,1,6.748755,,6.748755
28,28,gsm8k_ver1_vs_gpqa_ver1,1,1,1,6.94779,,6.94779
28,29,gpqa_orgn_vs_gpqa_ver1,1,1,1,7.968673,,7.968673
28,29,gsm8k_orgn_vs_gpqa_orgn,1,1,1,8.116685,,8.116685
28,29,gsm8k_orgn_vs_gpqa_ver1,1,1,1,8.124248,,8.124248
28,29,gsm8k_orgn_vs_gsm8k_ver1,1,1,1,7.412962,,7.412962
28,29,gsm8k_ver1_vs_gpqa_orgn,1,1,1,7.900561,,7.900561
28,29,gsm8k_ver1_vs_gpqa_ver1,1,1,1,7.902716,,7.902716
28,30,gpqa_orgn_vs_gpqa_ver1,1,1,1,3.305683,,3.305683
28,30,gsm8k_orgn_vs_gpqa_orgn,1,1,1,2.107746,,2.107746
28,30,gsm8k_orgn_vs_gpqa_ver1,1,1,1,2.929418,,2.929418
28,30,gsm8k_orgn_vs_gsm8k_ver1,1,1,1,1.830366,,1.830366
28,30,gsm8k_ver1_vs_gpqa_orgn,1,1,1,2.258443,,2.258443
28,30,gsm8k_ver1_vs_gpqa_ver1,1,1,1,3.066293,,3.066293
28,31,gpqa_orgn_vs_gpqa_ver1,1,1,1,4.072448,,4.072448
28,31,gsm8k_orgn_vs_gpqa_orgn,1,1,1,2.884517,,2.884517
28,31,gsm8k_orgn_vs_gpqa_ver1,1,1,1,3.30788,,3.30788
28,31,gsm8k_orgn_vs_gsm8k_ver1,1,1,1,2.018197,,2.018197
28,31,gsm8k_ver1_vs_gpqa_orgn,1,1,1,2.926664,,2.926664
28,31,gsm8k_ver1_vs_gpqa_ver1,1,1,1,3.344461,,3.344461
28,32,gpqa_orgn_vs_gpqa_ver1,1,1,1,8.41867,,8.41867
28,32,gsm8k_orgn_vs_gpqa_orgn,1,1,1,5.330398,,5.330398
28,32,gsm8k_orgn_vs_gpqa_ver1,1,1,1,6.250683,,6.250683
28,32,gsm8k_orgn_vs_gsm8k_ver1,1,1,1,3.061425,,3.061425
28,32,gsm8k_ver1_vs_gpqa_orgn,1,1,1,5.693955,,5.693955
28,32,gsm8k_ver1_vs_gpqa_ver1,1,1,1,6.588739,,6.588739
28,33,gpqa_orgn_vs_gpqa_ver1,1,1,1,7.717096,,7.717096
28,33,gsm8k_orgn_vs_gpqa_orgn,1,1,1,5.132374,,5.132374
28,33,gsm8k_orgn_vs_gpqa_ver1,1,1,1,5.782555,,5.782555
28,33,gsm8k_orgn_vs_gsm8k_ver1,1,1,1,2.762647,,2.762647
28,33,gsm8k_ver1_vs_gpqa_orgn,1,1,1,5.245564,,5.245564
28,33,gsm8k_ver1_vs_gpqa_ver1,1,1,1,5.882846,,5.882846
28,34,gpqa_orgn_vs_gpqa_ver1,1,1,1,0.119486,,0.119486
28,34,gsm8k_orgn_vs_gpqa_orgn,1,1,1,0.068415,,0.068415
28,34,gsm8k_orgn_vs_gpqa_ver1,1,1,1,0.090645,,0.090645
28,34,gsm8k_orgn_vs_gsm8k_ver1,1,1,1,0.030585,,0.030585
28,34,gsm8k_ver1_vs_gpqa_orgn,1,1,1,0.063831,,0.063831
28,34,gsm8k_ver1_vs_gpqa_ver1,1,1,1,0.086017,,0.086017
28,35,gpqa_orgn_vs_gpqa_ver1,1,1,1,8.33189,,8.33189
28,35,gsm8k_orgn_vs_gpqa_orgn,1,1,1,7.418513,,7.418513
28,35,gsm8k_orgn_vs_gpqa_ver1,1,1,1,7.393765,,7.393765
28,35,gsm8k_orgn_vs_gsm8k_ver1,1,1,1,6.169883,,6.169883
28,35,gsm8k_ver1_vs_gpqa_orgn,1,1,1,7.655466,,7.655466
28,35,gsm8k_ver1_vs_gpqa_ver1,1,1,1,7.617958,,7.617958
28,36,gpqa_orgn_vs_gpqa_ver1,1,1,1,4.390471,,4.390471
28,36,gsm8k_orgn_vs_gpqa_orgn,1,1,1,4.664253,,4.664253
28,36,gsm8k_orgn_vs_gpqa_ver1,1,1,1,4.528914,,4.528914
28,36,gsm8k_orgn_vs_gsm8k_ver1,1,1,1,4.448081,,4.448081
28,36,gsm8k_ver1_vs_gpqa_orgn,1,1,1,4.502416,,4.502416
28,36,gsm8k_ver1_vs_gpqa_ver1,1,1,1,4.363251,,4.363251
28,37,gpqa_orgn_vs_gpqa_ver1,1,1,1,5.810597,,5.810597
28,37,gsm8k_orgn_vs_gpqa_orgn,1,1,1,6.04555,,6.04555
28,37,gsm8k_orgn_vs_gpqa_ver1,1,1,1,6.048094,,6.048094
28,37,gsm8k_orgn_vs_gsm8k_ver1,1,1,1,6.180454,,6.180454
28,37,gsm8k_ver1_vs_gpqa_orgn,1,1,1,6.279781,,6.279781
28,37,gsm8k_ver1_vs_gpqa_ver1,1,1,1,6.272684,,6.272684
28,38,gpqa_orgn_vs_gpqa_ver1,1,1,1,6.038864,,6.038864
28,38,gsm8k_orgn_vs_gpqa_orgn,1,1,1,6.820216,,6.820216
28,38,gsm8k_orgn_vs_gpqa_ver1,1,1,1,6.700643,,6.700643
28,38,gsm8k_orgn_vs_gsm8k_ver1,1,1,1,6.960795,,6.960795
28,38,gsm8k_ver1_vs_gpqa_orgn,1,1,1,6.714987,,6.714987
28,38,gsm8k_ver1_vs_gpqa_ver1,1,1,1,6.583493,,6.583493
28,39,gpqa_orgn_vs_gpqa_ver1,1,1,1,6.285005,,6.285005
28,39,gsm8k_orgn_vs_gpqa_orgn,1,1,1,5.852282,,5.852282
28,39,gsm8k_orgn_vs_gpqa_ver1,1,1,1,5.994,,5.994
28,39,gsm8k_orgn_vs_gsm8k_ver1,1,1,1,4.968314,,4.968314
28,39,gsm8k_ver1_vs_gpqa_orgn,1,1,1,5.780228,,5.780228
28,39,gsm8k_ver1_vs_gpqa_ver1,1,1,1,5.909224,,5.909224
29,0,gpqa_orgn_vs_gpqa_ver1,1,1,1,3.902939,,3.902939
29,0,gsm8k_orgn_vs_gpqa_orgn,1,1,1,4.291204,,4.291204
29,0,gsm8k_orgn_vs_gpqa_ver1,1,1,1,4.513848,,4.513848
29,0,gsm8k_orgn_vs_gsm8k_ver1,1,1,1,4.688995,,4.688995
29,0,gsm8k_ver1_vs_gpqa_orgn,1,1,1,4.218702,,4.218702
29,0,gsm8k_ver1_vs_gpqa_ver1,1,1,1,4.442886,,4.442886
29,1,gpqa_orgn_vs_gpqa_ver1,1,1,1,3.332453,,3.332453
29,1,gsm8k_orgn_vs_gpqa_orgn,1,1,1,3.315527,,3.315527
29,1,gsm8k_orgn_vs_gpqa_ver1,1,1,1,3.228075,,3.228075
29,1,gsm8k_orgn_vs_gsm8k_ver1,1,1,1,3.281047,,3.281047
29,1,gsm8k_ver1_vs_gpqa_orgn,1,1,1,3.492517,,3.492517
29,1,gsm8k_ver1_vs_gpqa_ver1,1,1,1,3.403841,,3.403841
29,2,gpqa_orgn_vs_gpqa_ver1,1,1,1,3.951582,,3.951582
29,2,gsm8k_orgn_vs_gpqa_orgn,1,1,1,4.91386,,4.91386
29,2,gsm8k_orgn_vs_gpqa_ver1,1,1,1,4.881971,,4.881971
29,2,gsm8k_orgn_vs_gsm8k_ver1,1,1,1,5.252994,,5.252994
29,2,gsm8k_ver1_vs_gpqa_orgn,1,1,1,4.516487,,4.516487
29,2,gsm8k_ver1_vs_gpqa_ver1,1,1,1,4.487432,,4.487432
29,3,gpqa_orgn_vs_gpqa_ver1,1,1,1,3.420829,,3.420829
29,3,gsm8k_orgn_vs_gpqa_orgn,1,1,1,2.872059,,2.872059
29,3,gsm8k_orgn_vs_gpqa_ver1,1,1,1,2.847603,,2.847603
29,3,gsm8k_orgn_vs_gsm8k_ver1,1,1,1,2.396854,,2.396854
29,3,gsm8k_ver1_vs_gpqa_orgn,1,1,1,3.04542,,3.04542
29,3,gsm8k_ver1_vs_gpqa_ver1,1,1,1,3.016041,,3.016041
29,4,gpqa_orgn_vs_gpqa_ver1,1,1,1,2.096734,,2.096734
29,4,gsm8k_orgn_vs_gpqa_orgn,1,1,1,2.125477,,2.125477
29,4,gsm8k_orgn_vs_gpqa_ver1,1,1,1,2.284476,,2.284476
29,4,gsm8k_orgn_vs_gsm8k_ver1,1,1,1,2.685591,,2.685591
29,4,gsm8k_ver1_vs_gpqa_orgn,1,1,1,2.604013,,2.604013
29,4,gsm8k_ver1_vs_gpqa_ver1,1,1,1,2.755846,,2.755846
29,5,gpqa_orgn_vs_gpqa_ver1,1,1,1,2.338474,,2.338474
29,5,gsm8k_orgn_vs_gpqa_orgn,1,1,1,3.481845,,3.481845
29,5,gsm8k_orgn_vs_gpqa_ver1,1,1,1,3.231049,,3.231049
29,5,gsm8k_orgn_vs_gsm8k_ver1,1,1,1,3.821284,,3.821284
29,5,gsm8k_ver1_vs_gpqa_orgn,1,1,1,3.056157,,3.056157
29,5,gsm8k_ver1_vs_gpqa_ver1,1,1,1,2.776206,,2.776206
29,6,gpqa_orgn_vs_gpqa_ver1,1,1,1,3.1784,,3.1784
29,6,gsm8k_orgn_vs_gpqa_orgn,1,1,1,2.908063,,2.908063
29,6,gsm8k_orgn_vs_gpqa_ver1,1,1,1,3.401174,,3.401174
29,6,gsm8k_orgn_vs_gsm8k_ver1,1,1,1,3.263837,,3.263837
29,6,gsm8k_ver1_vs_gpqa_orgn,1,1,1,3.11309,,3.11309
29,6,gsm8k_ver1_vs_gpqa_ver1,1,1,1,3.563472,,3.563472
29,7,gpqa_orgn_vs_gpqa_ver1,1,1,1,3.039394,,3.039394
29,7,gsm8k_orgn_vs_gpqa_orgn,1,1,1,4.008849,,4.008849
29,7,gsm8k_orgn_vs_gpqa_ver1,1,1,1,3.355074,,3.355074
29,7,gsm8k_orgn_vs_gsm8k_ver1,1,1,1,3.204501,,3.204501
29,7,gsm8k_ver1_vs_gpqa_orgn,1,1,1,2.942566,,2.942566
29,7,gsm8k_ver1_vs_gpqa_ver1,1,1,1,2.197335,,2.197335
29,8,gpqa_orgn_vs_gpqa_ver1,1,1,1,3.121272,,3.121272
29,8,gsm8k_orgn_vs_gpqa_orgn,1,1,1,4.558169,,4.558169
29,8,gsm8k_orgn_vs_gpqa_ver1,1,1,1,4.645586,,4.645586
29,8,gsm8k_orgn_vs_gsm8k_ver1,1,1,1,5.108478,,5.108478
29,8,gsm8k_ver1_vs_gpqa_orgn,1,1,1,3.780784,,3.780784
29,8,gsm8k_ver1_vs_gpqa_ver1,1,1,1,3.843684,,3.843684
29,9,gpqa_orgn_vs_gpqa_ver1,1,1,1,3.109615,,3.109615
29,9,gsm8k_orgn_vs_gpqa_orgn,1,1,1,2.806346,,2.806346
29,9,gsm8k_orgn_vs_gpqa_ver1,1,1,1,3.060529,,3.060529
29,9,gsm8k_orgn_vs_gsm8k_ver1,1,1,1,3.304939,,3.304939
29,9,gsm8k_ver1_vs_gpqa_orgn,1,1,1,3.402449,,3.402449
29,9,gsm8k_ver1_vs_gpqa_ver1,1,1,1,3.583306,,3.583306
29,10,gpqa_orgn_vs_gpqa_ver1,1,1,1,6.120471,,6.120471
29,10,gsm8k_orgn_vs_gpqa_orgn,1,1,1,5.416132,,5.416132
29,10,gsm8k_orgn_vs_gpqa_ver1,1,1,1,5.183578,,5.183578
29,10,gsm8k_orgn_vs_gsm8k_ver1,1,1,1,4.497348,,4.497348
29,10,gsm8k_ver1_vs_gpqa_orgn,1,1,1,5.574786,,5.574786
29,10,gsm8k_ver1_vs_gpqa_ver1,1,1,1,5.332633,,5.332633
29,11,gpqa_orgn_vs_gpqa_ver1,1,1,1,5.665442,,5.665442
29,11,gsm8k_orgn_vs_gpqa_orgn,1,1,1,5.180539,,5.180539
29,11,gsm8k_orgn_vs_gpqa_ver1,1,1,1,5.441702,,5.441702
29,11,gsm8k_orgn_vs_gsm8k_ver1,1,1,1,4.893174,,4.893174
29,11,gsm8k_ver1_vs_gpqa_orgn,1,1,1,5.220726,,5.220726
29,11,gsm8k_ver1_vs_gpqa_ver1,1,1,1,5.474492,,5.474492
29,12,gpqa_orgn_vs_gpqa_ver1,1,1,1,2.669304,,2.669304
29,12,gsm8k_orgn_vs_gpqa_orgn,1,1,1,2.779323,,2.779323
29,12,gsm8k_orgn_vs_gpqa_ver1,1,1,1,2.921664,,2.921664
29,12,gsm8k_orgn_vs_gsm8k_ver1,1,1,1,3.229467,,3.229467
29,12,gsm8k_ver1_vs_gpqa_orgn,1,1,1,3.036873,,3.036873
29,12,gsm8k_ver1_vs_gpqa_ver1,1,1,1,3.172925,,3.172925
29,13,gpqa_orgn_vs_gpqa_ver1,1,1,1,3.550296,,3.550296
29,13,gsm8k_orgn_vs_gpqa_orgn,1,1,1,3.429127,,3.429127
29,13,gsm8k_orgn_vs_gpqa_ver1,1,1,1,3.145501,,3.145501
29,13,gsm8k_orgn_vs_gsm8k_ver1,1,1,1,3.175978,,3.175978
29,13,gsm8k_ver1_vs_gpqa_orgn,1,1,1,3.63455,,3.63455
29,13,gsm8k_ver1_vs_gpqa_ver1,1,1,1,3.34984,,3.34984
29,14,gpqa_orgn_vs_gpqa_ver1,1,1,1,3.878165,,3.878165
29,14,gsm8k_orgn_vs_gpqa_orgn,1,1,1,3.774932,,3.774932
29,14,gsm8k_orgn_vs_gpqa_ver1,1,1,1,3.276768,,3.276768
29,14,gsm8k_orgn_vs_gsm8k_ver1,1,1,1,2.947584,,2.947584
29,14,gsm8k_ver1_vs_gpqa_orgn,1,1,1,3.624297,,3.624297
29,14,gsm8k_ver1_vs_gpqa_ver1,1,1,1,3.112934,,3.112934
29,15,gpqa_orgn_vs_gpqa_ver1,1,1,1,4.214263,,4.214263
29,15,gsm8k_orgn_vs_gpqa_orgn,1,1,1,3.925956,,3.925956
29,15,gsm8k_orgn_vs_gpqa_ver1,1,1,1,4.250764,,4.250764
29,15,gsm8k_orgn_vs_gsm8k_ver1,1,1,1,3.941169,,3.941169
29,15,gsm8k_ver1_vs_gpqa_orgn,1,1,1,4.618934,,4.618934
29,15,gsm8k_ver1_vs_gpqa_ver1,1,1,1,4.486178,,4.486178
29,16,gpqa_orgn_vs_gpqa_ver1,1,1,1,3.21355,,3.21355
29,16,gsm8k_orgn_vs_gpqa_orgn,1,1,1,3.98591,,3.98591
29,16,gsm8k_orgn_vs_gpqa_ver1,1,1,1,4.21998,,4.21998
29,16,gsm8k_orgn_vs_gsm8k_ver1,1,1,1,4.473694,,4.473694
29,16,gsm8k_ver1_vs_gpqa_orgn,1,1,1,4.585037,,4.585037
29,16,gsm8k_ver1_vs_gpqa_ver1,1,1,1,4.266461,,4.266461
29,17,gpqa_orgn_vs_gpqa_ver1,1,1,1,4.807531,,4.807531
29,17,gsm8k_orgn_vs_gpqa_orgn,1,1,1,4.62092,,4.62092
29,17,gsm8k_orgn_vs_gpqa_ver1,1,1,1,5.076656,,5.076656
29,17,gsm8k_orgn_vs_gsm8k_ver1,1,1,1,4.277556,,4.277556
29,17,gsm8k_ver1_vs_gpqa_orgn,1,1,1,4.663759,,4.663759
29,17,gsm8k_ver1_vs_gpqa_ver1,1,1,1,4.691465,,4.691465
29,18,gpqa_orgn_vs_gpqa_ver1,1,1,1,6.253177,,6.253177
29,18,gsm8k_orgn_vs_gpqa_orgn,1,1,1,5.643011,,5.643011
29,18,gsm8k_orgn_vs_gpqa_ver1,1,1,1,5.826136,,5.826136
29,18,gsm8k_orgn_vs_gsm8k_ver1,1,1,1,3.993642,,3.993642
29,18,gsm8k_ver1_vs_gpqa_orgn,1,1,1,5.830051,,5.830051
29,18,gsm8k_ver1_vs_gpqa_ver1,1,1,1,5.514973,,5.514973
29,19,gpqa_orgn_vs_gpqa_ver1,1,1,1,8.461541,,8.461541
29,19,gsm8k_orgn_vs_gpqa_orgn,1,1,1,8.771563,,8.771563
29,19,gsm8k_orgn_vs_gpqa_ver1,1,1,1,9.164318,,9.164318
29,19,gsm8k_orgn_vs_gsm8k_ver1,1,1,1,8.464828,,8.464828
29,19,gsm8k_ver1_vs_gpqa_orgn,1,1,1,10.082202,,10.082202
29,19,gsm8k_ver1_vs_gpqa_ver1,1,1,1,8.890792,,8.890792
29,20,gpqa_orgn_vs_gpqa_ver1,1,1,1,5.240076,,5.240076
29,20,gsm8k_orgn_vs_gpqa_orgn,1,1,1,5.020645,,5.020645
29,20,gsm8k_orgn_vs_gpqa_ver1,1,1,1,5.19443,,5.19443
29,20,gsm8k_orgn_vs_gsm8k_ver1,1,1,1,4.926243,,4.926243
29,20,gsm8k_ver1_vs_gpqa_orgn,1,1,1,5.175473,,5.175473
29,20,gsm8k_ver1_vs_gpqa_ver1,1,1,1,5.338595,,5.338595
29,21,gpqa_orgn_vs_gpqa_ver1,1,1,1,8.241555,,8.241555
29,21,gsm8k_orgn_vs_gpqa_orgn,1,1,1,6.910051,,6.910051
29,21,gsm8k_orgn_vs_gpqa_ver1,1,1,1,6.843803,,6.843803
29,21,gsm8k_orgn_vs_gsm8k_ver1,1,1,1,5.710045,,5.710045
29,21,gsm8k_ver1_vs_gpqa_orgn,1,1,1,7.458509,,7.458509
29,21,gsm8k_ver1_vs_gpqa_ver1,1,1,1,7.380966,,7.380966
29,22,gpqa_orgn_vs_gpqa_ver1,1,1,1,4.869967,,4.869967
29,22,gsm8k_orgn_vs_gpqa_orgn,1,1,1,3.973884,,3.973884
29,22,gsm8k_orgn_vs_gpqa_ver1,1,1,1,3.956262,,3.956262
29,22,gsm8k_orgn_vs_gsm8k_ver1,1,1,1,2.980589,,2.980589
29,22,gsm8k_ver1_vs_gpqa_orgn,1,1,1,4.118942,,4.118942
29,22,gsm8k_ver1_vs_gpqa_ver1,1,1,1,4.087532,,4.087532
29,23,gpqa_orgn_vs_gpqa_ver1,1,1,1,5.442966,,5.442966
29,23,gsm8k_orgn_vs_gpqa_orgn,1,1,1,4.931723,,4.931723
29,23,gsm8k_orgn_vs_gpqa_ver1,1,1,1,4.820062,,4.820062
29,23,gsm8k_orgn_vs_gsm8k_ver1,1,1,1,4.111807,,4.111807
29,23,gsm8k_ver1_vs_gpqa_orgn,1,1,1,5.066792,,5.066792
29,23,gsm8k_ver1_vs_gpqa_ver1,1,1,1,4.933469,,4.933469
29,24,gpqa_orgn_vs_gpqa_ver1,1,1,1,0.214372,,0.214372
29,24,gsm8k_orgn_vs_gpqa_orgn,1,1,1,0.181689,,0.181689
29,24,gsm8k_orgn_vs_gpqa_ver1,1,1,1,0.187221,,0.187221
29,24,gsm8k_orgn_vs_gsm8k_ver1,1,1,1,0.253226,,0.253226
29,24,gsm8k_ver1_vs_gpqa_orgn,1,1,1,0.284838,,0.284838
29,24,gsm8k_ver1_vs_gpqa_ver1,1,1,1,0.288967,,0.288967
29,25,gpqa_orgn_vs_gpqa_ver1,1,1,1,3.330824,,3.330824
29,25,gsm8k_orgn_vs_gpqa_orgn,1,1,1,4.450361,,4.450361
29,25,gsm8k_orgn_vs_gpqa_ver1,1,1,1,4.339215,,4.339215
29,25,gsm8k_orgn_vs_gsm8k_ver1,1,1,1,4.490813,,4.490813
29,25,gsm8k_ver1_vs_gpqa_orgn,1,1,1,3.875955,,3.875955
29,25,gsm8k_ver1_vs_gpqa_ver1,1,1,1,3.680562,,3.680562
29,26,gpqa_orgn_vs_gpqa_ver1,1,1,1,3.653334,,3.653334
29,26,gsm8k_orgn_vs_gpqa_orgn,1,1,1,4.039273,,4.039273
29,26,gsm8k_orgn_vs_gpqa_ver1,1,1,1,3.952191,,3.952191
29,26,gsm8k_orgn_vs_gsm8k_ver1,1,1,1,3.826734,,3.826734
29,26,gsm8k_ver1_vs_gpqa_orgn,1,1,1,3.697778,,3.697778
29,26,gsm8k_ver1_vs_gpqa_ver1,1,1,1,3.565046,,3.565046
29,27,gpqa_orgn_vs_gpqa_ver1,1,1,1,3.14784,,3.14784
29,27,gsm8k_orgn_vs_gpqa_orgn,1,1,1,3.46152,,3.46152
29,27,gsm8k_orgn_vs_gpqa_ver1,1,1,1,3.563595,,3.563595
29,27,gsm8k_orgn_vs_gsm8k_ver1,1,1,1,4.218015,,4.218015
29,27,gsm8k_ver1_vs_gpqa_orgn,1,1,1,3.976264,,3.976264
29,27,gsm8k_ver1_vs_gpqa_ver1,1,1,1,4.010756,,4.010756
29,28,gpqa_orgn_vs_gpqa_ver1,1,1,1,3.764035,,3.764035
29,28,gsm8k_orgn_vs_gpqa_orgn,1,1,1,3.338302,,3.338302
29,28,gsm8k_orgn_vs_gpqa_ver1,1,1,1,3.234035,,3.234035
29,28,gsm8k_orgn_vs_gsm8k_ver1,1,1,1,2.349211,,2.349211
29,28,gsm8k_ver1_vs_gpqa_orgn,1,1,1,3.204935,,3.204935
29,28,gsm8k_ver1_vs_gpqa_ver1,1,1,1,3.040819,,3.040819
29,29,gpqa_orgn_vs_gpqa_ver1,1,1,1,4.125123,,4.125123
29,29,gsm8k_orgn_vs_gpqa_orgn,1,1,1,3.614991,,3.614991
29,29,gsm8k_orgn_vs_gpqa_ver1,1,1,1,3.711429,,3.711429
29,29,gsm8k_orgn_vs_gsm8k_ver1,1,1,1,3.566558,,3.566558
29,29,gsm8k_ver1_vs_gpqa_orgn,1,1,1,4.15166,,4.15166
29,29,gsm8k_ver1_vs_gpqa_ver1,1,1,1,4.199337,,4.199337
29,30,gpqa_orgn_vs_gpqa_ver1,1,1,1,5.343737,,5.343737
29,30,gsm8k_orgn_vs_gpqa_orgn,1,1,1,6.128044,,6.128044
29,30,gsm8k_orgn_vs_gpqa_ver1,1,1,1,5.589274,,5.589274
29,30,gsm8k_orgn_vs_gsm8k_ver1,1,1,1,5.412099,,5.412099
29,30,gsm8k_ver1_vs_gpqa_orgn,1,1,1,5.334875,,5.334875
29,30,gsm8k_ver1_vs_gpqa_ver1,1,1,1,4.747732,,4.747732
29,31,gpqa_orgn_vs_gpqa_ver1,1,1,1,6.068017,,6.068017
29,31,gsm8k_orgn_vs_gpqa_orgn,1,1,1,6.264762,,6.264762
29,31,gsm8k_orgn_vs_gpqa_ver1,1,1,1,6.160323,,6.160323
29,31,gsm8k_orgn_vs_gsm8k_ver1,1,1,1,5.833767,,5.833767
29,31,gsm8k_ver1_vs_gpqa_orgn,1,1,1,6.103534,,6.103534
29,31,gsm8k_ver1_vs_gpqa_ver1,1,1,1,5.988703,,5.988703
29,32,gpqa_orgn_vs_gpqa_ver1,1,1,1,4.680325,,4.680325
29,32,gsm8k_orgn_vs_gpqa_orgn,1,1,1,4.608393,,4.608393
29,32,gsm8k_orgn_vs_gpqa_ver1,1,1,1,4.370636,,4.370636
29,32,gsm8k_orgn_vs_gsm8k_ver1,1,1,1,4.013085,,4.013085
29,32,gsm8k_ver1_vs_gpqa_orgn,1,1,1,4.472119,,4.472119
29,32,gsm8k_ver1_vs_gpqa_ver1,1,1,1,4.230333,,4.230333
29,33,gpqa_orgn_vs_gpqa_ver1,1,1,1,4.873314,,4.873314
29,33,gsm8k_orgn_vs_gpqa_orgn,1,1,1,6.382702,,6.382702
29,33,gsm8k_orgn_vs_gpqa_ver1,1,1,1,6.104072,,6.104072
29,33,gsm8k_orgn_vs_gsm8k_ver1,1,1,1,6.869456,,6.869456
29,33,gsm8k_ver1_vs_gpqa_orgn,1,1,1,5.975516,,5.975516
29,33,gsm8k_ver1_vs_gpqa_ver1,1,1,1,5.687434,,5.687434
29,34,gpqa_orgn_vs_gpqa_ver1,1,1,1,5.514837,,5.514837
29,34,gsm8k_orgn_vs_gpqa_orgn,1,1,1,6.251375,,6.251375
29,34,gsm8k_orgn_vs_gpqa_ver1,1,1,1,6.053453,,6.053453
29,34,gsm8k_orgn_vs_gsm8k_ver1,1,1,1,6.568405,,6.568405
29,34,gsm8k_ver1_vs_gpqa_orgn,1,1,1,6.255978,,6.255978
29,34,gsm8k_ver1_vs_gpqa_ver1,1,1,1,6.057849,,6.057849
29,35,gpqa_orgn_vs_gpqa_ver1,1,1,1,4.63094,,4.63094
29,35,gsm8k_orgn_vs_gpqa_orgn,1,1,1,4.753285,,4.753285
29,35,gsm8k_orgn_vs_gpqa_ver1,1,1,1,4.7517,,4.7517
29,35,gsm8k_orgn_vs_gsm8k_ver1,1,1,1,4.465654,,4.465654
29,35,gsm8k_ver1_vs_gpqa_orgn,1,1,1,4.482679,,4.482679
29,35,gsm8k_ver1_vs_gpqa_ver1,1,1,1,4.448882,,4.448882
29,36,gpqa_orgn_vs_gpqa_ver1,1,1,1,6.462577,,6.462577
29,36,gsm8k_orgn_vs_gpqa_orgn,1,1,1,5.651471,,5.651471
29,36,gsm8k_orgn_vs_gpqa_ver1,1,1,1,6.314938,,6.314938
29,36,gsm8k_orgn_vs_gsm8k_ver1,1,1,1,5.633222,,5.633222
29,36,gsm8k_ver1_vs_gpqa_orgn,1,1,1,5.936008,,5.936008
29,36,gsm8k_ver1_vs_gpqa_ver1,1,1,1,6.517813,,6.517813
29,37,gpqa_orgn_vs_gpqa_ver1,1,1,1,8.602148,,8.602148
29,37,gsm8k_orgn_vs_gpqa_orgn,1,1,1,8.450043,,8.450043
29,37,gsm8k_orgn_vs_gpqa_ver1,1,1,1,8.487087,,8.487087
29,37,gsm8k_orgn_vs_gsm8k_ver1,1,1,1,8.079773,,8.079773
29,37,gsm8k_ver1_vs_gpqa_orgn,1,1,1,8.491538,,8.491538
29,37,gsm8k_ver1_vs_gpqa_ver1,1,1,1,8.436084,,8.436084
29,38,gpqa_orgn_vs_gpqa_ver1,1,1,1,5.8252,,5.8252
29,38,gsm8k_orgn_vs_gpqa_orgn,1,1,1,5.494276,,5.494276
29,38,gsm8k_orgn_vs_gpqa_ver1,1,1,1,5.708302,,5.708302
29,38,gsm8k_orgn_vs_gsm8k_ver1,1,1,1,5.643993,,5.643993
29,38,gsm8k_ver1_vs_gpqa_orgn,1,1,1,5.958175,,5.958175
29,38,gsm8k_ver1_vs_gpqa_ver1,1,1,1,6.104089,,6.104089
29,39,gpqa_orgn_vs_gpqa_ver1,1,1,1,4.910748,,4.910748
29,39,gsm8k_orgn_vs_gpqa_orgn,1,1,1,4.794112,,4.794112
29,39,gsm8k_orgn_vs_gpqa_ver1,1,1,1,4.673027,,4.673027
29,39,gsm8k_orgn_vs_gsm8k_ver1,1,1,1,4.227915,,4.227915
29,39,gsm8k_ver1_vs_gpqa_orgn,1,1,1,4.700781,,4.700781
29,39,gsm8k_ver1_vs_gpqa_ver1,1,1,1,4.522071,,4.522071
30,0,gpqa_orgn_vs_gpqa_ver1,1,1,1,5.628867,,5.628867
30,0,gsm8k_orgn_vs_gpqa_orgn,1,1,1,5.711481,,5.711481
30,0,gsm8k_orgn_vs_gpqa_ver1,1,1,1,5.509525,,5.509525
30,0,gsm8k_orgn_vs_gsm8k_ver1,1,1,1,5.25017,,5.25017
30,0,gsm8k_ver1_vs_gpqa_orgn,1,1,1,5.500311,,5.500311
30,0,gsm8k_ver1_vs_gpqa_ver1,1,1,1,5.290312,,5.290312
30,1,gpqa_orgn_vs_gpqa_ver1,1,1,1,2.205004,,2.205004
30,1,gsm8k_orgn_vs_gpqa_orgn,1,1,1,4.773577,,4.773577
30,1,gsm8k_orgn_vs_gpqa_ver1,1,1,1,3.999425,,3.999425
30,1,gsm8k_orgn_vs_gsm8k_ver1,1,1,1,4.463245,,4.463245
30,1,gsm8k_ver1_vs_gpqa_orgn,1,1,1,2.806508,,2.806508
30,1,gsm8k_ver1_vs_gpqa_ver1,1,1,1,1.90461,,1.90461
30,2,gpqa_orgn_vs_gpqa_ver1,1,1,1,3.395537,,3.395537
30,2,gsm8k_orgn_vs_gpqa_orgn,1,1,1,3.667694,,3.667694
30,2,gsm8k_orgn_vs_gpqa_ver1,1,1,1,3.053339,,3.053339
30,2,gsm8k_orgn_vs_gsm8k_ver1,1,1,1,2.636423,,2.636423
30,2,gsm8k_ver1_vs_gpqa_orgn,1,1,1,3.027704,,3.027704
30,2,gsm8k_ver1_vs_gpqa_ver1,1,1,1,2.337388,,2.337388
30,3,gpqa_orgn_vs_gpqa_ver1,1,1,1,2.933446,,2.933446
30,3,gsm8k_orgn_vs_gpqa_orgn,1,1,1,2.68051,,2.68051
30,3,gsm8k_orgn_vs_gpqa_ver1,1,1,1,3.021584,,3.021584
30,3,gsm8k_orgn_vs_gsm8k_ver1,1,1,1,4.52842,,4.52842
30,3,gsm8k_ver1_vs_gpqa_orgn,1,1,1,4.490474,,4.490474
30,3,gsm8k_ver1_vs_gpqa_ver1,1,1,1,4.783898,,4.783898
30,4,gpqa_orgn_vs_gpqa_ver1,1,1,1,9.738276,,9.738276
30,4,gsm8k_orgn_vs_gpqa_orgn,1,1,1,8.833948,,8.833948
30,4,gsm8k_orgn_vs_gpqa_ver1,1,1,1,9.327694,,9.327694
30,4,gsm8k_orgn_vs_gsm8k_ver1,1,1,1,9.071601,,9.071601
30,4,gsm8k_ver1_vs_gpqa_orgn,1,1,1,9.557809,,9.557809
30,4,gsm8k_ver1_vs_gpqa_ver1,1,1,1,10.000647,,10.000647
30,5,gpqa_orgn_vs_gpqa_ver1,1,1,1,10.594859,,10.594859
30,5,gsm8k_orgn_vs_gpqa_orgn,1,1,1,8.765117,,8.765117
30,5,gsm8k_orgn_vs_gpqa_ver1,1,1,1,8.41934,,8.41934
30,5,gsm8k_orgn_vs_gsm8k_ver1,1,1,1,5.606224,,5.606224
30,5,gsm8k_ver1_vs_gpqa_orgn,1,1,1,8.857649,,8.857649
30,5,gsm8k_ver1_vs_gpqa_ver1,1,1,1,8.51096,,8.51096
30,6,gpqa_orgn_vs_gpqa_ver1,1,1,1,4.71542,,4.71542
30,6,gsm8k_orgn_vs_gpqa_orgn,1,1,1,4.013165,,4.013165
30,6,gsm8k_orgn_vs_gpqa_ver1,1,1,1,4.172295,,4.172295
30,6,gsm8k_orgn_vs_gsm8k_ver1,1,1,1,3.288557,,3.288557
30,6,gsm8k_ver1_vs_gpqa_orgn,1,1,1,4.144252,,4.144252
30,6,gsm8k_ver1_vs_gpqa_ver1,1,1,1,4.297578,,4.297578
30,7,gpqa_orgn_vs_gpqa_ver1,1,1,1,2.637137,,2.637137
30,7,gsm8k_orgn_vs_gpqa_orgn,1,1,1,4.729241,,4.729241
30,7,gsm8k_orgn_vs_gpqa_ver1,1,1,1,4.854885,,4.854885
30,7,gsm8k_orgn_vs_gsm8k_ver1,1,1,1,5.943551,,5.943551
30,7,gsm8k_ver1_vs_gpqa_orgn,1,1,1,4.700566,,4.700566
30,7,gsm8k_ver1_vs_gpqa_ver1,1,1,1,4.821789,,4.821789
30,8,gpqa_orgn_vs_gpqa_ver1,1,1,1,10.624049,,10.624049
30,8,gsm8k_orgn_vs_gpqa_orgn,1,1,1,8.765963,,8.765963
30,8,gsm8k_orgn_vs_gpqa_ver1,1,1,1,8.244821,,8.244821
30,8,gsm8k_orgn_vs_gsm8k_ver1,1,1,1,4.848358,,4.848358
30,8,gsm8k_ver1_vs_gpqa_orgn,1,1,1,8.828321,,8.828321
30,8,gsm8k_ver1_vs_gpqa_ver1,1,1,1,8.302603,,8.302603
30,9,gpqa_orgn_vs_gpqa_ver1,1,1,1,5.607153,,5.607153
30,9,gsm8k_orgn_vs_gpqa_orgn,1,1,1,4.306947,,4.306947
30,9,gsm8k_orgn_vs_gpqa_ver1,1,1,1,4.094335,,4.094335
30,9,gsm8k_orgn_vs_gsm8k_ver1,1,1,1,2.144118,,2.144118
30,9,gsm8k_ver1_vs_gpqa_orgn,1,1,1,4.419311,,4.419311
30,9,gsm8k_ver1_vs_gpqa_ver1,1,1,1,4.20281,,4.20281
30,10,gpqa_orgn_vs_gpqa_ver1,1,1,1,7.467881,,7.467881
30,10,gsm8k_orgn_vs_gpqa_orgn,1,1,1,5.147233,,5.147233
30,10,gsm8k_orgn_vs_gpqa_ver1,1,1,1,5.903512,,5.903512
30,10,gsm8k_orgn_vs_gsm8k_ver1,1,1,1,3.569399,,3.569399
30,10,gsm8k_ver1_vs_gpqa_orgn,1,1,1,5.443392,,5.443392
30,10,gsm8k_ver1_vs_gpqa_ver1,1,1,1,6.187616,,6.187616
30,11,gpqa_orgn_vs_gpqa_ver1,1,1,1,9.455471,,9.455471
30,11,gsm8k_orgn_vs_gpqa_orgn,1,1,1,7.441069,,7.441069
30,11,gsm8k_orgn_vs_gpqa_ver1,1,1,1,8.02775,,8.02775
30,11,gsm8k_orgn_vs_gsm8k_ver1,1,1,1,5.674205,,5.674205
30,11,gsm8k_ver1_vs_gpqa_orgn,1,1,1,7.550622,,7.550622
30,11,gsm8k_ver1_vs_gpqa_ver1,1,1,1,8.077712,,8.077712
30,12,gpqa_orgn_vs_gpqa_ver1,1,1,1,6.44229,,6.44229
30,12,gsm8k_orgn_vs_gpqa_orgn,1,1,1,4.846283,,4.846283
30,12,gsm8k_orgn_vs_gpqa_ver1,1,1,1,5.028634,,5.028634
30,12,gsm8k_orgn_vs_gsm8k_ver1,1,1,1,2.921133,,2.921133
30,12,gsm8k_ver1_vs_gpqa_orgn,1,1,1,4.637387,,4.637387
30,12,gsm8k_ver1_vs_gpqa_ver1,1,1,1,4.801826,,4.801826
30,13,gpqa_orgn_vs_gpqa_ver1,1,1,1,15.142115,,15.142115
30,13,gsm8k_orgn_vs_gpqa_orgn,1,1,1,12.237401,,12.237401
30,13,gsm8k_orgn_vs_gpqa_ver1,1,1,1,13.52306,,13.52306
30,13,gsm8k_orgn_vs_gsm8k_ver1,1,1,1,10.120691,,10.120691
30,13,gsm8k_ver1_vs_gpqa_orgn,1,1,1,12.179399,,12.179399
30,13,gsm8k_ver1_vs_gpqa_ver1,1,1,1,13.436105,,13.436105
30,14,gpqa_orgn_vs_gpqa_ver1,1,1,1,6.54172,,6.54172
30,14,gsm8k_orgn_vs_gpqa_orgn,1,1,1,4.668734,,4.668734
30,14,gsm8k_orgn_vs_gpqa_ver1,1,1,1,4.608498,,4.608498
30,14,gsm8k_orgn_vs_gsm8k_ver1,1,1,1,2.635602,,2.635602
30,14,gsm8k_ver1_vs_gpqa_orgn,1,1,1,4.761559,,4.761559
30,14,gsm8k_ver1_vs_gpqa_ver1,1,1,1,4.692658,,4.692658
30,15,gpqa_orgn_vs_gpqa_ver1,1,1,1,9.792755,,9.792755
30,15,gsm8k_orgn_vs_gpqa_orgn,1,1,1,10.292364,,10.292364
30,15,gsm8k_orgn_vs_gpqa_ver1,1,1,1,10.093531,,10.093531
30,15,gsm8k_orgn_vs_gsm8k_ver1,1,1,1,9.757267,,9.757267
30,15,gsm8k_ver1_vs_gpqa_orgn,1,1,1,10.219207,,10.219207
30,15,gsm8k_ver1_vs_gpqa_ver1,1,1,1,10.006419,,10.006419
30,16,gpqa_orgn_vs_gpqa_ver1,1,1,1,8.014796,,8.014796
30,16,gsm8k_orgn_vs_gpqa_orgn,1,1,1,8.668401,,8.668401
30,16,gsm8k_orgn_vs_gpqa_ver1,1,1,1,8.567727,,8.567727
30,16,gsm8k_orgn_vs_gsm8k_ver1,1,1,1,8.286571,,8.286571
30,16,gsm8k_ver1_vs_gpqa_orgn,1,1,1,8.42354,,8.42354
30,16,gsm8k_ver1_vs_gpqa_ver1,1,1,1,8.30988,,8.30988
30,17,gpqa_orgn_vs_gpqa_ver1,1,1,1,6.887551,,6.887551
30,17,gsm8k_orgn_vs_gpqa_orgn,1,1,1,8.516891,,8.516891
30,17,gsm8k_orgn_vs_gpqa_ver1,1,1,1,8.410521,,8.410521
30,17,gsm8k_orgn_vs_gsm8k_ver1,1,1,1,8.711714,,8.711714
30,17,gsm8k_ver1_vs_gpqa_orgn,1,1,1,7.956276,,7.956276
30,17,gsm8k_ver1_vs_gpqa_ver1,1,1,1,7.841978,,7.841978
30,18,gpqa_orgn_vs_gpqa_ver1,1,1,1,1.96874,,1.96874
30,18,gsm8k_orgn_vs_gpqa_orgn,1,1,1,2.025091,,2.025091
30,18,gsm8k_orgn_vs_gpqa_ver1,1,1,1,2.022232,,2.022232
30,18,gsm8k_orgn_vs_gsm8k_ver1,1,1,1,1.87408,,1.87408
30,18,gsm8k_ver1_vs_gpqa_orgn,1,1,1,1.992045,,1.992045
30,18,gsm8k_ver1_vs_gpqa_ver1,1,1,1,1.985626,,1.985626
30,19,gpqa_orgn_vs_gpqa_ver1,1,1,1,14.226213,,14.226213
30,19,gsm8k_orgn_vs_gpqa_orgn,1,1,1,13.655869,,13.655869
30,19,gsm8k_orgn_vs_gpqa_ver1,1,1,1,13.156947,,13.156947
30,19,gsm8k_orgn_vs_gsm8k_ver1,1,1,1,11.597363,,11.597363
30,19,gsm8k_ver1_vs_gpqa_orgn,1,1,1,14.021409,,14.021409
30,19,gsm8k_ver1_vs_gpqa_ver1,1,1,1,13.518162,,13.518162
30,20,gpqa_orgn_vs_gpqa_ver1,1,1,1,4.849204,,4.849204
30,20,gsm8k_orgn_vs_gpqa_orgn,1,1,1,5.313486,,5.313486
30,20,gsm8k_orgn_vs_gpqa_ver1,1,1,1,5.378839,,5.378839
30,20,gsm8k_orgn_vs_gsm8k_ver1,1,1,1,6.045868,,6.045868
30,20,gsm8k_ver1_vs_gpqa_orgn,1,1,1,5.822761,,5.822761
30,20,gsm8k_ver1_vs_gpqa_ver1,1,1,1,5.829613,,5.829613
30,21,gpqa_orgn_vs_gpqa_ver1,1,1,1,3.317333,,3.317333
30,21,gsm8k_orgn_vs_gpqa_orgn,1,1,1,4.529754,,4.529754
30,21,gsm8k_orgn_vs_gpqa_ver1,1,1,1,4.409082,,4.409082
30,21,gsm8k_orgn_vs_gsm8k_ver1,1,1,1,4.753963,,4.753963
30,21,gsm8k_ver1_vs_gpqa_orgn,1,1,1,3.877241,,3.877241
30,21,gsm8k_ver1_vs_gpqa_ver1,1,1,1,3.72308,,3.72308
30,22,gpqa_orgn_vs_gpqa_ver1,1,1,1,3.288797,,3.288797
30,22,gsm8k_orgn_vs_gpqa_orgn,1,1,1,2.822112,,2.822112
30,22,gsm8k_orgn_vs_gpqa_ver1,1,1,1,3.012119,,3.012119
30,22,gsm8k_orgn_vs_gsm8k_ver1,1,1,1,2.491499,,2.491499
30,22,gsm8k_ver1_vs_gpqa_orgn,1,1,1,2.872173,,2.872173
30,22,gsm8k_ver1_vs_gpqa_ver1,1,1,1,3.044046,,3.044046
30,23,gpqa_orgn_vs_gpqa_ver1,1,1,1,2.844831,,2.844831
30,23,gsm8k_orgn_vs_gpqa_orgn,1,1,1,3.677715,,3.677715
30,23,gsm8k_orgn_vs_gpqa_ver1,1,1,1,3.512297,,3.512297
30,23,gsm8k_orgn_vs_gsm8k_ver1,1,1,1,3.558707,,3.558707
30,23,gsm8k_ver1_vs_gpqa_orgn,1,1,1,2.992934,,2.992934
30,23,gsm8k_ver1_vs_gpqa_ver1,1,1,1,2.79587,,2.79587
30,24,gpqa_orgn_vs_gpqa_ver1,1,1,1,3.579541,,3.579541
30,24,gsm8k_orgn_vs_gpqa_orgn,1,1,1,4.388973,,4.388973
30,24,gsm8k_orgn_vs_gpqa_ver1,1,1,1,4.173958,,4.173958
30,24,gsm8k_orgn_vs_gsm8k_ver1,1,1,1,4.450016,,4.450016
30,24,gsm8k_ver1_vs_gpqa_orgn,1,1,1,4.057595,,4.057595
30,24,gsm8k_ver1_vs_gpqa_ver1,1,1,1,3.797443,,3.797443
30,25,gpqa_orgn_vs_gpqa_ver1,1,1,1,4.149017,,4.149017
30,25,gsm8k_orgn_vs_gpqa_orgn,1,1,1,5.579735,,5.579735
30,25,gsm8k_orgn_vs_gpqa_ver1,1,1,1,5.504923,,5.504923
30,25,gsm8k_orgn_vs_gsm8k_ver1,1,1,1,6.888611,,6.888611
30,25,gsm8k_ver1_vs_gpqa_orgn,1,1,1,5.880204,,5.880204
30,25,gsm8k_ver1_vs_gpqa_ver1,1,1,1,5.795393,,5.795393
30,26,gpqa_orgn_vs_gpqa_ver1,1,1,1,4.54588,,4.54588
30,26,gsm8k_orgn_vs_gpqa_orgn,1,1,1,4.096569,,4.096569
30,26,gsm8k_orgn_vs_gpqa_ver1,1,1,1,4.392073,,4.392073
30,26,gsm8k_orgn_vs_gsm8k_ver1,1,1,1,4.050033,,4.050033
30,26,gsm8k_ver1_vs_gpqa_orgn,1,1,1,4.354215,,4.354215
30,26,gsm8k_ver1_vs_gpqa_ver1,1,1,1,4.630134,,4.630134
30,27,gpqa_orgn_vs_gpqa_ver1,1,1,1,3.912071,,3.912071
30,27,gsm8k_orgn_vs_gpqa_orgn,1,1,1,4.94406,,4.94406
30,27,gsm8k_orgn_vs_gpqa_ver1,1,1,1,4.774439,,4.774439
30,27,gsm8k_orgn_vs_gsm8k_ver1,1,1,1,5.241813,,5.241813
30,27,gsm8k_ver1_vs_gpqa_orgn,1,1,1,4.602281,,4.602281
30,27,gsm8k_ver1_vs_gpqa_ver1,1,1,1,4.420138,,4.420138
30,28,gpqa_orgn_vs_gpqa_ver1,1,1,1,3.610137,,3.610137
30,28,gsm8k_orgn_vs_gpqa_orgn,1,1,1,3.039341,,3.039341
30,28,gsm8k_orgn_vs_gpqa_ver1,1,1,1,3.480156,,3.480156
30,28,gsm8k_orgn_vs_gsm8k_ver1,1,1,1,3.323786,,3.323786
30,28,gsm8k_ver1_vs_gpqa_orgn,1,1,1,3.517112,,3.517112
30,28,gsm8k_ver1_vs_gpqa_ver1,1,1,1,3.941791,,3.941791
30,29,gpqa_orgn_vs_gpqa_ver1,1,1,1,3.290802,,3.290802
30,29,gsm8k_orgn_vs_gpqa_orgn,1,1,1,3.346874,,3.346874
30,29,gsm8k_orgn_vs_gpqa_ver1,1,1,1,3.645702,,3.645702
30,29,gsm8k_orgn_vs_gsm8k_ver1,1,1,1,3.808578,,3.808578
30,29,gsm8k_ver1_vs_gpqa_orgn,1,1,1,3.56003,,3.56003
30,29,gsm8k_ver1_vs_gpqa_ver1,1,1,1,3.848069,,3.848069
30,30,gpqa_orgn_vs_gpqa_ver1,1,1,1,2.637336,,2.637336
30,30,gsm8k_orgn_vs_gpqa_orgn,1,1,1,2.109132,,2.109132
30,30,gsm8k_orgn_vs_gpqa_ver1,1,1,1,2.403378,,2.403378
30,30,gsm8k_orgn_vs_gsm8k_ver1,1,1,1,1.483276,,1.483276
30,30,gsm8k_ver1_vs_gpqa_orgn,1,1,1,1.820487,,1.820487
30,30,gsm8k_ver1_vs_gpqa_ver1,1,1,1,2.103835,,2.103835
30,31,gpqa_orgn_vs_gpqa_ver1,1,1,1,2.366458,,2.366458
30,31,gsm8k_orgn_vs_gpqa_orgn,1,1,1,1.847388,,1.847388
30,31,gsm8k_orgn_vs_gpqa_ver1,1,1,1,2.562027,,2.562027
30,31,gsm8k_orgn_vs_gsm8k_ver1,1,1,1,2.294052,,2.294052
30,31,gsm8k_ver1_vs_gpqa_orgn,1,1,1,2.196793,,2.196793
30,31,gsm8k_ver1_vs_gpqa_ver1,1,1,1,2.862441,,2.862441
30,32,gpqa_orgn_vs_gpqa_ver1,1,1,1,3.781089,,3.781089
30,32,gsm8k_orgn_vs_gpqa_orgn,1,1,1,4.299238,,4.299238
30,32,gsm8k_orgn_vs_gpqa_ver1,1,1,1,3.88133,,3.88133
30,32,gsm8k_orgn_vs_gsm8k_ver1,1,1,1,3.239141,,3.239141
30,32,gsm8k_ver1_vs_gpqa_orgn,1,1,1,3.244196,,3.244196
30,32,gsm8k_ver1_vs_gpqa_ver1,1,1,1,2.779675,,2.779675
30,33,gpqa_orgn_vs_gpqa_ver1,1,1,1,3.625408,,3.625408
30,33,gsm8k_orgn_vs_gpqa_orgn,1,1,1,4.506429,,4.506429
30,33,gsm8k_orgn_vs_gpqa_ver1,1,1,1,3.715055,,3.715055
30,33,gsm8k_orgn_vs_gsm8k_ver1,1,1,1,3.760757,,3.760757
30,33,gsm8k_ver1_vs_gpqa_orgn,1,1,1,3.763602,,3.763602
30,33,gsm8k_ver1_vs_gpqa_ver1,1,1,1,2.90667,,2.90667
30,34,gpqa_orgn_vs_gpqa_ver1,1,1,1,4.737968,,4.737968
30,34,gsm8k_orgn_vs_gpqa_orgn,1,1,1,4.84378,,4.84378
30,34,gsm8k_orgn_vs_gpqa_ver1,1,1,1,5.08826,,5.08826
30,34,gsm8k_orgn_vs_gsm8k_ver1,1,1,1,4.928407,,4.928407
30,34,gsm8k_ver1_vs_gpqa_orgn,1,1,1,4.711644,,4.711644
30,34,gsm8k_ver1_vs_gpqa_ver1,1,1,1,4.922328,,4.922328
30,35,gpqa_orgn_vs_gpqa_ver1,1,1,1,8.637824,,8.637824
30,35,gsm8k_orgn_vs_gpqa_orgn,1,1,1,7.800045,,7.800045
30,35,gsm8k_orgn_vs_gpqa_ver1,1,1,1,7.931188,,7.931188
30,35,gsm8k_orgn_vs_gsm8k_ver1,1,1,1,7.540179,,7.540179
30,35,gsm8k_ver1_vs_gpqa_orgn,1,1,1,8.470599,,8.470599
30,35,gsm8k_ver1_vs_gpqa_ver1,1,1,1,8.516361,,8.516361
30,36,gpqa_orgn_vs_gpqa_ver1,1,1,1,10.050185,,10.050185
30,36,gsm8k_orgn_vs_gpqa_orgn,1,1,1,8.375329,,8.375329
30,36,gsm8k_orgn_vs_gpqa_ver1,1,1,1,8.551477,,8.551477
30,36,gsm8k_orgn_vs_gsm8k_ver1,1,1,1,5.86525,,5.86525
30,36,gsm8k_ver1_vs_gpqa_orgn,1,1,1,8.200483,,8.200483
30,36,gsm8k_ver1_vs_gpqa_ver1,1,1,1,8.361765,,8.361765
30,37,gpqa_orgn_vs_gpqa_ver1,1,1,1,8.159882,,8.159882
30,37,gsm8k_orgn_vs_gpqa_orgn,1,1,1,6.575125,,6.575125
30,37,gsm8k_orgn_vs_gpqa_ver1,1,1,1,6.966873,,6.966873
30,37,gsm8k_orgn_vs_gsm8k_ver1,1,1,1,4.597881,,4.597881
30,37,gsm8k_ver1_vs_gpqa_orgn,1,1,1,6.143292,,6.143292
30,37,gsm8k_ver1_vs_gpqa_ver1,1,1,1,6.537543,,6.537543
30,38,gpqa_orgn_vs_gpqa_ver1,1,1,1,7.842801,,7.842801
30,38,gsm8k_orgn_vs_gpqa_orgn,1,1,1,6.947549,,6.947549
30,38,gsm8k_orgn_vs_gpqa_ver1,1,1,1,7.33228,,7.33228
30,38,gsm8k_orgn_vs_gsm8k_ver1,1,1,1,6.353501,,6.353501
30,38,gsm8k_ver1_vs_gpqa_orgn,1,1,1,7.096712,,7.096712
30,38,gsm8k_ver1_vs_gpqa_ver1,1,1,1,7.471125,,7.471125
30,39,gpqa_orgn_vs_gpqa_ver1,1,1,1,7.835864,,7.835864
30,39,gsm8k_orgn_vs_gpqa_orgn,1,1,1,7.257994,,7.257994
30,39,gsm8k_orgn_vs_gpqa_ver1,1,1,1,7.041809,,7.041809
30,39,gsm8k_orgn_vs_gsm8k_ver1,1,1,1,6.432721,,6.432721
30,39,gsm8k_ver1_vs_gpqa_orgn,1,1,1,7.395483,,7.395483
30,39,gsm8k_ver1_vs_gpqa_ver1,1,1,1,7.168312,,7.168312
31,0,gpqa_orgn_vs_gpqa_ver1,1,1,1,2.676418,,2.676418
31,0,gsm8k_orgn_vs_gpqa_orgn,1,1,1,2.312608,,2.312608
31,0,gsm8k_orgn_vs_gpqa_ver1,1,1,1,1.958888,,1.958888
31,0,gsm8k_orgn_vs_gsm8k_ver1,1,1,1,1.463433,,1.463433
31,0,gsm8k_ver1_vs_gpqa_orgn,1,1,1,2.40922,,2.40922
31,0,gsm8k_ver1_vs_gpqa_ver1,1,1,1,2.059096,,2.059096
31,1,gpqa_orgn_vs_gpqa_ver1,1,1,1,6.095683,,6.095683
31,1,gsm8k_orgn_vs_gpqa_orgn,1,1,1,5.958468,,5.958468
31,1,gsm8k_orgn_vs_gpqa_ver1,1,1,1,5.802956,,5.802956
31,1,gsm8k_orgn_vs_gsm8k_ver1,1,1,1,4.993236,,4.993236
31,1,gsm8k_ver1_vs_gpqa_orgn,1,1,1,5.891979,,5.891979
31,1,gsm8k_ver1_vs_gpqa_ver1,1,1,1,5.730237,,5.730237
31,2,gpqa_orgn_vs_gpqa_ver1,1,1,1,3.762692,,3.762692
31,2,gsm8k_orgn_vs_gpqa_orgn,1,1,1,3.457292,,3.457292
31,2,gsm8k_orgn_vs_gpqa_ver1,1,1,1,3.165829,,3.165829
31,2,gsm8k_orgn_vs_gsm8k_ver1,1,1,1,2.269372,,2.269372
31,2,gsm8k_ver1_vs_gpqa_orgn,1,1,1,3.210411,,3.210411
31,2,gsm8k_ver1_vs_gpqa_ver1,1,1,1,2.909276,,2.909276
31,3,gpqa_orgn_vs_gpqa_ver1,1,1,1,9.422179,,9.422179
31,3,gsm8k_orgn_vs_gpqa_orgn,1,1,1,7.47549,,7.47549
31,3,gsm8k_orgn_vs_gpqa_ver1,1,1,1,5.928004,,5.928004
31,3,gsm8k_orgn_vs_gsm8k_ver1,1,1,1,1.516367,,1.516367
31,3,gsm8k_ver1_vs_gpqa_orgn,1,1,1,7.393148,,7.393148
31,3,gsm8k_ver1_vs_gpqa_ver1,1,1,1,5.828326,,5.828326
31,4,gpqa_orgn_vs_gpqa_ver1,1,1,1,5.148835,,5.148835
31,4,gsm8k_orgn_vs_gpqa_orgn,1,1,1,7.695678,,7.695678
31,4,gsm8k_orgn_vs_gpqa_ver1,1,1,1,7.313895,,7.313895
31,4,gsm8k_orgn_vs_gsm8k_ver1,1,1,1,8.580548,,8.580548
31,4,gsm8k_ver1_vs_gpqa_orgn,1,1,1,7.498029,,7.498029
31,4,gsm8k_ver1_vs_gpqa_ver1,1,1,1,7.107654,,7.107654
31,5,gpqa_orgn_vs_gpqa_ver1,1,1,1,8.110583,,8.110583
31,5,gsm8k_orgn_vs_gpqa_orgn,1,1,1,7.018894,,7.018894
31,5,gsm8k_orgn_vs_gpqa_ver1,1,1,1,7.273161,,7.273161
31,5,gsm8k_orgn_vs_gsm8k_ver1,1,1,1,5.612968,,5.612968
31,5,gsm8k_ver1_vs_gpqa_orgn,1,1,1,6.789098,,6.789098
31,5,gsm8k_ver1_vs_gpqa_ver1,1,1,1,7.015451,,7.015451
31,6,gpqa_orgn_vs_gpqa_ver1,1,1,1,7.966799,,7.966799
31,6,gsm8k_orgn_vs_gpqa_orgn,1,1,1,5.592174,,5.592174
31,6,gsm8k_orgn_vs_gpqa_ver1,1,1,1,6.685389,,6.685389
31,6,gsm8k_orgn_vs_gsm8k_ver1,1,1,1,4.115102,,4.115102
31,6,gsm8k_ver1_vs_gpqa_orgn,1,1,1,5.97196,,5.97196
31,6,gsm8k_ver1_vs_gpqa_ver1,1,1,1,7.011878,,7.011878
31,7,gpqa_orgn_vs_gpqa_ver1,1,1,1,15.409825,,15.409825
31,7,gsm8k_orgn_vs_gpqa_orgn,1,1,1,12.316831,,12.316831
31,7,gsm8k_orgn_vs_gpqa_ver1,1,1,1,12.870357,,12.870357
31,7,gsm8k_orgn_vs_gsm8k_ver1,1,1,1,9.726482,,9.726482
31,7,gsm8k_ver1_vs_gpqa_orgn,1,1,1,12.956465,,12.956465
31,7,gsm8k_ver1_vs_gpqa_ver1,1,1,1,13.445028,,13.445028
31,8,gpqa_orgn_vs_gpqa_ver1,1,1,1,8.217801,,8.217801
31,8,gsm8k_orgn_vs_gpqa_orgn,1,1,1,7.587815,,7.587815
31,8,gsm8k_orgn_vs_gpqa_ver1,1,1,1,7.686477,,7.686477
31,8,gsm8k_orgn_vs_gsm8k_ver1,1,1,1,6.650797,,6.650797
31,8,gsm8k_ver1_vs_gpqa_orgn,1,1,1,7.734596,,7.734596
31,8,gsm8k_ver1_vs_gpqa_ver1,1,1,1,7.769768,,7.769768
31,9,gpqa_orgn_vs_gpqa_ver1,1,1,1,8.990761,,8.990761
31,9,gsm8k_orgn_vs_gpqa_orgn,1,1,1,7.725304,,7.725304
31,9,gsm8k_orgn_vs_gpqa_ver1,1,1,1,8.027804,,8.027804
31,9,gsm8k_orgn_vs_gsm8k_ver1,1,1,1,6.785931,,6.785931
31,9,gsm8k_ver1_vs_gpqa_orgn,1,1,1,8.188423,,8.188423
31,9,gsm8k_ver1_vs_gpqa_ver1,1,1,1,8.423484,,8.423484
31,10,gpqa_orgn_vs_gpqa_ver1,1,1,1,6.323354,,6.323354
31,10,gsm8k_orgn_vs_gpqa_orgn,1,1,1,5.85479,,5.85479
31,10,gsm8k_orgn_vs_gpqa_ver1,1,1,1,5.676461,,5.676461
31,10,gsm8k_orgn_vs_gsm8k_ver1,1,1,1,4.959142,,4.959142
31,10,gsm8k_ver1_vs_gpqa_orgn,1,1,1,5.842669,,5.842669
31,10,gsm8k_ver1_vs_gpqa_ver1,1,1,1,5.662078,,5.662078
31,11,gpqa_orgn_vs_gpqa_ver1,1,1,1,2.698404,,2.698404
31,11,gsm8k_orgn_vs_gpqa_orgn,1,1,1,3.830242,,3.830242
31,11,gsm8k_orgn_vs_gpqa_ver1,1,1,1,3.775693,,3.775693
31,11,gsm8k_orgn_vs_gsm8k_ver1,1,1,1,4.79587,,4.79587
31,11,gsm8k_ver1_vs_gpqa_orgn,1,1,1,3.925601,,3.925601
31,11,gsm8k_ver1_vs_gpqa_ver1,1,1,1,3.846579,,3.846579
31,12,gpqa_orgn_vs_gpqa_ver1,1,1,1,5.949372,,5.949372
31,12,gsm8k_orgn_vs_gpqa_orgn,1,1,1,5.527528,,5.527528
31,12,gsm8k_orgn_vs_gpqa_ver1,1,1,1,5.612121,,5.612121
31,12,gsm8k_orgn_vs_gsm8k_ver1,1,1,1,4.626259,,4.626259
31,12,gsm8k_ver1_vs_gpqa_orgn,1,1,1,5.190638,,5.190638
31,12,gsm8k_ver1_vs_gpqa_ver1,1,1,1,5.260971,,5.260971
31,13,gpqa_orgn_vs_gpqa_ver1,1,1,1,6.771767,,6.771767
31,13,gsm8k_orgn_vs_gpqa_orgn,1,1,1,7.613682,,7.613682
31,13,gsm8k_orgn_vs_gpqa_ver1,1,1,1,7.219427,,7.219427
31,13,gsm8k_orgn_vs_gsm8k_ver1,1,1,1,8.110592,,8.110592
31,13,gsm8k_ver1_vs_gpqa_orgn,1,1,1,7.889589,,7.889589
31,13,gsm8k_ver1_vs_gpqa_ver1,1,1,1,7.484304,,7.484304
31,14,gpqa_orgn_vs_gpqa_ver1,1,1,1,2.050291,,2.050291
31,14,gsm8k_orgn_vs_gpqa_orgn,1,1,1,3.079999,,3.079999
31,14,gsm8k_orgn_vs_gpqa_ver1,1,1,1,2.789591,,2.789591
31,14,gsm8k_orgn_vs_gsm8k_ver1,1,1,1,2.841216,,2.841216
31,14,gsm8k_ver1_vs_gpqa_orgn,1,1,1,2.218561,,2.218561
31,14,gsm8k_ver1_vs_gpqa_ver1,1,1,1,1.850439,,1.850439
31,15,gpqa_orgn_vs_gpqa_ver1,1,1,1,7.966251,,7.966251
31,15,gsm8k_orgn_vs_gpqa_orgn,1,1,1,7.698659,,7.698659
31,15,gsm8k_orgn_vs_gpqa_ver1,1,1,1,7.723536,,7.723536
31,15,gsm8k_orgn_vs_gsm8k_ver1,1,1,1,7.363861,,7.363861
31,15,gsm8k_ver1_vs_gpqa_orgn,1,1,1,8.006086,,8.006086
31,15,gsm8k_ver1_vs_gpqa_ver1,1,1,1,8.030392,,8.030392
31,16,gpqa_orgn_vs_gpqa_ver1,1,1,1,4.19295,,4.19295
31,16,gsm8k_orgn_vs_gpqa_orgn,1,1,1,5.251328,,5.251328
31,16,gsm8k_orgn_vs_gpqa_ver1,1,1,1,5.002258,,5.002258
31,16,gsm8k_orgn_vs_gsm8k_ver1,1,1,1,6.039213,,6.039213
31,16,gsm8k_ver1_vs_gpqa_orgn,1,1,1,5.635611,,5.635611
31,16,gsm8k_ver1_vs_gpqa_ver1,1,1,1,5.39326,,5.39326
31,17,gpqa_orgn_vs_gpqa_ver1,1,1,1,5.534822,,5.534822
31,17,gsm8k_orgn_vs_gpqa_orgn,1,1,1,6.170732,,6.170732
31,17,gsm8k_orgn_vs_gpqa_ver1,1,1,1,5.338974,,5.338974
31,17,gsm8k_orgn_vs_gsm8k_ver1,1,1,1,6.489921,,6.489921
31,17,gsm8k_ver1_vs_gpqa_orgn,1,1,1,6.894813,,6.894813
31,17,gsm8k_ver1_vs_gpqa_ver1,1,1,1,6.112659,,6.112659
31,18,gpqa_orgn_vs_gpqa_ver1,1,1,1,7.528912,,7.528912
31,18,gsm8k_orgn_vs_gpqa_orgn,1,1,1,6.831306,,6.831306
31,18,gsm8k_orgn_vs_gpqa_ver1,1,1,1,6.435295,,6.435295
31,18,gsm8k_orgn_vs_gsm8k_ver1,1,1,1,5.32074,,5.32074
31,18,gsm8k_ver1_vs_gpqa_orgn,1,1,1,6.878848,,6.878848
31,18,gsm8k_ver1_vs_gpqa_ver1,1,1,1,6.481512,,6.481512
31,19,gpqa_orgn_vs_gpqa_ver1,1,1,1,9.308714,,9.308714
31,19,gsm8k_orgn_vs_gpqa_orgn,1,1,1,8.786608,,8.786608
31,19,gsm8k_orgn_vs_gpqa_ver1,1,1,1,7.909863,,7.909863
31,19,gsm8k_orgn_vs_gsm8k_ver1,1,1,1,8.017877,,8.017877
31,19,gsm8k_ver1_vs_gpqa_orgn,1,1,1,9.878461,,9.878461
31,19,gsm8k_ver1_vs_gpqa_ver1,1,1,1,9.071081,,9.071081
31,20,gpqa_orgn_vs_gpqa_ver1,1,1,1,7.36489,,7.36489
31,20,gsm8k_orgn_vs_gpqa_orgn,1,1,1,6.092314,,6.092314
31,20,gsm8k_orgn_vs_gpqa_ver1,1,1,1,6.606332,,6.606332
31,20,gsm8k_orgn_vs_gsm8k_ver1,1,1,1,4.920643,,4.920643
31,20,gsm8k_ver1_vs_gpqa_orgn,1,1,1,6.191243,,6.191243
31,20,gsm8k_ver1_vs_gpqa_ver1,1,1,1,6.663887,,6.663887
31,21,gpqa_orgn_vs_gpqa_ver1,1,1,1,2.871062,,2.871062
31,21,gsm8k_orgn_vs_gpqa_orgn,1,1,1,4.283795,,4.283795
31,21,gsm8k_orgn_vs_gpqa_ver1,1,1,1,3.898536,,3.898536
31,21,gsm8k_orgn_vs_gsm8k_ver1,1,1,1,4.036845,,4.036845
31,21,gsm8k_ver1_vs_gpqa_orgn,1,1,1,3.267443,,3.267443
31,21,gsm8k_ver1_vs_gpqa_ver1,1,1,1,2.83014,,2.83014
31,22,gpqa_orgn_vs_gpqa_ver1,1,1,1,8.897871,,8.897871
31,22,gsm8k_orgn_vs_gpqa_orgn,1,1,1,7.889363,,7.889363
31,22,gsm8k_orgn_vs_gpqa_ver1,1,1,1,7.966498,,7.966498
31,22,gsm8k_orgn_vs_gsm8k_ver1,1,1,1,6.571726,,6.571726
31,22,gsm8k_ver1_vs_gpqa_orgn,1,1,1,8.045777,,8.045777
31,22,gsm8k_ver1_vs_gpqa_ver1,1,1,1,8.0865,,8.0865
31,23,gpqa_orgn_vs_gpqa_ver1,1,1,1,12.033584,,12.033584
31,23,gsm8k_orgn_vs_gpqa_orgn,1,1,1,10.194818,,10.194818
31,23,gsm8k_orgn_vs_gpqa_ver1,1,1,1,10.372631,,10.372631
31,23,gsm8k_orgn_vs_gsm8k_ver1,1,1,1,8.587417,,8.587417
31,23,gsm8k_ver1_vs_gpqa_orgn,1,1,1,10.737446,,10.737446
31,23,gsm8k_ver1_vs_gpqa_ver1,1,1,1,10.878019,,10.878019
31,24,gpqa_orgn_vs_gpqa_ver1,1,1,1,11.032854,,11.032854
31,24,gsm8k_orgn_vs_gpqa_orgn,1,1,1,9.50619,,9.50619
31,24,gsm8k_orgn_vs_gpqa_ver1,1,1,1,9.774987,,9.774987
31,24,gsm8k_orgn_vs_gsm8k_ver1,1,1,1,7.700215,,7.700215
31,24,gsm8k_ver1_vs_gpqa_orgn,1,1,1,9.355486,,9.355486
31,24,gsm8k_ver1_vs_gpqa_ver1,1,1,1,9.619673,,9.619673
31,25,gpqa_orgn_vs_gpqa_ver1,1,1,1,1.9098,,1.9098
31,25,gsm8k_orgn_vs_gpqa_orgn,1,1,1,2.171881,,2.171881
31,25,gsm8k_orgn_vs_gpqa_ver1,1,1,1,2.383761,,2.383761
31,25,gsm8k_orgn_vs_gsm8k_ver1,1,1,1,3.278695,,3.278695
31,25,gsm8k_ver1_vs_gpqa_orgn,1,1,1,2.953631,,2.953631
31,25,gsm8k_ver1_vs_gpqa_ver1,1,1,1,3.144163,,3.144163
31,26,gpqa_orgn_vs_gpqa_ver1,1,1,1,2.105323,,2.105323
31,26,gsm8k_orgn_vs_gpqa_orgn,1,1,1,3.041067,,3.041067
31,26,gsm8k_orgn_vs_gpqa_ver1,1,1,1,2.921761,,2.921761
31,26,gsm8k_orgn_vs_gsm8k_ver1,1,1,1,3.528606,,3.528606
31,26,gsm8k_ver1_vs_gpqa_orgn,1,1,1,2.905732,,2.905732
31,26,gsm8k_ver1_vs_gpqa_ver1,1,1,1,2.778389,,2.778389
31,27,gpqa_orgn_vs_gpqa_ver1,1,1,1,2.136621,,2.136621
31,27,gsm8k_orgn_vs_gpqa_orgn,1,1,1,3.761498,,3.761498
31,27,gsm8k_orgn_vs_gpqa_ver1,1,1,1,3.383321,,3.383321
31,27,gsm8k_orgn_vs_gsm8k_ver1,1,1,1,4.900518,,4.900518
31,27,gsm8k_ver1_vs_gpqa_orgn,1,1,1,3.961931,,3.961931
31,27,gsm8k_ver1_vs_gpqa_ver1,1,1,1,3.5811,,3.5811
31,28,gpqa_orgn_vs_gpqa_ver1,1,1,1,3.993497,,3.993497
31,28,gsm8k_orgn_vs_gpqa_orgn,1,1,1,6.779714,,6.779714
31,28,gsm8k_orgn_vs_gpqa_ver1,1,1,1,6.147915,,6.147915
31,28,gsm8k_orgn_vs_gsm8k_ver1,1,1,1,7.575126,,7.575126
31,28,gsm8k_ver1_vs_gpqa_orgn,1,1,1,5.938463,,5.938463
31,28,gsm8k_ver1_vs_gpqa_ver1,1,1,1,5.237259,,5.237259
31,29,gpqa_orgn_vs_gpqa_ver1,1,1,1,3.276996,,3.276996
31,29,gsm8k_orgn_vs_gpqa_orgn,1,1,1,5.037249,,5.037249
31,29,gsm8k_orgn_vs_gpqa_ver1,1,1,1,4.819633,,4.819633
31,29,gsm8k_orgn_vs_gsm8k_ver1,1,1,1,6.628567,,6.628567
31,29,gsm8k_ver1_vs_gpqa_orgn,1,1,1,5.389404,,5.389404
31,29,gsm8k_ver1_vs_gpqa_ver1,1,1,1,5.164673,,5.164673
31,30,gpqa_orgn_vs_gpqa_ver1,1,1,1,5.338873,,5.338873
31,30,gsm8k_orgn_vs_gpqa_orgn,1,1,1,4.126004,,4.126004
31,30,gsm8k_orgn_vs_gpqa_ver1,1,1,1,4.459815,,4.459815
31,30,gsm8k_orgn_vs_gsm8k_ver1,1,1,1,2.931554,,2.931554
31,30,gsm8k_ver1_vs_gpqa_orgn,1,1,1,4.184958,,4.184958
31,30,gsm8k_ver1_vs_gpqa_ver1,1,1,1,4.444097,,4.444097
31,31,gpqa_orgn_vs_gpqa_ver1,1,1,1,10.052839,,10.052839
31,31,gsm8k_orgn_vs_gpqa_orgn,1,1,1,10.579372,,10.579372
31,31,gsm8k_orgn_vs_gpqa_ver1,1,1,1,10.281861,,10.281861
31,31,gsm8k_orgn_vs_gsm8k_ver1,1,1,1,9.266,,9.266
31,31,gsm8k_ver1_vs_gpqa_orgn,1,1,1,9.559637,,9.559637
31,31,gsm8k_ver1_vs_gpqa_ver1,1,1,1,8.8303,,8.8303
31,32,gpqa_orgn_vs_gpqa_ver1,1,1,1,6.960846,,6.960846
31,32,gsm8k_orgn_vs_gpqa_orgn,1,1,1,7.152755,,7.152755
31,32,gsm8k_orgn_vs_gpqa_ver1,1,1,1,7.435588,,7.435588
31,32,gsm8k_orgn_vs_gsm8k_ver1,1,1,1,6.397998,,6.397998
31,32,gsm8k_ver1_vs_gpqa_orgn,1,1,1,6.949743,,6.949743
31,32,gsm8k_ver1_vs_gpqa_ver1,1,1,1,6.663775,,6.663775
31,33,gpqa_orgn_vs_gpqa_ver1,1,1,1,6.598,,6.598
31,33,gsm8k_orgn_vs_gpqa_orgn,1,1,1,6.647142,,6.647142
31,33,gsm8k_orgn_vs_gpqa_ver1,1,1,1,6.962955,,6.962955
31,33,gsm8k_orgn_vs_gsm8k_ver1,1,1,1,7.250567,,7.250567
31,33,gsm8k_ver1_vs_gpqa_orgn,1,1,1,7.118853,,7.118853
31,33,gsm8k_ver1_vs_gpqa_ver1,1,1,1,7.268135,,7.268135
31,34,gpqa_orgn_vs_gpqa_ver1,1,1,1,5.382901,,5.382901
31,34,gsm8k_orgn_vs_gpqa_orgn,1,1,1,5.745234,,5.745234
31,34,gsm8k_orgn_vs_gpqa_ver1,1,1,1,5.754863,,5.754863
31,34,gsm8k_orgn_vs_gsm8k_ver1,1,1,1,5.785313,,5.785313
31,34,gsm8k_ver1_vs_gpqa_orgn,1,1,1,5.907688,,5.907688
31,34,gsm8k_ver1_vs_gpqa_ver1,1,1,1,5.499476,,5.499476
31,35,gpqa_orgn_vs_gpqa_ver1,1,1,1,6.367522,,6.367522
31,35,gsm8k_orgn_vs_gpqa_orgn,1,1,1,7.531386,,7.531386
31,35,gsm8k_orgn_vs_gpqa_ver1,1,1,1,7.313662,,7.313662
31,35,gsm8k_orgn_vs_gsm8k_ver1,1,1,1,7.734798,,7.734798
31,35,gsm8k_ver1_vs_gpqa_orgn,1,1,1,7.122477,,7.122477
31,35,gsm8k_ver1_vs_gpqa_ver1,1,1,1,6.884565,,6.884565
31,36,gpqa_orgn_vs_gpqa_ver1,1,1,1,8.066736,,8.066736
31,36,gsm8k_orgn_vs_gpqa_orgn,1,1,1,9.742367,,9.742367
31,36,gsm8k_orgn_vs_gpqa_ver1,1,1,1,9.267606,,9.267606
31,36,gsm8k_orgn_vs_gsm8k_ver1,1,1,1,9.952668,,9.952668
31,36,gsm8k_ver1_vs_gpqa_orgn,1,1,1,9.273969,,9.273969
31,36,gsm8k_ver1_vs_gpqa_ver1,1,1,1,8.765166,,8.765166
31,37,gpqa_orgn_vs_gpqa_ver1,1,1,1,8.820304,,8.820304
31,37,gsm8k_orgn_vs_gpqa_orgn,1,1,1,9.360192,,9.360192
31,37,gsm8k_orgn_vs_gpqa_ver1,1,1,1,9.399732,,9.399732
31,37,gsm8k_orgn_vs_gsm8k_ver1,1,1,1,8.448514,,8.448514
31,37,gsm8k_ver1_vs_gpqa_orgn,1,1,1,8.222959,,8.222959
31,37,gsm8k_ver1_vs_gpqa_ver1,1,1,1,8.230083,,8.230083
31,38,gpqa_orgn_vs_gpqa_ver1,1,1,1,3.997267,,3.997267
31,38,gsm8k_orgn_vs_gpqa_orgn,1,1,1,4.201241,,4.201241
31,38,gsm8k_orgn_vs_gpqa_ver1,1,1,1,3.969842,,3.969842
31,38,gsm8k_orgn_vs_gsm8k_ver1,1,1,1,3.505839,,3.505839
31,38,gsm8k_ver1_vs_gpqa_orgn,1,1,1,3.674858,,3.674858
31,38,gsm8k_ver1_vs_gpqa_ver1,1,1,1,3.430171,,3.430171
31,39,gpqa_orgn_vs_gpqa_ver1,1,1,1,8.517972,,8.517972
31,39,gsm8k_orgn_vs_gpqa_orgn,1,1,1,8.151928,,8.151928
31,39,gsm8k_orgn_vs_gpqa_ver1,1,1,1,7.584365,,7.584365
31,39,gsm8k_orgn_vs_gsm8k_ver1,1,1,1,6.873663,,6.873663
31,39,gsm8k_ver1_vs_gpqa_orgn,1,1,1,8.191256,,8.191256
31,39,gsm8k_ver1_vs_gpqa_ver1,1,1,1,7.609392,,7.609392
32,0,gpqa_orgn_vs_gpqa_ver1,1,1,1,1.898516,,1.898516
32,0,gsm8k_orgn_vs_gpqa_orgn,1,1,1,5.814826,,5.814826
32,0,gsm8k_orgn_vs_gpqa_ver1,1,1,1,5.795997,,5.795997
32,0,gsm8k_orgn_vs_gsm8k_ver1,1,1,1,7.511847,,7.511847
32,0,gsm8k_ver1_vs_gpqa_orgn,1,1,1,5.580789,,5.580789
32,0,gsm8k_ver1_vs_gpqa_ver1,1,1,1,5.492485,,5.492485
32,1,gpqa_orgn_vs_gpqa_ver1,1,1,1,2.965015,,2.965015
32,1,gsm8k_orgn_vs_gpqa_orgn,1,1,1,2.37221,,2.37221
32,1,gsm8k_orgn_vs_gpqa_ver1,1,1,1,1.851194,,1.851194
32,1,gsm8k_orgn_vs_gsm8k_ver1,1,1,1,1.058898,,1.058898
32,1,gsm8k_ver1_vs_gpqa_orgn,1,1,1,2.474281,,2.474281
32,1,gsm8k_ver1_vs_gpqa_ver1,1,1,1,1.925694,,1.925694
32,2,gpqa_orgn_vs_gpqa_ver1,1,1,1,0.951355,,0.951355
32,2,gsm8k_orgn_vs_gpqa_orgn,1,1,1,1.76718,,1.76718
32,2,gsm8k_orgn_vs_gpqa_ver1,1,1,1,1.867134,,1.867134
32,2,gsm8k_orgn_vs_gsm8k_ver1,1,1,1,2.696697,,2.696697
32,2,gsm8k_ver1_vs_gpqa_orgn,1,1,1,2.131536,,2.131536
32,2,gsm8k_ver1_vs_gpqa_ver1,1,1,1,2.199986,,2.199986
32,3,gpqa_orgn_vs_gpqa_ver1,1,1,1,2.245984,,2.245984
32,3,gsm8k_orgn_vs_gpqa_orgn,1,1,1,1.826682,,1.826682
32,3,gsm8k_orgn_vs_gpqa_ver1,1,1,1,2.314258,,2.314258
32,3,gsm8k_orgn_vs_gsm8k_ver1,1,1,1,2.549533,,2.549533
32,3,gsm8k_ver1_vs_gpqa_orgn,1,1,1,2.739135,,2.739135
32,3,gsm8k_ver1_vs_gpqa_ver1,1,1,1,3.058361,,3.058361
32,4,gpqa_orgn_vs_gpqa_ver1,1,1,1,5.112254,,5.112254
32,4,gsm8k_orgn_vs_gpqa_orgn,1,1,1,6.942916,,6.942916
32,4,gsm8k_orgn_vs_gpqa_ver1,1,1,1,6.051946,,6.051946
32,4,gsm8k_orgn_vs_gsm8k_ver1,1,1,1,5.552712,,5.552712
32,4,gsm8k_ver1_vs_gpqa_orgn,1,1,1,5.437543,,5.437543
32,4,gsm8k_ver1_vs_gpqa_ver1,1,1,1,4.015345,,4.015345
32,5,gpqa_orgn_vs_gpqa_ver1,1,1,1,2.104441,,2.104441
32,5,gsm8k_orgn_vs_gpqa_orgn,1,1,1,3.9409,,3.9409
32,5,gsm8k_orgn_vs_gpqa_ver1,1,1,1,3.247478,,3.247478
32,5,gsm8k_orgn_vs_gsm8k_ver1,1,1,1,3.801711,,3.801711
32,5,gsm8k_ver1_vs_gpqa_orgn,1,1,1,2.81524,,2.81524
32,5,gsm8k_ver1_vs_gpqa_ver1,1,1,1,2.029863,,2.029863
32,6,gpqa_orgn_vs_gpqa_ver1,1,1,1,2.649559,,2.649559
32,6,gsm8k_orgn_vs_gpqa_orgn,1,1,1,3.518939,,3.518939
32,6,gsm8k_orgn_vs_gpqa_ver1,1,1,1,3.653364,,3.653364
32,6,gsm8k_orgn_vs_gsm8k_ver1,1,1,1,4.155106,,4.155106
32,6,gsm8k_ver1_vs_gpqa_orgn,1,1,1,3.26534,,3.26534
32,6,gsm8k_ver1_vs_gpqa_ver1,1,1,1,3.397835,,3.397835
32,7,gpqa_orgn_vs_gpqa_ver1,1,1,1,2.008139,,2.008139
32,7,gsm8k_orgn_vs_gpqa_orgn,1,1,1,6.357741,,6.357741
32,7,gsm8k_orgn_vs_gpqa_ver1,1,1,1,6.165396,,6.165396
32,7,gsm8k_orgn_vs_gsm8k_ver1,1,1,1,8.2697,,8.2697
32,7,gsm8k_ver1_vs_gpqa_orgn,1,1,1,5.176769,,5.176769
32,7,gsm8k_ver1_vs_gpqa_ver1,1,1,1,4.966624,,4.966624
32,8,gpqa_orgn_vs_gpqa_ver1,1,1,1,1.878348,,1.878348
32,8,gsm8k_orgn_vs_gpqa_orgn,1,1,1,2.861431,,2.861431
32,8,gsm8k_orgn_vs_gpqa_ver1,1,1,1,3.041136,,3.041136
32,8,gsm8k_orgn_vs_gsm8k_ver1,1,1,1,3.538998,,3.538998
32,8,gsm8k_ver1_vs_gpqa_orgn,1,1,1,2.472354,,2.472354
32,8,gsm8k_ver1_vs_gpqa_ver1,1,1,1,2.662209,,2.662209
32,9,gpqa_orgn_vs_gpqa_ver1,1,1,1,5.950206,,5.950206
32,9,gsm8k_orgn_vs_gpqa_orgn,1,1,1,8.169134,,8.169134
32,9,gsm8k_orgn_vs_gpqa_ver1,1,1,1,8.581288,,8.581288
32,9,gsm8k_orgn_vs_gsm8k_ver1,1,1,1,11.198678,,11.198678
32,9,gsm8k_ver1_vs_gpqa_orgn,1,1,1,9.104933,,9.104933
32,9,gsm8k_ver1_vs_gpqa_ver1,1,1,1,9.499904,,9.499904
32,10,gpqa_orgn_vs_gpqa_ver1,1,1,1,7.940394,,7.940394
32,10,gsm8k_orgn_vs_gpqa_orgn,1,1,1,7.447206,,7.447206
32,10,gsm8k_orgn_vs_gpqa_ver1,1,1,1,8.08731,,8.08731
32,10,gsm8k_orgn_vs_gsm8k_ver1,1,1,1,7.067062,,7.067062
32,10,gsm8k_ver1_vs_gpqa_orgn,1,1,1,7.115588,,7.115588
32,10,gsm8k_ver1_vs_gpqa_ver1,1,1,1,7.76147,,7.76147
32,11,gpqa_orgn_vs_gpqa_ver1,1,1,1,3.927485,,3.927485
32,11,gsm8k_orgn_vs_gpqa_orgn,1,1,1,7.120495,,7.120495
32,11,gsm8k_orgn_vs_gpqa_ver1,1,1,1,7.239575,,7.239575
32,11,gsm8k_orgn_vs_gsm8k_ver1,1,1,1,8.678469,,8.678469
32,11,gsm8k_ver1_vs_gpqa_orgn,1,1,1,5.714813,,5.714813
32,11,gsm8k_ver1_vs_gpqa_ver1,1,1,1,5.82782,,5.82782
32,12,gpqa_orgn_vs_gpqa_ver1,1,1,1,9.097787,,9.097787
32,12,gsm8k_orgn_vs_gpqa_orgn,1,1,1,8.453881,,8.453881
32,12,gsm8k_orgn_vs_gpqa_ver1,1,1,1,8.546397,,8.546397
32,12,gsm8k_orgn_vs_gsm8k_ver1,1,1,1,8.211253,,8.211253
32,12,gsm8k_ver1_vs_gpqa_orgn,1,1,1,8.985908,,8.985908
32,12,gsm8k_ver1_vs_gpqa_ver1,1,1,1,9.067609,,9.067609
32,13,gpqa_orgn_vs_gpqa_ver1,1,1,1,9.43167,,9.43167
32,13,gsm8k_orgn_vs_gpqa_orgn,1,1,1,10.479107,,10.479107
32,13,gsm8k_orgn_vs_gpqa_ver1,1,1,1,10.140162,,10.140162
32,13,gsm8k_orgn_vs_gsm8k_ver1,1,1,1,11.3381,,11.3381
32,13,gsm8k_ver1_vs_gpqa_orgn,1,1,1,10.854273,,10.854273
32,13,gsm8k_ver1_vs_gpqa_ver1,1,1,1,10.500029,,10.500029
32,14,gpqa_orgn_vs_gpqa_ver1,1,1,1,3.948469,,3.948469
32,14,gsm8k_orgn_vs_gpqa_orgn,1,1,1,3.19356,,3.19356
32,14,gsm8k_orgn_vs_gpqa_ver1,1,1,1,3.176967,,3.176967
32,14,gsm8k_orgn_vs_gsm8k_ver1,1,1,1,2.486627,,2.486627
32,14,gsm8k_ver1_vs_gpqa_orgn,1,1,1,3.315184,,3.315184
32,14,gsm8k_ver1_vs_gpqa_ver1,1,1,1,3.288438,,3.288438
32,15,gpqa_orgn_vs_gpqa_ver1,1,1,1,2.488028,,2.488028
32,15,gsm8k_orgn_vs_gpqa_orgn,1,1,1,2.79048,,2.79048
32,15,gsm8k_orgn_vs_gpqa_ver1,1,1,1,2.854235,,2.854235
32,15,gsm8k_orgn_vs_gsm8k_ver1,1,1,1,3.187887,,3.187887
32,15,gsm8k_ver1_vs_gpqa_orgn,1,1,1,2.887925,,2.887925
32,15,gsm8k_ver1_vs_gpqa_ver1,1,1,1,2.936664,,2.936664
32,16,gpqa_orgn_vs_gpqa_ver1,1,1,1,3.160567,,3.160567
32,16,gsm8k_orgn_vs_gpqa_orgn,1,1,1,3.074996,,3.074996
32,16,gsm8k_orgn_vs_gpqa_ver1,1,1,1,2.997979,,2.997979
32,16,gsm8k_orgn_vs_gsm8k_ver1,1,1,1,2.9096,,2.9096
32,16,gsm8k_ver1_vs_gpqa_orgn,1,1,1,3.116361,,3.116361
32,16,gsm8k_ver1_vs_gpqa_ver1,1,1,1,3.022615,,3.022615
32,17,gpqa_orgn_vs_gpqa_ver1,1,1,1,2.726847,,2.726847
32,17,gsm8k_orgn_vs_gpqa_orgn,1,1,1,2.250303,,2.250303
32,17,gsm8k_orgn_vs_gpqa_ver1,1,1,1,2.343581,,2.343581
32,17,gsm8k_orgn_vs_gsm8k_ver1,1,1,1,1.719565,,1.719565
32,17,gsm8k_ver1_vs_gpqa_orgn,1,1,1,2.138697,,2.138697
32,17,gsm8k_ver1_vs_gpqa_ver1,1,1,1,2.217165,,2.217165
32,18,gpqa_orgn_vs_gpqa_ver1,1,1,1,1.661293,,1.661293
32,18,gsm8k_orgn_vs_gpqa_orgn,1,1,1,2.936024,,2.936024
32,18,gsm8k_orgn_vs_gpqa_ver1,1,1,1,2.88318,,2.88318
32,18,gsm8k_orgn_vs_gsm8k_ver1,1,1,1,3.331338,,3.331338
32,18,gsm8k_ver1_vs_gpqa_orgn,1,1,1,2.232663,,2.232663
32,18,gsm8k_ver1_vs_gpqa_ver1,1,1,1,2.161943,,2.161943
32,19,gpqa_orgn_vs_gpqa_ver1,1,1,1,2.074149,,2.074149
32,19,gsm8k_orgn_vs_gpqa_orgn,1,1,1,4.423094,,4.423094
32,19,gsm8k_orgn_vs_gpqa_ver1,1,1,1,4.350869,,4.350869
32,19,gsm8k_orgn_vs_gsm8k_ver1,1,1,1,5.48085,,5.48085
32,19,gsm8k_ver1_vs_gpqa_orgn,1,1,1,3.784419,,3.784419
32,19,gsm8k_ver1_vs_gpqa_ver1,1,1,1,3.680198,,3.680198
32,20,gpqa_orgn_vs_gpqa_ver1,1,1,1,9.817721,,9.817721
32,20,gsm8k_orgn_vs_gpqa_orgn,1,1,1,10.150205,,10.150205
32,20,gsm8k_orgn_vs_gpqa_ver1,1,1,1,9.783723,,9.783723
32,20,gsm8k_orgn_vs_gsm8k_ver1,1,1,1,9.227282,,9.227282
32,20,gsm8k_ver1_vs_gpqa_orgn,1,1,1,9.537012,,9.537012
32,20,gsm8k_ver1_vs_gpqa_ver1,1,1,1,9.053125,,9.053125
32,21,gpqa_orgn_vs_gpqa_ver1,1,1,1,11.488748,,11.488748
32,21,gsm8k_orgn_vs_gpqa_orgn,1,1,1,10.89003,,10.89003
32,21,gsm8k_orgn_vs_gpqa_ver1,1,1,1,11.133976,,11.133976
32,21,gsm8k_orgn_vs_gsm8k_ver1,1,1,1,11.120096,,11.120096
32,21,gsm8k_ver1_vs_gpqa_orgn,1,1,1,11.789916,,11.789916
32,21,gsm8k_ver1_vs_gpqa_ver1,1,1,1,11.784621,,11.784621
32,22,gpqa_orgn_vs_gpqa_ver1,1,1,1,2.16497,,2.16497
32,22,gsm8k_orgn_vs_gpqa_orgn,1,1,1,2.392673,,2.392673
32,22,gsm8k_orgn_vs_gpqa_ver1,1,1,1,2.503447,,2.503447
32,22,gsm8k_orgn_vs_gsm8k_ver1,1,1,1,2.150824,,2.150824
32,22,gsm8k_ver1_vs_gpqa_orgn,1,1,1,1.897283,,1.897283
32,22,gsm8k_ver1_vs_gpqa_ver1,1,1,1,2.006788,,2.006788
32,23,gpqa_orgn_vs_gpqa_ver1,1,1,1,10.619271,,10.619271
32,23,gsm8k_orgn_vs_gpqa_orgn,1,1,1,10.922737,,10.922737
32,23,gsm8k_orgn_vs_gpqa_ver1,1,1,1,10.552341,,10.552341
32,23,gsm8k_orgn_vs_gsm8k_ver1,1,1,1,10.06031,,10.06031
32,23,gsm8k_ver1_vs_gpqa_orgn,1,1,1,10.398998,,10.398998
32,23,gsm8k_ver1_vs_gpqa_ver1,1,1,1,9.9201,,9.9201
32,24,gpqa_orgn_vs_gpqa_ver1,1,1,1,6.895927,,6.895927
32,24,gsm8k_orgn_vs_gpqa_orgn,1,1,1,6.558892,,6.558892
32,24,gsm8k_orgn_vs_gpqa_ver1,1,1,1,6.921341,,6.921341
32,24,gsm8k_orgn_vs_gsm8k_ver1,1,1,1,6.082168,,6.082168
32,24,gsm8k_ver1_vs_gpqa_orgn,1,1,1,6.206831,,6.206831
32,24,gsm8k_ver1_vs_gpqa_ver1,1,1,1,6.556427,,6.556427
32,25,gpqa_orgn_vs_gpqa_ver1,1,1,1,3.724606,,3.724606
32,25,gsm8k_orgn_vs_gpqa_orgn,1,1,1,3.175488,,3.175488
32,25,gsm8k_orgn_vs_gpqa_ver1,1,1,1,3.789176,,3.789176
32,25,gsm8k_orgn_vs_gsm8k_ver1,1,1,1,3.522403,,3.522403
32,25,gsm8k_ver1_vs_gpqa_orgn,1,1,1,3.532011,,3.532011
32,25,gsm8k_ver1_vs_gpqa_ver1,1,1,1,4.135221,,4.135221
32,26,gpqa_orgn_vs_gpqa_ver1,1,1,1,4.907316,,4.907316
32,26,gsm8k_orgn_vs_gpqa_orgn,1,1,1,3.928186,,3.928186
32,26,gsm8k_orgn_vs_gpqa_ver1,1,1,1,4.263392,,4.263392
32,26,gsm8k_orgn_vs_gsm8k_ver1,1,1,1,3.930053,,3.930053
32,26,gsm8k_ver1_vs_gpqa_orgn,1,1,1,4.657704,,4.657704
32,26,gsm8k_ver1_vs_gpqa_ver1,1,1,1,4.970877,,4.970877
32,27,gpqa_orgn_vs_gpqa_ver1,1,1,1,3.129267,,3.129267
32,27,gsm8k_orgn_vs_gpqa_orgn,1,1,1,3.33425,,3.33425
32,27,gsm8k_orgn_vs_gpqa_ver1,1,1,1,3.72952,,3.72952
32,27,gsm8k_orgn_vs_gsm8k_ver1,1,1,1,3.716421,,3.716421
32,27,gsm8k_ver1_vs_gpqa_orgn,1,1,1,3.200523,,3.200523
32,27,gsm8k_ver1_vs_gpqa_ver1,1,1,1,3.592908,,3.592908
32,28,gpqa_orgn_vs_gpqa_ver1,1,1,1,3.459525,,3.459525
32,28,gsm8k_orgn_vs_gpqa_orgn,1,1,1,3.125041,,3.125041
32,28,gsm8k_orgn_vs_gpqa_ver1,1,1,1,3.460027,,3.460027
32,28,gsm8k_orgn_vs_gsm8k_ver1,1,1,1,3.233174,,3.233174
32,28,gsm8k_ver1_vs_gpqa_orgn,1,1,1,3.303786,,3.303786
32,28,gsm8k_ver1_vs_gpqa_ver1,1,1,1,3.631057,,3.631057
32,29,gpqa_orgn_vs_gpqa_ver1,1,1,1,2.193221,,2.193221
32,29,gsm8k_orgn_vs_gpqa_orgn,1,1,1,2.916055,,2.916055
32,29,gsm8k_orgn_vs_gpqa_ver1,1,1,1,2.709224,,2.709224
32,29,gsm8k_orgn_vs_gsm8k_ver1,1,1,1,3.279194,,3.279194
32,29,gsm8k_ver1_vs_gpqa_orgn,1,1,1,2.85943,,2.85943
32,29,gsm8k_ver1_vs_gpqa_ver1,1,1,1,2.646554,,2.646554
32,30,gpqa_orgn_vs_gpqa_ver1,1,1,1,5.089939,,5.089939
32,30,gsm8k_orgn_vs_gpqa_orgn,1,1,1,4.610587,,4.610587
32,30,gsm8k_orgn_vs_gpqa_ver1,1,1,1,4.934479,,4.934479
32,30,gsm8k_orgn_vs_gsm8k_ver1,1,1,1,5.049652,,5.049652
32,30,gsm8k_ver1_vs_gpqa_orgn,1,1,1,5.437088,,5.437088
32,30,gsm8k_ver1_vs_gpqa_ver1,1,1,1,5.408461,,5.408461
32,31,gpqa_orgn_vs_gpqa_ver1,1,1,1,7.698465,,7.698465
32,31,gsm8k_orgn_vs_gpqa_orgn,1,1,1,7.527649,,7.527649
32,31,gsm8k_orgn_vs_gpqa_ver1,1,1,1,7.510644,,7.510644
32,31,gsm8k_orgn_vs_gsm8k_ver1,1,1,1,6.668448,,6.668448
32,31,gsm8k_ver1_vs_gpqa_orgn,1,1,1,7.209627,,7.209627
32,31,gsm8k_ver1_vs_gpqa_ver1,1,1,1,6.415856,,6.415856
32,32,gpqa_orgn_vs_gpqa_ver1,1,1,1,4.824625,,4.824625
32,32,gsm8k_orgn_vs_gpqa_orgn,1,1,1,3.443475,,3.443475
32,32,gsm8k_orgn_vs_gpqa_ver1,1,1,1,3.731655,,3.731655
32,32,gsm8k_orgn_vs_gsm8k_ver1,1,1,1,1.94737,,1.94737
32,32,gsm8k_ver1_vs_gpqa_orgn,1,1,1,3.291179,,3.291179
32,32,gsm8k_ver1_vs_gpqa_ver1,1,1,1,3.532558,,3.532558
32,33,gpqa_orgn_vs_gpqa_ver1,1,1,1,6.017342,,6.017342
32,33,gsm8k_orgn_vs_gpqa_orgn,1,1,1,6.753663,,6.753663
32,33,gsm8k_orgn_vs_gpqa_ver1,1,1,1,7.393918,,7.393918
32,33,gsm8k_orgn_vs_gsm8k_ver1,1,1,1,6.795464,,6.795464
32,33,gsm8k_ver1_vs_gpqa_orgn,1,1,1,5.752091,,5.752091
32,33,gsm8k_ver1_vs_gpqa_ver1,1,1,1,5.634565,,5.634565
32,34,gpqa_orgn_vs_gpqa_ver1,1,1,1,5.780397,,5.780397
32,34,gsm8k_orgn_vs_gpqa_orgn,1,1,1,5.239324,,5.239324
32,34,gsm8k_orgn_vs_gpqa_ver1,1,1,1,5.327142,,5.327142
32,34,gsm8k_orgn_vs_gsm8k_ver1,1,1,1,3.840083,,3.840083
32,34,gsm8k_ver1_vs_gpqa_orgn,1,1,1,4.428801,,4.428801
32,34,gsm8k_ver1_vs_gpqa_ver1,1,1,1,4.323026,,4.323026
32,35,gpqa_orgn_vs_gpqa_ver1,1,1,1,17.02685,,17.02685
32,35,gsm8k_orgn_vs_gpqa_orgn,1,1,1,13.413567,,13.413567
32,35,gsm8k_orgn_vs_gpqa_ver1,1,1,1,14.203876,,14.203876
32,35,gsm8k_orgn_vs_gsm8k_ver1,1,1,1,9.975779,,9.975779
32,35,gsm8k_ver1_vs_gpqa_orgn,1,1,1,13.977289,,13.977289
32,35,gsm8k_ver1_vs_gpqa_ver1,1,1,1,14.610004,,14.610004
32,36,gpqa_orgn_vs_gpqa_ver1,1,1,1,15.868641,,15.868641
32,36,gsm8k_orgn_vs_gpqa_orgn,1,1,1,12.354527,,12.354527
32,36,gsm8k_orgn_vs_gpqa_ver1,1,1,1,12.942078,,12.942078
32,36,gsm8k_orgn_vs_gsm8k_ver1,1,1,1,8.318394,,8.318394
32,36,gsm8k_ver1_vs_gpqa_orgn,1,1,1,12.563644,,12.563644
32,36,gsm8k_ver1_vs_gpqa_ver1,1,1,1,13.073052,,13.073052
32,37,gpqa_orgn_vs_gpqa_ver1,1,1,1,11.850769,,11.850769
32,37,gsm8k_orgn_vs_gpqa_orgn,1,1,1,10.50343,,10.50343
32,37,gsm8k_orgn_vs_gpqa_ver1,1,1,1,11.444244,,11.444244
32,37,gsm8k_orgn_vs_gsm8k_ver1,1,1,1,9.187551,,9.187551
32,37,gsm8k_ver1_vs_gpqa_orgn,1,1,1,10.31722,,10.31722
32,37,gsm8k_ver1_vs_gpqa_ver1,1,1,1,11.162475,,11.162475
32,38,gpqa_orgn_vs_gpqa_ver1,1,1,1,9.169743,,9.169743
32,38,gsm8k_orgn_vs_gpqa_orgn,1,1,1,8.535536,,8.535536
32,38,gsm8k_orgn_vs_gpqa_ver1,1,1,1,9.220658,,9.220658
32,38,gsm8k_orgn_vs_gsm8k_ver1,1,1,1,8.39817,,8.39817
32,38,gsm8k_ver1_vs_gpqa_orgn,1,1,1,8.573047,,8.573047
32,38,gsm8k_ver1_vs_gpqa_ver1,1,1,1,9.208232,,9.208232
32,39,gpqa_orgn_vs_gpqa_ver1,1,1,1,9.343225,,9.343225
32,39,gsm8k_orgn_vs_gpqa_orgn,1,1,1,8.478854,,8.478854
32,39,gsm8k_orgn_vs_gpqa_ver1,1,1,1,8.515629,,8.515629
32,39,gsm8k_orgn_vs_gsm8k_ver1,1,1,1,8.279836,,8.279836
32,39,gsm8k_ver1_vs_gpqa_orgn,1,1,1,9.250583,,9.250583
32,39,gsm8k_ver1_vs_gpqa_ver1,1,1,1,9.24288,,9.24288
33,0,gpqa_orgn_vs_gpqa_ver1,1,1,1,4.983932,,4.983932
33,0,gsm8k_orgn_vs_gpqa_orgn,1,1,1,4.900161,,4.900161
33,0,gsm8k_orgn_vs_gpqa_ver1,1,1,1,4.794326,,4.794326
33,0,gsm8k_orgn_vs_gsm8k_ver1,1,1,1,4.382471,,4.382471
33,0,gsm8k_ver1_vs_gpqa_orgn,1,1,1,4.653071,,4.653071
33,0,gsm8k_ver1_vs_gpqa_ver1,1,1,1,4.528947,,4.528947
33,1,gpqa_orgn_vs_gpqa_ver1,1,1,1,7.489538,,7.489538
33,1,gsm8k_orgn_vs_gpqa_orgn,1,1,1,6.412628,,6.412628
33,1,gsm8k_orgn_vs_gpqa_ver1,1,1,1,6.834163,,6.834163
33,1,gsm8k_orgn_vs_gsm8k_ver1,1,1,1,4.919031,,4.919031
33,1,gsm8k_ver1_vs_gpqa_orgn,1,1,1,5.875491,,5.875491
33,1,gsm8k_ver1_vs_gpqa_ver1,1,1,1,6.255663,,6.255663
33,2,gpqa_orgn_vs_gpqa_ver1,1,1,1,3.053324,,3.053324
33,2,gsm8k_orgn_vs_gpqa_orgn,1,1,1,3.291484,,3.291484
33,2,gsm8k_orgn_vs_gpqa_ver1,1,1,1,3.642833,,3.642833
33,2,gsm8k_orgn_vs_gsm8k_ver1,1,1,1,3.687736,,3.687736
33,2,gsm8k_ver1_vs_gpqa_orgn,1,1,1,3.191943,,3.191943
33,2,gsm8k_ver1_vs_gpqa_ver1,1,1,1,3.51258,,3.51258
33,3,gpqa_orgn_vs_gpqa_ver1,1,1,1,4.084546,,4.084546
33,3,gsm8k_orgn_vs_gpqa_orgn,1,1,1,4.526279,,4.526279
33,3,gsm8k_orgn_vs_gpqa_ver1,1,1,1,4.529922,,4.529922
33,3,gsm8k_orgn_vs_gsm8k_ver1,1,1,1,4.235744,,4.235744
33,3,gsm8k_ver1_vs_gpqa_orgn,1,1,1,3.968068,,3.968068
33,3,gsm8k_ver1_vs_gpqa_ver1,1,1,1,3.915804,,3.915804
33,4,gpqa_orgn_vs_gpqa_ver1,1,1,1,1.453188,,1.453188
33,4,gsm8k_orgn_vs_gpqa_orgn,1,1,1,1.596007,,1.596007
33,4,gsm8k_orgn_vs_gpqa_ver1,1,1,1,1.620262,,1.620262
33,4,gsm8k_orgn_vs_gsm8k_ver1,1,1,1,1.432769,,1.432769
33,4,gsm8k_ver1_vs_gpqa_orgn,1,1,1,1.283484,,1.283484
33,4,gsm8k_ver1_vs_gpqa_ver1,1,1,1,1.29659,,1.29659
33,5,gpqa_orgn_vs_gpqa_ver1,1,1,1,6.16519,,6.16519
33,5,gsm8k_orgn_vs_gpqa_orgn,1,1,1,4.176662,,4.176662
33,5,gsm8k_orgn_vs_gpqa_ver1,1,1,1,5.454232,,5.454232
33,5,gsm8k_orgn_vs_gsm8k_ver1,1,1,1,4.041289,,4.041289
33,5,gsm8k_ver1_vs_gpqa_orgn,1,1,1,4.94604,,4.94604
33,5,gsm8k_ver1_vs_gpqa_ver1,1,1,1,6.171408,,6.171408
33,6,gpqa_orgn_vs_gpqa_ver1,1,1,1,4.09503,,4.09503
33,6,gsm8k_orgn_vs_gpqa_orgn,1,1,1,3.567437,,3.567437
33,6,gsm8k_orgn_vs_gpqa_ver1,1,1,1,3.905655,,3.905655
33,6,gsm8k_orgn_vs_gsm8k_ver1,1,1,1,3.712812,,3.712812
33,6,gsm8k_ver1_vs_gpqa_orgn,1,1,1,3.97946,,3.97946
33,6,gsm8k_ver1_vs_gpqa_ver1,1,1,1,4.302898,,4.302898
33,7,gpqa_orgn_vs_gpqa_ver1,1,1,1,5.908059,,5.908059
33,7,gsm8k_orgn_vs_gpqa_orgn,1,1,1,5.690037,,5.690037
33,7,gsm8k_orgn_vs_gpqa_ver1,1,1,1,6.239389,,6.239389
33,7,gsm8k_orgn_vs_gsm8k_ver1,1,1,1,6.330818,,6.330818
33,7,gsm8k_ver1_vs_gpqa_orgn,1,1,1,6.128955,,6.128955
33,7,gsm8k_ver1_vs_gpqa_ver1,1,1,1,6.659616,,6.659616
33,8,gpqa_orgn_vs_gpqa_ver1,1,1,1,5.484115,,5.484115
33,8,gsm8k_orgn_vs_gpqa_orgn,1,1,1,5.266183,,5.266183
33,8,gsm8k_orgn_vs_gpqa_ver1,1,1,1,5.001211,,5.001211
33,8,gsm8k_orgn_vs_gsm8k_ver1,1,1,1,4.9111,,4.9111
33,8,gsm8k_ver1_vs_gpqa_orgn,1,1,1,5.476518,,5.476518
33,8,gsm8k_ver1_vs_gpqa_ver1,1,1,1,5.193834,,5.193834
33,9,gpqa_orgn_vs_gpqa_ver1,1,1,1,5.307504,,5.307504
33,9,gsm8k_orgn_vs_gpqa_orgn,1,1,1,5.004122,,5.004122
33,9,gsm8k_orgn_vs_gpqa_ver1,1,1,1,5.581134,,5.581134
33,9,gsm8k_orgn_vs_gsm8k_ver1,1,1,1,5.730028,,5.730028
33,9,gsm8k_ver1_vs_gpqa_orgn,1,1,1,5.575754,,5.575754
33,9,gsm8k_ver1_vs_gpqa_ver1,1,1,1,6.123736,,6.123736
33,10,gpqa_orgn_vs_gpqa_ver1,1,1,1,9.966533,,9.966533
33,10,gsm8k_orgn_vs_gpqa_orgn,1,1,1,6.568672,,6.568672
33,10,gsm8k_orgn_vs_gpqa_ver1,1,1,1,7.781827,,7.781827
33,10,gsm8k_orgn_vs_gsm8k_ver1,1,1,1,4.379977,,4.379977
33,10,gsm8k_ver1_vs_gpqa_orgn,1,1,1,7.020365,,7.020365
33,10,gsm8k_ver1_vs_gpqa_ver1,1,1,1,8.118768,,8.118768
33,11,gpqa_orgn_vs_gpqa_ver1,1,1,1,6.239718,,6.239718
33,11,gsm8k_orgn_vs_gpqa_orgn,1,1,1,6.310594,,6.310594
33,11,gsm8k_orgn_vs_gpqa_ver1,1,1,1,6.011339,,6.011339
33,11,gsm8k_orgn_vs_gsm8k_ver1,1,1,1,5.185091,,5.185091
33,11,gsm8k_ver1_vs_gpqa_orgn,1,1,1,5.634597,,5.634597
33,11,gsm8k_ver1_vs_gpqa_ver1,1,1,1,5.158909,,5.158909
33,12,gpqa_orgn_vs_gpqa_ver1,1,1,1,12.379668,,12.379668
33,12,gsm8k_orgn_vs_gpqa_orgn,1,1,1,9.201233,,9.201233
33,12,gsm8k_orgn_vs_gpqa_ver1,1,1,1,10.571221,,10.571221
33,12,gsm8k_orgn_vs_gsm8k_ver1,1,1,1,7.262109,,7.262109
33,12,gsm8k_ver1_vs_gpqa_orgn,1,1,1,9.510184,,9.510184
33,12,gsm8k_ver1_vs_gpqa_ver1,1,1,1,10.820721,,10.820721
33,13,gpqa_orgn_vs_gpqa_ver1,1,1,1,9.181308,,9.181308
33,13,gsm8k_orgn_vs_gpqa_orgn,1,1,1,7.691107,,7.691107
33,13,gsm8k_orgn_vs_gpqa_ver1,1,1,1,7.610344,,7.610344
33,13,gsm8k_orgn_vs_gsm8k_ver1,1,1,1,5.086116,,5.086116
33,13,gsm8k_ver1_vs_gpqa_orgn,1,1,1,6.941171,,6.941171
33,13,gsm8k_ver1_vs_gpqa_ver1,1,1,1,6.773563,,6.773563
33,14,gpqa_orgn_vs_gpqa_ver1,1,1,1,4.703976,,4.703976
33,14,gsm8k_orgn_vs_gpqa_orgn,1,1,1,5.217469,,5.217469
33,14,gsm8k_orgn_vs_gpqa_ver1,1,1,1,4.37112,,4.37112
33,14,gsm8k_orgn_vs_gsm8k_ver1,1,1,1,3.216109,,3.216109
33,14,gsm8k_ver1_vs_gpqa_orgn,1,1,1,3.730556,,3.730556
33,14,gsm8k_ver1_vs_gpqa_ver1,1,1,1,2.81614,,2.81614
33,15,gpqa_orgn_vs_gpqa_ver1,1,1,1,6.504396,,6.504396
33,15,gsm8k_orgn_vs_gpqa_orgn,1,1,1,5.856271,,5.856271
33,15,gsm8k_orgn_vs_gpqa_ver1,1,1,1,6.210452,,6.210452
33,15,gsm8k_orgn_vs_gsm8k_ver1,1,1,1,7.087141,,7.087141
33,15,gsm8k_ver1_vs_gpqa_orgn,1,1,1,7.664726,,7.664726
33,15,gsm8k_ver1_vs_gpqa_ver1,1,1,1,7.949075,,7.949075
33,16,gpqa_orgn_vs_gpqa_ver1,1,1,1,5.720083,,5.720083
33,16,gsm8k_orgn_vs_gpqa_orgn,1,1,1,6.233723,,6.233723
33,16,gsm8k_orgn_vs_gpqa_ver1,1,1,1,6.165765,,6.165765
33,16,gsm8k_orgn_vs_gsm8k_ver1,1,1,1,7.480826,,7.480826
33,16,gsm8k_ver1_vs_gpqa_orgn,1,1,1,7.377699,,7.377699
33,16,gsm8k_ver1_vs_gpqa_ver1,1,1,1,7.326665,,7.326665
33,17,gpqa_orgn_vs_gpqa_ver1,1,1,1,4.195389,,4.195389
33,17,gsm8k_orgn_vs_gpqa_orgn,1,1,1,5.193232,,5.193232
33,17,gsm8k_orgn_vs_gpqa_ver1,1,1,1,5.148521,,5.148521
33,17,gsm8k_orgn_vs_gsm8k_ver1,1,1,1,7.520565,,7.520565
33,17,gsm8k_ver1_vs_gpqa_orgn,1,1,1,7.089996,,7.089996
33,17,gsm8k_ver1_vs_gpqa_ver1,1,1,1,7.046366,,7.046366
33,18,gpqa_orgn_vs_gpqa_ver1,1,1,1,11.900659,,11.900659
33,18,gsm8k_orgn_vs_gpqa_orgn,1,1,1,10.624916,,10.624916
33,18,gsm8k_orgn_vs_gpqa_ver1,1,1,1,11.59925,,11.59925
33,18,gsm8k_orgn_vs_gsm8k_ver1,1,1,1,9.949642,,9.949642
33,18,gsm8k_ver1_vs_gpqa_orgn,1,1,1,11.08362,,11.08362
33,18,gsm8k_ver1_vs_gpqa_ver1,1,1,1,12.019822,,12.019822
33,19,gpqa_orgn_vs_gpqa_ver1,1,1,1,6.515438,,6.515438
33,19,gsm8k_orgn_vs_gpqa_orgn,1,1,1,7.370197,,7.370197
33,19,gsm8k_orgn_vs_gpqa_ver1,1,1,1,7.104302,,7.104302
33,19,gsm8k_orgn_vs_gsm8k_ver1,1,1,1,7.119665,,7.119665
33,19,gsm8k_ver1_vs_gpqa_orgn,1,1,1,7.054515,,7.054515
33,19,gsm8k_ver1_vs_gpqa_ver1,1,1,1,6.762334,,6.762334
33,20,gpqa_orgn_vs_gpqa_ver1,1,1,1,10.01554,,10.01554
33,20,gsm8k_orgn_vs_gpqa_orgn,1,1,1,11.460819,,11.460819
33,20,gsm8k_orgn_vs_gpqa_ver1,1,1,1,11.082481,,11.082481
33,20,gsm8k_orgn_vs_gsm8k_ver1,1,1,1,12.639038,,12.639038
33,20,gsm8k_ver1_vs_gpqa_orgn,1,1,1,12.270308,,12.270308
33,20,gsm8k_ver1_vs_gpqa_ver1,1,1,1,11.874705,,11.874705
33,21,gpqa_orgn_vs_gpqa_ver1,1,1,1,3.706176,,3.706176
33,21,gsm8k_orgn_vs_gpqa_orgn,1,1,1,6.466448,,6.466448
33,21,gsm8k_orgn_vs_gpqa_ver1,1,1,1,6.498528,,6.498528
33,21,gsm8k_orgn_vs_gsm8k_ver1,1,1,1,7.470874,,7.470874
33,21,gsm8k_ver1_vs_gpqa_orgn,1,1,1,5.121515,,5.121515
33,21,gsm8k_ver1_vs_gpqa_ver1,1,1,1,5.126248,,5.126248
33,22,gpqa_orgn_vs_gpqa_ver1,1,1,1,7.286483,,7.286483
33,22,gsm8k_orgn_vs_gpqa_orgn,1,1,1,8.058049,,8.058049
33,22,gsm8k_orgn_vs_gpqa_ver1,1,1,1,7.854674,,7.854674
33,22,gsm8k_orgn_vs_gsm8k_ver1,1,1,1,7.86742,,7.86742
33,22,gsm8k_ver1_vs_gpqa_orgn,1,1,1,7.66175,,7.66175
33,22,gsm8k_ver1_vs_gpqa_ver1,1,1,1,7.431753,,7.431753
33,23,gpqa_orgn_vs_gpqa_ver1,1,1,1,6.276956,,6.276956
33,23,gsm8k_orgn_vs_gpqa_orgn,1,1,1,8.785966,,8.785966
33,23,gsm8k_orgn_vs_gpqa_ver1,1,1,1,8.899091,,8.899091
33,23,gsm8k_orgn_vs_gsm8k_ver1,1,1,1,8.707328,,8.707328
33,23,gsm8k_ver1_vs_gpqa_orgn,1,1,1,6.411622,,6.411622
33,23,gsm8k_ver1_vs_gpqa_ver1,1,1,1,6.525645,,6.525645
33,24,gpqa_orgn_vs_gpqa_ver1,1,1,1,8.550486,,8.550486
33,24,gsm8k_orgn_vs_gpqa_orgn,1,1,1,10.795886,,10.795886
33,24,gsm8k_orgn_vs_gpqa_ver1,1,1,1,10.344437,,10.344437
33,24,gsm8k_orgn_vs_gsm8k_ver1,1,1,1,10.250954,,10.250954
33,24,gsm8k_ver1_vs_gpqa_orgn,1,1,1,9.045721,,9.045721
33,24,gsm8k_ver1_vs_gpqa_ver1,1,1,1,8.515254,,8.515254
33,25,gpqa_orgn_vs_gpqa_ver1,1,1,1,5.887508,,5.887508
33,25,gsm8k_orgn_vs_gpqa_orgn,1,1,1,4.454949,,4.454949
33,25,gsm8k_orgn_vs_gpqa_ver1,1,1,1,5.396308,,5.396308
33,25,gsm8k_orgn_vs_gsm8k_ver1,1,1,1,4.438688,,4.438688
33,25,gsm8k_ver1_vs_gpqa_orgn,1,1,1,5.054668,,5.054668
33,25,gsm8k_ver1_vs_gpqa_ver1,1,1,1,5.870269,,5.870269
33,26,gpqa_orgn_vs_gpqa_ver1,1,1,1,6.742704,,6.742704
33,26,gsm8k_orgn_vs_gpqa_orgn,1,1,1,5.019044,,5.019044
33,26,gsm8k_orgn_vs_gpqa_ver1,1,1,1,5.701286,,5.701286
33,26,gsm8k_orgn_vs_gsm8k_ver1,1,1,1,3.982672,,3.982672
33,26,gsm8k_ver1_vs_gpqa_orgn,1,1,1,5.276525,,5.276525
33,26,gsm8k_ver1_vs_gpqa_ver1,1,1,1,5.923697,,5.923697
33,27,gpqa_orgn_vs_gpqa_ver1,1,1,1,7.539181,,7.539181
33,27,gsm8k_orgn_vs_gpqa_orgn,1,1,1,6.734507,,6.734507
33,27,gsm8k_orgn_vs_gpqa_ver1,1,1,1,7.225545,,7.225545
33,27,gsm8k_orgn_vs_gsm8k_ver1,1,1,1,6.549287,,6.549287
33,27,gsm8k_ver1_vs_gpqa_orgn,1,1,1,7.038267,,7.038267
33,27,gsm8k_ver1_vs_gpqa_ver1,1,1,1,7.514785,,7.514785
33,28,gpqa_orgn_vs_gpqa_ver1,1,1,1,1.964441,,1.964441
33,28,gsm8k_orgn_vs_gpqa_orgn,1,1,1,2.912241,,2.912241
33,28,gsm8k_orgn_vs_gpqa_ver1,1,1,1,2.927584,,2.927584
33,28,gsm8k_orgn_vs_gsm8k_ver1,1,1,1,3.104038,,3.104038
33,28,gsm8k_ver1_vs_gpqa_orgn,1,1,1,2.263475,,2.263475
33,28,gsm8k_ver1_vs_gpqa_ver1,1,1,1,2.244424,,2.244424
33,29,gpqa_orgn_vs_gpqa_ver1,1,1,1,14.537909,,14.537909
33,29,gsm8k_orgn_vs_gpqa_orgn,1,1,1,12.652677,,12.652677
33,29,gsm8k_orgn_vs_gpqa_ver1,1,1,1,13.628051,,13.628051
33,29,gsm8k_orgn_vs_gsm8k_ver1,1,1,1,12.373217,,12.373217
33,29,gsm8k_ver1_vs_gpqa_orgn,1,1,1,13.611687,,13.611687
33,29,gsm8k_ver1_vs_gpqa_ver1,1,1,1,14.523602,,14.523602
33,30,gpqa_orgn_vs_gpqa_ver1,1,1,1,5.062395,,5.062395
33,30,gsm8k_orgn_vs_gpqa_orgn,1,1,1,6.010126,,6.010126
33,30,gsm8k_orgn_vs_gpqa_ver1,1,1,1,5.76469,,5.76469
33,30,gsm8k_orgn_vs_gsm8k_ver1,1,1,1,6.186601,,6.186601
33,30,gsm8k_ver1_vs_gpqa_orgn,1,1,1,5.702155,,5.702155
33,30,gsm8k_ver1_vs_gpqa_ver1,1,1,1,5.341505,,5.341505
33,31,gpqa_orgn_vs_gpqa_ver1,1,1,1,3.998774,,3.998774
33,31,gsm8k_orgn_vs_gpqa_orgn,1,1,1,3.595526,,3.595526
33,31,gsm8k_orgn_vs_gpqa_ver1,1,1,1,3.307013,,3.307013
33,31,gsm8k_orgn_vs_gsm8k_ver1,1,1,1,2.299463,,2.299463
33,31,gsm8k_ver1_vs_gpqa_orgn,1,1,1,3.145844,,3.145844
33,31,gsm8k_ver1_vs_gpqa_ver1,1,1,1,2.762748,,2.762748
33,32,gpqa_orgn_vs_gpqa_ver1,1,1,1,4.264107,,4.264107
33,32,gsm8k_orgn_vs_gpqa_orgn,1,1,1,3.526774,,3.526774
33,32,gsm8k_orgn_vs_gpqa_ver1,1,1,1,3.74423,,3.74423
33,32,gsm8k_orgn_vs_gsm8k_ver1,1,1,1,2.979974,,2.979974
33,32,gsm8k_ver1_vs_gpqa_orgn,1,1,1,3.683496,,3.683496
33,32,gsm8k_ver1_vs_gpqa_ver1,1,1,1,3.752112,,3.752112
33,33,gpqa_orgn_vs_gpqa_ver1,1,1,1,4.379657,,4.379657
33,33,gsm8k_orgn_vs_gpqa_orgn,1,1,1,4.796564,,4.796564
33,33,gsm8k_orgn_vs_gpqa_ver1,1,1,1,4.654654,,4.654654
33,33,gsm8k_orgn_vs_gsm8k_ver1,1,1,1,4.4851,,4.4851
33,33,gsm8k_ver1_vs_gpqa_orgn,1,1,1,4.346826,,4.346826
33,33,gsm8k_ver1_vs_gpqa_ver1,1,1,1,4.071819,,4.071819
33,34,gpqa_orgn_vs_gpqa_ver1,1,1,1,6.468603,,6.468603
33,34,gsm8k_orgn_vs_gpqa_orgn,1,1,1,7.043055,,7.043055
33,34,gsm8k_orgn_vs_gpqa_ver1,1,1,1,6.864933,,6.864933
33,34,gsm8k_orgn_vs_gsm8k_ver1,1,1,1,6.433533,,6.433533
33,34,gsm8k_ver1_vs_gpqa_orgn,1,1,1,6.391014,,6.391014
33,34,gsm8k_ver1_vs_gpqa_ver1,1,1,1,5.857349,,5.857349
33,35,gpqa_orgn_vs_gpqa_ver1,1,1,1,6.591243,,6.591243
33,35,gsm8k_orgn_vs_gpqa_orgn,1,1,1,8.037977,,8.037977
33,35,gsm8k_orgn_vs_gpqa_ver1,1,1,1,8.557112,,8.557112
33,35,gsm8k_orgn_vs_gsm8k_ver1,1,1,1,9.905256,,9.905256
33,35,gsm8k_ver1_vs_gpqa_orgn,1,1,1,8.67359,,8.67359
33,35,gsm8k_ver1_vs_gpqa_ver1,1,1,1,9.13155,,9.13155
33,36,gpqa_orgn_vs_gpqa_ver1,1,1,1,4.326882,,4.326882
33,36,gsm8k_orgn_vs_gpqa_orgn,1,1,1,6.692699,,6.692699
33,36,gsm8k_orgn_vs_gpqa_ver1,1,1,1,6.046627,,6.046627
33,36,gsm8k_orgn_vs_gsm8k_ver1,1,1,1,6.899816,,6.899816
33,36,gsm8k_ver1_vs_gpqa_orgn,1,1,1,6.024805,,6.024805
33,36,gsm8k_ver1_vs_gpqa_ver1,1,1,1,5.306505,,5.306505
33,37,gpqa_orgn_vs_gpqa_ver1,1,1,1,7.948044,,7.948044
33,37,gsm8k_orgn_vs_gpqa_orgn,1,1,1,9.434184,,9.434184
33,37,gsm8k_orgn_vs_gpqa_ver1,1,1,1,8.887511,,8.887511
33,37,gsm8k_orgn_vs_gsm8k_ver1,1,1,1,9.322229,,9.322229
33,37,gsm8k_ver1_vs_gpqa_orgn,1,1,1,9.234563,,9.234563
33,37,gsm8k_ver1_vs_gpqa_ver1,1,1,1,8.652416,,8.652416
33,38,gpqa_orgn_vs_gpqa_ver1,1,1,1,6.637769,,6.637769
33,38,gsm8k_orgn_vs_gpqa_orgn,1,1,1,6.005043,,6.005043
33,38,gsm8k_orgn_vs_gpqa_ver1,1,1,1,5.921784,,5.921784
33,38,gsm8k_orgn_vs_gsm8k_ver1,1,1,1,5.051587,,5.051587
33,38,gsm8k_ver1_vs_gpqa_orgn,1,1,1,6.156064,,6.156064
33,38,gsm8k_ver1_vs_gpqa_ver1,1,1,1,6.04919,,6.04919
33,39,gpqa_orgn_vs_gpqa_ver1,1,1,1,4.326876,,4.326876
33,39,gsm8k_orgn_vs_gpqa_orgn,1,1,1,5.6905,,5.6905
33,39,gsm8k_orgn_vs_gpqa_ver1,1,1,1,5.63558,,5.63558
33,39,gsm8k_orgn_vs_gsm8k_ver1,1,1,1,6.12435,,6.12435
33,39,gsm8k_ver1_vs_gpqa_orgn,1,1,1,5.432661,,5.432661
33,39,gsm8k_ver1_vs_gpqa_ver1,1,1,1,5.364987,,5.364987
34,0,gpqa_orgn_vs_gpqa_ver1,1,1,1,1.374404,,1.374404
34,0,gsm8k_orgn_vs_gpqa_orgn,1,1,1,1.419748,,1.419748
34,0,gsm8k_orgn_vs_gpqa_ver1,1,1,1,1.154677,,1.154677
34,0,gsm8k_orgn_vs_gsm8k_ver1,1,1,1,0.981484,,0.981484
34,0,gsm8k_ver1_vs_gpqa_orgn,1,1,1,1.233285,,1.233285
34,0,gsm8k_ver1_vs_gpqa_ver1,1,1,1,0.858035,,0.858035
34,1,gpqa_orgn_vs_gpqa_ver1,1,1,1,5.463213,,5.463213
34,1,gsm8k_orgn_vs_gpqa_orgn,1,1,1,5.370028,,5.370028
34,1,gsm8k_orgn_vs_gpqa_ver1,1,1,1,6.210393,,6.210393
34,1,gsm8k_orgn_vs_gsm8k_ver1,1,1,1,5.781322,,5.781322
34,1,gsm8k_ver1_vs_gpqa_orgn,1,1,1,5.321009,,5.321009
34,1,gsm8k_ver1_vs_gpqa_ver1,1,1,1,5.70035,,5.70035
34,2,gpqa_orgn_vs_gpqa_ver1,1,1,1,2.242275,,2.242275
34,2,gsm8k_orgn_vs_gpqa_orgn,1,1,1,2.473657,,2.473657
34,2,gsm8k_orgn_vs_gpqa_ver1,1,1,1,2.102138,,2.102138
34,2,gsm8k_orgn_vs_gsm8k_ver1,1,1,1,2.083515,,2.083515
34,2,gsm8k_ver1_vs_gpqa_orgn,1,1,1,2.274222,,2.274222
34,2,gsm8k_ver1_vs_gpqa_ver1,1,1,1,1.724987,,1.724987
34,3,gpqa_orgn_vs_gpqa_ver1,1,1,1,2.205159,,2.205159
34,3,gsm8k_orgn_vs_gpqa_orgn,1,1,1,1.823556,,1.823556
34,3,gsm8k_orgn_vs_gpqa_ver1,1,1,1,1.582612,,1.582612
34,3,gsm8k_orgn_vs_gsm8k_ver1,1,1,1,1.356534,,1.356534
34,3,gsm8k_ver1_vs_gpqa_orgn,1,1,1,2.064396,,2.064396
34,3,gsm8k_ver1_vs_gpqa_ver1,1,1,1,1.746667,,1.746667
34,4,gpqa_orgn_vs_gpqa_ver1,1,1,1,3.935806,,3.935806
34,4,gsm8k_orgn_vs_gpqa_orgn,1,1,1,3.454674,,3.454674
34,4,gsm8k_orgn_vs_gpqa_ver1,1,1,1,4.153794,,4.153794
34,4,gsm8k_orgn_vs_gsm8k_ver1,1,1,1,3.452049,,3.452049
34,4,gsm8k_ver1_vs_gpqa_orgn,1,1,1,3.373595,,3.373595
34,4,gsm8k_ver1_vs_gpqa_ver1,1,1,1,3.776697,,3.776697
34,5,gpqa_orgn_vs_gpqa_ver1,1,1,1,10.571072,,10.571072
34,5,gsm8k_orgn_vs_gpqa_orgn,1,1,1,6.498502,,6.498502
34,5,gsm8k_orgn_vs_gpqa_ver1,1,1,1,7.694483,,7.694483
34,5,gsm8k_orgn_vs_gsm8k_ver1,1,1,1,4.150667,,4.150667
34,5,gsm8k_ver1_vs_gpqa_orgn,1,1,1,7.456597,,7.456597
34,5,gsm8k_ver1_vs_gpqa_ver1,1,1,1,8.602706,,8.602706
34,6,gpqa_orgn_vs_gpqa_ver1,1,1,1,5.51496,,5.51496
34,6,gsm8k_orgn_vs_gpqa_orgn,1,1,1,4.888772,,4.888772
34,6,gsm8k_orgn_vs_gpqa_ver1,1,1,1,4.943473,,4.943473
34,6,gsm8k_orgn_vs_gsm8k_ver1,1,1,1,4.671866,,4.671866
34,6,gsm8k_ver1_vs_gpqa_orgn,1,1,1,5.293717,,5.293717
34,6,gsm8k_ver1_vs_gpqa_ver1,1,1,1,5.35064,,5.35064
34,7,gpqa_orgn_vs_gpqa_ver1,1,1,1,5.418999,,5.418999
34,7,gsm8k_orgn_vs_gpqa_orgn,1,1,1,4.494718,,4.494718
34,7,gsm8k_orgn_vs_gpqa_ver1,1,1,1,5.038522,,5.038522
34,7,gsm8k_orgn_vs_gsm8k_ver1,1,1,1,4.141543,,4.141543
34,7,gsm8k_ver1_vs_gpqa_orgn,1,1,1,4.597562,,4.597562
34,7,gsm8k_ver1_vs_gpqa_ver1,1,1,1,5.130472,,5.130472
34,8,gpqa_orgn_vs_gpqa_ver1,1,1,1,7.992799,,7.992799
34,8,gsm8k_orgn_vs_gpqa_orgn,1,1,1,7.359135,,7.359135
34,8,gsm8k_orgn_vs_gpqa_ver1,1,1,1,8.188553,,8.188553
34,8,gsm8k_orgn_vs_gsm8k_ver1,1,1,1,7.493995,,7.493995
34,8,gsm8k_ver1_vs_gpqa_orgn,1,1,1,7.354665,,7.354665
34,8,gsm8k_ver1_vs_gpqa_ver1,1,1,1,8.178686,,8.178686
34,9,gpqa_orgn_vs_gpqa_ver1,1,1,1,4.51886,,4.51886
34,9,gsm8k_orgn_vs_gpqa_orgn,1,1,1,4.159752,,4.159752
34,9,gsm8k_orgn_vs_gpqa_ver1,1,1,1,4.781322,,4.781322
34,9,gsm8k_orgn_vs_gsm8k_ver1,1,1,1,4.568202,,4.568202
34,9,gsm8k_ver1_vs_gpqa_orgn,1,1,1,4.355892,,4.355892
34,9,gsm8k_ver1_vs_gpqa_ver1,1,1,1,4.964645,,4.964645
34,10,gpqa_orgn_vs_gpqa_ver1,1,1,1,8.3488,,8.3488
34,10,gsm8k_orgn_vs_gpqa_orgn,1,1,1,9.398772,,9.398772
34,10,gsm8k_orgn_vs_gpqa_ver1,1,1,1,9.28877,,9.28877
34,10,gsm8k_orgn_vs_gsm8k_ver1,1,1,1,9.265859,,9.265859
34,10,gsm8k_ver1_vs_gpqa_orgn,1,1,1,8.451548,,8.451548
34,10,gsm8k_ver1_vs_gpqa_ver1,1,1,1,8.316001,,8.316001
34,11,gpqa_orgn_vs_gpqa_ver1,1,1,1,8.581327,,8.581327
34,11,gsm8k_orgn_vs_gpqa_orgn,1,1,1,7.192368,,7.192368
34,11,gsm8k_orgn_vs_gpqa_ver1,1,1,1,7.135756,,7.135756
34,11,gsm8k_orgn_vs_gsm8k_ver1,1,1,1,5.307116,,5.307116
34,11,gsm8k_ver1_vs_gpqa_orgn,1,1,1,6.955509,,6.955509
34,11,gsm8k_ver1_vs_gpqa_ver1,1,1,1,6.850486,,6.850486
34,12,gpqa_orgn_vs_gpqa_ver1,1,1,1,8.986887,,8.986887
34,12,gsm8k_orgn_vs_gpqa_orgn,1,1,1,7.71777,,7.71777
34,12,gsm8k_orgn_vs_gpqa_ver1,1,1,1,8.179441,,8.179441
34,12,gsm8k_orgn_vs_gsm8k_ver1,1,1,1,6.184024,,6.184024
34,12,gsm8k_ver1_vs_gpqa_orgn,1,1,1,7.14368,,7.14368
34,12,gsm8k_ver1_vs_gpqa_ver1,1,1,1,7.5921,,7.5921
34,13,gpqa_orgn_vs_gpqa_ver1,1,1,1,13.243578,,13.243578
34,13,gsm8k_orgn_vs_gpqa_orgn,1,1,1,9.11231,,9.11231
34,13,gsm8k_orgn_vs_gpqa_ver1,1,1,1,10.327879,,10.327879
34,13,gsm8k_orgn_vs_gsm8k_ver1,1,1,1,6.358888,,6.358888
34,13,gsm8k_ver1_vs_gpqa_orgn,1,1,1,9.627984,,9.627984
34,13,gsm8k_ver1_vs_gpqa_ver1,1,1,1,10.807459,,10.807459
34,14,gpqa_orgn_vs_gpqa_ver1,1,1,1,6.368651,,6.368651
34,14,gsm8k_orgn_vs_gpqa_orgn,1,1,1,6.46667,,6.46667
34,14,gsm8k_orgn_vs_gpqa_ver1,1,1,1,6.662116,,6.662116
34,14,gsm8k_orgn_vs_gsm8k_ver1,1,1,1,6.619919,,6.619919
34,14,gsm8k_ver1_vs_gpqa_orgn,1,1,1,6.431852,,6.431852
34,14,gsm8k_ver1_vs_gpqa_ver1,1,1,1,6.607703,,6.607703
34,15,gpqa_orgn_vs_gpqa_ver1,1,1,1,4.299824,,4.299824
34,15,gsm8k_orgn_vs_gpqa_orgn,1,1,1,5.067825,,5.067825
34,15,gsm8k_orgn_vs_gpqa_ver1,1,1,1,5.74721,,5.74721
34,15,gsm8k_orgn_vs_gsm8k_ver1,1,1,1,6.382302,,6.382302
34,15,gsm8k_ver1_vs_gpqa_orgn,1,1,1,5.0305,,5.0305
34,15,gsm8k_ver1_vs_gpqa_ver1,1,1,1,5.678893,,5.678893
34,16,gpqa_orgn_vs_gpqa_ver1,1,1,1,3.126856,,3.126856
34,16,gsm8k_orgn_vs_gpqa_orgn,1,1,1,5.436174,,5.436174
34,16,gsm8k_orgn_vs_gpqa_ver1,1,1,1,5.733893,,5.733893
34,16,gsm8k_orgn_vs_gsm8k_ver1,1,1,1,7.467683,,7.467683
34,16,gsm8k_ver1_vs_gpqa_orgn,1,1,1,5.303048,,5.303048
34,16,gsm8k_ver1_vs_gpqa_ver1,1,1,1,5.5836,,5.5836
34,17,gpqa_orgn_vs_gpqa_ver1,1,1,1,3.186862,,3.186862
34,17,gsm8k_orgn_vs_gpqa_orgn,1,1,1,3.689245,,3.689245
34,17,gsm8k_orgn_vs_gpqa_ver1,1,1,1,3.781909,,3.781909
34,17,gsm8k_orgn_vs_gsm8k_ver1,1,1,1,5.173009,,5.173009
34,17,gsm8k_ver1_vs_gpqa_orgn,1,1,1,4.68388,,4.68388
34,17,gsm8k_ver1_vs_gpqa_ver1,1,1,1,4.755137,,4.755137
34,18,gpqa_orgn_vs_gpqa_ver1,1,1,1,4.32876,,4.32876
34,18,gsm8k_orgn_vs_gpqa_orgn,1,1,1,4.533074,,4.533074
34,18,gsm8k_orgn_vs_gpqa_ver1,1,1,1,4.880669,,4.880669
34,18,gsm8k_orgn_vs_gsm8k_ver1,1,1,1,5.280399,,5.280399
34,18,gsm8k_ver1_vs_gpqa_orgn,1,1,1,4.816589,,4.816589
34,18,gsm8k_ver1_vs_gpqa_ver1,1,1,1,5.145362,,5.145362
34,19,gpqa_orgn_vs_gpqa_ver1,1,1,1,4.875992,,4.875992
34,19,gsm8k_orgn_vs_gpqa_orgn,1,1,1,5.063943,,5.063943
34,19,gsm8k_orgn_vs_gpqa_ver1,1,1,1,5.201493,,5.201493
34,19,gsm8k_orgn_vs_gsm8k_ver1,1,1,1,5.73122,,5.73122
34,19,gsm8k_ver1_vs_gpqa_orgn,1,1,1,5.496887,,5.496887
34,19,gsm8k_ver1_vs_gpqa_ver1,1,1,1,5.619007,,5.619007
34,20,gpqa_orgn_vs_gpqa_ver1,1,1,1,4.645206,,4.645206
34,20,gsm8k_orgn_vs_gpqa_orgn,1,1,1,4.036838,,4.036838
34,20,gsm8k_orgn_vs_gpqa_ver1,1,1,1,4.112653,,4.112653
34,20,gsm8k_orgn_vs_gsm8k_ver1,1,1,1,2.905081,,2.905081
34,20,gsm8k_ver1_vs_gpqa_orgn,1,1,1,3.577794,,3.577794
34,20,gsm8k_ver1_vs_gpqa_ver1,1,1,1,3.547106,,3.547106
34,21,gpqa_orgn_vs_gpqa_ver1,1,1,1,6.994386,,6.994386
34,21,gsm8k_orgn_vs_gpqa_orgn,1,1,1,7.197694,,7.197694
34,21,gsm8k_orgn_vs_gpqa_ver1,1,1,1,7.267178,,7.267178
34,21,gsm8k_orgn_vs_gsm8k_ver1,1,1,1,7.10563,,7.10563
34,21,gsm8k_ver1_vs_gpqa_orgn,1,1,1,7.312977,,7.312977
34,21,gsm8k_ver1_vs_gpqa_ver1,1,1,1,6.80012,,6.80012
34,22,gpqa_orgn_vs_gpqa_ver1,1,1,1,5.560611,,5.560611
34,22,gsm8k_orgn_vs_gpqa_orgn,1,1,1,4.933355,,4.933355
34,22,gsm8k_orgn_vs_gpqa_ver1,1,1,1,4.903617,,4.903617
34,22,gsm8k_orgn_vs_gsm8k_ver1,1,1,1,3.484346,,3.484346
34,22,gsm8k_ver1_vs_gpqa_orgn,1,1,1,4.410758,,4.410758
34,22,gsm8k_ver1_vs_gpqa_ver1,1,1,1,3.776762,,3.776762
34,23,gpqa_orgn_vs_gpqa_ver1,1,1,1,7.671534,,7.671534
34,23,gsm8k_orgn_vs_gpqa_orgn,1,1,1,7.293203,,7.293203
34,23,gsm8k_orgn_vs_gpqa_ver1,1,1,1,6.6135,,6.6135
34,23,gsm8k_orgn_vs_gsm8k_ver1,1,1,1,5.454443,,5.454443
34,23,gsm8k_ver1_vs_gpqa_orgn,1,1,1,6.803765,,6.803765
34,23,gsm8k_ver1_vs_gpqa_ver1,1,1,1,5.874014,,5.874014
34,24,gpqa_orgn_vs_gpqa_ver1,1,1,1,7.39307,,7.39307
34,24,gsm8k_orgn_vs_gpqa_orgn,1,1,1,5.647032,,5.647032
34,24,gsm8k_orgn_vs_gpqa_ver1,1,1,1,5.603617,,5.603617
34,24,gsm8k_orgn_vs_gsm8k_ver1,1,1,1,3.442247,,3.442247
34,24,gsm8k_ver1_vs_gpqa_orgn,1,1,1,5.500144,,5.500144
34,24,gsm8k_ver1_vs_gpqa_ver1,1,1,1,5.300275,,5.300275
34,25,gpqa_orgn_vs_gpqa_ver1,1,1,1,11.994415,,11.994415
34,25,gsm8k_orgn_vs_gpqa_orgn,1,1,1,8.7755,,8.7755
34,25,gsm8k_orgn_vs_gpqa_ver1,1,1,1,9.300382,,9.300382
34,25,gsm8k_orgn_vs_gsm8k_ver1,1,1,1,5.610963,,5.610963
34,25,gsm8k_ver1_vs_gpqa_orgn,1,1,1,8.92239,,8.92239
34,25,gsm8k_ver1_vs_gpqa_ver1,1,1,1,9.421838,,9.421838
34,26,gpqa_orgn_vs_gpqa_ver1,1,1,1,11.634274,,11.634274
34,26,gsm8k_orgn_vs_gpqa_orgn,1,1,1,10.152962,,10.152962
34,26,gsm8k_orgn_vs_gpqa_ver1,1,1,1,10.559631,,10.559631
34,26,gsm8k_orgn_vs_gsm8k_ver1,1,1,1,8.137454,,8.137454
34,26,gsm8k_ver1_vs_gpqa_orgn,1,1,1,9.411156,,9.411156
34,26,gsm8k_ver1_vs_gpqa_ver1,1,1,1,9.815917,,9.815917
34,27,gpqa_orgn_vs_gpqa_ver1,1,1,1,19.790212,,19.790212
34,27,gsm8k_orgn_vs_gpqa_orgn,1,1,1,17.649471,,17.649471
34,27,gsm8k_orgn_vs_gpqa_ver1,1,1,1,18.591848,,18.591848
34,27,gsm8k_orgn_vs_gsm8k_ver1,1,1,1,15.051873,,15.051873
34,27,gsm8k_ver1_vs_gpqa_orgn,1,1,1,16.846386,,16.846386
34,27,gsm8k_ver1_vs_gpqa_ver1,1,1,1,17.779604,,17.779604
34,28,gpqa_orgn_vs_gpqa_ver1,1,1,1,15.997606,,15.997606
34,28,gsm8k_orgn_vs_gpqa_orgn,1,1,1,14.017548,,14.017548
34,28,gsm8k_orgn_vs_gpqa_ver1,1,1,1,14.662244,,14.662244
34,28,gsm8k_orgn_vs_gsm8k_ver1,1,1,1,12.656082,,12.656082
34,28,gsm8k_ver1_vs_gpqa_orgn,1,1,1,14.403436,,14.403436
34,28,gsm8k_ver1_vs_gpqa_ver1,1,1,1,14.972476,,14.972476
34,29,gpqa_orgn_vs_gpqa_ver1,1,1,1,19.805395,,19.805395
34,29,gsm8k_orgn_vs_gpqa_orgn,1,1,1,14.426798,,14.426798
34,29,gsm8k_orgn_vs_gpqa_ver1,1,1,1,16.01073,,16.01073
34,29,gsm8k_orgn_vs_gsm8k_ver1,1,1,1,10.195426,,10.195426
34,29,gsm8k_ver1_vs_gpqa_orgn,1,1,1,14.848817,,14.848817
34,29,gsm8k_ver1_vs_gpqa_ver1,1,1,1,16.383088,,16.383088
34,30,gpqa_orgn_vs_gpqa_ver1,1,1,1,6.665654,,6.665654
34,30,gsm8k_orgn_vs_gpqa_orgn,1,1,1,5.980801,,5.980801
34,30,gsm8k_orgn_vs_gpqa_ver1,1,1,1,5.895548,,5.895548
34,30,gsm8k_orgn_vs_gsm8k_ver1,1,1,1,4.894259,,4.894259
34,30,gsm8k_ver1_vs_gpqa_orgn,1,1,1,5.900096,,5.900096
34,30,gsm8k_ver1_vs_gpqa_ver1,1,1,1,5.797178,,5.797178
34,31,gpqa_orgn_vs_gpqa_ver1,1,1,1,8.067371,,8.067371
34,31,gsm8k_orgn_vs_gpqa_orgn,1,1,1,7.255654,,7.255654
34,31,gsm8k_orgn_vs_gpqa_ver1,1,1,1,7.693341,,7.693341
34,31,gsm8k_orgn_vs_gsm8k_ver1,1,1,1,6.602436,,6.602436
34,31,gsm8k_ver1_vs_gpqa_orgn,1,1,1,7.168657,,7.168657
34,31,gsm8k_ver1_vs_gpqa_ver1,1,1,1,7.569727,,7.569727
34,32,gpqa_orgn_vs_gpqa_ver1,1,1,1,7.089748,,7.089748
34,32,gsm8k_orgn_vs_gpqa_orgn,1,1,1,5.678438,,5.678438
34,32,gsm8k_orgn_vs_gpqa_ver1,1,1,1,6.187101,,6.187101
34,32,gsm8k_orgn_vs_gsm8k_ver1,1,1,1,4.193997,,4.193997
34,32,gsm8k_ver1_vs_gpqa_orgn,1,1,1,5.380065,,5.380065
34,32,gsm8k_ver1_vs_gpqa_ver1,1,1,1,5.821505,,5.821505
34,33,gpqa_orgn_vs_gpqa_ver1,1,1,1,3.713447,,3.713447
34,33,gsm8k_orgn_vs_gpqa_orgn,1,1,1,3.110321,,3.110321
34,33,gsm8k_orgn_vs_gpqa_ver1,1,1,1,3.312325,,3.312325
34,33,gsm8k_orgn_vs_gsm8k_ver1,1,1,1,2.232817,,2.232817
34,33,gsm8k_ver1_vs_gpqa_orgn,1,1,1,2.741779,,2.741779
34,33,gsm8k_ver1_vs_gpqa_ver1,1,1,1,2.939687,,2.939687
34,34,gpqa_orgn_vs_gpqa_ver1,1,1,1,5.11177,,5.11177
34,34,gsm8k_orgn_vs_gpqa_orgn,1,1,1,3.718918,,3.718918
34,34,gsm8k_orgn_vs_gpqa_ver1,1,1,1,4.238056,,4.238056
34,34,gsm8k_orgn_vs_gsm8k_ver1,1,1,1,2.244532,,2.244532
34,34,gsm8k_ver1_vs_gpqa_orgn,1,1,1,3.25249,,3.25249
34,34,gsm8k_ver1_vs_gpqa_ver1,1,1,1,3.736427,,3.736427
34,35,gpqa_orgn_vs_gpqa_ver1,1,1,1,7.744135,,7.744135
34,35,gsm8k_orgn_vs_gpqa_orgn,1,1,1,5.872986,,5.872986
34,35,gsm8k_orgn_vs_gpqa_ver1,1,1,1,5.686154,,5.686154
34,35,gsm8k_orgn_vs_gsm8k_ver1,1,1,1,3.172724,,3.172724
34,35,gsm8k_ver1_vs_gpqa_orgn,1,1,1,5.615761,,5.615761
34,35,gsm8k_ver1_vs_gpqa_ver1,1,1,1,5.410153,,5.410153
34,36,gpqa_orgn_vs_gpqa_ver1,1,1,1,23.617976,,23.617976
34,36,gsm8k_orgn_vs_gpqa_orgn,1,1,1,18.436646,,18.436646
34,36,gsm8k_orgn_vs_gpqa_ver1,1,1,1,21.016262,,21.016262
34,36,gsm8k_orgn_vs_gsm8k_ver1,1,1,1,15.149914,,15.149914
34,36,gsm8k_ver1_vs_gpqa_orgn,1,1,1,18.256506,,18.256506
34,36,gsm8k_ver1_vs_gpqa_ver1,1,1,1,20.77543,,20.77543
34,37,gpqa_orgn_vs_gpqa_ver1,1,1,1,10.465702,,10.465702
34,37,gsm8k_orgn_vs_gpqa_orgn,1,1,1,7.036623,,7.036623
34,37,gsm8k_orgn_vs_gpqa_ver1,1,1,1,8.752388,,8.752388
34,37,gsm8k_orgn_vs_gsm8k_ver1,1,1,1,5.990889,,5.990889
34,37,gsm8k_ver1_vs_gpqa_orgn,1,1,1,8.00176,,8.00176
34,37,gsm8k_ver1_vs_gpqa_ver1,1,1,1,9.561584,,9.561584
34,38,gpqa_orgn_vs_gpqa_ver1,1,1,1,9.776839,,9.776839
34,38,gsm8k_orgn_vs_gpqa_orgn,1,1,1,7.902929,,7.902929
34,38,gsm8k_orgn_vs_gpqa_ver1,1,1,1,8.801863,,8.801863
34,38,gsm8k_orgn_vs_gsm8k_ver1,1,1,1,6.038539,,6.038539
34,38,gsm8k_ver1_vs_gpqa_orgn,1,1,1,7.327946,,7.327946
34,38,gsm8k_ver1_vs_gpqa_ver1,1,1,1,8.180383,,8.180383
34,39,gpqa_orgn_vs_gpqa_ver1,1,1,1,7.360768,,7.360768
34,39,gsm8k_orgn_vs_gpqa_orgn,1,1,1,5.12121,,5.12121
34,39,gsm8k_orgn_vs_gpqa_ver1,1,1,1,5.416596,,5.416596
34,39,gsm8k_orgn_vs_gsm8k_ver1,1,1,1,3.129053,,3.129053
34,39,gsm8k_ver1_vs_gpqa_orgn,1,1,1,5.531568,,5.531568
34,39,gsm8k_ver1_vs_gpqa_ver1,1,1,1,5.789478,,5.789478
35,0,gpqa_orgn_vs_gpqa_ver1,1,1,1,5.606535,,5.606535
35,0,gsm8k_orgn_vs_gpqa_orgn,1,1,1,5.411217,,5.411217
35,0,gsm8k_orgn_vs_gpqa_ver1,1,1,1,5.591163,,5.591163
35,0,gsm8k_orgn_vs_gsm8k_ver1,1,1,1,5.767889,,5.767889
35,0,gsm8k_ver1_vs_gpqa_orgn,1,1,1,5.848432,,5.848432
35,0,gsm8k_ver1_vs_gpqa_ver1,1,1,1,6.013078,,6.013078
35,1,gpqa_orgn_vs_gpqa_ver1,1,1,1,6.661794,,6.661794
35,1,gsm8k_orgn_vs_gpqa_orgn,1,1,1,7.641705,,7.641705
35,1,gsm8k_orgn_vs_gpqa_ver1,1,1,1,6.735866,,6.735866
35,1,gsm8k_orgn_vs_gsm8k_ver1,1,1,1,7.522017,,7.522017
35,1,gsm8k_ver1_vs_gpqa_orgn,1,1,1,7.537631,,7.537631
35,1,gsm8k_ver1_vs_gpqa_ver1,1,1,1,6.619682,,6.619682
35,2,gpqa_orgn_vs_gpqa_ver1,1,1,1,8.233384,,8.233384
35,2,gsm8k_orgn_vs_gpqa_orgn,1,1,1,6.370832,,6.370832
35,2,gsm8k_orgn_vs_gpqa_ver1,1,1,1,7.42634,,7.42634
35,2,gsm8k_orgn_vs_gsm8k_ver1,1,1,1,6.722216,,6.722216
35,2,gsm8k_ver1_vs_gpqa_orgn,1,1,1,7.623659,,7.623659
35,2,gsm8k_ver1_vs_gpqa_ver1,1,1,1,8.646224,,8.646224
35,3,gpqa_orgn_vs_gpqa_ver1,1,1,1,6.431611,,6.431611
35,3,gsm8k_orgn_vs_gpqa_orgn,1,1,1,6.17941,,6.17941
35,3,gsm8k_orgn_vs_gpqa_ver1,1,1,1,6.443431,,6.443431
35,3,gsm8k_orgn_vs_gsm8k_ver1,1,1,1,6.947428,,6.947428
35,3,gsm8k_ver1_vs_gpqa_orgn,1,1,1,7.002362,,7.002362
35,3,gsm8k_ver1_vs_gpqa_ver1,1,1,1,7.25225,,7.25225
35,4,gpqa_orgn_vs_gpqa_ver1,1,1,1,7.399156,,7.399156
35,4,gsm8k_orgn_vs_gpqa_orgn,1,1,1,7.039817,,7.039817
35,4,gsm8k_orgn_vs_gpqa_ver1,1,1,1,6.514881,,6.514881
35,4,gsm8k_orgn_vs_gsm8k_ver1,1,1,1,6.196613,,6.196613
35,4,gsm8k_ver1_vs_gpqa_orgn,1,1,1,7.214006,,7.214006
35,4,gsm8k_ver1_vs_gpqa_ver1,1,1,1,6.680879,,6.680879
35,5,gpqa_orgn_vs_gpqa_ver1,1,1,1,6.294462,,6.294462
35,5,gsm8k_orgn_vs_gpqa_orgn,1,1,1,5.846838,,5.846838
35,5,gsm8k_orgn_vs_gpqa_ver1,1,1,1,5.339531,,5.339531
35,5,gsm8k_orgn_vs_gsm8k_ver1,1,1,1,5.271306,,5.271306
35,5,gsm8k_ver1_vs_gpqa_orgn,1,1,1,6.285347,,6.285347
35,5,gsm8k_ver1_vs_gpqa_ver1,1,1,1,5.77483,,5.77483
35,6,gpqa_orgn_vs_gpqa_ver1,1,1,1,5.461555,,5.461555
35,6,gsm8k_orgn_vs_gpqa_orgn,1,1,1,5.608382,,5.608382
35,6,gsm8k_orgn_vs_gpqa_ver1,1,1,1,5.418624,,5.418624
35,6,gsm8k_orgn_vs_gsm8k_ver1,1,1,1,6.030327,,6.030327
35,6,gsm8k_ver1_vs_gpqa_orgn,1,1,1,6.168185,,6.168185
35,6,gsm8k_ver1_vs_gpqa_ver1,1,1,1,5.968416,,5.968416
35,7,gpqa_orgn_vs_gpqa_ver1,1,1,1,6.594847,,6.594847
35,7,gsm8k_orgn_vs_gpqa_orgn,1,1,1,6.300025,,6.300025
35,7,gsm8k_orgn_vs_gpqa_ver1,1,1,1,6.44614,,6.44614
35,7,gsm8k_orgn_vs_gsm8k_ver1,1,1,1,6.650507,,6.650507
35,7,gsm8k_ver1_vs_gpqa_orgn,1,1,1,6.903766,,6.903766
35,7,gsm8k_ver1_vs_gpqa_ver1,1,1,1,7.035943,,7.035943
35,8,gpqa_orgn_vs_gpqa_ver1,1,1,1,5.94502,,5.94502
35,8,gsm8k_orgn_vs_gpqa_orgn,1,1,1,5.249833,,5.249833
35,8,gsm8k_orgn_vs_gpqa_ver1,1,1,1,4.419243,,4.419243
35,8,gsm8k_orgn_vs_gsm8k_ver1,1,1,1,5.515288,,5.515288
35,8,gsm8k_ver1_vs_gpqa_orgn,1,1,1,7.04793,,7.04793
35,8,gsm8k_ver1_vs_gpqa_ver1,1,1,1,6.2215,,6.2215
35,9,gpqa_orgn_vs_gpqa_ver1,1,1,1,5.813935,,5.813935
35,9,gsm8k_orgn_vs_gpqa_orgn,1,1,1,5.217759,,5.217759
35,9,gsm8k_orgn_vs_gpqa_ver1,1,1,1,4.692859,,4.692859
35,9,gsm8k_orgn_vs_gsm8k_ver1,1,1,1,4.223299,,4.223299
35,9,gsm8k_ver1_vs_gpqa_orgn,1,1,1,5.446482,,5.446482
35,9,gsm8k_ver1_vs_gpqa_ver1,1,1,1,4.905938,,4.905938
35,10,gpqa_orgn_vs_gpqa_ver1,1,1,1,5.241174,,5.241174
35,10,gsm8k_orgn_vs_gpqa_orgn,1,1,1,5.572316,,5.572316
35,10,gsm8k_orgn_vs_gpqa_ver1,1,1,1,5.329691,,5.329691
35,10,gsm8k_orgn_vs_gsm8k_ver1,1,1,1,6.699747,,6.699747
35,10,gsm8k_ver1_vs_gpqa_orgn,1,1,1,6.716373,,6.716373
35,10,gsm8k_ver1_vs_gpqa_ver1,1,1,1,6.458803,,6.458803
35,11,gpqa_orgn_vs_gpqa_ver1,1,1,1,6.93473,,6.93473
35,11,gsm8k_orgn_vs_gpqa_orgn,1,1,1,10.801506,,10.801506
35,11,gsm8k_orgn_vs_gpqa_ver1,1,1,1,9.921254,,9.921254
35,11,gsm8k_orgn_vs_gsm8k_ver1,1,1,1,11.455112,,11.455112
35,11,gsm8k_ver1_vs_gpqa_orgn,1,1,1,8.960331,,8.960331
35,11,gsm8k_ver1_vs_gpqa_ver1,1,1,1,8.022137,,8.022137
35,12,gpqa_orgn_vs_gpqa_ver1,1,1,1,11.259188,,11.259188
35,12,gsm8k_orgn_vs_gpqa_orgn,1,1,1,11.925344,,11.925344
35,12,gsm8k_orgn_vs_gpqa_ver1,1,1,1,9.936009,,9.936009
35,12,gsm8k_orgn_vs_gsm8k_ver1,1,1,1,10.525691,,10.525691
35,12,gsm8k_ver1_vs_gpqa_orgn,1,1,1,12.101744,,12.101744
35,12,gsm8k_ver1_vs_gpqa_ver1,1,1,1,10.068469,,10.068469
35,13,gpqa_orgn_vs_gpqa_ver1,1,1,1,5.668752,,5.668752
35,13,gsm8k_orgn_vs_gpqa_orgn,1,1,1,5.811944,,5.811944
35,13,gsm8k_orgn_vs_gpqa_ver1,1,1,1,5.897841,,5.897841
35,13,gsm8k_orgn_vs_gsm8k_ver1,1,1,1,7.82183,,7.82183
35,13,gsm8k_ver1_vs_gpqa_orgn,1,1,1,7.802364,,7.802364
35,13,gsm8k_ver1_vs_gpqa_ver1,1,1,1,7.871121,,7.871121
35,14,gpqa_orgn_vs_gpqa_ver1,1,1,1,5.615881,,5.615881
35,14,gsm8k_orgn_vs_gpqa_orgn,1,1,1,6.963142,,6.963142
35,14,gsm8k_orgn_vs_gpqa_ver1,1,1,1,6.58399,,6.58399
35,14,gsm8k_orgn_vs_gsm8k_ver1,1,1,1,7.924238,,7.924238
35,14,gsm8k_ver1_vs_gpqa_orgn,1,1,1,7.220869,,7.220869
35,14,gsm8k_ver1_vs_gpqa_ver1,1,1,1,6.811668,,6.811668
35,15,gpqa_orgn_vs_gpqa_ver1,1,1,1,7.620758,,7.620758
35,15,gsm8k_orgn_vs_gpqa_orgn,1,1,1,6.467439,,6.467439
35,15,gsm8k_orgn_vs_gpqa_ver1,1,1,1,6.924577,,6.924577
35,15,gsm8k_orgn_vs_gsm8k_ver1,1,1,1,6.631651,,6.631651
35,15,gsm8k_ver1_vs_gpqa_orgn,1,1,1,7.419669,,7.419669
35,15,gsm8k_ver1_vs_gpqa_ver1,1,1,1,7.852162,,7.852162
35,16,gpqa_orgn_vs_gpqa_ver1,1,1,1,8.650698,,8.650698
35,16,gsm8k_orgn_vs_gpqa_orgn,1,1,1,7.875886,,7.875886
35,16,gsm8k_orgn_vs_gpqa_ver1,1,1,1,8.533363,,8.533363
35,16,gsm8k_orgn_vs_gsm8k_ver1,1,1,1,7.827549,,7.827549
35,16,gsm8k_ver1_vs_gpqa_orgn,1,1,1,8.049031,,8.049031
35,16,gsm8k_ver1_vs_gpqa_ver1,1,1,1,8.688441,,8.688441
35,17,gpqa_orgn_vs_gpqa_ver1,1,1,1,6.670281,,6.670281
35,17,gsm8k_orgn_vs_gpqa_orgn,1,1,1,6.968749,,6.968749
35,17,gsm8k_orgn_vs_gpqa_ver1,1,1,1,6.428879,,6.428879
35,17,gsm8k_orgn_vs_gsm8k_ver1,1,1,1,7.279275,,7.279275
35,17,gsm8k_ver1_vs_gpqa_orgn,1,1,1,7.613745,,7.613745
35,17,gsm8k_ver1_vs_gpqa_ver1,1,1,1,7.058535,,7.058535
35,18,gpqa_orgn_vs_gpqa_ver1,1,1,1,12.06885,,12.06885
35,18,gsm8k_orgn_vs_gpqa_orgn,1,1,1,11.361058,,11.361058
35,18,gsm8k_orgn_vs_gpqa_ver1,1,1,1,11.468414,,11.468414
35,18,gsm8k_orgn_vs_gsm8k_ver1,1,1,1,10.160744,,10.160744
35,18,gsm8k_ver1_vs_gpqa_orgn,1,1,1,10.959255,,10.959255
35,18,gsm8k_ver1_vs_gpqa_ver1,1,1,1,11.039551,,11.039551
35,19,gpqa_orgn_vs_gpqa_ver1,1,1,1,5.176747,,5.176747
35,19,gsm8k_orgn_vs_gpqa_orgn,1,1,1,5.755362,,5.755362
35,19,gsm8k_orgn_vs_gpqa_ver1,1,1,1,6.221501,,6.221501
35,19,gsm8k_orgn_vs_gsm8k_ver1,1,1,1,7.353185,,7.353185
35,19,gsm8k_ver1_vs_gpqa_orgn,1,1,1,6.428657,,6.428657
35,19,gsm8k_ver1_vs_gpqa_ver1,1,1,1,6.872015,,6.872015
35,20,gpqa_orgn_vs_gpqa_ver1,1,1,1,5.471526,,5.471526
35,20,gsm8k_orgn_vs_gpqa_orgn,1,1,1,4.752401,,4.752401
35,20,gsm8k_orgn_vs_gpqa_ver1,1,1,1,4.543502,,4.543502
35,20,gsm8k_orgn_vs_gsm8k_ver1,1,1,1,3.363835,,3.363835
35,20,gsm8k_ver1_vs_gpqa_orgn,1,1,1,4.487516,,4.487516
35,20,gsm8k_ver1_vs_gpqa_ver1,1,1,1,4.10487,,4.10487
35,21,gpqa_orgn_vs_gpqa_ver1,1,1,1,5.449284,,5.449284
35,21,gsm8k_orgn_vs_gpqa_orgn,1,1,1,4.879774,,4.879774
35,21,gsm8k_orgn_vs_gpqa_ver1,1,1,1,5.438684,,5.438684
35,21,gsm8k_orgn_vs_gsm8k_ver1,1,1,1,4.167456,,4.167456
35,21,gsm8k_ver1_vs_gpqa_orgn,1,1,1,4.292951,,4.292951
35,21,gsm8k_ver1_vs_gpqa_ver1,1,1,1,4.743356,,4.743356
35,22,gpqa_orgn_vs_gpqa_ver1,1,1,1,5.980513,,5.980513
35,22,gsm8k_orgn_vs_gpqa_orgn,1,1,1,4.954877,,4.954877
35,22,gsm8k_orgn_vs_gpqa_ver1,1,1,1,5.521775,,5.521775
35,22,gsm8k_orgn_vs_gsm8k_ver1,1,1,1,4.430484,,4.430484
35,22,gsm8k_ver1_vs_gpqa_orgn,1,1,1,4.99649,,4.99649
35,22,gsm8k_ver1_vs_gpqa_ver1,1,1,1,5.429751,,5.429751
35,23,gpqa_orgn_vs_gpqa_ver1,1,1,1,7.422391,,7.422391
35,23,gsm8k_orgn_vs_gpqa_orgn,1,1,1,5.855256,,5.855256
35,23,gsm8k_orgn_vs_gpqa_ver1,1,1,1,6.664324,,6.664324
35,23,gsm8k_orgn_vs_gsm8k_ver1,1,1,1,4.771913,,4.771913
35,23,gsm8k_ver1_vs_gpqa_orgn,1,1,1,5.735405,,5.735405
35,23,gsm8k_ver1_vs_gpqa_ver1,1,1,1,6.440655,,6.440655
35,24,gpqa_orgn_vs_gpqa_ver1,1,1,1,6.615936,,6.615936
35,24,gsm8k_orgn_vs_gpqa_orgn,1,1,1,4.904334,,4.904334
35,24,gsm8k_orgn_vs_gpqa_ver1,1,1,1,5.714533,,5.714533
35,24,gsm8k_orgn_vs_gsm8k_ver1,1,1,1,3.096225,,3.096225
35,24,gsm8k_ver1_vs_gpqa_orgn,1,1,1,4.244138,,4.244138
35,24,gsm8k_ver1_vs_gpqa_ver1,1,1,1,4.885562,,4.885562
35,25,gpqa_orgn_vs_gpqa_ver1,1,1,1,7.251239,,7.251239
35,25,gsm8k_orgn_vs_gpqa_orgn,1,1,1,5.358489,,5.358489
35,25,gsm8k_orgn_vs_gpqa_ver1,1,1,1,8.180095,,8.180095
35,25,gsm8k_orgn_vs_gsm8k_ver1,1,1,1,10.666888,,10.666888
35,25,gsm8k_ver1_vs_gpqa_orgn,1,1,1,10.068595,,10.068595
35,25,gsm8k_ver1_vs_gpqa_ver1,1,1,1,11.797078,,11.797078
35,26,gpqa_orgn_vs_gpqa_ver1,1,1,1,7.088495,,7.088495
35,26,gsm8k_orgn_vs_gpqa_orgn,1,1,1,9.083426,,9.083426
35,26,gsm8k_orgn_vs_gpqa_ver1,1,1,1,7.833766,,7.833766
35,26,gsm8k_orgn_vs_gsm8k_ver1,1,1,1,9.517998,,9.517998
35,26,gsm8k_ver1_vs_gpqa_orgn,1,1,1,8.948231,,8.948231
35,26,gsm8k_ver1_vs_gpqa_ver1,1,1,1,7.626887,,7.626887
35,27,gpqa_orgn_vs_gpqa_ver1,1,1,1,7.993075,,7.993075
35,27,gsm8k_orgn_vs_gpqa_orgn,1,1,1,8.612767,,8.612767
35,27,gsm8k_orgn_vs_gpqa_ver1,1,1,1,7.682166,,7.682166
35,27,gsm8k_orgn_vs_gsm8k_ver1,1,1,1,6.791144,,6.791144
35,27,gsm8k_ver1_vs_gpqa_orgn,1,1,1,7.290377,,7.290377
35,27,gsm8k_ver1_vs_gpqa_ver1,1,1,1,6.201484,,6.201484
35,28,gpqa_orgn_vs_gpqa_ver1,1,1,1,12.557689,,12.557689
35,28,gsm8k_orgn_vs_gpqa_orgn,1,1,1,12.901766,,12.901766
35,28,gsm8k_orgn_vs_gpqa_ver1,1,1,1,13.4516,,13.4516
35,28,gsm8k_orgn_vs_gsm8k_ver1,1,1,1,13.42816,,13.42816
35,28,gsm8k_ver1_vs_gpqa_orgn,1,1,1,13.29163,,13.29163
35,28,gsm8k_ver1_vs_gpqa_ver1,1,1,1,13.440226,,13.440226
35,29,gpqa_orgn_vs_gpqa_ver1,1,1,1,5.538085,,5.538085
35,29,gsm8k_orgn_vs_gpqa_orgn,1,1,1,9.220336,,9.220336
35,29,gsm8k_orgn_vs_gpqa_ver1,1,1,1,7.858254,,7.858254
35,29,gsm8k_orgn_vs_gsm8k_ver1,1,1,1,9.484125,,9.484125
35,29,gsm8k_ver1_vs_gpqa_orgn,1,1,1,7.429914,,7.429914
35,29,gsm8k_ver1_vs_gpqa_ver1,1,1,1,5.840724,,5.840724
35,30,gpqa_orgn_vs_gpqa_ver1,1,1,1,4.728788,,4.728788
35,30,gsm8k_orgn_vs_gpqa_orgn,1,1,1,3.953403,,3.953403
35,30,gsm8k_orgn_vs_gpqa_ver1,1,1,1,3.409882,,3.409882
35,30,gsm8k_orgn_vs_gsm8k_ver1,1,1,1,3.581097,,3.581097
35,30,gsm8k_ver1_vs_gpqa_orgn,1,1,1,4.945788,,4.945788
35,30,gsm8k_ver1_vs_gpqa_ver1,1,1,1,4.405705,,4.405705
35,31,gpqa_orgn_vs_gpqa_ver1,1,1,1,5.559193,,5.559193
35,31,gsm8k_orgn_vs_gpqa_orgn,1,1,1,6.182947,,6.182947
35,31,gsm8k_orgn_vs_gpqa_ver1,1,1,1,5.607051,,5.607051
35,31,gsm8k_orgn_vs_gsm8k_ver1,1,1,1,6.310949,,6.310949
35,31,gsm8k_ver1_vs_gpqa_orgn,1,1,1,6.348493,,6.348493
35,31,gsm8k_ver1_vs_gpqa_ver1,1,1,1,5.760696,,5.760696
35,32,gpqa_orgn_vs_gpqa_ver1,1,1,1,7.491794,,7.491794
35,32,gsm8k_orgn_vs_gpqa_orgn,1,1,1,6.121448,,6.121448
35,32,gsm8k_orgn_vs_gpqa_ver1,1,1,1,6.250984,,6.250984
35,32,gsm8k_orgn_vs_gsm8k_ver1,1,1,1,5.016694,,5.016694
35,32,gsm8k_ver1_vs_gpqa_orgn,1,1,1,6.411774,,6.411774
35,32,gsm8k_ver1_vs_gpqa_ver1,1,1,1,6.52651,,6.52651
35,33,gpqa_orgn_vs_gpqa_ver1,1,1,1,4.949486,,4.949486
35,33,gsm8k_orgn_vs_gpqa_orgn,1,1,1,6.033644,,6.033644
35,33,gsm8k_orgn_vs_gpqa_ver1,1,1,1,5.175512,,5.175512
35,33,gsm8k_orgn_vs_gsm8k_ver1,1,1,1,6.10184,,6.10184
35,33,gsm8k_ver1_vs_gpqa_orgn,1,1,1,5.954614,,5.954614
35,33,gsm8k_ver1_vs_gpqa_ver1,1,1,1,5.080258,,5.080258
35,34,gpqa_orgn_vs_gpqa_ver1,1,1,1,5.140615,,5.140615
35,34,gsm8k_orgn_vs_gpqa_orgn,1,1,1,5.936383,,5.936383
35,34,gsm8k_orgn_vs_gpqa_ver1,1,1,1,5.423251,,5.423251
35,34,gsm8k_orgn_vs_gsm8k_ver1,1,1,1,6.347978,,6.347978
35,34,gsm8k_ver1_vs_gpqa_orgn,1,1,1,6.126728,,6.126728
35,34,gsm8k_ver1_vs_gpqa_ver1,1,1,1,5.610351,,5.610351
35,35,gpqa_orgn_vs_gpqa_ver1,1,1,1,5.456811,,5.456811
35,35,gsm8k_orgn_vs_gpqa_orgn,1,1,1,7.913684,,7.913684
35,35,gsm8k_orgn_vs_gpqa_ver1,1,1,1,7.395389,,7.395389
35,35,gsm8k_orgn_vs_gsm8k_ver1,1,1,1,7.979967,,7.979967
35,35,gsm8k_ver1_vs_gpqa_orgn,1,1,1,6.460124,,6.460124
35,35,gsm8k_ver1_vs_gpqa_ver1,1,1,1,4.969286,,4.969286
35,36,gpqa_orgn_vs_gpqa_ver1,1,1,1,14.548321,,14.548321
35,36,gsm8k_orgn_vs_gpqa_orgn,1,1,1,13.872036,,13.872036
35,36,gsm8k_orgn_vs_gpqa_ver1,1,1,1,14.729323,,14.729323
35,36,gsm8k_orgn_vs_gsm8k_ver1,1,1,1,13.903834,,13.903834
35,36,gsm8k_ver1_vs_gpqa_orgn,1,1,1,14.280241,,14.280241
35,36,gsm8k_ver1_vs_gpqa_ver1,1,1,1,13.696387,,13.696387
35,37,gpqa_orgn_vs_gpqa_ver1,1,1,1,2.813649,,2.813649
35,37,gsm8k_orgn_vs_gpqa_orgn,1,1,1,3.211356,,3.211356
35,37,gsm8k_orgn_vs_gpqa_ver1,1,1,1,3.281681,,3.281681
35,37,gsm8k_orgn_vs_gsm8k_ver1,1,1,1,2.975306,,2.975306
35,37,gsm8k_ver1_vs_gpqa_orgn,1,1,1,2.548564,,2.548564
35,37,gsm8k_ver1_vs_gpqa_ver1,1,1,1,2.438071,,2.438071
35,38,gpqa_orgn_vs_gpqa_ver1,1,1,1,4.568082,,4.568082
35,38,gsm8k_orgn_vs_gpqa_orgn,1,1,1,5.694006,,5.694006
35,38,gsm8k_orgn_vs_gpqa_ver1,1,1,1,5.076485,,5.076485
35,38,gsm8k_orgn_vs_gsm8k_ver1,1,1,1,5.546184,,5.546184
35,38,gsm8k_ver1_vs_gpqa_orgn,1,1,1,5.184201,,5.184201
35,38,gsm8k_ver1_vs_gpqa_ver1,1,1,1,4.304051,,4.304051
35,39,gpqa_orgn_vs_gpqa_ver1,1,1,1,9.968537,,9.968537
35,39,gsm8k_orgn_vs_gpqa_orgn,1,1,1,10.622546,,10.622546
35,39,gsm8k_orgn_vs_gpqa_ver1,1,1,1,11.50721,,11.50721
35,39,gsm8k_orgn_vs_gsm8k_ver1,1,1,1,13.530287,,13.530287
35,39,gsm8k_ver1_vs_gpqa_orgn,1,1,1,12.9279,,12.9279
35,39,gsm8k_ver1_vs_gpqa_ver1,1,1,1,11.792303,,11.792303
36,0,gpqa_orgn_vs_gpqa_ver1,1,1,1,8.981666,,8.981666
36,0,gsm8k_orgn_vs_gpqa_orgn,1,1,1,10.416388,,10.416388
36,0,gsm8k_orgn_vs_gpqa_ver1,1,1,1,10.513007,,10.513007
36,0,gsm8k_orgn_vs_gsm8k_ver1,1,1,1,10.745938,,10.745938
36,0,gsm8k_ver1_vs_gpqa_orgn,1,1,1,9.576142,,9.576142
36,0,gsm8k_ver1_vs_gpqa_ver1,1,1,1,9.664372,,9.664372
36,1,gpqa_orgn_vs_gpqa_ver1,1,1,1,13.286999,,13.286999
36,1,gsm8k_orgn_vs_gpqa_orgn,1,1,1,15.307216,,15.307216
36,1,gsm8k_orgn_vs_gpqa_ver1,1,1,1,15.1475,,15.1475
36,1,gsm8k_orgn_vs_gsm8k_ver1,1,1,1,16.355427,,16.355427
36,1,gsm8k_ver1_vs_gpqa_orgn,1,1,1,15.473842,,15.473842
36,1,gsm8k_ver1_vs_gpqa_ver1,1,1,1,15.246595,,15.246595
36,2,gpqa_orgn_vs_gpqa_ver1,1,1,1,8.453739,,8.453739
36,2,gsm8k_orgn_vs_gpqa_orgn,1,1,1,13.650498,,13.650498
36,2,gsm8k_orgn_vs_gpqa_ver1,1,1,1,13.845313,,13.845313
36,2,gsm8k_orgn_vs_gsm8k_ver1,1,1,1,15.04733,,15.04733
36,2,gsm8k_ver1_vs_gpqa_orgn,1,1,1,10.483641,,10.483641
36,2,gsm8k_ver1_vs_gpqa_ver1,1,1,1,10.659713,,10.659713
36,3,gpqa_orgn_vs_gpqa_ver1,1,1,1,9.351112,,9.351112
36,3,gsm8k_orgn_vs_gpqa_orgn,1,1,1,9.006578,,9.006578
36,3,gsm8k_orgn_vs_gpqa_ver1,1,1,1,9.129516,,9.129516
36,3,gsm8k_orgn_vs_gsm8k_ver1,1,1,1,8.424393,,8.424393
36,3,gsm8k_ver1_vs_gpqa_orgn,1,1,1,8.950658,,8.950658
36,3,gsm8k_ver1_vs_gpqa_ver1,1,1,1,9.060025,,9.060025
36,4,gpqa_orgn_vs_gpqa_ver1,1,1,1,20.430373,,20.430373
36,4,gsm8k_orgn_vs_gpqa_orgn,1,1,1,19.835955,,19.835955
36,4,gsm8k_orgn_vs_gpqa_ver1,1,1,1,20.039883,,20.039883
36,4,gsm8k_orgn_vs_gsm8k_ver1,1,1,1,17.53306,,17.53306
36,4,gsm8k_ver1_vs_gpqa_orgn,1,1,1,19.162824,,19.162824
36,4,gsm8k_ver1_vs_gpqa_ver1,1,1,1,19.275155,,19.275155
36,5,gpqa_orgn_vs_gpqa_ver1,1,1,1,2.509706,,2.509706
36,5,gsm8k_orgn_vs_gpqa_orgn,1,1,1,3.850539,,3.850539
36,5,gsm8k_orgn_vs_gpqa_ver1,1,1,1,3.879941,,3.879941
36,5,gsm8k_orgn_vs_gsm8k_ver1,1,1,1,3.897632,,3.897632
36,5,gsm8k_ver1_vs_gpqa_orgn,1,1,1,2.70921,,2.70921
36,5,gsm8k_ver1_vs_gpqa_ver1,1,1,1,2.696528,,2.696528
36,6,gpqa_orgn_vs_gpqa_ver1,1,1,1,7.854793,,7.854793
36,6,gsm8k_orgn_vs_gpqa_orgn,1,1,1,7.624887,,7.624887
36,6,gsm8k_orgn_vs_gpqa_ver1,1,1,1,8.414997,,8.414997
36,6,gsm8k_orgn_vs_gsm8k_ver1,1,1,1,6.543905,,6.543905
36,6,gsm8k_ver1_vs_gpqa_orgn,1,1,1,6.070592,,6.070592
36,6,gsm8k_ver1_vs_gpqa_ver1,1,1,1,6.839143,,6.839143
36,7,gpqa_orgn_vs_gpqa_ver1,1,1,1,6.334011,,6.334011
36,7,gsm8k_orgn_vs_gpqa_orgn,1,1,1,2.985506,,2.985506
36,7,gsm8k_orgn_vs_gpqa_ver1,1,1,1,5.630666,,5.630666
36,7,gsm8k_orgn_vs_gsm8k_ver1,1,1,1,5.225701,,5.225701
36,7,gsm8k_ver1_vs_gpqa_orgn,1,1,1,6.001096,,6.001096
36,7,gsm8k_ver1_vs_gpqa_ver1,1,1,1,8.480015,,8.480015
36,8,gpqa_orgn_vs_gpqa_ver1,1,1,1,8.49971,,8.49971
36,8,gsm8k_orgn_vs_gpqa_orgn,1,1,1,7.815122,,7.815122
36,8,gsm8k_orgn_vs_gpqa_ver1,1,1,1,9.510581,,9.510581
36,8,gsm8k_orgn_vs_gsm8k_ver1,1,1,1,8.010092,,8.010092
36,8,gsm8k_ver1_vs_gpqa_orgn,1,1,1,7.202773,,7.202773
36,8,gsm8k_ver1_vs_gpqa_ver1,1,1,1,8.879084,,8.879084
36,9,gpqa_orgn_vs_gpqa_ver1,1,1,1,6.549768,,6.549768
36,9,gsm8k_orgn_vs_gpqa_orgn,1,1,1,7.688919,,7.688919
36,9,gsm8k_orgn_vs_gpqa_ver1,1,1,1,8.874065,,8.874065
36,9,gsm8k_orgn_vs_gsm8k_ver1,1,1,1,8.310685,,8.310685
36,9,gsm8k_ver1_vs_gpqa_orgn,1,1,1,6.217011,,6.217011
36,9,gsm8k_ver1_vs_gpqa_ver1,1,1,1,7.378863,,7.378863
36,10,gpqa_orgn_vs_gpqa_ver1,1,1,1,27.352973,,27.352973
36,10,gsm8k_orgn_vs_gpqa_orgn,1,1,1,25.213028,,25.213028
36,10,gsm8k_orgn_vs_gpqa_ver1,1,1,1,24.830965,,24.830965
36,10,gsm8k_orgn_vs_gsm8k_ver1,1,1,1,21.393942,,21.393942
36,10,gsm8k_ver1_vs_gpqa_orgn,1,1,1,24.783043,,24.783043
36,10,gsm8k_ver1_vs_gpqa_ver1,1,1,1,24.289106,,24.289106
36,11,gpqa_orgn_vs_gpqa_ver1,1,1,1,27.703949,,27.703949
36,11,gsm8k_orgn_vs_gpqa_orgn,1,1,1,27.865798,,27.865798
36,11,gsm8k_orgn_vs_gpqa_ver1,1,1,1,26.24324,,26.24324
36,11,gsm8k_orgn_vs_gsm8k_ver1,1,1,1,25.05581,,25.05581
36,11,gsm8k_ver1_vs_gpqa_orgn,1,1,1,27.463706,,27.463706
36,11,gsm8k_ver1_vs_gpqa_ver1,1,1,1,25.672105,,25.672105
36,12,gpqa_orgn_vs_gpqa_ver1,1,1,1,12.335288,,12.335288
36,12,gsm8k_orgn_vs_gpqa_orgn,1,1,1,11.557528,,11.557528
36,12,gsm8k_orgn_vs_gpqa_ver1,1,1,1,12.052942,,12.052942
36,12,gsm8k_orgn_vs_gsm8k_ver1,1,1,1,11.772189,,11.772189
36,12,gsm8k_ver1_vs_gpqa_orgn,1,1,1,12.237723,,12.237723
36,12,gsm8k_ver1_vs_gpqa_ver1,1,1,1,12.714641,,12.714641
36,13,gpqa_orgn_vs_gpqa_ver1,1,1,1,4.885489,,4.885489
36,13,gsm8k_orgn_vs_gpqa_orgn,1,1,1,5.289925,,5.289925
36,13,gsm8k_orgn_vs_gpqa_ver1,1,1,1,4.78241,,4.78241
36,13,gsm8k_orgn_vs_gsm8k_ver1,1,1,1,4.185702,,4.185702
36,13,gsm8k_ver1_vs_gpqa_orgn,1,1,1,4.378438,,4.378438
36,13,gsm8k_ver1_vs_gpqa_ver1,1,1,1,3.86422,,3.86422
36,14,gpqa_orgn_vs_gpqa_ver1,1,1,1,6.464932,,6.464932
36,14,gsm8k_orgn_vs_gpqa_orgn,1,1,1,6.25175,,6.25175
36,14,gsm8k_orgn_vs_gpqa_ver1,1,1,1,5.520188,,5.520188
36,14,gsm8k_orgn_vs_gsm8k_ver1,1,1,1,4.977862,,4.977862
36,14,gsm8k_ver1_vs_gpqa_orgn,1,1,1,6.128364,,6.128364
36,14,gsm8k_ver1_vs_gpqa_ver1,1,1,1,5.348813,,5.348813
36,15,gpqa_orgn_vs_gpqa_ver1,1,1,1,33.558686,,33.558686
36,15,gsm8k_orgn_vs_gpqa_orgn,1,1,1,27.705836,,27.705836
36,15,gsm8k_orgn_vs_gpqa_ver1,1,1,1,28.586363,,28.586363
36,15,gsm8k_orgn_vs_gsm8k_ver1,1,1,1,21.57299,,21.57299
36,15,gsm8k_ver1_vs_gpqa_orgn,1,1,1,28.409405,,28.409405
36,15,gsm8k_ver1_vs_gpqa_ver1,1,1,1,27.251179,,27.251179
36,16,gpqa_orgn_vs_gpqa_ver1,1,1,1,12.470846,,12.470846
36,16,gsm8k_orgn_vs_gpqa_orgn,1,1,1,11.353464,,11.353464
36,16,gsm8k_orgn_vs_gpqa_ver1,1,1,1,11.205524,,11.205524
36,16,gsm8k_orgn_vs_gsm8k_ver1,1,1,1,7.765903,,7.765903
36,16,gsm8k_ver1_vs_gpqa_orgn,1,1,1,9.39077,,9.39077
36,16,gsm8k_ver1_vs_gpqa_ver1,1,1,1,9.091077,,9.091077
36,17,gpqa_orgn_vs_gpqa_ver1,1,1,1,15.755886,,15.755886
36,17,gsm8k_orgn_vs_gpqa_orgn,1,1,1,13.931226,,13.931226
36,17,gsm8k_orgn_vs_gpqa_ver1,1,1,1,13.144899,,13.144899
36,17,gsm8k_orgn_vs_gsm8k_ver1,1,1,1,9.555466,,9.555466
36,17,gsm8k_ver1_vs_gpqa_orgn,1,1,1,12.8385,,12.8385
36,17,gsm8k_ver1_vs_gpqa_ver1,1,1,1,11.344459,,11.344459
36,18,gpqa_orgn_vs_gpqa_ver1,1,1,1,16.317536,,16.317536
36,18,gsm8k_orgn_vs_gpqa_orgn,1,1,1,14.527598,,14.527598
36,18,gsm8k_orgn_vs_gpqa_ver1,1,1,1,15.379581,,15.379581
36,18,gsm8k_orgn_vs_gsm8k_ver1,1,1,1,13.238719,,13.238719
36,18,gsm8k_ver1_vs_gpqa_orgn,1,1,1,14.879944,,14.879944
36,18,gsm8k_ver1_vs_gpqa_ver1,1,1,1,14.869843,,14.869843
36,19,gpqa_orgn_vs_gpqa_ver1,1,1,1,27.393818,,27.393818
36,19,gsm8k_orgn_vs_gpqa_orgn,1,1,1,23.485089,,23.485089
36,19,gsm8k_orgn_vs_gpqa_ver1,1,1,1,22.787542,,22.787542
36,19,gsm8k_orgn_vs_gsm8k_ver1,1,1,1,15.787885,,15.787885
36,19,gsm8k_ver1_vs_gpqa_orgn,1,1,1,22.18062,,22.18062
36,19,gsm8k_ver1_vs_gpqa_ver1,1,1,1,20.522035,,20.522035
36,20,gpqa_orgn_vs_gpqa_ver1,1,1,1,1.289632,,1.289632
36,20,gsm8k_orgn_vs_gpqa_orgn,1,1,1,2.837314,,2.837314
36,20,gsm8k_orgn_vs_gpqa_ver1,1,1,1,2.773472,,2.773472
36,20,gsm8k_orgn_vs_gsm8k_ver1,1,1,1,3.039275,,3.039275
36,20,gsm8k_ver1_vs_gpqa_orgn,1,1,1,1.703879,,1.703879
36,20,gsm8k_ver1_vs_gpqa_ver1,1,1,1,1.463457,,1.463457
36,21,gpqa_orgn_vs_gpqa_ver1,1,1,1,1.208589,,1.208589
36,21,gsm8k_orgn_vs_gpqa_orgn,1,1,1,1.152089,,1.152089
36,21,gsm8k_orgn_vs_gpqa_ver1,1,1,1,1.2102,,1.2102
36,21,gsm8k_orgn_vs_gsm8k_ver1,1,1,1,1.211737,,1.211737
36,21,gsm8k_ver1_vs_gpqa_orgn,1,1,1,1.285214,,1.285214
36,21,gsm8k_ver1_vs_gpqa_ver1,1,1,1,1.211974,,1.211974
36,22,gpqa_orgn_vs_gpqa_ver1,1,1,1,18.367874,,18.367874
36,22,gsm8k_orgn_vs_gpqa_orgn,1,1,1,19.042417,,19.042417
36,22,gsm8k_orgn_vs_gpqa_ver1,1,1,1,18.764086,,18.764086
36,22,gsm8k_orgn_vs_gsm8k_ver1,1,1,1,17.498317,,17.498317
36,22,gsm8k_ver1_vs_gpqa_orgn,1,1,1,17.968491,,17.968491
36,22,gsm8k_ver1_vs_gpqa_ver1,1,1,1,16.368414,,16.368414
36,23,gpqa_orgn_vs_gpqa_ver1,1,1,1,8.720859,,8.720859
36,23,gsm8k_orgn_vs_gpqa_orgn,1,1,1,2.804598,,2.804598
36,23,gsm8k_orgn_vs_gpqa_ver1,1,1,1,8.278236,,8.278236
36,23,gsm8k_orgn_vs_gsm8k_ver1,1,1,1,6.889779,,6.889779
36,23,gsm8k_ver1_vs_gpqa_orgn,1,1,1,7.627053,,7.627053
36,23,gsm8k_ver1_vs_gpqa_ver1,1,1,1,9.566856,,9.566856
36,24,gpqa_orgn_vs_gpqa_ver1,1,1,1,2.159869,,2.159869
36,24,gsm8k_orgn_vs_gpqa_orgn,1,1,1,6.080071,,6.080071
36,24,gsm8k_orgn_vs_gpqa_ver1,1,1,1,5.636069,,5.636069
36,24,gsm8k_orgn_vs_gsm8k_ver1,1,1,1,6.41623,,6.41623
36,24,gsm8k_ver1_vs_gpqa_orgn,1,1,1,3.536244,,3.536244
36,24,gsm8k_ver1_vs_gpqa_ver1,1,1,1,2.605649,,2.605649
36,25,gpqa_orgn_vs_gpqa_ver1,1,1,1,10.362954,,10.362954
36,25,gsm8k_orgn_vs_gpqa_orgn,1,1,1,11.764746,,11.764746
36,25,gsm8k_orgn_vs_gpqa_ver1,1,1,1,10.856532,,10.856532
36,25,gsm8k_orgn_vs_gsm8k_ver1,1,1,1,9.916357,,9.916357
36,25,gsm8k_ver1_vs_gpqa_orgn,1,1,1,9.593072,,9.593072
36,25,gsm8k_ver1_vs_gpqa_ver1,1,1,1,8.593083,,8.593083
36,26,gpqa_orgn_vs_gpqa_ver1,1,1,1,8.589715,,8.589715
36,26,gsm8k_orgn_vs_gpqa_orgn,1,1,1,7.268186,,7.268186
36,26,gsm8k_orgn_vs_gpqa_ver1,1,1,1,7.027149,,7.027149
36,26,gsm8k_orgn_vs_gsm8k_ver1,1,1,1,6.030268,,6.030268
36,26,gsm8k_ver1_vs_gpqa_orgn,1,1,1,7.804901,,7.804901
36,26,gsm8k_ver1_vs_gpqa_ver1,1,1,1,7.542922,,7.542922
36,27,gpqa_orgn_vs_gpqa_ver1,1,1,1,11.485269,,11.485269
36,27,gsm8k_orgn_vs_gpqa_orgn,1,1,1,11.931734,,11.931734
36,27,gsm8k_orgn_vs_gpqa_ver1,1,1,1,10.313477,,10.313477
36,27,gsm8k_orgn_vs_gsm8k_ver1,1,1,1,8.874279,,8.874279
36,27,gsm8k_ver1_vs_gpqa_orgn,1,1,1,10.384235,,10.384235
36,27,gsm8k_ver1_vs_gpqa_ver1,1,1,1,8.652417,,8.652417
36,28,gpqa_orgn_vs_gpqa_ver1,1,1,1,6.700663,,6.700663
36,28,gsm8k_orgn_vs_gpqa_orgn,1,1,1,8.168682,,8.168682
36,28,gsm8k_orgn_vs_gpqa_ver1,1,1,1,7.796959,,7.796959
36,28,gsm8k_orgn_vs_gsm8k_ver1,1,1,1,9.733228,,9.733228
36,28,gsm8k_ver1_vs_gpqa_orgn,1,1,1,8.786798,,8.786798
36,28,gsm8k_ver1_vs_gpqa_ver1,1,1,1,8.39113,,8.39113
36,29,gpqa_orgn_vs_gpqa_ver1,1,1,1,8.471477,,8.471477
36,29,gsm8k_orgn_vs_gpqa_orgn,1,1,1,9.475352,,9.475352
36,29,gsm8k_orgn_vs_gpqa_ver1,1,1,1,8.631628,,8.631628
36,29,gsm8k_orgn_vs_gsm8k_ver1,1,1,1,8.316505,,8.316505
36,29,gsm8k_ver1_vs_gpqa_orgn,1,1,1,8.289579,,8.289579
36,29,gsm8k_ver1_vs_gpqa_ver1,1,1,1,7.405847,,7.405847
36,30,gpqa_orgn_vs_gpqa_ver1,1,1,1,7.254899,,7.254899
36,30,gsm8k_orgn_vs_gpqa_orgn,1,1,1,6.76312,,6.76312
36,30,gsm8k_orgn_vs_gpqa_ver1,1,1,1,7.325545,,7.325545
36,30,gsm8k_orgn_vs_gsm8k_ver1,1,1,1,7.784636,,7.784636
36,30,gsm8k_ver1_vs_gpqa_orgn,1,1,1,7.907963,,7.907963
36,30,gsm8k_ver1_vs_gpqa_ver1,1,1,1,8.399461,,8.399461
36,31,gpqa_orgn_vs_gpqa_ver1,1,1,1,25.292513,,25.292513
36,31,gsm8k_orgn_vs_gpqa_orgn,1,1,1,25.425178,,25.425178
36,31,gsm8k_orgn_vs_gpqa_ver1,1,1,1,27.80428,,27.80428
36,31,gsm8k_orgn_vs_gsm8k_ver1,1,1,1,28.186654,,28.186654
36,31,gsm8k_ver1_vs_gpqa_orgn,1,1,1,27.360415,,27.360415
36,31,gsm8k_ver1_vs_gpqa_ver1,1,1,1,29.278208,,29.278208
36,32,gpqa_orgn_vs_gpqa_ver1,1,1,1,15.61517,,15.61517
36,32,gsm8k_orgn_vs_gpqa_orgn,1,1,1,16.230278,,16.230278
36,32,gsm8k_orgn_vs_gpqa_ver1,1,1,1,17.17768,,17.17768
36,32,gsm8k_orgn_vs_gsm8k_ver1,1,1,1,15.556947,,15.556947
36,32,gsm8k_ver1_vs_gpqa_orgn,1,1,1,14.47208,,14.47208
36,32,gsm8k_ver1_vs_gpqa_ver1,1,1,1,15.341846,,15.341846
36,33,gpqa_orgn_vs_gpqa_ver1,1,1,1,6.332171,,6.332171
36,33,gsm8k_orgn_vs_gpqa_orgn,1,1,1,6.773455,,6.773455
36,33,gsm8k_orgn_vs_gpqa_ver1,1,1,1,6.7355,,6.7355
36,33,gsm8k_orgn_vs_gsm8k_ver1,1,1,1,6.221772,,6.221772
36,33,gsm8k_ver1_vs_gpqa_orgn,1,1,1,6.048418,,6.048418
36,33,gsm8k_ver1_vs_gpqa_ver1,1,1,1,5.982656,,5.982656
36,34,gpqa_orgn_vs_gpqa_ver1,1,1,1,12.325297,,12.325297
36,34,gsm8k_orgn_vs_gpqa_orgn,1,1,1,11.761761,,11.761761
36,34,gsm8k_orgn_vs_gpqa_ver1,1,1,1,12.536009,,12.536009
36,34,gsm8k_orgn_vs_gsm8k_ver1,1,1,1,11.38739,,11.38739
36,34,gsm8k_ver1_vs_gpqa_orgn,1,1,1,11.747184,,11.747184
36,34,gsm8k_ver1_vs_gpqa_ver1,1,1,1,12.43292,,12.43292
36,35,gpqa_orgn_vs_gpqa_ver1,1,1,1,6.473652,,6.473652
36,35,gsm8k_orgn_vs_gpqa_orgn,1,1,1,6.692428,,6.692428
36,35,gsm8k_orgn_vs_gpqa_ver1,1,1,1,6.695335,,6.695335
36,35,gsm8k_orgn_vs_gsm8k_ver1,1,1,1,6.475488,,6.475488
36,35,gsm8k_ver1_vs_gpqa_orgn,1,1,1,6.344411,,6.344411
36,35,gsm8k_ver1_vs_gpqa_ver1,1,1,1,6.288165,,6.288165
36,36,gpqa_orgn_vs_gpqa_ver1,1,1,1,1.469898,,1.469898
36,36,gsm8k_orgn_vs_gpqa_orgn,1,1,1,1.579847,,1.579847
36,36,gsm8k_orgn_vs_gpqa_ver1,1,1,1,1.595922,,1.595922
36,36,gsm8k_orgn_vs_gsm8k_ver1,1,1,1,1.372405,,1.372405
36,36,gsm8k_ver1_vs_gpqa_orgn,1,1,1,1.291288,,1.291288
36,36,gsm8k_ver1_vs_gpqa_ver1,1,1,1,1.237255,,1.237255
36,37,gpqa_orgn_vs_gpqa_ver1,1,1,1,2.912633,,2.912633
36,37,gsm8k_orgn_vs_gpqa_orgn,1,1,1,4.162376,,4.162376
36,37,gsm8k_orgn_vs_gpqa_ver1,1,1,1,2.765468,,2.765468
36,37,gsm8k_orgn_vs_gsm8k_ver1,1,1,1,3.108123,,3.108123
36,37,gsm8k_ver1_vs_gpqa_orgn,1,1,1,3.320653,,3.320653
36,37,gsm8k_ver1_vs_gpqa_ver1,1,1,1,1.590774,,1.590774
36,38,gpqa_orgn_vs_gpqa_ver1,1,1,1,9.709066,,9.709066
36,38,gsm8k_orgn_vs_gpqa_orgn,1,1,1,10.21582,,10.21582
36,38,gsm8k_orgn_vs_gpqa_ver1,1,1,1,10.147573,,10.147573
36,38,gsm8k_orgn_vs_gsm8k_ver1,1,1,1,9.287151,,9.287151
36,38,gsm8k_ver1_vs_gpqa_orgn,1,1,1,8.874369,,8.874369
36,38,gsm8k_ver1_vs_gpqa_ver1,1,1,1,7.315591,,7.315591
36,39,gpqa_orgn_vs_gpqa_ver1,1,1,1,12.63269,,12.63269
36,39,gsm8k_orgn_vs_gpqa_orgn,1,1,1,10.714684,,10.714684
36,39,gsm8k_orgn_vs_gpqa_ver1,1,1,1,11.740715,,11.740715
36,39,gsm8k_orgn_vs_gsm8k_ver1,1,1,1,11.28138,,11.28138
36,39,gsm8k_ver1_vs_gpqa_orgn,1,1,1,12.337458,,12.337458
36,39,gsm8k_ver1_vs_gpqa_ver1,1,1,1,13.262943,,13.262943
37,0,gpqa_orgn_vs_gpqa_ver1,1,1,1,12.609539,,12.609539
37,0,gsm8k_orgn_vs_gpqa_orgn,1,1,1,10.505128,,10.505128
37,0,gsm8k_orgn_vs_gpqa_ver1,1,1,1,10.933942,,10.933942
37,0,gsm8k_orgn_vs_gsm8k_ver1,1,1,1,8.226041,,8.226041
37,0,gsm8k_ver1_vs_gpqa_orgn,1,1,1,10.133109,,10.133109
37,0,gsm8k_ver1_vs_gpqa_ver1,1,1,1,10.555388,,10.555388
37,1,gpqa_orgn_vs_gpqa_ver1,1,1,1,11.479699,,11.479699
37,1,gsm8k_orgn_vs_gpqa_orgn,1,1,1,9.87961,,9.87961
37,1,gsm8k_orgn_vs_gpqa_ver1,1,1,1,9.202209,,9.202209
37,1,gsm8k_orgn_vs_gsm8k_ver1,1,1,1,8.057573,,8.057573
37,1,gsm8k_ver1_vs_gpqa_orgn,1,1,1,10.663759,,10.663759
37,1,gsm8k_ver1_vs_gpqa_ver1,1,1,1,9.996984,,9.996984
37,2,gpqa_orgn_vs_gpqa_ver1,1,1,1,11.115042,,11.115042
37,2,gsm8k_orgn_vs_gpqa_orgn,1,1,1,9.803341,,9.803341
37,2,gsm8k_orgn_vs_gpqa_ver1,1,1,1,10.900122,,10.900122
37,2,gsm8k_orgn_vs_gsm8k_ver1,1,1,1,9.841673,,9.841673
37,2,gsm8k_ver1_vs_gpqa_orgn,1,1,1,10.183806,,10.183806
37,2,gsm8k_ver1_vs_gpqa_ver1,1,1,1,11.273579,,11.273579
37,3,gpqa_orgn_vs_gpqa_ver1,1,1,1,8.716665,,8.716665
37,3,gsm8k_orgn_vs_gpqa_orgn,1,1,1,8.568083,,8.568083
37,3,gsm8k_orgn_vs_gpqa_ver1,1,1,1,8.899777,,8.899777
37,3,gsm8k_orgn_vs_gsm8k_ver1,1,1,1,7.674884,,7.674884
37,3,gsm8k_ver1_vs_gpqa_orgn,1,1,1,7.600978,,7.600978
37,3,gsm8k_ver1_vs_gpqa_ver1,1,1,1,7.933523,,7.933523
37,4,gpqa_orgn_vs_gpqa_ver1,1,1,1,15.05647,,15.05647
37,4,gsm8k_orgn_vs_gpqa_orgn,1,1,1,16.363521,,16.363521
37,4,gsm8k_orgn_vs_gpqa_ver1,1,1,1,16.472142,,16.472142
37,4,gsm8k_orgn_vs_gsm8k_ver1,1,1,1,16.406172,,16.406172
37,4,gsm8k_ver1_vs_gpqa_orgn,1,1,1,15.252342,,15.252342
37,4,gsm8k_ver1_vs_gpqa_ver1,1,1,1,15.328892,,15.328892
37,5,gpqa_orgn_vs_gpqa_ver1,1,1,1,14.259341,,14.259341
37,5,gsm8k_orgn_vs_gpqa_orgn,1,1,1,13.102332,,13.102332
37,5,gsm8k_orgn_vs_gpqa_ver1,1,1,1,13.785584,,13.785584
37,5,gsm8k_orgn_vs_gsm8k_ver1,1,1,1,11.999772,,11.999772
37,5,gsm8k_ver1_vs_gpqa_orgn,1,1,1,12.776181,,12.776181
37,5,gsm8k_ver1_vs_gpqa_ver1,1,1,1,13.429119,,13.429119
37,6,gpqa_orgn_vs_gpqa_ver1,1,1,1,11.847621,,11.847621
37,6,gsm8k_orgn_vs_gpqa_orgn,1,1,1,10.705647,,10.705647
37,6,gsm8k_orgn_vs_gpqa_ver1,1,1,1,10.568922,,10.568922
37,6,gsm8k_orgn_vs_gsm8k_ver1,1,1,1,8.952582,,8.952582
37,6,gsm8k_ver1_vs_gpqa_orgn,1,1,1,10.574741,,10.574741
37,6,gsm8k_ver1_vs_gpqa_ver1,1,1,1,10.399876,,10.399876
37,7,gpqa_orgn_vs_gpqa_ver1,1,1,1,14.465832,,14.465832
37,7,gsm8k_orgn_vs_gpqa_orgn,1,1,1,18.827372,,18.827372
37,7,gsm8k_orgn_vs_gpqa_ver1,1,1,1,18.180827,,18.180827
37,7,gsm8k_orgn_vs_gsm8k_ver1,1,1,1,18.699909,,18.699909
37,7,gsm8k_ver1_vs_gpqa_orgn,1,1,1,15.349122,,15.349122
37,7,gsm8k_ver1_vs_gpqa_ver1,1,1,1,14.636884,,14.636884
37,8,gpqa_orgn_vs_gpqa_ver1,1,1,1,13.716647,,13.716647
37,8,gsm8k_orgn_vs_gpqa_orgn,1,1,1,11.976195,,11.976195
37,8,gsm8k_orgn_vs_gpqa_ver1,1,1,1,14.011753,,14.011753
37,8,gsm8k_orgn_vs_gsm8k_ver1,1,1,1,11.883494,,11.883494
37,8,gsm8k_ver1_vs_gpqa_orgn,1,1,1,11.75082,,11.75082
37,8,gsm8k_ver1_vs_gpqa_ver1,1,1,1,13.771601,,13.771601
37,9,gpqa_orgn_vs_gpqa_ver1,1,1,1,18.243216,,18.243216
37,9,gsm8k_orgn_vs_gpqa_orgn,1,1,1,18.090689,,18.090689
37,9,gsm8k_orgn_vs_gpqa_ver1,1,1,1,16.354503,,16.354503
37,9,gsm8k_orgn_vs_gsm8k_ver1,1,1,1,15.095273,,15.095273
37,9,gsm8k_ver1_vs_gpqa_orgn,1,1,1,17.536505,,17.536505
37,9,gsm8k_ver1_vs_gpqa_ver1,1,1,1,15.696033,,15.696033
37,10,gpqa_orgn_vs_gpqa_ver1,1,1,1,24.407665,,24.407665
37,10,gsm8k_orgn_vs_gpqa_orgn,1,1,1,24.186521,,24.186521
37,10,gsm8k_orgn_vs_gpqa_ver1,1,1,1,22.517726,,22.517726
37,10,gsm8k_orgn_vs_gsm8k_ver1,1,1,1,20.799477,,20.799477
37,10,gsm8k_ver1_vs_gpqa_orgn,1,1,1,24.039569,,24.039569
37,10,gsm8k_ver1_vs_gpqa_ver1,1,1,1,21.54732,,21.54732
37,11,gpqa_orgn_vs_gpqa_ver1,1,1,1,23.467467,,23.467467
37,11,gsm8k_orgn_vs_gpqa_orgn,1,1,1,23.528724,,23.528724
37,11,gsm8k_orgn_vs_gpqa_ver1,1,1,1,19.8929,,19.8929
37,11,gsm8k_orgn_vs_gsm8k_ver1,1,1,1,16.141694,,16.141694
37,11,gsm8k_ver1_vs_gpqa_orgn,1,1,1,20.650231,,20.650231
37,11,gsm8k_ver1_vs_gpqa_ver1,1,1,1,15.492796,,15.492796
37,12,gpqa_orgn_vs_gpqa_ver1,1,1,1,20.297789,,20.297789
37,12,gsm8k_orgn_vs_gpqa_orgn,1,1,1,20.74545,,20.74545
37,12,gsm8k_orgn_vs_gpqa_ver1,1,1,1,19.647828,,19.647828
37,12,gsm8k_orgn_vs_gsm8k_ver1,1,1,1,17.721698,,17.721698
37,12,gsm8k_ver1_vs_gpqa_orgn,1,1,1,20.232055,,20.232055
37,12,gsm8k_ver1_vs_gpqa_ver1,1,1,1,17.368935,,17.368935
37,13,gpqa_orgn_vs_gpqa_ver1,1,1,1,12.567409,,12.567409
37,13,gsm8k_orgn_vs_gpqa_orgn,1,1,1,6.414942,,6.414942
37,13,gsm8k_orgn_vs_gpqa_ver1,1,1,1,10.815386,,10.815386
37,13,gsm8k_orgn_vs_gsm8k_ver1,1,1,1,13.297421,,13.297421
37,13,gsm8k_ver1_vs_gpqa_orgn,1,1,1,15.144208,,15.144208
37,13,gsm8k_ver1_vs_gpqa_ver1,1,1,1,18.003396,,18.003396
37,14,gpqa_orgn_vs_gpqa_ver1,1,1,1,21.660913,,21.660913
37,14,gsm8k_orgn_vs_gpqa_orgn,1,1,1,21.595296,,21.595296
37,14,gsm8k_orgn_vs_gpqa_ver1,1,1,1,21.005703,,21.005703
37,14,gsm8k_orgn_vs_gsm8k_ver1,1,1,1,20.111064,,20.111064
37,14,gsm8k_ver1_vs_gpqa_orgn,1,1,1,21.948218,,21.948218
37,14,gsm8k_ver1_vs_gpqa_ver1,1,1,1,20.739118,,20.739118
37,15,gpqa_orgn_vs_gpqa_ver1,1,1,1,8.991374,,8.991374
37,15,gsm8k_orgn_vs_gpqa_orgn,1,1,1,10.988017,,10.988017
37,15,gsm8k_orgn_vs_gpqa_ver1,1,1,1,10.2524,,10.2524
37,15,gsm8k_orgn_vs_gsm8k_ver1,1,1,1,11.019077,,11.019077
37,15,gsm8k_ver1_vs_gpqa_orgn,1,1,1,9.942871,,9.942871
37,15,gsm8k_ver1_vs_gpqa_ver1,1,1,1,9.170704,,9.170704
37,16,gpqa_orgn_vs_gpqa_ver1,1,1,1,13.025014,,13.025014
37,16,gsm8k_orgn_vs_gpqa_orgn,1,1,1,15.658118,,15.658118
37,16,gsm8k_orgn_vs_gpqa_ver1,1,1,1,15.601799,,15.601799
37,16,gsm8k_orgn_vs_gsm8k_ver1,1,1,1,16.534617,,16.534617
37,16,gsm8k_ver1_vs_gpqa_orgn,1,1,1,14.311576,,14.311576
37,16,gsm8k_ver1_vs_gpqa_ver1,1,1,1,14.199084,,14.199084
37,17,gpqa_orgn_vs_gpqa_ver1,1,1,1,9.229074,,9.229074
37,17,gsm8k_orgn_vs_gpqa_orgn,1,1,1,9.430407,,9.430407
37,17,gsm8k_orgn_vs_gpqa_ver1,1,1,1,10.503786,,10.503786
37,17,gsm8k_orgn_vs_gsm8k_ver1,1,1,1,11.169205,,11.169205
37,17,gsm8k_ver1_vs_gpqa_orgn,1,1,1,10.076786,,10.076786
37,17,gsm8k_ver1_vs_gpqa_ver1,1,1,1,11.115854,,11.115854
37,18,gpqa_orgn_vs_gpqa_ver1,1,1,1,8.899095,,8.899095
37,18,gsm8k_orgn_vs_gpqa_orgn,1,1,1,9.333152,,9.333152
37,18,gsm8k_orgn_vs_gpqa_ver1,1,1,1,9.631569,,9.631569
37,18,gsm8k_orgn_vs_gsm8k_ver1,1,1,1,9.275891,,9.275891
37,18,gsm8k_ver1_vs_gpqa_orgn,1,1,1,8.739072,,8.739072
37,18,gsm8k_ver1_vs_gpqa_ver1,1,1,1,9.018074,,9.018074
37,19,gpqa_orgn_vs_gpqa_ver1,1,1,1,7.492554,,7.492554
37,19,gsm8k_orgn_vs_gpqa_orgn,1,1,1,7.892351,,7.892351
37,19,gsm8k_orgn_vs_gpqa_ver1,1,1,1,8.718179,,8.718179
37,19,gsm8k_orgn_vs_gsm8k_ver1,1,1,1,8.675415,,8.675415
37,19,gsm8k_ver1_vs_gpqa_orgn,1,1,1,7.637415,,7.637415
37,19,gsm8k_ver1_vs_gpqa_ver1,1,1,1,8.44469,,8.44469
37,20,gpqa_orgn_vs_gpqa_ver1,1,1,1,2.953888,,2.953888
37,20,gsm8k_orgn_vs_gpqa_orgn,1,1,1,8.725459,,8.725459
37,20,gsm8k_orgn_vs_gpqa_ver1,1,1,1,8.882193,,8.882193
37,20,gsm8k_orgn_vs_gsm8k_ver1,1,1,1,9.177043,,9.177043
37,20,gsm8k_ver1_vs_gpqa_orgn,1,1,1,4.27827,,4.27827
37,20,gsm8k_ver1_vs_gpqa_ver1,1,1,1,3.631971,,3.631971
37,21,gpqa_orgn_vs_gpqa_ver1,1,1,1,15.856111,,15.856111
37,21,gsm8k_orgn_vs_gpqa_orgn,1,1,1,18.373389,,18.373389
37,21,gsm8k_orgn_vs_gpqa_ver1,1,1,1,17.224546,,17.224546
37,21,gsm8k_orgn_vs_gsm8k_ver1,1,1,1,17.031907,,17.031907
37,21,gsm8k_ver1_vs_gpqa_orgn,1,1,1,16.812486,,16.812486
37,21,gsm8k_ver1_vs_gpqa_ver1,1,1,1,12.766134,,12.766134
37,22,gpqa_orgn_vs_gpqa_ver1,1,1,1,10.596159,,10.596159
37,22,gsm8k_orgn_vs_gpqa_orgn,1,1,1,13.616132,,13.616132
37,22,gsm8k_orgn_vs_gpqa_ver1,1,1,1,12.168278,,12.168278
37,22,gsm8k_orgn_vs_gsm8k_ver1,1,1,1,12.010095,,12.010095
37,22,gsm8k_ver1_vs_gpqa_orgn,1,1,1,10.855923,,10.855923
37,22,gsm8k_ver1_vs_gpqa_ver1,1,1,1,8.45563,,8.45563
37,23,gpqa_orgn_vs_gpqa_ver1,1,1,1,24.670024,,24.670024
37,23,gsm8k_orgn_vs_gpqa_orgn,1,1,1,24.124946,,24.124946
37,23,gsm8k_orgn_vs_gpqa_ver1,1,1,1,25.341782,,25.341782
37,23,gsm8k_orgn_vs_gsm8k_ver1,1,1,1,22.591242,,22.591242
37,23,gsm8k_ver1_vs_gpqa_orgn,1,1,1,24.502179,,24.502179
37,23,gsm8k_ver1_vs_gpqa_ver1,1,1,1,20.742652,,20.742652
37,24,gpqa_orgn_vs_gpqa_ver1,1,1,1,21.135125,,21.135125
37,24,gsm8k_orgn_vs_gpqa_orgn,1,1,1,22.292898,,22.292898
37,24,gsm8k_orgn_vs_gpqa_ver1,1,1,1,22.397072,,22.397072
37,24,gsm8k_orgn_vs_gsm8k_ver1,1,1,1,21.17543,,21.17543
37,24,gsm8k_ver1_vs_gpqa_orgn,1,1,1,21.632692,,21.632692
37,24,gsm8k_ver1_vs_gpqa_ver1,1,1,1,18.426634,,18.426634
37,25,gpqa_orgn_vs_gpqa_ver1,1,1,1,6.162697,,6.162697
37,25,gsm8k_orgn_vs_gpqa_orgn,1,1,1,7.177768,,7.177768
37,25,gsm8k_orgn_vs_gpqa_ver1,1,1,1,6.905797,,6.905797
37,25,gsm8k_orgn_vs_gsm8k_ver1,1,1,1,6.518697,,6.518697
37,25,gsm8k_ver1_vs_gpqa_orgn,1,1,1,6.027887,,6.027887
37,25,gsm8k_ver1_vs_gpqa_ver1,1,1,1,5.580004,,5.580004
37,26,gpqa_orgn_vs_gpqa_ver1,1,1,1,12.294009,,12.294009
37,26,gsm8k_orgn_vs_gpqa_orgn,1,1,1,17.296297,,17.296297
37,26,gsm8k_orgn_vs_gpqa_ver1,1,1,1,17.357526,,17.357526
37,26,gsm8k_orgn_vs_gsm8k_ver1,1,1,1,18.024027,,18.024027
37,26,gsm8k_ver1_vs_gpqa_orgn,1,1,1,14.417591,,14.417591
37,26,gsm8k_ver1_vs_gpqa_ver1,1,1,1,13.956904,,13.956904
37,27,gpqa_orgn_vs_gpqa_ver1,1,1,1,17.446652,,17.446652
37,27,gsm8k_orgn_vs_gpqa_orgn,1,1,1,17.248675,,17.248675
37,27,gsm8k_orgn_vs_gpqa_ver1,1,1,1,16.986777,,16.986777
37,27,gsm8k_orgn_vs_gsm8k_ver1,1,1,1,14.427555,,14.427555
37,27,gsm8k_ver1_vs_gpqa_orgn,1,1,1,15.368342,,15.368342
37,27,gsm8k_ver1_vs_gpqa_ver1,1,1,1,14.976241,,14.976241
37,28,gpqa_orgn_vs_gpqa_ver1,1,1,1,9.899737,,9.899737
37,28,gsm8k_orgn_vs_gpqa_orgn,1,1,1,9.170622,,9.170622
37,28,gsm8k_orgn_vs_gpqa_ver1,1,1,1,10.207866,,10.207866
37,28,gsm8k_orgn_vs_gsm8k_ver1,1,1,1,9.949304,,9.949304
37,28,gsm8k_ver1_vs_gpqa_orgn,1,1,1,9.869672,,9.869672
37,28,gsm8k_ver1_vs_gpqa_ver1,1,1,1,10.78353,,10.78353
37,29,gpqa_orgn_vs_gpqa_ver1,1,1,1,9.028056,,9.028056
37,29,gsm8k_orgn_vs_gpqa_orgn,1,1,1,10.215236,,10.215236
37,29,gsm8k_orgn_vs_gpqa_ver1,1,1,1,10.622965,,10.622965
37,29,gsm8k_orgn_vs_gsm8k_ver1,1,1,1,11.854925,,11.854925
37,29,gsm8k_ver1_vs_gpqa_orgn,1,1,1,10.627426,,10.627426
37,29,gsm8k_ver1_vs_gpqa_ver1,1,1,1,10.930448,,10.930448
37,30,gpqa_orgn_vs_gpqa_ver1,1,1,1,8.82022,,8.82022
37,30,gsm8k_orgn_vs_gpqa_orgn,1,1,1,8.518132,,8.518132
37,30,gsm8k_orgn_vs_gpqa_ver1,1,1,1,8.8059,,8.8059
37,30,gsm8k_orgn_vs_gsm8k_ver1,1,1,1,7.438413,,7.438413
37,30,gsm8k_ver1_vs_gpqa_orgn,1,1,1,7.656702,,7.656702
37,30,gsm8k_ver1_vs_gpqa_ver1,1,1,1,7.226902,,7.226902
37,31,gpqa_orgn_vs_gpqa_ver1,1,1,1,17.579241,,17.579241
37,31,gsm8k_orgn_vs_gpqa_orgn,1,1,1,13.489979,,13.489979
37,31,gsm8k_orgn_vs_gpqa_ver1,1,1,1,16.211964,,16.211964
37,31,gsm8k_orgn_vs_gsm8k_ver1,1,1,1,11.460159,,11.460159
37,31,gsm8k_ver1_vs_gpqa_orgn,1,1,1,13.018372,,13.018372
37,31,gsm8k_ver1_vs_gpqa_ver1,1,1,1,15.653809,,15.653809
37,32,gpqa_orgn_vs_gpqa_ver1,1,1,1,2.840852,,2.840852
37,32,gsm8k_orgn_vs_gpqa_orgn,1,1,1,2.719201,,2.719201
37,32,gsm8k_orgn_vs_gpqa_ver1,1,1,1,3.47756,,3.47756
37,32,gsm8k_orgn_vs_gsm8k_ver1,1,1,1,3.800026,,3.800026
37,32,gsm8k_ver1_vs_gpqa_orgn,1,1,1,3.295707,,3.295707
37,32,gsm8k_ver1_vs_gpqa_ver1,1,1,1,3.876188,,3.876188
37,33,gpqa_orgn_vs_gpqa_ver1,1,1,1,4.114262,,4.114262
37,33,gsm8k_orgn_vs_gpqa_orgn,1,1,1,5.921334,,5.921334
37,33,gsm8k_orgn_vs_gpqa_ver1,1,1,1,4.486755,,4.486755
37,33,gsm8k_orgn_vs_gsm8k_ver1,1,1,1,4.089126,,4.089126
37,33,gsm8k_ver1_vs_gpqa_orgn,1,1,1,3.736595,,3.736595
37,33,gsm8k_ver1_vs_gpqa_ver1,1,1,1,1.801593,,1.801593
37,34,gpqa_orgn_vs_gpqa_ver1,1,1,1,5.585743,,5.585743
37,34,gsm8k_orgn_vs_gpqa_orgn,1,1,1,7.007511,,7.007511
37,34,gsm8k_orgn_vs_gpqa_ver1,1,1,1,5.690113,,5.690113
37,34,gsm8k_orgn_vs_gsm8k_ver1,1,1,1,5.604682,,5.604682
37,34,gsm8k_ver1_vs_gpqa_orgn,1,1,1,5.627832,,5.627832
37,34,gsm8k_ver1_vs_gpqa_ver1,1,1,1,4.113249,,4.113249
37,35,gpqa_orgn_vs_gpqa_ver1,1,1,1,26.450982,,26.450982
37,35,gsm8k_orgn_vs_gpqa_orgn,1,1,1,21.801144,,21.801144
37,35,gsm8k_orgn_vs_gpqa_ver1,1,1,1,23.99909,,23.99909
37,35,gsm8k_orgn_vs_gsm8k_ver1,1,1,1,18.278085,,18.278085
37,35,gsm8k_ver1_vs_gpqa_orgn,1,1,1,21.811806,,21.811806
37,35,gsm8k_ver1_vs_gpqa_ver1,1,1,1,23.43435,,23.43435
37,36,gpqa_orgn_vs_gpqa_ver1,1,1,1,20.526785,,20.526785
37,36,gsm8k_orgn_vs_gpqa_orgn,1,1,1,20.302984,,20.302984
37,36,gsm8k_orgn_vs_gpqa_ver1,1,1,1,20.433975,,20.433975
37,36,gsm8k_orgn_vs_gsm8k_ver1,1,1,1,18.102065,,18.102065
37,36,gsm8k_ver1_vs_gpqa_orgn,1,1,1,18.717151,,18.717151
37,36,gsm8k_ver1_vs_gpqa_ver1,1,1,1,18.413457,,18.413457
37,37,gpqa_orgn_vs_gpqa_ver1,1,1,1,11.844517,,11.844517
37,37,gsm8k_orgn_vs_gpqa_orgn,1,1,1,10.890024,,10.890024
37,37,gsm8k_orgn_vs_gpqa_ver1,1,1,1,11.889634,,11.889634
37,37,gsm8k_orgn_vs_gsm8k_ver1,1,1,1,10.370555,,10.370555
37,37,gsm8k_ver1_vs_gpqa_orgn,1,1,1,10.591171,,10.591171
37,37,gsm8k_ver1_vs_gpqa_ver1,1,1,1,11.272565,,11.272565
37,38,gpqa_orgn_vs_gpqa_ver1,1,1,1,10.074693,,10.074693
37,38,gsm8k_orgn_vs_gpqa_orgn,1,1,1,9.921414,,9.921414
37,38,gsm8k_orgn_vs_gpqa_ver1,1,1,1,11.228229,,11.228229
37,38,gsm8k_orgn_vs_gsm8k_ver1,1,1,1,9.228804,,9.228804
37,38,gsm8k_ver1_vs_gpqa_orgn,1,1,1,8.318671,,8.318671
37,38,gsm8k_ver1_vs_gpqa_ver1,1,1,1,9.560014,,9.560014
37,39,gpqa_orgn_vs_gpqa_ver1,1,1,1,11.078735,,11.078735
37,39,gsm8k_orgn_vs_gpqa_orgn,1,1,1,9.160545,,9.160545
37,39,gsm8k_orgn_vs_gpqa_ver1,1,1,1,8.524725,,8.524725
37,39,gsm8k_orgn_vs_gsm8k_ver1,1,1,1,5.140607,,5.140607
37,39,gsm8k_ver1_vs_gpqa_orgn,1,1,1,8.114581,,8.114581
37,39,gsm8k_ver1_vs_gpqa_ver1,1,1,1,7.401006,,7.401006
38,0,gpqa_orgn_vs_gpqa_ver1,1,1,1,43.428971,,43.428971
38,0,gsm8k_orgn_vs_gpqa_orgn,1,1,1,41.394837,,41.394837
38,0,gsm8k_orgn_vs_gpqa_ver1,1,1,1,41.273463,,41.273463
38,0,gsm8k_orgn_vs_gsm8k_ver1,1,1,1,35.012705,,35.012705
38,0,gsm8k_ver1_vs_gpqa_orgn,1,1,1,39.892818,,39.892818
38,0,gsm8k_ver1_vs_gpqa_ver1,1,1,1,38.876311,,38.876311
38,1,gpqa_orgn_vs_gpqa_ver1,1,1,1,23.481173,,23.481173
38,1,gsm8k_orgn_vs_gpqa_orgn,1,1,1,18.12398,,18.12398
38,1,gsm8k_orgn_vs_gpqa_ver1,1,1,1,18.383096,,18.383096
38,1,gsm8k_orgn_vs_gsm8k_ver1,1,1,1,9.012202,,9.012202
38,1,gsm8k_ver1_vs_gpqa_orgn,1,1,1,15.861376,,15.861376
38,1,gsm8k_ver1_vs_gpqa_ver1,1,1,1,15.809722,,15.809722
38,2,gpqa_orgn_vs_gpqa_ver1,1,1,1,17.901648,,17.901648
38,2,gsm8k_orgn_vs_gpqa_orgn,1,1,1,14.937693,,14.937693
38,2,gsm8k_orgn_vs_gpqa_ver1,1,1,1,14.98611,,14.98611
38,2,gsm8k_orgn_vs_gsm8k_ver1,1,1,1,8.873582,,8.873582
38,2,gsm8k_ver1_vs_gpqa_orgn,1,1,1,12.278408,,12.278408
38,2,gsm8k_ver1_vs_gpqa_ver1,1,1,1,12.185983,,12.185983
38,3,gpqa_orgn_vs_gpqa_ver1,1,1,1,18.506242,,18.506242
38,3,gsm8k_orgn_vs_gpqa_orgn,1,1,1,16.682287,,16.682287
38,3,gsm8k_orgn_vs_gpqa_ver1,1,1,1,15.84856,,15.84856
38,3,gsm8k_orgn_vs_gsm8k_ver1,1,1,1,12.407062,,12.407062
38,3,gsm8k_ver1_vs_gpqa_orgn,1,1,1,16.048577,,16.048577
38,3,gsm8k_ver1_vs_gpqa_ver1,1,1,1,15.03395,,15.03395
38,4,gpqa_orgn_vs_gpqa_ver1,1,1,1,21.466158,,21.466158
38,4,gsm8k_orgn_vs_gpqa_orgn,1,1,1,16.814526,,16.814526
38,4,gsm8k_orgn_vs_gpqa_ver1,1,1,1,15.020582,,15.020582
38,4,gsm8k_orgn_vs_gsm8k_ver1,1,1,1,8.625369,,8.625369
38,4,gsm8k_ver1_vs_gpqa_orgn,1,1,1,16.408944,,16.408944
38,4,gsm8k_ver1_vs_gpqa_ver1,1,1,1,14.446459,,14.446459
38,5,gpqa_orgn_vs_gpqa_ver1,1,1,1,14.728938,,14.728938
38,5,gsm8k_orgn_vs_gpqa_orgn,1,1,1,13.167377,,13.167377
38,5,gsm8k_orgn_vs_gpqa_ver1,1,1,1,14.476414,,14.476414
38,5,gsm8k_orgn_vs_gsm8k_ver1,1,1,1,12.065757,,12.065757
38,5,gsm8k_ver1_vs_gpqa_orgn,1,1,1,12.43795,,12.43795
38,5,gsm8k_ver1_vs_gpqa_ver1,1,1,1,13.747673,,13.747673
38,6,gpqa_orgn_vs_gpqa_ver1,1,1,1,14.005241,,14.005241
38,6,gsm8k_orgn_vs_gpqa_orgn,1,1,1,13.763358,,13.763358
38,6,gsm8k_orgn_vs_gpqa_ver1,1,1,1,12.776036,,12.776036
38,6,gsm8k_orgn_vs_gsm8k_ver1,1,1,1,11.915613,,11.915613
38,6,gsm8k_ver1_vs_gpqa_orgn,1,1,1,13.214015,,13.214015
38,6,gsm8k_ver1_vs_gpqa_ver1,1,1,1,12.199502,,12.199502
38,7,gpqa_orgn_vs_gpqa_ver1,1,1,1,8.591306,,8.591306
38,7,gsm8k_orgn_vs_gpqa_orgn,1,1,1,8.842867,,8.842867
38,7,gsm8k_orgn_vs_gpqa_ver1,1,1,1,8.248797,,8.248797
38,7,gsm8k_orgn_vs_gsm8k_ver1,1,1,1,7.872257,,7.872257
38,7,gsm8k_ver1_vs_gpqa_orgn,1,1,1,8.277658,,8.277658
38,7,gsm8k_ver1_vs_gpqa_ver1,1,1,1,7.642649,,7.642649
38,8,gpqa_orgn_vs_gpqa_ver1,1,1,1,18.722533,,18.722533
38,8,gsm8k_orgn_vs_gpqa_orgn,1,1,1,16.062701,,16.062701
38,8,gsm8k_orgn_vs_gpqa_ver1,1,1,1,16.669848,,16.669848
38,8,gsm8k_orgn_vs_gsm8k_ver1,1,1,1,12.716551,,12.716551
38,8,gsm8k_ver1_vs_gpqa_orgn,1,1,1,15.03173,,15.03173
38,8,gsm8k_ver1_vs_gpqa_ver1,1,1,1,15.624747,,15.624747
38,9,gpqa_orgn_vs_gpqa_ver1,1,1,1,8.634952,,8.634952
38,9,gsm8k_orgn_vs_gpqa_orgn,1,1,1,9.565254,,9.565254
38,9,gsm8k_orgn_vs_gpqa_ver1,1,1,1,9.866588,,9.866588
38,9,gsm8k_orgn_vs_gsm8k_ver1,1,1,1,8.841025,,8.841025
38,9,gsm8k_ver1_vs_gpqa_orgn,1,1,1,7.629679,,7.629679
38,9,gsm8k_ver1_vs_gpqa_ver1,1,1,1,7.891853,,7.891853
38,10,gpqa_orgn_vs_gpqa_ver1,1,1,1,2.864905,,2.864905
38,10,gsm8k_orgn_vs_gpqa_orgn,1,1,1,2.055101,,2.055101
38,10,gsm8k_orgn_vs_gpqa_ver1,1,1,1,2.087229,,2.087229
38,10,gsm8k_orgn_vs_gsm8k_ver1,1,1,1,2.515191,,2.515191
38,10,gsm8k_ver1_vs_gpqa_orgn,1,1,1,3.386783,,3.386783
38,10,gsm8k_ver1_vs_gpqa_ver1,1,1,1,3.376692,,3.376692
38,11,gpqa_orgn_vs_gpqa_ver1,1,1,1,7.90924,,7.90924
38,11,gsm8k_orgn_vs_gpqa_orgn,1,1,1,6.99409,,6.99409
38,11,gsm8k_orgn_vs_gpqa_ver1,1,1,1,8.155534,,8.155534
38,11,gsm8k_orgn_vs_gsm8k_ver1,1,1,1,5.949369,,5.949369
38,11,gsm8k_ver1_vs_gpqa_orgn,1,1,1,5.73161,,5.73161
38,11,gsm8k_ver1_vs_gpqa_ver1,1,1,1,6.882126,,6.882126
38,12,gpqa_orgn_vs_gpqa_ver1,1,1,1,4.850394,,4.850394
38,12,gsm8k_orgn_vs_gpqa_orgn,1,1,1,5.107472,,5.107472
38,12,gsm8k_orgn_vs_gpqa_ver1,1,1,1,5.246503,,5.246503
38,12,gsm8k_orgn_vs_gsm8k_ver1,1,1,1,4.093602,,4.093602
38,12,gsm8k_ver1_vs_gpqa_orgn,1,1,1,3.713828,,3.713828
38,12,gsm8k_ver1_vs_gpqa_ver1,1,1,1,3.774101,,3.774101
38,13,gpqa_orgn_vs_gpqa_ver1,1,1,1,6.292052,,6.292052
38,13,gsm8k_orgn_vs_gpqa_orgn,1,1,1,4.704258,,4.704258
38,13,gsm8k_orgn_vs_gpqa_ver1,1,1,1,5.472026,,5.472026
38,13,gsm8k_orgn_vs_gsm8k_ver1,1,1,1,4.456612,,4.456612
38,13,gsm8k_ver1_vs_gpqa_orgn,1,1,1,5.382484,,5.382484
38,13,gsm8k_ver1_vs_gpqa_ver1,1,1,1,6.122017,,6.122017
38,14,gpqa_orgn_vs_gpqa_ver1,1,1,1,4.639993,,4.639993
38,14,gsm8k_orgn_vs_gpqa_orgn,1,1,1,5.439195,,5.439195
38,14,gsm8k_orgn_vs_gpqa_ver1,1,1,1,4.881478,,4.881478
38,14,gsm8k_orgn_vs_gsm8k_ver1,1,1,1,4.259669,,4.259669
38,14,gsm8k_ver1_vs_gpqa_orgn,1,1,1,4.117051,,4.117051
38,14,gsm8k_ver1_vs_gpqa_ver1,1,1,1,3.366731,,3.366731
38,15,gpqa_orgn_vs_gpqa_ver1,1,1,1,6.095586,,6.095586
38,15,gsm8k_orgn_vs_gpqa_orgn,1,1,1,5.292786,,5.292786
38,15,gsm8k_orgn_vs_gpqa_ver1,1,1,1,3.463691,,3.463691
38,15,gsm8k_orgn_vs_gsm8k_ver1,1,1,1,2.573734,,2.573734
38,15,gsm8k_ver1_vs_gpqa_orgn,1,1,1,5.369821,,5.369821
38,15,gsm8k_ver1_vs_gpqa_ver1,1,1,1,3.51956,,3.51956
38,16,gpqa_orgn_vs_gpqa_ver1,1,1,1,36.4254,,36.4254
38,16,gsm8k_orgn_vs_gpqa_orgn,1,1,1,33.381504,,33.381504
38,16,gsm8k_orgn_vs_gpqa_ver1,1,1,1,33.690661,,33.690661
38,16,gsm8k_orgn_vs_gsm8k_ver1,1,1,1,28.515891,,28.515891
38,16,gsm8k_ver1_vs_gpqa_orgn,1,1,1,32.578093,,32.578093
38,16,gsm8k_ver1_vs_gpqa_ver1,1,1,1,32.653909,,32.653909
38,17,gpqa_orgn_vs_gpqa_ver1,1,1,1,13.633774,,13.633774
38,17,gsm8k_orgn_vs_gpqa_orgn,1,1,1,10.833704,,10.833704
38,17,gsm8k_orgn_vs_gpqa_ver1,1,1,1,7.831248,,7.831248
38,17,gsm8k_orgn_vs_gsm8k_ver1,1,1,1,4.467386,,4.467386
38,17,gsm8k_ver1_vs_gpqa_orgn,1,1,1,10.815704,,10.815704
38,17,gsm8k_ver1_vs_gpqa_ver1,1,1,1,7.713083,,7.713083
38,18,gpqa_orgn_vs_gpqa_ver1,1,1,1,28.178289,,28.178289
38,18,gsm8k_orgn_vs_gpqa_orgn,1,1,1,22.447709,,22.447709
38,18,gsm8k_orgn_vs_gpqa_ver1,1,1,1,22.833136,,22.833136
38,18,gsm8k_orgn_vs_gsm8k_ver1,1,1,1,14.933915,,14.933915
38,18,gsm8k_ver1_vs_gpqa_orgn,1,1,1,21.884029,,21.884029
38,18,gsm8k_ver1_vs_gpqa_ver1,1,1,1,22.100124,,22.100124
38,19,gpqa_orgn_vs_gpqa_ver1,1,1,1,29.518641,,29.518641
38,19,gsm8k_orgn_vs_gpqa_orgn,1,1,1,23.780138,,23.780138
38,19,gsm8k_orgn_vs_gpqa_ver1,1,1,1,24.747738,,24.747738
38,19,gsm8k_orgn_vs_gsm8k_ver1,1,1,1,19.629304,,19.629304
38,19,gsm8k_ver1_vs_gpqa_orgn,1,1,1,25.658896,,25.658896
38,19,gsm8k_ver1_vs_gpqa_ver1,1,1,1,26.339245,,26.339245
38,20,gpqa_orgn_vs_gpqa_ver1,1,1,1,49.365465,,49.365465
38,20,gsm8k_orgn_vs_gpqa_orgn,1,1,1,44.103131,,44.103131
38,20,gsm8k_orgn_vs_gpqa_ver1,1,1,1,43.061829,,43.061829
38,20,gsm8k_orgn_vs_gsm8k_ver1,1,1,1,35.419332,,35.419332
38,20,gsm8k_ver1_vs_gpqa_orgn,1,1,1,43.130316,,43.130316
38,20,gsm8k_ver1_vs_gpqa_ver1,1,1,1,41.919456,,41.919456
38,21,gpqa_orgn_vs_gpqa_ver1,1,1,1,27.888556,,27.888556
38,21,gsm8k_orgn_vs_gpqa_orgn,1,1,1,28.988929,,28.988929
38,21,gsm8k_orgn_vs_gpqa_ver1,1,1,1,25.318018,,25.318018
38,21,gsm8k_orgn_vs_gsm8k_ver1,1,1,1,21.205526,,21.205526
38,21,gsm8k_ver1_vs_gpqa_orgn,1,1,1,24.49473,,24.49473
38,21,gsm8k_ver1_vs_gpqa_ver1,1,1,1,19.885452,,19.885452
38,22,gpqa_orgn_vs_gpqa_ver1,1,1,1,48.513423,,48.513423
38,22,gsm8k_orgn_vs_gpqa_orgn,1,1,1,42.181804,,42.181804
38,22,gsm8k_orgn_vs_gpqa_ver1,1,1,1,41.381869,,41.381869
38,22,gsm8k_orgn_vs_gsm8k_ver1,1,1,1,32.572914,,32.572914
38,22,gsm8k_ver1_vs_gpqa_orgn,1,1,1,42.076641,,42.076641
38,22,gsm8k_ver1_vs_gpqa_ver1,1,1,1,41.200832,,41.200832
38,23,gpqa_orgn_vs_gpqa_ver1,1,1,1,32.114067,,32.114067
38,23,gsm8k_orgn_vs_gpqa_orgn,1,1,1,28.336138,,28.336138
38,23,gsm8k_orgn_vs_gpqa_ver1,1,1,1,28.415416,,28.415416
38,23,gsm8k_orgn_vs_gsm8k_ver1,1,1,1,22.546598,,22.546598
38,23,gsm8k_ver1_vs_gpqa_orgn,1,1,1,27.403838,,27.403838
38,23,gsm8k_ver1_vs_gpqa_ver1,1,1,1,27.428618,,27.428618
38,24,gpqa_orgn_vs_gpqa_ver1,1,1,1,31.391815,,31.391815
38,24,gsm8k_orgn_vs_gpqa_orgn,1,1,1,30.320108,,30.320108
38,24,gsm8k_orgn_vs_gpqa_ver1,1,1,1,26.999602,,26.999602
38,24,gsm8k_orgn_vs_gsm8k_ver1,1,1,1,21.843315,,21.843315
38,24,gsm8k_ver1_vs_gpqa_orgn,1,1,1,27.798667,,27.798667
38,24,gsm8k_ver1_vs_gpqa_ver1,1,1,1,23.96617,,23.96617
38,25,gpqa_orgn_vs_gpqa_ver1,1,1,1,16.980739,,16.980739
38,25,gsm8k_orgn_vs_gpqa_orgn,1,1,1,17.021781,,17.021781
38,25,gsm8k_orgn_vs_gpqa_ver1,1,1,1,17.681738,,17.681738
38,25,gsm8k_orgn_vs_gsm8k_ver1,1,1,1,15.82003,,15.82003
38,25,gsm8k_ver1_vs_gpqa_orgn,1,1,1,17.391974,,17.391974
38,25,gsm8k_ver1_vs_gpqa_ver1,1,1,1,16.060237,,16.060237
38,26,gpqa_orgn_vs_gpqa_ver1,1,1,1,9.262479,,9.262479
38,26,gsm8k_orgn_vs_gpqa_orgn,1,1,1,12.962944,,12.962944
38,26,gsm8k_orgn_vs_gpqa_ver1,1,1,1,12.88284,,12.88284
38,26,gsm8k_orgn_vs_gsm8k_ver1,1,1,1,12.818453,,12.818453
38,26,gsm8k_ver1_vs_gpqa_orgn,1,1,1,9.867074,,9.867074
38,26,gsm8k_ver1_vs_gpqa_ver1,1,1,1,7.392049,,7.392049
38,27,gpqa_orgn_vs_gpqa_ver1,1,1,1,11.752034,,11.752034
38,27,gsm8k_orgn_vs_gpqa_orgn,1,1,1,11.549236,,11.549236
38,27,gsm8k_orgn_vs_gpqa_ver1,1,1,1,12.1379,,12.1379
38,27,gsm8k_orgn_vs_gsm8k_ver1,1,1,1,11.318713,,11.318713
38,27,gsm8k_ver1_vs_gpqa_orgn,1,1,1,11.292607,,11.292607
38,27,gsm8k_ver1_vs_gpqa_ver1,1,1,1,11.220866,,11.220866
38,28,gpqa_orgn_vs_gpqa_ver1,1,1,1,24.539644,,24.539644
38,28,gsm8k_orgn_vs_gpqa_orgn,1,1,1,23.825758,,23.825758
38,28,gsm8k_orgn_vs_gpqa_ver1,1,1,1,23.449583,,23.449583
38,28,gsm8k_orgn_vs_gsm8k_ver1,1,1,1,20.282679,,20.282679
38,28,gsm8k_ver1_vs_gpqa_orgn,1,1,1,22.197449,,22.197449
38,28,gsm8k_ver1_vs_gpqa_ver1,1,1,1,20.14697,,20.14697
38,29,gpqa_orgn_vs_gpqa_ver1,1,1,1,9.139519,,9.139519
38,29,gsm8k_orgn_vs_gpqa_orgn,1,1,1,7.162634,,7.162634
38,29,gsm8k_orgn_vs_gpqa_ver1,1,1,1,9.072721,,9.072721
38,29,gsm8k_orgn_vs_gsm8k_ver1,1,1,1,8.546637,,8.546637
38,29,gsm8k_ver1_vs_gpqa_orgn,1,1,1,8.885201,,8.885201
38,29,gsm8k_ver1_vs_gpqa_ver1,1,1,1,9.264848,,9.264848
38,30,gpqa_orgn_vs_gpqa_ver1,1,1,1,18.738761,,18.738761
38,30,gsm8k_orgn_vs_gpqa_orgn,1,1,1,19.829719,,19.829719
38,30,gsm8k_orgn_vs_gpqa_ver1,1,1,1,21.240059,,21.240059
38,30,gsm8k_orgn_vs_gsm8k_ver1,1,1,1,19.111896,,19.111896
38,30,gsm8k_ver1_vs_gpqa_orgn,1,1,1,16.737582,,16.737582
38,30,gsm8k_ver1_vs_gpqa_ver1,1,1,1,17.494954,,17.494954
38,31,gpqa_orgn_vs_gpqa_ver1,1,1,1,19.086429,,19.086429
38,31,gsm8k_orgn_vs_gpqa_orgn,1,1,1,17.855194,,17.855194
38,31,gsm8k_orgn_vs_gpqa_ver1,1,1,1,19.215711,,19.215711
38,31,gsm8k_orgn_vs_gsm8k_ver1,1,1,1,17.036245,,17.036245
38,31,gsm8k_ver1_vs_gpqa_orgn,1,1,1,17.555359,,17.555359
38,31,gsm8k_ver1_vs_gpqa_ver1,1,1,1,16.215636,,16.215636
38,32,gpqa_orgn_vs_gpqa_ver1,1,1,1,10.269614,,10.269614
38,32,gsm8k_orgn_vs_gpqa_orgn,1,1,1,9.023723,,9.023723
38,32,gsm8k_orgn_vs_gpqa_ver1,1,1,1,8.342323,,8.342323
38,32,gsm8k_orgn_vs_gsm8k_ver1,1,1,1,7.02845,,7.02845
38,32,gsm8k_ver1_vs_gpqa_orgn,1,1,1,9.582825,,9.582825
38,32,gsm8k_ver1_vs_gpqa_ver1,1,1,1,8.526574,,8.526574
38,33,gpqa_orgn_vs_gpqa_ver1,1,1,1,19.189702,,19.189702
38,33,gsm8k_orgn_vs_gpqa_orgn,1,1,1,23.210386,,23.210386
38,33,gsm8k_orgn_vs_gpqa_ver1,1,1,1,22.843934,,22.843934
38,33,gsm8k_orgn_vs_gsm8k_ver1,1,1,1,22.09172,,22.09172
38,33,gsm8k_ver1_vs_gpqa_orgn,1,1,1,19.709358,,19.709358
38,33,gsm8k_ver1_vs_gpqa_ver1,1,1,1,16.392666,,16.392666
38,34,gpqa_orgn_vs_gpqa_ver1,1,1,1,18.473578,,18.473578
38,34,gsm8k_orgn_vs_gpqa_orgn,1,1,1,20.321387,,20.321387
38,34,gsm8k_orgn_vs_gpqa_ver1,1,1,1,22.08954,,22.08954
38,34,gsm8k_orgn_vs_gsm8k_ver1,1,1,1,21.11971,,21.11971
38,34,gsm8k_ver1_vs_gpqa_orgn,1,1,1,18.859083,,18.859083
38,34,gsm8k_ver1_vs_gpqa_ver1,1,1,1,18.024137,,18.024137
38,35,gpqa_orgn_vs_gpqa_ver1,1,1,1,24.528416,,24.528416
38,35,gsm8k_orgn_vs_gpqa_orgn,1,1,1,21.979021,,21.979021
38,35,gsm8k_orgn_vs_gpqa_ver1,1,1,1,21.828157,,21.828157
38,35,gsm8k_orgn_vs_gsm8k_ver1,1,1,1,17.756817,,17.756817
38,35,gsm8k_ver1_vs_gpqa_orgn,1,1,1,21.205065,,21.205065
38,35,gsm8k_ver1_vs_gpqa_ver1,1,1,1,20.988354,,20.988354
38,36,gpqa_orgn_vs_gpqa_ver1,1,1,1,22.66026,,22.66026
38,36,gsm8k_orgn_vs_gpqa_orgn,1,1,1,21.283157,,21.283157
38,36,gsm8k_orgn_vs_gpqa_ver1,1,1,1,21.136083,,21.136083
38,36,gsm8k_orgn_vs_gsm8k_ver1,1,1,1,18.526347,,18.526347
38,36,gsm8k_ver1_vs_gpqa_orgn,1,1,1,20.318756,,20.318756
38,36,gsm8k_ver1_vs_gpqa_ver1,1,1,1,20.120702,,20.120702
38,37,gpqa_orgn_vs_gpqa_ver1,1,1,1,24.48133,,24.48133
38,37,gsm8k_orgn_vs_gpqa_orgn,1,1,1,19.624671,,19.624671
38,37,gsm8k_orgn_vs_gpqa_ver1,1,1,1,19.789067,,19.789067
38,37,gsm8k_orgn_vs_gsm8k_ver1,1,1,1,15.332984,,15.332984
38,37,gsm8k_ver1_vs_gpqa_orgn,1,1,1,20.805389,,20.805389
38,37,gsm8k_ver1_vs_gpqa_ver1,1,1,1,20.879265,,20.879265
38,38,gpqa_orgn_vs_gpqa_ver1,1,1,1,19.538396,,19.538396
38,38,gsm8k_orgn_vs_gpqa_orgn,1,1,1,17.524448,,17.524448
38,38,gsm8k_orgn_vs_gpqa_ver1,1,1,1,17.538788,,17.538788
38,38,gsm8k_orgn_vs_gsm8k_ver1,1,1,1,12.989908,,12.989908
38,38,gsm8k_ver1_vs_gpqa_orgn,1,1,1,15.582412,,15.582412
38,38,gsm8k_ver1_vs_gpqa_ver1,1,1,1,15.518801,,15.518801
38,39,gpqa_orgn_vs_gpqa_ver1,1,1,1,21.128301,,21.128301
38,39,gsm8k_orgn_vs_gpqa_orgn,1,1,1,17.549652,,17.549652
38,39,gsm8k_orgn_vs_gpqa_ver1,1,1,1,17.696183,,17.696183
38,39,gsm8k_orgn_vs_gsm8k_ver1,1,1,1,13.910381,,13.910381
38,39,gsm8k_ver1_vs_gpqa_orgn,1,1,1,17.886998,,17.886998
38,39,gsm8k_ver1_vs_gpqa_ver1,1,1,1,17.961095,,17.961095
39,0,gpqa_orgn_vs_gpqa_ver1,1,1,1,4.339819,,4.339819
39,0,gsm8k_orgn_vs_gpqa_orgn,1,1,1,5.217485,,5.217485
39,0,gsm8k_orgn_vs_gpqa_ver1,1,1,1,5.312739,,5.312739
39,0,gsm8k_orgn_vs_gsm8k_ver1,1,1,1,4.381034,,4.381034
39,0,gsm8k_ver1_vs_gpqa_orgn,1,1,1,3.543076,,3.543076
39,0,gsm8k_ver1_vs_gpqa_ver1,1,1,1,3.599308,,3.599308
39,1,gpqa_orgn_vs_gpqa_ver1,1,1,1,29.786311,,29.786311
39,1,gsm8k_orgn_vs_gpqa_orgn,1,1,1,30.399672,,30.399672
39,1,gsm8k_orgn_vs_gpqa_ver1,1,1,1,30.489515,,30.489515
39,1,gsm8k_orgn_vs_gsm8k_ver1,1,1,1,28.397024,,28.397024
39,1,gsm8k_ver1_vs_gpqa_orgn,1,1,1,29.513959,,29.513959
39,1,gsm8k_ver1_vs_gpqa_ver1,1,1,1,29.115053,,29.115053
39,2,gpqa_orgn_vs_gpqa_ver1,1,1,1,8.081351,,8.081351
39,2,gsm8k_orgn_vs_gpqa_orgn,1,1,1,8.592774,,8.592774
39,2,gsm8k_orgn_vs_gpqa_ver1,1,1,1,8.469504,,8.469504
39,2,gsm8k_orgn_vs_gsm8k_ver1,1,1,1,8.314385,,8.314385
39,2,gsm8k_ver1_vs_gpqa_orgn,1,1,1,8.168124,,8.168124
39,2,gsm8k_ver1_vs_gpqa_ver1,1,1,1,7.936414,,7.936414
39,3,gpqa_orgn_vs_gpqa_ver1,1,1,1,5.016438,,5.016438
39,3,gsm8k_orgn_vs_gpqa_orgn,1,1,1,11.315968,,11.315968
39,3,gsm8k_orgn_vs_gpqa_ver1,1,1,1,10.945683,,10.945683
39,3,gsm8k_orgn_vs_gsm8k_ver1,1,1,1,10.532673,,10.532673
39,3,gsm8k_ver1_vs_gpqa_orgn,1,1,1,4.695574,,4.695574
39,3,gsm8k_ver1_vs_gpqa_ver1,1,1,1,3.956259,,3.956259
39,4,gpqa_orgn_vs_gpqa_ver1,1,1,1,7.168991,,7.168991
39,4,gsm8k_orgn_vs_gpqa_orgn,1,1,1,6.487696,,6.487696
39,4,gsm8k_orgn_vs_gpqa_ver1,1,1,1,6.995939,,6.995939
39,4,gsm8k_orgn_vs_gsm8k_ver1,1,1,1,5.291375,,5.291375
39,4,gsm8k_ver1_vs_gpqa_orgn,1,1,1,6.085674,,6.085674
39,4,gsm8k_ver1_vs_gpqa_ver1,1,1,1,6.454509,,6.454509
39,5,gpqa_orgn_vs_gpqa_ver1,1,1,1,27.870371,,27.870371
39,5,gsm8k_orgn_vs_gpqa_orgn,1,1,1,26.597975,,26.597975
39,5,gsm8k_orgn_vs_gpqa_ver1,1,1,1,27.577959,,27.577959
39,5,gsm8k_orgn_vs_gsm8k_ver1,1,1,1,24.541538,,24.541538
39,5,gsm8k_ver1_vs_gpqa_orgn,1,1,1,26.402065,,26.402065
39,5,gsm8k_ver1_vs_gpqa_ver1,1,1,1,27.1094,,27.1094
39,6,gpqa_orgn_vs_gpqa_ver1,1,1,1,23.497223,,23.497223
39,6,gsm8k_orgn_vs_gpqa_orgn,1,1,1,27.435135,,27.435135
39,6,gsm8k_orgn_vs_gpqa_ver1,1,1,1,26.427888,,26.427888
39,6,gsm8k_orgn_vs_gsm8k_ver1,1,1,1,26.65445,,26.65445
39,6,gsm8k_ver1_vs_gpqa_orgn,1,1,1,24.612257,,24.612257
39,6,gsm8k_ver1_vs_gpqa_ver1,1,1,1,23.349116,,23.349116
39,7,gpqa_orgn_vs_gpqa_ver1,1,1,1,5.048416,,5.048416
39,7,gsm8k_orgn_vs_gpqa_orgn,1,1,1,4.218252,,4.218252
39,7,gsm8k_orgn_vs_gpqa_ver1,1,1,1,5.808652,,5.808652
39,7,gsm8k_orgn_vs_gsm8k_ver1,1,1,1,6.606054,,6.606054
39,7,gsm8k_ver1_vs_gpqa_orgn,1,1,1,6.007096,,6.007096
39,7,gsm8k_ver1_vs_gpqa_ver1,1,1,1,7.513714,,7.513714
39,8,gpqa_orgn_vs_gpqa_ver1,1,1,1,16.520436,,16.520436
39,8,gsm8k_orgn_vs_gpqa_orgn,1,1,1,16.763826,,16.763826
39,8,gsm8k_orgn_vs_gpqa_ver1,1,1,1,15.940135,,15.940135
39,8,gsm8k_orgn_vs_gsm8k_ver1,1,1,1,12.313115,,12.313115
39,8,gsm8k_ver1_vs_gpqa_orgn,1,1,1,13.256434,,13.256434
39,8,gsm8k_ver1_vs_gpqa_ver1,1,1,1,12.056374,,12.056374
39,9,gpqa_orgn_vs_gpqa_ver1,1,1,1,11.645027,,11.645027
39,9,gsm8k_orgn_vs_gpqa_orgn,1,1,1,12.423128,,12.423128
39,9,gsm8k_orgn_vs_gpqa_ver1,1,1,1,11.677618,,11.677618
39,9,gsm8k_orgn_vs_gsm8k_ver1,1,1,1,9.076462,,9.076462
39,9,gsm8k_ver1_vs_gpqa_orgn,1,1,1,9.293678,,9.293678
39,9,gsm8k_ver1_vs_gpqa_ver1,1,1,1,8.086487,,8.086487
39,10,gpqa_orgn_vs_gpqa_ver1,1,1,1,43.154898,,43.154898
39,10,gsm8k_orgn_vs_gpqa_orgn,1,1,1,36.691238,,36.691238
39,10,gsm8k_orgn_vs_gpqa_ver1,1,1,1,37.044893,,37.044893
39,10,gsm8k_orgn_vs_gsm8k_ver1,1,1,1,28.932728,,28.932728
39,10,gsm8k_ver1_vs_gpqa_orgn,1,1,1,36.698485,,36.698485
39,10,gsm8k_ver1_vs_gpqa_ver1,1,1,1,36.786093,,36.786093
39,11,gpqa_orgn_vs_gpqa_ver1,1,1,1,53.244673,,53.244673
39,11,gsm8k_orgn_vs_gpqa_orgn,1,1,1,49.459456,,49.459456
39,11,gsm8k_orgn_vs_gpqa_ver1,1,1,1,49.150261,,49.150261
39,11,gsm8k_orgn_vs_gsm8k_ver1,1,1,1,42.926206,,42.926206
39,11,gsm8k_ver1_vs_gpqa_orgn,1,1,1,48.37012,,48.37012
39,11,gsm8k_ver1_vs_gpqa_ver1,1,1,1,47.771479,,47.771479
39,12,gpqa_orgn_vs_gpqa_ver1,1,1,1,33.642609,,33.642609
39,12,gsm8k_orgn_vs_gpqa_orgn,1,1,1,32.67067,,32.67067
39,12,gsm8k_orgn_vs_gpqa_ver1,1,1,1,30.469613,,30.469613
39,12,gsm8k_orgn_vs_gsm8k_ver1,1,1,1,26.92682,,26.92682
39,12,gsm8k_ver1_vs_gpqa_orgn,1,1,1,31.165928,,31.165928
39,12,gsm8k_ver1_vs_gpqa_ver1,1,1,1,28.663759,,28.663759
39,13,gpqa_orgn_vs_gpqa_ver1,1,1,1,43.180264,,43.180264
39,13,gsm8k_orgn_vs_gpqa_orgn,1,1,1,37.654155,,37.654155
39,13,gsm8k_orgn_vs_gpqa_ver1,1,1,1,37.769505,,37.769505
39,13,gsm8k_orgn_vs_gsm8k_ver1,1,1,1,29.775229,,29.775229
39,13,gsm8k_ver1_vs_gpqa_orgn,1,1,1,36.870655,,36.870655
39,13,gsm8k_ver1_vs_gpqa_ver1,1,1,1,36.660461,,36.660461
39,14,gpqa_orgn_vs_gpqa_ver1,1,1,1,40.252927,,40.252927
39,14,gsm8k_orgn_vs_gpqa_orgn,1,1,1,33.077733,,33.077733
39,14,gsm8k_orgn_vs_gpqa_ver1,1,1,1,32.840114,,32.840114
39,14,gsm8k_orgn_vs_gsm8k_ver1,1,1,1,23.067239,,23.067239
39,14,gsm8k_ver1_vs_gpqa_orgn,1,1,1,32.71229,,32.71229
39,14,gsm8k_ver1_vs_gpqa_ver1,1,1,1,32.312526,,32.312526
39,15,gpqa_orgn_vs_gpqa_ver1,1,1,1,10.295594,,10.295594
39,15,gsm8k_orgn_vs_gpqa_orgn,1,1,1,10.571552,,10.571552
39,15,gsm8k_orgn_vs_gpqa_ver1,1,1,1,10.939872,,10.939872
39,15,gsm8k_orgn_vs_gsm8k_ver1,1,1,1,9.515646,,9.515646
39,15,gsm8k_ver1_vs_gpqa_orgn,1,1,1,8.979095,,8.979095
39,15,gsm8k_ver1_vs_gpqa_ver1,1,1,1,8.892734,,8.892734
39,16,gpqa_orgn_vs_gpqa_ver1,1,1,1,8.479003,,8.479003
39,16,gsm8k_orgn_vs_gpqa_orgn,1,1,1,7.147702,,7.147702
39,16,gsm8k_orgn_vs_gpqa_ver1,1,1,1,7.289276,,7.289276
39,16,gsm8k_orgn_vs_gsm8k_ver1,1,1,1,4.58194,,4.58194
39,16,gsm8k_ver1_vs_gpqa_orgn,1,1,1,6.388568,,6.388568
39,16,gsm8k_ver1_vs_gpqa_ver1,1,1,1,6.16313,,6.16313
39,17,gpqa_orgn_vs_gpqa_ver1,1,1,1,10.048676,,10.048676
39,17,gsm8k_orgn_vs_gpqa_orgn,1,1,1,8.482907,,8.482907
39,17,gsm8k_orgn_vs_gpqa_ver1,1,1,1,8.611699,,8.611699
39,17,gsm8k_orgn_vs_gsm8k_ver1,1,1,1,6.327468,,6.327468
39,17,gsm8k_ver1_vs_gpqa_orgn,1,1,1,8.09643,,8.09643
39,17,gsm8k_ver1_vs_gpqa_ver1,1,1,1,7.942887,,7.942887
39,18,gpqa_orgn_vs_gpqa_ver1,1,1,1,15.966298,,15.966298
39,18,gsm8k_orgn_vs_gpqa_orgn,1,1,1,11.4042,,11.4042
39,18,gsm8k_orgn_vs_gpqa_ver1,1,1,1,12.759084,,12.759084
39,18,gsm8k_orgn_vs_gsm8k_ver1,1,1,1,6.824491,,6.824491
39,18,gsm8k_ver1_vs_gpqa_orgn,1,1,1,11.225095,,11.225095
39,18,gsm8k_ver1_vs_gpqa_ver1,1,1,1,12.42817,,12.42817
39,19,gpqa_orgn_vs_gpqa_ver1,1,1,1,22.189452,,22.189452
39,19,gsm8k_orgn_vs_gpqa_orgn,1,1,1,17.675485,,17.675485
39,19,gsm8k_orgn_vs_gpqa_ver1,1,1,1,19.55036,,19.55036
39,19,gsm8k_orgn_vs_gsm8k_ver1,1,1,1,14.340897,,14.340897
39,19,gsm8k_ver1_vs_gpqa_orgn,1,1,1,17.918059,,17.918059
39,19,gsm8k_ver1_vs_gpqa_ver1,1,1,1,19.543516,,19.543516
39,20,gpqa_orgn_vs_gpqa_ver1,1,1,1,18.726568,,18.726568
39,20,gsm8k_orgn_vs_gpqa_orgn,1,1,1,16.768457,,16.768457
39,20,gsm8k_orgn_vs_gpqa_ver1,1,1,1,16.224913,,16.224913
39,20,gsm8k_orgn_vs_gsm8k_ver1,1,1,1,11.947812,,11.947812
39,20,gsm8k_ver1_vs_gpqa_orgn,1,1,1,15.097454,,15.097454
39,20,gsm8k_ver1_vs_gpqa_ver1,1,1,1,14.352015,,14.352015
39,21,gpqa_orgn_vs_gpqa_ver1,1,1,1,23.464461,,23.464461
39,21,gsm8k_orgn_vs_gpqa_orgn,1,1,1,24.189446,,24.189446
39,21,gsm8k_orgn_vs_gpqa_ver1,1,1,1,25.765468,,25.765468
39,21,gsm8k_orgn_vs_gsm8k_ver1,1,1,1,26.06346,,26.06346
39,21,gsm8k_ver1_vs_gpqa_orgn,1,1,1,25.156932,,25.156932
39,21,gsm8k_ver1_vs_gpqa_ver1,1,1,1,26.321216,,26.321216
39,22,gpqa_orgn_vs_gpqa_ver1,1,1,1,26.429475,,26.429475
39,22,gsm8k_orgn_vs_gpqa_orgn,1,1,1,25.217288,,25.217288
39,22,gsm8k_orgn_vs_gpqa_ver1,1,1,1,25.414945,,25.414945
39,22,gsm8k_orgn_vs_gsm8k_ver1,1,1,1,21.50184,,21.50184
39,22,gsm8k_ver1_vs_gpqa_orgn,1,1,1,23.795243,,23.795243
39,22,gsm8k_ver1_vs_gpqa_ver1,1,1,1,23.808871,,23.808871
39,23,gpqa_orgn_vs_gpqa_ver1,1,1,1,7.508947,,7.508947
39,23,gsm8k_orgn_vs_gpqa_orgn,1,1,1,7.49215,,7.49215
39,23,gsm8k_orgn_vs_gpqa_ver1,1,1,1,6.974072,,6.974072
39,23,gsm8k_orgn_vs_gsm8k_ver1,1,1,1,5.463612,,5.463612
39,23,gsm8k_ver1_vs_gpqa_orgn,1,1,1,6.183253,,6.183253
39,23,gsm8k_ver1_vs_gpqa_ver1,1,1,1,5.592888,,5.592888
39,24,gpqa_orgn_vs_gpqa_ver1,1,1,1,22.167195,,22.167195
39,24,gsm8k_orgn_vs_gpqa_orgn,1,1,1,22.205043,,22.205043
39,24,gsm8k_orgn_vs_gpqa_ver1,1,1,1,21.105025,,21.105025
39,24,gsm8k_orgn_vs_gsm8k_ver1,1,1,1,19.88671,,19.88671
39,24,gsm8k_ver1_vs_gpqa_orgn,1,1,1,21.71664,,21.71664
39,24,gsm8k_ver1_vs_gpqa_ver1,1,1,1,20.437368,,20.437368
39,25,gpqa_orgn_vs_gpqa_ver1,1,1,1,40.971307,,40.971307
39,25,gsm8k_orgn_vs_gpqa_orgn,1,1,1,33.233885,,33.233885
39,25,gsm8k_orgn_vs_gpqa_ver1,1,1,1,36.99892,,36.99892
39,25,gsm8k_orgn_vs_gsm8k_ver1,1,1,1,25.209114,,25.209114
39,25,gsm8k_ver1_vs_gpqa_orgn,1,1,1,33.68649,,33.68649
39,25,gsm8k_ver1_vs_gpqa_ver1,1,1,1,36.4958,,36.4958
39,26,gpqa_orgn_vs_gpqa_ver1,1,1,1,7.101614,,7.101614
39,26,gsm8k_orgn_vs_gpqa_orgn,1,1,1,6.604116,,6.604116
39,26,gsm8k_orgn_vs_gpqa_ver1,1,1,1,6.985995,,6.985995
39,26,gsm8k_orgn_vs_gsm8k_ver1,1,1,1,5.030349,,5.030349
39,26,gsm8k_ver1_vs_gpqa_orgn,1,1,1,5.648756,,5.648756
39,26,gsm8k_ver1_vs_gpqa_ver1,1,1,1,5.781006,,5.781006
39,27,gpqa_orgn_vs_gpqa_ver1,1,1,1,39.527071,,39.527071
39,27,gsm8k_orgn_vs_gpqa_orgn,1,1,1,36.797588,,36.797588
39,27,gsm8k_orgn_vs_gpqa_ver1,1,1,1,35.084651,,35.084651
39,27,gsm8k_orgn_vs_gsm8k_ver1,1,1,1,27.745556,,27.745556
39,27,gsm8k_ver1_vs_gpqa_orgn,1,1,1,34.558853,,34.558853
39,27,gsm8k_ver1_vs_gpqa_ver1,1,1,1,31.179366,,31.179366
39,28,gpqa_orgn_vs_gpqa_ver1,1,1,1,11.106237,,11.106237
39,28,gsm8k_orgn_vs_gpqa_orgn,1,1,1,9.76615,,9.76615
39,28,gsm8k_orgn_vs_gpqa_ver1,1,1,1,7.680516,,7.680516
39,28,gsm8k_orgn_vs_gsm8k_ver1,1,1,1,4.873238,,4.873238
39,28,gsm8k_ver1_vs_gpqa_orgn,1,1,1,9.002484,,9.002484
39,28,gsm8k_ver1_vs_gpqa_ver1,1,1,1,6.569612,,6.569612
39,29,gpqa_orgn_vs_gpqa_ver1,1,1,1,39.224789,,39.224789
39,29,gsm8k_orgn_vs_gpqa_orgn,1,1,1,35.712094,,35.712094
39,29,gsm8k_orgn_vs_gpqa_ver1,1,1,1,35.95216,,35.95216
39,29,gsm8k_orgn_vs_gsm8k_ver1,1,1,1,28.844282,,28.844282
39,29,gsm8k_ver1_vs_gpqa_orgn,1,1,1,35.122093,,35.122093
39,29,gsm8k_ver1_vs_gpqa_ver1,1,1,1,34.579737,,34.579737
39,30,gpqa_orgn_vs_gpqa_ver1,1,1,1,2.676748,,2.676748
39,30,gsm8k_orgn_vs_gpqa_orgn,1,1,1,4.285382,,4.285382
39,30,gsm8k_orgn_vs_gpqa_ver1,1,1,1,4.332605,,4.332605
39,30,gsm8k_orgn_vs_gsm8k_ver1,1,1,1,4.451575,,4.451575
39,30,gsm8k_ver1_vs_gpqa_orgn,1,1,1,2.95301,,2.95301
39,30,gsm8k_ver1_vs_gpqa_ver1,1,1,1,2.917283,,2.917283
39,31,gpqa_orgn_vs_gpqa_ver1,1,1,1,25.299687,,25.299687
39,31,gsm8k_orgn_vs_gpqa_orgn,1,1,1,25.046689,,25.046689
39,31,gsm8k_orgn_vs_gpqa_ver1,1,1,1,25.321037,,25.321037
39,31,gsm8k_orgn_vs_gsm8k_ver1,1,1,1,24.13514,,24.13514
39,31,gsm8k_ver1_vs_gpqa_orgn,1,1,1,24.908263,,24.908263
39,31,gsm8k_ver1_vs_gpqa_ver1,1,1,1,24.81265,,24.81265
39,32,gpqa_orgn_vs_gpqa_ver1,1,1,1,1.686596,,1.686596
39,32,gsm8k_orgn_vs_gpqa_orgn,1,1,1,4.645731,,4.645731
39,32,gsm8k_orgn_vs_gpqa_ver1,1,1,1,4.655522,,4.655522
39,32,gsm8k_orgn_vs_gsm8k_ver1,1,1,1,4.913338,,4.913338
39,32,gsm8k_ver1_vs_gpqa_orgn,1,1,1,2.226251,,2.226251
39,32,gsm8k_ver1_vs_gpqa_ver1,1,1,1,2.112459,,2.112459
39,33,gpqa_orgn_vs_gpqa_ver1,1,1,1,2.167629,,2.167629
39,33,gsm8k_orgn_vs_gpqa_orgn,1,1,1,3.598371,,3.598371
39,33,gsm8k_orgn_vs_gpqa_ver1,1,1,1,3.69585,,3.69585
39,33,gsm8k_orgn_vs_gsm8k_ver1,1,1,1,3.947303,,3.947303
39,33,gsm8k_ver1_vs_gpqa_orgn,1,1,1,2.62619,,2.62619
39,33,gsm8k_ver1_vs_gpqa_ver1,1,1,1,2.642601,,2.642601
39,34,gpqa_orgn_vs_gpqa_ver1,1,1,1,8.662049,,8.662049
39,34,gsm8k_orgn_vs_gpqa_orgn,1,1,1,7.605311,,7.605311
39,34,gsm8k_orgn_vs_gpqa_ver1,1,1,1,7.819615,,7.819615
39,34,gsm8k_orgn_vs_gsm8k_ver1,1,1,1,4.953406,,4.953406
39,34,gsm8k_ver1_vs_gpqa_orgn,1,1,1,6.308004,,6.308004
39,34,gsm8k_ver1_vs_gpqa_ver1,1,1,1,6.412881,,6.412881
39,35,gpqa_orgn_vs_gpqa_ver1,1,1,1,23.581533,,23.581533
39,35,gsm8k_orgn_vs_gpqa_orgn,1,1,1,24.100673,,24.100673
39,35,gsm8k_orgn_vs_gpqa_ver1,1,1,1,26.281516,,26.281516
39,35,gsm8k_orgn_vs_gsm8k_ver1,1,1,1,24.205793,,24.205793
39,35,gsm8k_ver1_vs_gpqa_orgn,1,1,1,25.267834,,25.267834
39,35,gsm8k_ver1_vs_gpqa_ver1,1,1,1,23.806202,,23.806202
39,36,gpqa_orgn_vs_gpqa_ver1,1,1,1,26.233197,,26.233197
39,36,gsm8k_orgn_vs_gpqa_orgn,1,1,1,26.221704,,26.221704
39,36,gsm8k_orgn_vs_gpqa_ver1,1,1,1,27.892886,,27.892886
39,36,gsm8k_orgn_vs_gsm8k_ver1,1,1,1,25.214718,,25.214718
39,36,gsm8k_ver1_vs_gpqa_orgn,1,1,1,27.523836,,27.523836
39,36,gsm8k_ver1_vs_gpqa_ver1,1,1,1,25.400666,,25.400666
39,37,gpqa_orgn_vs_gpqa_ver1,1,1,1,22.748198,,22.748198
39,37,gsm8k_orgn_vs_gpqa_orgn,1,1,1,21.529793,,21.529793
39,37,gsm8k_orgn_vs_gpqa_ver1,1,1,1,23.324282,,23.324282
39,37,gsm8k_orgn_vs_gsm8k_ver1,1,1,1,20.365196,,20.365196
39,37,gsm8k_ver1_vs_gpqa_orgn,1,1,1,22.720538,,22.720538
39,37,gsm8k_ver1_vs_gpqa_ver1,1,1,1,21.081582,,21.081582
39,38,gpqa_orgn_vs_gpqa_ver1,1,1,1,14.986948,,14.986948
39,38,gsm8k_orgn_vs_gpqa_orgn,1,1,1,14.940477,,14.940477
39,38,gsm8k_orgn_vs_gpqa_ver1,1,1,1,16.488473,,16.488473
39,38,gsm8k_orgn_vs_gsm8k_ver1,1,1,1,14.415264,,14.415264
39,38,gsm8k_ver1_vs_gpqa_orgn,1,1,1,15.620967,,15.620967
39,38,gsm8k_ver1_vs_gpqa_ver1,1,1,1,13.646308,,13.646308
39,39,gpqa_orgn_vs_gpqa_ver1,1,1,1,14.04555,,14.04555
39,39,gsm8k_orgn_vs_gpqa_orgn,1,1,1,13.767228,,13.767228
39,39,gsm8k_orgn_vs_gpqa_ver1,1,1,1,14.409202,,14.409202
39,39,gsm8k_orgn_vs_gsm8k_ver1,1,1,1,10.9583,,10.9583
39,39,gsm8k_ver1_vs_gpqa_orgn,1,1,1,13.826608,,13.826608
39,39,gsm8k_ver1_vs_gpqa_ver1,1,1,1,12.631587,,12.631587
