layer,head,pair,n_rows,l2_mean_mean,l2_mean_std
0,0,original_vs_version1,50,0.144661,0.014168
0,0,original_vs_version2,50,0.135108,0.013832
0,0,original_vs_version3,50,0.134834,0.013249
0,0,version1_vs_version2,50,0.145832,0.014791
0,0,version1_vs_version3,50,0.145373,0.014526
0,0,version2_vs_version3,50,0.135919,0.014357
0,1,original_vs_version1,50,0.161433,0.017572
0,1,original_vs_version2,50,0.152106,0.017635
0,1,original_vs_version3,50,0.152076,0.01691
0,1,version1_vs_version2,50,0.162424,0.018402
0,1,version1_vs_version3,50,0.162112,0.017879
0,1,version2_vs_version3,50,0.153022,0.017905
0,2,original_vs_version1,50,0.249526,0.032637
0,2,original_vs_version2,50,0.236971,0.031174
0,2,original_vs_version3,50,0.237115,0.029832
0,2,version1_vs_version2,50,0.250999,0.0324
0,2,version1_vs_version3,50,0.249892,0.031471
0,2,version2_vs_version3,50,0.238456,0.029842
0,3,original_vs_version1,50,0.152865,0.014295
0,3,original_vs_version2,50,0.143852,0.015031
0,3,original_vs_version3,50,0.143828,0.01398
0,3,version1_vs_version2,50,0.153822,0.015374
0,3,version1_vs_version3,50,0.153641,0.014509
0,3,version2_vs_version3,50,0.144769,0.0154
0,4,original_vs_version1,50,0.379414,0.02614
0,4,original_vs_version2,50,0.367009,0.026289
0,4,original_vs_version3,50,0.366793,0.025001
0,4,version1_vs_version2,50,0.382129,0.026182
0,4,version1_vs_version3,50,0.381535,0.025486
0,4,version2_vs_version3,50,0.369554,0.025696
0,5,original_vs_version1,50,0.418087,0.028545
0,5,original_vs_version2,50,0.409885,0.033603
0,5,original_vs_version3,50,0.410759,0.032434
0,5,version1_vs_version2,50,0.42257,0.029781
0,5,version1_vs_version3,50,0.422736,0.029235
0,5,version2_vs_version3,50,0.415153,0.033686
0,6,original_vs_version1,50,0.272759,0.014221
0,6,original_vs_version2,50,0.257288,0.015558
0,6,original_vs_version3,50,0.259878,0.015404
0,6,version1_vs_version2,50,0.272984,0.014512
0,6,version1_vs_version3,50,0.273201,0.014847
0,6,version2_vs_version3,50,0.259534,0.016139
0,7,original_vs_version1,50,0.190435,0.009242
0,7,original_vs_version2,50,0.176977,0.012231
0,7,original_vs_version3,50,0.178178,0.012263
0,7,version1_vs_version2,50,0.191818,0.009321
0,7,version1_vs_version3,50,0.191958,0.00953
0,7,version2_vs_version3,50,0.178822,0.012393
0,8,original_vs_version1,50,0.137316,0.009574
0,8,original_vs_version2,50,0.121991,0.012283
0,8,original_vs_version3,50,0.123854,0.012784
0,8,version1_vs_version2,50,0.137409,0.00953
0,8,version1_vs_version3,50,0.137913,0.009847
0,8,version2_vs_version3,50,0.123106,0.011814
0,9,original_vs_version1,50,0.238432,0.019343
0,9,original_vs_version2,50,0.207114,0.022257
0,9,original_vs_version3,50,0.211088,0.021975
0,9,version1_vs_version2,50,0.236834,0.019255
0,9,version1_vs_version3,50,0.23721,0.020212
0,9,version2_vs_version3,50,0.208875,0.019803
0,10,original_vs_version1,50,0.323441,0.036748
0,10,original_vs_version2,50,0.313656,0.03983
0,10,original_vs_version3,50,0.313394,0.039675
0,10,version1_vs_version2,50,0.322043,0.036662
0,10,version1_vs_version3,50,0.321832,0.037197
0,10,version2_vs_version3,50,0.311899,0.039715
0,11,original_vs_version1,50,0.516729,0.029998
0,11,original_vs_version2,50,0.515572,0.034913
0,11,original_vs_version3,50,0.516728,0.033682
0,11,version1_vs_version2,50,0.517372,0.028475
0,11,version1_vs_version3,50,0.517012,0.028148
0,11,version2_vs_version3,50,0.517284,0.032317
0,12,original_vs_version1,50,0.234072,0.02781
0,12,original_vs_version2,50,0.221132,0.03148
0,12,original_vs_version3,50,0.221389,0.0312
0,12,version1_vs_version2,50,0.234675,0.028722
0,12,version1_vs_version3,50,0.23457,0.028831
0,12,version2_vs_version3,50,0.221909,0.032345
0,13,original_vs_version1,50,0.220595,0.034182
0,13,original_vs_version2,50,0.202147,0.031445
0,13,original_vs_version3,50,0.201982,0.029352
0,13,version1_vs_version2,50,0.222777,0.032986
0,13,version1_vs_version3,50,0.22061,0.032325
0,13,version2_vs_version3,50,0.203866,0.029647
0,14,original_vs_version1,50,0.093142,0.026892
0,14,original_vs_version2,50,0.085389,0.034115
0,14,original_vs_version3,50,0.087435,0.033596
0,14,version1_vs_version2,50,0.093553,0.02556
0,14,version1_vs_version3,50,0.09331,0.026115
0,14,version2_vs_version3,50,0.087389,0.032713
0,15,original_vs_version1,50,0.474031,0.027535
0,15,original_vs_version2,50,0.483914,0.027912
0,15,original_vs_version3,50,0.485348,0.026884
0,15,version1_vs_version2,50,0.472649,0.028045
0,15,version1_vs_version3,50,0.47271,0.026778
0,15,version2_vs_version3,50,0.483671,0.027794
0,16,original_vs_version1,50,0.368111,0.014482
0,16,original_vs_version2,50,0.362601,0.017234
0,16,original_vs_version3,50,0.363875,0.017337
0,16,version1_vs_version2,50,0.367216,0.014109
0,16,version1_vs_version3,50,0.367855,0.014259
0,16,version2_vs_version3,50,0.362702,0.017029
0,17,original_vs_version1,50,0.287076,0.03386
0,17,original_vs_version2,50,0.211073,0.016803
0,17,original_vs_version3,50,0.21486,0.01715
0,17,version1_vs_version2,50,0.288787,0.033736
0,17,version1_vs_version3,50,0.289669,0.033888
0,17,version2_vs_version3,50,0.215944,0.020569
0,18,original_vs_version1,50,0.614151,0.014574
0,18,original_vs_version2,50,0.615824,0.017253
0,18,original_vs_version3,50,0.61733,0.01715
0,18,version1_vs_version2,50,0.613577,0.015247
0,18,version1_vs_version3,50,0.614403,0.015287
0,18,version2_vs_version3,50,0.616569,0.017768
0,19,original_vs_version1,50,0.356554,0.008413
0,19,original_vs_version2,50,0.34836,0.010931
0,19,original_vs_version3,50,0.349466,0.011188
0,19,version1_vs_version2,50,0.35522,0.008379
0,19,version1_vs_version3,50,0.355633,0.008542
0,19,version2_vs_version3,50,0.347837,0.010943
0,20,original_vs_version1,50,0.207293,0.026074
0,20,original_vs_version2,50,0.185173,0.024752
0,20,original_vs_version3,50,0.18456,0.023126
0,20,version1_vs_version2,50,0.209406,0.026433
0,20,version1_vs_version3,50,0.207852,0.026324
0,20,version2_vs_version3,50,0.186642,0.02456
0,21,original_vs_version1,50,0.109605,0.010865
0,21,original_vs_version2,50,0.107938,0.012443
0,21,original_vs_version3,50,0.108886,0.011747
0,21,version1_vs_version2,50,0.108361,0.010664
0,21,version1_vs_version3,50,0.108447,0.010146
0,21,version2_vs_version3,50,0.107567,0.011758
0,22,original_vs_version1,50,0.411417,0.038951
0,22,original_vs_version2,50,0.390194,0.041667
0,22,original_vs_version3,50,0.389943,0.040755
0,22,version1_vs_version2,50,0.416997,0.038759
0,22,version1_vs_version3,50,0.416815,0.038541
0,22,version2_vs_version3,50,0.39566,0.041061
0,23,original_vs_version1,50,0.10143,0.01007
0,23,original_vs_version2,50,0.094649,0.008081
0,23,original_vs_version3,50,0.095186,0.00783
0,23,version1_vs_version2,50,0.103267,0.010711
0,23,version1_vs_version3,50,0.103416,0.010541
0,23,version2_vs_version3,50,0.096921,0.008655
0,24,original_vs_version1,50,0.136456,0.014455
0,24,original_vs_version2,50,0.110453,0.017054
0,24,original_vs_version3,50,0.111721,0.016846
0,24,version1_vs_version2,50,0.135907,0.014851
0,24,version1_vs_version3,50,0.136294,0.014566
0,24,version2_vs_version3,50,0.110694,0.016744
0,25,original_vs_version1,50,0.295548,0.025157
0,25,original_vs_version2,50,0.262778,0.025262
0,25,original_vs_version3,50,0.264111,0.025015
0,25,version1_vs_version2,50,0.298799,0.024508
0,25,version1_vs_version3,50,0.298906,0.024733
0,25,version2_vs_version3,50,0.267553,0.025451
0,26,original_vs_version1,50,0.150276,0.008231
0,26,original_vs_version2,50,0.136016,0.009868
0,26,original_vs_version3,50,0.137005,0.009455
0,26,version1_vs_version2,50,0.150836,0.008248
0,26,version1_vs_version3,50,0.151301,0.008043
0,26,version2_vs_version3,50,0.137301,0.009641
0,27,original_vs_version1,50,0.186972,0.033811
0,27,original_vs_version2,50,0.101353,0.017401
0,27,original_vs_version3,50,0.102594,0.017168
0,27,version1_vs_version2,50,0.187141,0.034119
0,27,version1_vs_version3,50,0.187256,0.034037
0,27,version2_vs_version3,50,0.101653,0.023251
0,28,original_vs_version1,50,0.166147,0.008857
0,28,original_vs_version2,50,0.152846,0.010589
0,28,original_vs_version3,50,0.153778,0.010604
0,28,version1_vs_version2,50,0.166471,0.009091
0,28,version1_vs_version3,50,0.167109,0.009321
0,28,version2_vs_version3,50,0.153826,0.010692
0,29,original_vs_version1,50,0.161996,0.009198
0,29,original_vs_version2,50,0.147647,0.008778
0,29,original_vs_version3,50,0.148323,0.008931
0,29,version1_vs_version2,50,0.162183,0.009362
0,29,version1_vs_version3,50,0.162345,0.009748
0,29,version2_vs_version3,50,0.148154,0.009439
0,30,original_vs_version1,50,0.235137,0.016899
0,30,original_vs_version2,50,0.219713,0.015536
0,30,original_vs_version3,50,0.220278,0.015247
0,30,version1_vs_version2,50,0.236113,0.017437
0,30,version1_vs_version3,50,0.236093,0.017224
0,30,version2_vs_version3,50,0.221166,0.016645
0,31,original_vs_version1,50,0.263682,0.016015
0,31,original_vs_version2,50,0.249062,0.016557
0,31,original_vs_version3,50,0.249229,0.016441
0,31,version1_vs_version2,50,0.264579,0.016487
0,31,version1_vs_version3,50,0.264503,0.016438
0,31,version2_vs_version3,50,0.250079,0.017603
0,32,original_vs_version1,50,0.382242,0.02965
0,32,original_vs_version2,50,0.368278,0.029727
0,32,original_vs_version3,50,0.368108,0.028375
0,32,version1_vs_version2,50,0.386412,0.028548
0,32,version1_vs_version3,50,0.385762,0.027717
0,32,version2_vs_version3,50,0.37238,0.027708
0,33,original_vs_version1,50,0.081044,0.009846
0,33,original_vs_version2,50,0.073369,0.010902
0,33,original_vs_version3,50,0.074715,0.010239
0,33,version1_vs_version2,50,0.080067,0.009474
0,33,version1_vs_version3,50,0.080314,0.009198
0,33,version2_vs_version3,50,0.073387,0.010098
0,34,original_vs_version1,50,0.334527,0.027367
0,34,original_vs_version2,50,0.30777,0.022053
0,34,original_vs_version3,50,0.30675,0.021647
0,34,version1_vs_version2,50,0.338174,0.026674
0,34,version1_vs_version3,50,0.337143,0.026529
0,34,version2_vs_version3,50,0.310527,0.021905
0,35,original_vs_version1,50,0.290426,0.035836
0,35,original_vs_version2,50,0.242421,0.030089
0,35,original_vs_version3,50,0.242995,0.029601
0,35,version1_vs_version2,50,0.292214,0.035532
0,35,version1_vs_version3,50,0.292483,0.035089
0,35,version2_vs_version3,50,0.244674,0.031271
0,36,original_vs_version1,50,0.401666,0.030346
0,36,original_vs_version2,50,0.383995,0.029707
0,36,original_vs_version3,50,0.384029,0.028384
0,36,version1_vs_version2,50,0.402479,0.03146
0,36,version1_vs_version3,50,0.402312,0.030091
0,36,version2_vs_version3,50,0.384802,0.02965
0,37,original_vs_version1,50,0.165444,0.017375
0,37,original_vs_version2,50,0.154459,0.017829
0,37,original_vs_version3,50,0.156133,0.01699
0,37,version1_vs_version2,50,0.164782,0.01707
0,37,version1_vs_version3,50,0.166146,0.016236
0,37,version2_vs_version3,50,0.155345,0.017071
0,38,original_vs_version1,50,0.204744,0.020289
0,38,original_vs_version2,50,0.190713,0.022147
0,38,original_vs_version3,50,0.191452,0.020677
0,38,version1_vs_version2,50,0.205198,0.021336
0,38,version1_vs_version3,50,0.205456,0.019579
0,38,version2_vs_version3,50,0.191778,0.021926
0,39,original_vs_version1,50,0.13128,0.011322
0,39,original_vs_version2,50,0.118732,0.011408
0,39,original_vs_version3,50,0.118456,0.010562
0,39,version1_vs_version2,50,0.131504,0.012442
0,39,version1_vs_version3,50,0.131276,0.011878
0,39,version2_vs_version3,50,0.118602,0.012017
1,0,original_vs_version1,50,0.217288,0.021204
1,0,original_vs_version2,50,0.229739,0.028881
1,0,original_vs_version3,50,0.233332,0.028917
1,0,version1_vs_version2,50,0.215344,0.023313
1,0,version1_vs_version3,50,0.217233,0.023813
1,0,version2_vs_version3,50,0.231213,0.031209
1,1,original_vs_version1,50,0.323229,0.072421
1,1,original_vs_version2,50,0.306454,0.071092
1,1,original_vs_version3,50,0.302492,0.068552
1,1,version1_vs_version2,50,0.322711,0.074098
1,1,version1_vs_version3,50,0.320494,0.071422
1,1,version2_vs_version3,50,0.301961,0.070687
1,2,original_vs_version1,50,0.425528,0.047054
1,2,original_vs_version2,50,0.386603,0.048336
1,2,original_vs_version3,50,0.388581,0.044976
1,2,version1_vs_version2,50,0.426039,0.052075
1,2,version1_vs_version3,50,0.426641,0.050014
1,2,version2_vs_version3,50,0.388861,0.052091
1,3,original_vs_version1,50,0.3996,0.027384
1,3,original_vs_version2,50,0.368006,0.024172
1,3,original_vs_version3,50,0.36826,0.024275
1,3,version1_vs_version2,50,0.400536,0.029608
1,3,version1_vs_version3,50,0.399993,0.02928
1,3,version2_vs_version3,50,0.36921,0.026982
1,4,original_vs_version1,50,0.514043,0.060062
1,4,original_vs_version2,50,0.476499,0.061269
1,4,original_vs_version3,50,0.475219,0.057999
1,4,version1_vs_version2,50,0.51459,0.063515
1,4,version1_vs_version3,50,0.5113,0.060654
1,4,version2_vs_version3,50,0.475545,0.062646
1,5,original_vs_version1,50,0.200915,0.018871
1,5,original_vs_version2,50,0.190803,0.020312
1,5,original_vs_version3,50,0.192324,0.018918
1,5,version1_vs_version2,50,0.199662,0.018727
1,5,version1_vs_version3,50,0.199496,0.017622
1,5,version2_vs_version3,50,0.190776,0.018842
1,6,original_vs_version1,50,0.169744,0.016328
1,6,original_vs_version2,50,0.097002,0.011541
1,6,original_vs_version3,50,0.098443,0.010874
1,6,version1_vs_version2,50,0.170329,0.016116
1,6,version1_vs_version3,50,0.170447,0.016226
1,6,version2_vs_version3,50,0.098798,0.010189
1,7,original_vs_version1,50,0.110171,0.006084
1,7,original_vs_version2,50,0.097664,0.007001
1,7,original_vs_version3,50,0.099792,0.006798
1,7,version1_vs_version2,50,0.109368,0.006294
1,7,version1_vs_version3,50,0.109888,0.006506
1,7,version2_vs_version3,50,0.098689,0.006563
1,8,original_vs_version1,50,0.144077,0.012182
1,8,original_vs_version2,50,0.114395,0.01338
1,8,original_vs_version3,50,0.116475,0.012652
1,8,version1_vs_version2,50,0.143609,0.012432
1,8,version1_vs_version3,50,0.14332,0.012104
1,8,version2_vs_version3,50,0.11543,0.01181
1,9,original_vs_version1,50,0.1135,0.008582
1,9,original_vs_version2,50,0.102832,0.009732
1,9,original_vs_version3,50,0.104353,0.009308
1,9,version1_vs_version2,50,0.112377,0.008553
1,9,version1_vs_version3,50,0.112607,0.008246
1,9,version2_vs_version3,50,0.102733,0.008995
1,10,original_vs_version1,50,0.260242,0.023795
1,10,original_vs_version2,50,0.25468,0.028209
1,10,original_vs_version3,50,0.255162,0.027243
1,10,version1_vs_version2,50,0.260059,0.023818
1,10,version1_vs_version3,50,0.259176,0.023574
1,10,version2_vs_version3,50,0.254669,0.027802
1,11,original_vs_version1,50,0.246186,0.019619
1,11,original_vs_version2,50,0.239569,0.023809
1,11,original_vs_version3,50,0.240475,0.023157
1,11,version1_vs_version2,50,0.245573,0.018891
1,11,version1_vs_version3,50,0.24546,0.019243
1,11,version2_vs_version3,50,0.239438,0.022692
1,12,original_vs_version1,50,0.133177,0.007221
1,12,original_vs_version2,50,0.127349,0.005764
1,12,original_vs_version3,50,0.130404,0.006464
1,12,version1_vs_version2,50,0.132376,0.007256
1,12,version1_vs_version3,50,0.132947,0.006961
1,12,version2_vs_version3,50,0.129429,0.006195
1,13,original_vs_version1,50,0.374556,0.020611
1,13,original_vs_version2,50,0.360032,0.017674
1,13,original_vs_version3,50,0.360983,0.015894
1,13,version1_vs_version2,50,0.375995,0.020737
1,13,version1_vs_version3,50,0.375896,0.019494
1,13,version2_vs_version3,50,0.361851,0.016707
1,14,original_vs_version1,50,0.2545,0.019654
1,14,original_vs_version2,50,0.244556,0.021278
1,14,original_vs_version3,50,0.245227,0.02125
1,14,version1_vs_version2,50,0.255384,0.0193
1,14,version1_vs_version3,50,0.255848,0.019439
1,14,version2_vs_version3,50,0.245775,0.021227
1,15,original_vs_version1,50,0.199121,0.010314
1,15,original_vs_version2,50,0.193792,0.00987
1,15,original_vs_version3,50,0.195242,0.009969
1,15,version1_vs_version2,50,0.199226,0.010408
1,15,version1_vs_version3,50,0.199397,0.010622
1,15,version2_vs_version3,50,0.194702,0.010051
1,16,original_vs_version1,50,0.079442,0.004733
1,16,original_vs_version2,50,0.073741,0.006603
1,16,original_vs_version3,50,0.075512,0.00574
1,16,version1_vs_version2,50,0.079307,0.004521
1,16,version1_vs_version3,50,0.07949,0.00426
1,16,version2_vs_version3,50,0.074537,0.005799
1,17,original_vs_version1,50,0.270071,0.033851
1,17,original_vs_version2,50,0.288162,0.043838
1,17,original_vs_version3,50,0.291848,0.044288
1,17,version1_vs_version2,50,0.269817,0.03542
1,17,version1_vs_version3,50,0.271887,0.037053
1,17,version2_vs_version3,50,0.291015,0.046427
1,18,original_vs_version1,50,0.163746,0.013908
1,18,original_vs_version2,50,0.157772,0.014398
1,18,original_vs_version3,50,0.160534,0.014587
1,18,version1_vs_version2,50,0.164259,0.014291
1,18,version1_vs_version3,50,0.164777,0.01428
1,18,version2_vs_version3,50,0.160155,0.014878
1,19,original_vs_version1,50,0.325269,0.011347
1,19,original_vs_version2,50,0.319872,0.012486
1,19,original_vs_version3,50,0.321361,0.011887
1,19,version1_vs_version2,50,0.325885,0.011799
1,19,version1_vs_version3,50,0.326114,0.011487
1,19,version2_vs_version3,50,0.321471,0.012436
1,20,original_vs_version1,50,0.429315,0.01517
1,20,original_vs_version2,50,0.394632,0.021291
1,20,original_vs_version3,50,0.394589,0.02144
1,20,version1_vs_version2,50,0.42916,0.018658
1,20,version1_vs_version3,50,0.428689,0.018484
1,20,version2_vs_version3,50,0.394266,0.024742
1,21,original_vs_version1,50,0.488862,0.026078
1,21,original_vs_version2,50,0.464065,0.029641
1,21,original_vs_version3,50,0.462978,0.029325
1,21,version1_vs_version2,50,0.489032,0.025867
1,21,version1_vs_version3,50,0.488475,0.025663
1,21,version2_vs_version3,50,0.462879,0.029311
1,22,original_vs_version1,50,0.463266,0.02549
1,22,original_vs_version2,50,0.432053,0.030169
1,22,original_vs_version3,50,0.431443,0.02984
1,22,version1_vs_version2,50,0.464117,0.027843
1,22,version1_vs_version3,50,0.463597,0.027538
1,22,version2_vs_version3,50,0.432143,0.031981
1,23,original_vs_version1,50,0.282943,0.050321
1,23,original_vs_version2,50,0.260327,0.055628
1,23,original_vs_version3,50,0.260422,0.054804
1,23,version1_vs_version2,50,0.282341,0.052721
1,23,version1_vs_version3,50,0.281731,0.052139
1,23,version2_vs_version3,50,0.259643,0.057355
1,24,original_vs_version1,50,0.357561,0.038464
1,24,original_vs_version2,50,0.250189,0.038039
1,24,original_vs_version3,50,0.252606,0.036951
1,24,version1_vs_version2,50,0.357326,0.043002
1,24,version1_vs_version3,50,0.358155,0.043315
1,24,version2_vs_version3,50,0.251829,0.044937
1,25,original_vs_version1,50,0.194544,0.015072
1,25,original_vs_version2,50,0.190583,0.015837
1,25,original_vs_version3,50,0.191698,0.015449
1,25,version1_vs_version2,50,0.195018,0.015074
1,25,version1_vs_version3,50,0.195054,0.014911
1,25,version2_vs_version3,50,0.191709,0.015396
1,26,original_vs_version1,50,0.192031,0.013365
1,26,original_vs_version2,50,0.188166,0.015071
1,26,original_vs_version3,50,0.190516,0.015864
1,26,version1_vs_version2,50,0.192007,0.014785
1,26,version1_vs_version3,50,0.193003,0.014767
1,26,version2_vs_version3,50,0.18992,0.017724
1,27,original_vs_version1,50,0.179854,0.022201
1,27,original_vs_version2,50,0.176029,0.027033
1,27,original_vs_version3,50,0.176402,0.026552
1,27,version1_vs_version2,50,0.178192,0.023265
1,27,version1_vs_version3,50,0.177952,0.023266
1,27,version2_vs_version3,50,0.174457,0.027532
1,28,original_vs_version1,50,0.23316,0.022843
1,28,original_vs_version2,50,0.231042,0.025966
1,28,original_vs_version3,50,0.232056,0.025385
1,28,version1_vs_version2,50,0.233459,0.023464
1,28,version1_vs_version3,50,0.233208,0.022956
1,28,version2_vs_version3,50,0.232101,0.026263
1,29,original_vs_version1,50,0.121333,0.00731
1,29,original_vs_version2,50,0.116465,0.008608
1,29,original_vs_version3,50,0.117563,0.008083
1,29,version1_vs_version2,50,0.121331,0.007643
1,29,version1_vs_version3,50,0.121533,0.007395
1,29,version2_vs_version3,50,0.117407,0.008321
1,30,original_vs_version1,50,0.46613,0.062215
1,30,original_vs_version2,50,0.445216,0.060668
1,30,original_vs_version3,50,0.449838,0.0587
1,30,version1_vs_version2,50,0.466139,0.061631
1,30,version1_vs_version3,50,0.467883,0.059659
1,30,version2_vs_version3,50,0.449392,0.058648
1,31,original_vs_version1,50,0.245762,0.032621
1,31,original_vs_version2,50,0.2484,0.038235
1,31,original_vs_version3,50,0.251623,0.03583
1,31,version1_vs_version2,50,0.243915,0.032947
1,31,version1_vs_version3,50,0.245054,0.032904
1,31,version2_vs_version3,50,0.249426,0.036519
1,32,original_vs_version1,50,0.185769,0.025752
1,32,original_vs_version2,50,0.201596,0.035546
1,32,original_vs_version3,50,0.205358,0.035059
1,32,version1_vs_version2,50,0.184573,0.027777
1,32,version1_vs_version3,50,0.18658,0.02793
1,32,version2_vs_version3,50,0.203784,0.037481
1,33,original_vs_version1,50,0.37116,0.03837
1,33,original_vs_version2,50,0.333559,0.034551
1,33,original_vs_version3,50,0.334392,0.033776
1,33,version1_vs_version2,50,0.370992,0.03825
1,33,version1_vs_version3,50,0.371185,0.037665
1,33,version2_vs_version3,50,0.333677,0.033993
1,34,original_vs_version1,50,0.380181,0.05857
1,34,original_vs_version2,50,0.39431,0.068491
1,34,original_vs_version3,50,0.397065,0.068828
1,34,version1_vs_version2,50,0.378386,0.058747
1,34,version1_vs_version3,50,0.378588,0.060361
1,34,version2_vs_version3,50,0.394973,0.06902
1,35,original_vs_version1,50,0.110383,0.009948
1,35,original_vs_version2,50,0.103061,0.011383
1,35,original_vs_version3,50,0.104206,0.011092
1,35,version1_vs_version2,50,0.110154,0.009764
1,35,version1_vs_version3,50,0.110581,0.00985
1,35,version2_vs_version3,50,0.103591,0.011192
1,36,original_vs_version1,50,0.253147,0.04013
1,36,original_vs_version2,50,0.24362,0.040481
1,36,original_vs_version3,50,0.24194,0.040443
1,36,version1_vs_version2,50,0.254623,0.039312
1,36,version1_vs_version3,50,0.253834,0.038554
1,36,version2_vs_version3,50,0.243184,0.040118
1,37,original_vs_version1,50,0.244964,0.043291
1,37,original_vs_version2,50,0.233155,0.044126
1,37,original_vs_version3,50,0.231052,0.043426
1,37,version1_vs_version2,50,0.245429,0.043042
1,37,version1_vs_version3,50,0.244155,0.04232
1,37,version2_vs_version3,50,0.231319,0.043203
1,38,original_vs_version1,50,0.166171,0.011593
1,38,original_vs_version2,50,0.153549,0.012686
1,38,original_vs_version3,50,0.154173,0.012033
1,38,version1_vs_version2,50,0.167424,0.013824
1,38,version1_vs_version3,50,0.167792,0.012998
1,38,version2_vs_version3,50,0.155434,0.014587
1,39,original_vs_version1,50,0.166984,0.020301
1,39,original_vs_version2,50,0.163095,0.021487
1,39,original_vs_version3,50,0.163049,0.021427
1,39,version1_vs_version2,50,0.168359,0.020011
1,39,version1_vs_version3,50,0.168298,0.020242
1,39,version2_vs_version3,50,0.16409,0.021403
2,0,original_vs_version1,50,0.281631,0.031339
2,0,original_vs_version2,50,0.264578,0.031129
2,0,original_vs_version3,50,0.273764,0.031896
2,0,version1_vs_version2,50,0.280516,0.031144
2,0,version1_vs_version3,50,0.281917,0.030388
2,0,version2_vs_version3,50,0.27183,0.032084
2,1,original_vs_version1,50,0.17813,0.01039
2,1,original_vs_version2,50,0.169576,0.011764
2,1,original_vs_version3,50,0.172464,0.010274
2,1,version1_vs_version2,50,0.178348,0.011064
2,1,version1_vs_version3,50,0.17872,0.010771
2,1,version2_vs_version3,50,0.17203,0.010846
2,2,original_vs_version1,50,0.195487,0.018686
2,2,original_vs_version2,50,0.188581,0.020119
2,2,original_vs_version3,50,0.190806,0.01907
2,2,version1_vs_version2,50,0.195081,0.017484
2,2,version1_vs_version3,50,0.194851,0.016686
2,2,version2_vs_version3,50,0.190096,0.018647
2,3,original_vs_version1,50,0.405033,0.02403
2,3,original_vs_version2,50,0.380476,0.025664
2,3,original_vs_version3,50,0.383915,0.025376
2,3,version1_vs_version2,50,0.405618,0.023761
2,3,version1_vs_version3,50,0.405768,0.024584
2,3,version2_vs_version3,50,0.383502,0.025689
2,4,original_vs_version1,50,0.237982,0.023995
2,4,original_vs_version2,50,0.190831,0.025389
2,4,original_vs_version3,50,0.200137,0.02572
2,4,version1_vs_version2,50,0.237957,0.023216
2,4,version1_vs_version3,50,0.237272,0.020895
2,4,version2_vs_version3,50,0.197338,0.024322
2,5,original_vs_version1,50,0.30608,0.023628
2,5,original_vs_version2,50,0.30359,0.02623
2,5,original_vs_version3,50,0.303,0.022553
2,5,version1_vs_version2,50,0.304862,0.022959
2,5,version1_vs_version3,50,0.303904,0.019933
2,5,version2_vs_version3,50,0.301432,0.021986
2,6,original_vs_version1,50,0.590269,0.053094
2,6,original_vs_version2,50,0.573862,0.046432
2,6,original_vs_version3,50,0.581919,0.046305
2,6,version1_vs_version2,50,0.59125,0.053152
2,6,version1_vs_version3,50,0.593212,0.051863
2,6,version2_vs_version3,50,0.581852,0.047002
2,7,original_vs_version1,50,0.550571,0.066177
2,7,original_vs_version2,50,0.531767,0.066341
2,7,original_vs_version3,50,0.534332,0.064248
2,7,version1_vs_version2,50,0.552395,0.064948
2,7,version1_vs_version3,50,0.553371,0.063338
2,7,version2_vs_version3,50,0.535621,0.063531
2,8,original_vs_version1,50,0.250249,0.027369
2,8,original_vs_version2,50,0.250703,0.030481
2,8,original_vs_version3,50,0.250617,0.025838
2,8,version1_vs_version2,50,0.251412,0.025144
2,8,version1_vs_version3,50,0.250504,0.022528
2,8,version2_vs_version3,50,0.251402,0.024173
2,9,original_vs_version1,50,0.44654,0.042267
2,9,original_vs_version2,50,0.432191,0.041124
2,9,original_vs_version3,50,0.437576,0.03897
2,9,version1_vs_version2,50,0.443914,0.04216
2,9,version1_vs_version3,50,0.446316,0.040909
2,9,version2_vs_version3,50,0.433959,0.038669
2,10,original_vs_version1,50,0.190533,0.016467
2,10,original_vs_version2,50,0.177413,0.017379
2,10,original_vs_version3,50,0.181114,0.017285
2,10,version1_vs_version2,50,0.187891,0.016525
2,10,version1_vs_version3,50,0.188321,0.015595
2,10,version2_vs_version3,50,0.177018,0.016336
2,11,original_vs_version1,50,0.218921,0.028617
2,11,original_vs_version2,50,0.21754,0.030771
2,11,original_vs_version3,50,0.221608,0.030845
2,11,version1_vs_version2,50,0.216328,0.029185
2,11,version1_vs_version3,50,0.217923,0.028582
2,11,version2_vs_version3,50,0.218504,0.031924
2,12,original_vs_version1,50,0.318195,0.041837
2,12,original_vs_version2,50,0.317296,0.044892
2,12,original_vs_version3,50,0.320281,0.042835
2,12,version1_vs_version2,50,0.314387,0.041174
2,12,version1_vs_version3,50,0.316394,0.04049
2,12,version2_vs_version3,50,0.316034,0.042907
2,13,original_vs_version1,50,0.315657,0.034271
2,13,original_vs_version2,50,0.318006,0.03438
2,13,original_vs_version3,50,0.324388,0.0346
2,13,version1_vs_version2,50,0.308361,0.034183
2,13,version1_vs_version3,50,0.311605,0.034387
2,13,version2_vs_version3,50,0.315906,0.034835
2,14,original_vs_version1,50,0.249871,0.035074
2,14,original_vs_version2,50,0.261257,0.044599
2,14,original_vs_version3,50,0.263165,0.04182
2,14,version1_vs_version2,50,0.248796,0.037374
2,14,version1_vs_version3,50,0.249299,0.033981
2,14,version2_vs_version3,50,0.261634,0.044333
2,15,original_vs_version1,50,0.325051,0.042102
2,15,original_vs_version2,50,0.313921,0.040891
2,15,original_vs_version3,50,0.318482,0.039654
2,15,version1_vs_version2,50,0.322256,0.04278
2,15,version1_vs_version3,50,0.325052,0.042403
2,15,version2_vs_version3,50,0.315417,0.040505
2,16,original_vs_version1,50,0.441472,0.049424
2,16,original_vs_version2,50,0.429263,0.053153
2,16,original_vs_version3,50,0.430809,0.052828
2,16,version1_vs_version2,50,0.440424,0.050134
2,16,version1_vs_version3,50,0.440684,0.049452
2,16,version2_vs_version3,50,0.429519,0.053533
2,17,original_vs_version1,50,0.360755,0.038619
2,17,original_vs_version2,50,0.35479,0.041924
2,17,original_vs_version3,50,0.35467,0.04259
2,17,version1_vs_version2,50,0.361045,0.040681
2,17,version1_vs_version3,50,0.360035,0.041694
2,17,version2_vs_version3,50,0.354765,0.044877
2,18,original_vs_version1,50,0.542388,0.046436
2,18,original_vs_version2,50,0.523689,0.044775
2,18,original_vs_version3,50,0.52577,0.041452
2,18,version1_vs_version2,50,0.540484,0.045994
2,18,version1_vs_version3,50,0.54183,0.045314
2,18,version2_vs_version3,50,0.523612,0.041116
2,19,original_vs_version1,50,0.68599,0.063947
2,19,original_vs_version2,50,0.64536,0.05956
2,19,original_vs_version3,50,0.646429,0.056852
2,19,version1_vs_version2,50,0.685294,0.063479
2,19,version1_vs_version3,50,0.682757,0.061748
2,19,version2_vs_version3,50,0.645404,0.057771
2,20,original_vs_version1,50,0.383309,0.04952
2,20,original_vs_version2,50,0.398182,0.060356
2,20,original_vs_version3,50,0.399735,0.058003
2,20,version1_vs_version2,50,0.381447,0.051432
2,20,version1_vs_version3,50,0.382953,0.049801
2,20,version2_vs_version3,50,0.397619,0.059491
2,21,original_vs_version1,50,0.368469,0.035716
2,21,original_vs_version2,50,0.36448,0.035067
2,21,original_vs_version3,50,0.366615,0.034949
2,21,version1_vs_version2,50,0.365724,0.034028
2,21,version1_vs_version3,50,0.367155,0.034827
2,21,version2_vs_version3,50,0.363283,0.0334
2,22,original_vs_version1,50,0.443084,0.049615
2,22,original_vs_version2,50,0.440188,0.054869
2,22,original_vs_version3,50,0.444815,0.052299
2,22,version1_vs_version2,50,0.443945,0.049411
2,22,version1_vs_version3,50,0.443676,0.046629
2,22,version2_vs_version3,50,0.445289,0.051984
2,23,original_vs_version1,50,0.394281,0.054007
2,23,original_vs_version2,50,0.418043,0.067698
2,23,original_vs_version3,50,0.421677,0.064692
2,23,version1_vs_version2,50,0.39924,0.057548
2,23,version1_vs_version3,50,0.400135,0.054777
2,23,version2_vs_version3,50,0.42602,0.06834
2,24,original_vs_version1,50,0.311916,0.045819
2,24,original_vs_version2,50,0.342762,0.062855
2,24,original_vs_version3,50,0.349065,0.065626
2,24,version1_vs_version2,50,0.309356,0.046513
2,24,version1_vs_version3,50,0.313812,0.051012
2,24,version2_vs_version3,50,0.345535,0.066928
2,25,original_vs_version1,50,0.234391,0.044012
2,25,original_vs_version2,50,0.233483,0.044992
2,25,original_vs_version3,50,0.232862,0.04351
2,25,version1_vs_version2,50,0.232679,0.043956
2,25,version1_vs_version3,50,0.231403,0.043155
2,25,version2_vs_version3,50,0.230713,0.043923
2,26,original_vs_version1,50,0.392332,0.051111
2,26,original_vs_version2,50,0.378605,0.05435
2,26,original_vs_version3,50,0.37898,0.054136
2,26,version1_vs_version2,50,0.391204,0.048898
2,26,version1_vs_version3,50,0.391799,0.049181
2,26,version2_vs_version3,50,0.377504,0.052127
2,27,original_vs_version1,50,0.416967,0.05314
2,27,original_vs_version2,50,0.427084,0.060732
2,27,original_vs_version3,50,0.431566,0.062842
2,27,version1_vs_version2,50,0.415338,0.056525
2,27,version1_vs_version3,50,0.418122,0.058982
2,27,version2_vs_version3,50,0.429675,0.065938
2,28,original_vs_version1,50,0.304178,0.035456
2,28,original_vs_version2,50,0.334288,0.039244
2,28,original_vs_version3,50,0.33705,0.038175
2,28,version1_vs_version2,50,0.301097,0.037252
2,28,version1_vs_version3,50,0.30113,0.035617
2,28,version2_vs_version3,50,0.333533,0.039992
2,29,original_vs_version1,50,0.595686,0.063468
2,29,original_vs_version2,50,0.61187,0.074065
2,29,original_vs_version3,50,0.621451,0.070732
2,29,version1_vs_version2,50,0.59702,0.064527
2,29,version1_vs_version3,50,0.603221,0.065379
2,29,version2_vs_version3,50,0.622056,0.071765
2,30,original_vs_version1,50,0.172726,0.01919
2,30,original_vs_version2,50,0.162104,0.017456
2,30,original_vs_version3,50,0.164284,0.016312
2,30,version1_vs_version2,50,0.17215,0.016299
2,30,version1_vs_version3,50,0.172328,0.015386
2,30,version2_vs_version3,50,0.161868,0.014512
2,31,original_vs_version1,50,0.168015,0.017483
2,31,original_vs_version2,50,0.160786,0.018632
2,31,original_vs_version3,50,0.162387,0.018057
2,31,version1_vs_version2,50,0.167545,0.017261
2,31,version1_vs_version3,50,0.167942,0.016916
2,31,version2_vs_version3,50,0.161255,0.017575
2,32,original_vs_version1,50,0.182389,0.02634
2,32,original_vs_version2,50,0.161965,0.030145
2,32,original_vs_version3,50,0.163765,0.029156
2,32,version1_vs_version2,50,0.180912,0.026012
2,32,version1_vs_version3,50,0.181031,0.025819
2,32,version2_vs_version3,50,0.16141,0.029205
2,33,original_vs_version1,50,0.18161,0.022955
2,33,original_vs_version2,50,0.165105,0.026103
2,33,original_vs_version3,50,0.170736,0.026636
2,33,version1_vs_version2,50,0.186873,0.023548
2,33,version1_vs_version3,50,0.189363,0.024072
2,33,version2_vs_version3,50,0.175685,0.027679
2,34,original_vs_version1,50,0.172555,0.029967
2,34,original_vs_version2,50,0.152177,0.031653
2,34,original_vs_version3,50,0.15444,0.028915
2,34,version1_vs_version2,50,0.17194,0.029117
2,34,version1_vs_version3,50,0.171783,0.026856
2,34,version2_vs_version3,50,0.152972,0.028872
2,35,original_vs_version1,50,0.357814,0.045329
2,35,original_vs_version2,50,0.342374,0.050244
2,35,original_vs_version3,50,0.342488,0.050052
2,35,version1_vs_version2,50,0.35572,0.04489
2,35,version1_vs_version3,50,0.354704,0.044992
2,35,version2_vs_version3,50,0.340002,0.049761
2,36,original_vs_version1,50,0.288331,0.028224
2,36,original_vs_version2,50,0.274043,0.031799
2,36,original_vs_version3,50,0.27511,0.030522
2,36,version1_vs_version2,50,0.289842,0.027838
2,36,version1_vs_version3,50,0.289251,0.026952
2,36,version2_vs_version3,50,0.276048,0.030552
2,37,original_vs_version1,50,0.147566,0.015829
2,37,original_vs_version2,50,0.141665,0.01675
2,37,original_vs_version3,50,0.144213,0.01554
2,37,version1_vs_version2,50,0.145907,0.014551
2,37,version1_vs_version3,50,0.146204,0.013538
2,37,version2_vs_version3,50,0.141513,0.014021
2,38,original_vs_version1,50,0.391489,0.08244
2,38,original_vs_version2,50,0.378364,0.083041
2,38,original_vs_version3,50,0.374296,0.084392
2,38,version1_vs_version2,50,0.392819,0.0835
2,38,version1_vs_version3,50,0.390606,0.08438
2,38,version2_vs_version3,50,0.375352,0.085373
2,39,original_vs_version1,50,0.436616,0.085068
2,39,original_vs_version2,50,0.424242,0.085969
2,39,original_vs_version3,50,0.420096,0.085742
2,39,version1_vs_version2,50,0.436544,0.086863
2,39,version1_vs_version3,50,0.434969,0.086315
2,39,version2_vs_version3,50,0.419835,0.087566
3,0,original_vs_version1,50,0.449493,0.054555
3,0,original_vs_version2,50,0.446902,0.054734
3,0,original_vs_version3,50,0.451263,0.054787
3,0,version1_vs_version2,50,0.451737,0.05479
3,0,version1_vs_version3,50,0.45624,0.055768
3,0,version2_vs_version3,50,0.453004,0.055866
3,1,original_vs_version1,50,0.476518,0.043506
3,1,original_vs_version2,50,0.475327,0.043845
3,1,original_vs_version3,50,0.486259,0.043165
3,1,version1_vs_version2,50,0.481088,0.041241
3,1,version1_vs_version3,50,0.486115,0.041242
3,1,version2_vs_version3,50,0.48981,0.042488
3,2,original_vs_version1,50,0.377968,0.077239
3,2,original_vs_version2,50,0.363958,0.077724
3,2,original_vs_version3,50,0.359323,0.07512
3,2,version1_vs_version2,50,0.375087,0.076166
3,2,version1_vs_version3,50,0.3721,0.073908
3,2,version2_vs_version3,50,0.355975,0.07494
3,3,original_vs_version1,50,0.278923,0.023253
3,3,original_vs_version2,50,0.271527,0.023295
3,3,original_vs_version3,50,0.274713,0.021906
3,3,version1_vs_version2,50,0.279936,0.022725
3,3,version1_vs_version3,50,0.281143,0.021571
3,3,version2_vs_version3,50,0.274973,0.021881
3,4,original_vs_version1,50,0.527826,0.058712
3,4,original_vs_version2,50,0.50981,0.058686
3,4,original_vs_version3,50,0.506615,0.058299
3,4,version1_vs_version2,50,0.526989,0.057816
3,4,version1_vs_version3,50,0.525525,0.056894
3,4,version2_vs_version3,50,0.50541,0.058044
3,5,original_vs_version1,50,0.519034,0.092526
3,5,original_vs_version2,50,0.488725,0.102233
3,5,original_vs_version3,50,0.486419,0.105274
3,5,version1_vs_version2,50,0.520648,0.091243
3,5,version1_vs_version3,50,0.518751,0.094512
3,5,version2_vs_version3,50,0.487731,0.105137
3,6,original_vs_version1,50,0.348647,0.112776
3,6,original_vs_version2,50,0.347795,0.118106
3,6,original_vs_version3,50,0.348133,0.117354
3,6,version1_vs_version2,50,0.343827,0.111199
3,6,version1_vs_version3,50,0.344261,0.110791
3,6,version2_vs_version3,50,0.343027,0.116326
3,7,original_vs_version1,50,0.51993,0.084896
3,7,original_vs_version2,50,0.480184,0.08984
3,7,original_vs_version3,50,0.481101,0.088904
3,7,version1_vs_version2,50,0.521477,0.087917
3,7,version1_vs_version3,50,0.520071,0.087783
3,7,version2_vs_version3,50,0.482425,0.093211
3,8,original_vs_version1,50,0.356331,0.094744
3,8,original_vs_version2,50,0.34011,0.098207
3,8,original_vs_version3,50,0.339173,0.096607
3,8,version1_vs_version2,50,0.354547,0.096778
3,8,version1_vs_version3,50,0.352391,0.096655
3,8,version2_vs_version3,50,0.337066,0.099047
3,9,original_vs_version1,50,0.345178,0.055618
3,9,original_vs_version2,50,0.330418,0.058373
3,9,original_vs_version3,50,0.33174,0.057077
3,9,version1_vs_version2,50,0.346145,0.058256
3,9,version1_vs_version3,50,0.347351,0.056737
3,9,version2_vs_version3,50,0.332604,0.060809
3,10,original_vs_version1,50,0.522834,0.029523
3,10,original_vs_version2,50,0.528054,0.031143
3,10,original_vs_version3,50,0.529683,0.031024
3,10,version1_vs_version2,50,0.52378,0.029968
3,10,version1_vs_version3,50,0.526872,0.030761
3,10,version2_vs_version3,50,0.53009,0.031218
3,11,original_vs_version1,50,0.503554,0.050494
3,11,original_vs_version2,50,0.501158,0.053052
3,11,original_vs_version3,50,0.503656,0.050273
3,11,version1_vs_version2,50,0.503301,0.051721
3,11,version1_vs_version3,50,0.503463,0.049076
3,11,version2_vs_version3,50,0.502373,0.051727
3,12,original_vs_version1,50,0.312977,0.04092
3,12,original_vs_version2,50,0.294961,0.046168
3,12,original_vs_version3,50,0.297465,0.045235
3,12,version1_vs_version2,50,0.31388,0.041288
3,12,version1_vs_version3,50,0.314619,0.040903
3,12,version2_vs_version3,50,0.297547,0.045378
3,13,original_vs_version1,50,0.361532,0.031069
3,13,original_vs_version2,50,0.351572,0.032077
3,13,original_vs_version3,50,0.357563,0.031413
3,13,version1_vs_version2,50,0.359922,0.030217
3,13,version1_vs_version3,50,0.361025,0.029698
3,13,version2_vs_version3,50,0.354762,0.030184
3,14,original_vs_version1,50,0.391318,0.057091
3,14,original_vs_version2,50,0.381124,0.059714
3,14,original_vs_version3,50,0.380111,0.058408
3,14,version1_vs_version2,50,0.392496,0.056179
3,14,version1_vs_version3,50,0.39256,0.054607
3,14,version2_vs_version3,50,0.380669,0.057408
3,15,original_vs_version1,50,0.444258,0.056097
3,15,original_vs_version2,50,0.426597,0.058784
3,15,original_vs_version3,50,0.446321,0.058039
3,15,version1_vs_version2,50,0.447608,0.057581
3,15,version1_vs_version3,50,0.454603,0.055305
3,15,version2_vs_version3,50,0.448131,0.059138
3,16,original_vs_version1,50,0.422154,0.038896
3,16,original_vs_version2,50,0.389762,0.038202
3,16,original_vs_version3,50,0.397401,0.037631
3,16,version1_vs_version2,50,0.421465,0.037193
3,16,version1_vs_version3,50,0.424288,0.038536
3,16,version2_vs_version3,50,0.394815,0.035735
3,17,original_vs_version1,50,0.343122,0.043033
3,17,original_vs_version2,50,0.338786,0.042824
3,17,original_vs_version3,50,0.344178,0.039676
3,17,version1_vs_version2,50,0.345325,0.042397
3,17,version1_vs_version3,50,0.345432,0.037921
3,17,version2_vs_version3,50,0.34558,0.039299
3,18,original_vs_version1,50,0.355304,0.043097
3,18,original_vs_version2,50,0.353866,0.045947
3,18,original_vs_version3,50,0.356902,0.043154
3,18,version1_vs_version2,50,0.356765,0.043644
3,18,version1_vs_version3,50,0.357391,0.042173
3,18,version2_vs_version3,50,0.357637,0.044284
3,19,original_vs_version1,50,0.515903,0.057702
3,19,original_vs_version2,50,0.497059,0.057977
3,19,original_vs_version3,50,0.506272,0.05229
3,19,version1_vs_version2,50,0.517587,0.059208
3,19,version1_vs_version3,50,0.517374,0.056242
3,19,version2_vs_version3,50,0.505552,0.054729
3,20,original_vs_version1,50,0.448928,0.075986
3,20,original_vs_version2,50,0.448702,0.080417
3,20,original_vs_version3,50,0.44999,0.07745
3,20,version1_vs_version2,50,0.451647,0.077317
3,20,version1_vs_version3,50,0.447728,0.075314
3,20,version2_vs_version3,50,0.451539,0.078382
3,21,original_vs_version1,50,0.371802,0.066855
3,21,original_vs_version2,50,0.389002,0.078565
3,21,original_vs_version3,50,0.398739,0.073455
3,21,version1_vs_version2,50,0.37612,0.068337
3,21,version1_vs_version3,50,0.384122,0.063936
3,21,version2_vs_version3,50,0.399447,0.074809
3,22,original_vs_version1,50,0.229343,0.019222
3,22,original_vs_version2,50,0.236012,0.020695
3,22,original_vs_version3,50,0.23815,0.020648
3,22,version1_vs_version2,50,0.230856,0.019466
3,22,version1_vs_version3,50,0.230308,0.019194
3,22,version2_vs_version3,50,0.238677,0.021311
3,23,original_vs_version1,50,0.526579,0.067265
3,23,original_vs_version2,50,0.511503,0.066776
3,23,original_vs_version3,50,0.52455,0.072103
3,23,version1_vs_version2,50,0.529441,0.067038
3,23,version1_vs_version3,50,0.532601,0.071036
3,23,version2_vs_version3,50,0.524295,0.07099
3,24,original_vs_version1,50,0.217391,0.037042
3,24,original_vs_version2,50,0.211625,0.035557
3,24,original_vs_version3,50,0.213768,0.034213
3,24,version1_vs_version2,50,0.217784,0.036754
3,24,version1_vs_version3,50,0.219701,0.035384
3,24,version2_vs_version3,50,0.213119,0.033799
3,25,original_vs_version1,50,0.234747,0.04311
3,25,original_vs_version2,50,0.237222,0.045231
3,25,original_vs_version3,50,0.240109,0.044589
3,25,version1_vs_version2,50,0.232261,0.042354
3,25,version1_vs_version3,50,0.23219,0.040794
3,25,version2_vs_version3,50,0.237374,0.044189
3,26,original_vs_version1,50,0.344716,0.058712
3,26,original_vs_version2,50,0.344081,0.06457
3,26,original_vs_version3,50,0.341555,0.064011
3,26,version1_vs_version2,50,0.344092,0.060009
3,26,version1_vs_version3,50,0.341192,0.058501
3,26,version2_vs_version3,50,0.3404,0.065605
3,27,original_vs_version1,50,0.34748,0.035463
3,27,original_vs_version2,50,0.332586,0.039095
3,27,original_vs_version3,50,0.331969,0.037187
3,27,version1_vs_version2,50,0.347934,0.034799
3,27,version1_vs_version3,50,0.347235,0.032888
3,27,version2_vs_version3,50,0.332204,0.036632
3,28,original_vs_version1,50,0.409873,0.027606
3,28,original_vs_version2,50,0.385332,0.029655
3,28,original_vs_version3,50,0.384934,0.028027
3,28,version1_vs_version2,50,0.409147,0.028848
3,28,version1_vs_version3,50,0.408624,0.027514
3,28,version2_vs_version3,50,0.383855,0.02963
3,29,original_vs_version1,50,0.698963,0.05299
3,29,original_vs_version2,50,0.656597,0.047325
3,29,original_vs_version3,50,0.657469,0.043142
3,29,version1_vs_version2,50,0.699109,0.055136
3,29,version1_vs_version3,50,0.69878,0.052803
3,29,version2_vs_version3,50,0.657321,0.046476
3,30,original_vs_version1,50,0.296833,0.03366
3,30,original_vs_version2,50,0.263112,0.031605
3,30,original_vs_version3,50,0.270359,0.030766
3,30,version1_vs_version2,50,0.296314,0.032797
3,30,version1_vs_version3,50,0.298877,0.0313
3,30,version2_vs_version3,50,0.269486,0.028651
3,31,original_vs_version1,50,0.363809,0.028174
3,31,original_vs_version2,50,0.353873,0.036049
3,31,original_vs_version3,50,0.359846,0.035124
3,31,version1_vs_version2,50,0.361261,0.028449
3,31,version1_vs_version3,50,0.362764,0.028157
3,31,version2_vs_version3,50,0.356256,0.035571
3,32,original_vs_version1,50,0.387982,0.034459
3,32,original_vs_version2,50,0.273257,0.036292
3,32,original_vs_version3,50,0.280516,0.034765
3,32,version1_vs_version2,50,0.381204,0.034239
3,32,version1_vs_version3,50,0.383912,0.033029
3,32,version2_vs_version3,50,0.270324,0.034468
3,33,original_vs_version1,50,0.357406,0.030716
3,33,original_vs_version2,50,0.333083,0.035695
3,33,original_vs_version3,50,0.337269,0.033272
3,33,version1_vs_version2,50,0.353092,0.029576
3,33,version1_vs_version3,50,0.353794,0.026948
3,33,version2_vs_version3,50,0.331397,0.030825
3,34,original_vs_version1,50,0.430829,0.058584
3,34,original_vs_version2,50,0.369835,0.048766
3,34,original_vs_version3,50,0.375369,0.045608
3,34,version1_vs_version2,50,0.427042,0.059694
3,34,version1_vs_version3,50,0.430986,0.057461
3,34,version2_vs_version3,50,0.370925,0.045968
3,35,original_vs_version1,50,0.429247,0.0671
3,35,original_vs_version2,50,0.434077,0.070516
3,35,original_vs_version3,50,0.440269,0.072068
3,35,version1_vs_version2,50,0.426274,0.070269
3,35,version1_vs_version3,50,0.430871,0.073965
3,35,version2_vs_version3,50,0.436612,0.075838
3,36,original_vs_version1,50,0.259828,0.026263
3,36,original_vs_version2,50,0.263026,0.024537
3,36,original_vs_version3,50,0.26413,0.023143
3,36,version1_vs_version2,50,0.261053,0.025553
3,36,version1_vs_version3,50,0.260913,0.02431
3,36,version2_vs_version3,50,0.264608,0.022734
3,37,original_vs_version1,50,0.285814,0.041533
3,37,original_vs_version2,50,0.292598,0.051045
3,37,original_vs_version3,50,0.296901,0.047787
3,37,version1_vs_version2,50,0.283491,0.04315
3,37,version1_vs_version3,50,0.285294,0.041213
3,37,version2_vs_version3,50,0.294199,0.050262
3,38,original_vs_version1,50,0.377304,0.048943
3,38,original_vs_version2,50,0.373016,0.058337
3,38,original_vs_version3,50,0.380092,0.056796
3,38,version1_vs_version2,50,0.375757,0.05314
3,38,version1_vs_version3,50,0.378782,0.051946
3,38,version2_vs_version3,50,0.377432,0.061471
3,39,original_vs_version1,50,0.538365,0.099407
3,39,original_vs_version2,50,0.517515,0.102983
3,39,original_vs_version3,50,0.511376,0.102449
3,39,version1_vs_version2,50,0.532974,0.09836
3,39,version1_vs_version3,50,0.530054,0.09752
3,39,version2_vs_version3,50,0.505696,0.102266
4,0,original_vs_version1,50,0.485605,0.047271
4,0,original_vs_version2,50,0.460438,0.045624
4,0,original_vs_version3,50,0.463945,0.044906
4,0,version1_vs_version2,50,0.486337,0.048695
4,0,version1_vs_version3,50,0.486676,0.04913
4,0,version2_vs_version3,50,0.463683,0.045956
4,1,original_vs_version1,50,0.260306,0.02546
4,1,original_vs_version2,50,0.248459,0.02589
4,1,original_vs_version3,50,0.253324,0.024899
4,1,version1_vs_version2,50,0.259319,0.024715
4,1,version1_vs_version3,50,0.259621,0.023939
4,1,version2_vs_version3,50,0.251168,0.024642
4,2,original_vs_version1,50,0.224046,0.026017
4,2,original_vs_version2,50,0.21964,0.023392
4,2,original_vs_version3,50,0.22717,0.025425
4,2,version1_vs_version2,50,0.221714,0.025146
4,2,version1_vs_version3,50,0.224428,0.026214
4,2,version2_vs_version3,50,0.223821,0.025733
4,3,original_vs_version1,50,0.418571,0.033318
4,3,original_vs_version2,50,0.403383,0.03198
4,3,original_vs_version3,50,0.404526,0.032296
4,3,version1_vs_version2,50,0.41861,0.032851
4,3,version1_vs_version3,50,0.418878,0.034318
4,3,version2_vs_version3,50,0.403167,0.032915
4,4,original_vs_version1,50,0.366187,0.031038
4,4,original_vs_version2,50,0.35202,0.033294
4,4,original_vs_version3,50,0.352,0.031302
4,4,version1_vs_version2,50,0.367692,0.029729
4,4,version1_vs_version3,50,0.364943,0.029503
4,4,version2_vs_version3,50,0.352703,0.030491
4,5,original_vs_version1,50,0.4852,0.029157
4,5,original_vs_version2,50,0.478404,0.032293
4,5,original_vs_version3,50,0.481437,0.032369
4,5,version1_vs_version2,50,0.487375,0.030232
4,5,version1_vs_version3,50,0.490079,0.029204
4,5,version2_vs_version3,50,0.482837,0.033527
4,6,original_vs_version1,50,0.549058,0.063006
4,6,original_vs_version2,50,0.57219,0.077147
4,6,original_vs_version3,50,0.5794,0.078789
4,6,version1_vs_version2,50,0.54795,0.063791
4,6,version1_vs_version3,50,0.551998,0.066996
4,6,version2_vs_version3,50,0.57759,0.080859
4,7,original_vs_version1,50,0.773835,0.042891
4,7,original_vs_version2,50,0.758434,0.039735
4,7,original_vs_version3,50,0.761659,0.040192
4,7,version1_vs_version2,50,0.774454,0.040629
4,7,version1_vs_version3,50,0.774875,0.041719
4,7,version2_vs_version3,50,0.761406,0.038834
4,8,original_vs_version1,50,0.556579,0.035904
4,8,original_vs_version2,50,0.516497,0.043001
4,8,original_vs_version3,50,0.514513,0.041002
4,8,version1_vs_version2,50,0.555927,0.035749
4,8,version1_vs_version3,50,0.553786,0.034443
4,8,version2_vs_version3,50,0.513355,0.042603
4,9,original_vs_version1,50,0.43084,0.064005
4,9,original_vs_version2,50,0.420132,0.070052
4,9,original_vs_version3,50,0.42096,0.067992
4,9,version1_vs_version2,50,0.427012,0.062976
4,9,version1_vs_version3,50,0.425431,0.063199
4,9,version2_vs_version3,50,0.416648,0.067262
4,10,original_vs_version1,50,0.597822,0.089778
4,10,original_vs_version2,50,0.574973,0.090643
4,10,original_vs_version3,50,0.568816,0.092355
4,10,version1_vs_version2,50,0.599108,0.090988
4,10,version1_vs_version3,50,0.596536,0.09155
4,10,version2_vs_version3,50,0.570011,0.094262
4,11,original_vs_version1,50,0.487355,0.036424
4,11,original_vs_version2,50,0.458532,0.036402
4,11,original_vs_version3,50,0.455596,0.03468
4,11,version1_vs_version2,50,0.486936,0.035937
4,11,version1_vs_version3,50,0.483453,0.035015
4,11,version2_vs_version3,50,0.454974,0.035477
4,12,original_vs_version1,50,0.417243,0.036328
4,12,original_vs_version2,50,0.409384,0.039233
4,12,original_vs_version3,50,0.408215,0.039712
4,12,version1_vs_version2,50,0.418126,0.037301
4,12,version1_vs_version3,50,0.415862,0.039097
4,12,version2_vs_version3,50,0.4087,0.041317
4,13,original_vs_version1,50,0.354622,0.043672
4,13,original_vs_version2,50,0.337268,0.045169
4,13,original_vs_version3,50,0.338488,0.045188
4,13,version1_vs_version2,50,0.353711,0.043563
4,13,version1_vs_version3,50,0.354372,0.043814
4,13,version2_vs_version3,50,0.337194,0.045426
4,14,original_vs_version1,50,0.330211,0.076137
4,14,original_vs_version2,50,0.311772,0.073927
4,14,original_vs_version3,50,0.308932,0.073523
4,14,version1_vs_version2,50,0.32958,0.075733
4,14,version1_vs_version3,50,0.3275,0.075292
4,14,version2_vs_version3,50,0.307652,0.073511
4,15,original_vs_version1,50,0.616251,0.070349
4,15,original_vs_version2,50,0.610241,0.068823
4,15,original_vs_version3,50,0.611813,0.067427
4,15,version1_vs_version2,50,0.616379,0.06955
4,15,version1_vs_version3,50,0.618066,0.068898
4,15,version2_vs_version3,50,0.611066,0.066136
4,16,original_vs_version1,50,0.586701,0.056432
4,16,original_vs_version2,50,0.562488,0.057773
4,16,original_vs_version3,50,0.564693,0.054935
4,16,version1_vs_version2,50,0.587502,0.056005
4,16,version1_vs_version3,50,0.589068,0.054182
4,16,version2_vs_version3,50,0.564569,0.055183
4,17,original_vs_version1,50,0.599902,0.049893
4,17,original_vs_version2,50,0.586357,0.051749
4,17,original_vs_version3,50,0.589072,0.051098
4,17,version1_vs_version2,50,0.604767,0.05011
4,17,version1_vs_version3,50,0.606924,0.04881
4,17,version2_vs_version3,50,0.593008,0.051928
4,18,original_vs_version1,50,0.559745,0.080157
4,18,original_vs_version2,50,0.533784,0.087394
4,18,original_vs_version3,50,0.543588,0.088023
4,18,version1_vs_version2,50,0.557855,0.081902
4,18,version1_vs_version3,50,0.563083,0.083622
4,18,version2_vs_version3,50,0.540473,0.089855
4,19,original_vs_version1,50,0.645779,0.089058
4,19,original_vs_version2,50,0.570685,0.081829
4,19,original_vs_version3,50,0.576071,0.080057
4,19,version1_vs_version2,50,0.640244,0.087276
4,19,version1_vs_version3,50,0.637703,0.085346
4,19,version2_vs_version3,50,0.568017,0.077968
4,20,original_vs_version1,50,0.417465,0.042771
4,20,original_vs_version2,50,0.388447,0.042679
4,20,original_vs_version3,50,0.397631,0.042374
4,20,version1_vs_version2,50,0.410443,0.045961
4,20,version1_vs_version3,50,0.415935,0.044386
4,20,version2_vs_version3,50,0.385029,0.044139
4,21,original_vs_version1,50,0.427151,0.039813
4,21,original_vs_version2,50,0.40161,0.045236
4,21,original_vs_version3,50,0.409148,0.044707
4,21,version1_vs_version2,50,0.428087,0.039797
4,21,version1_vs_version3,50,0.43006,0.040283
4,21,version2_vs_version3,50,0.408407,0.045048
4,22,original_vs_version1,50,0.403311,0.043118
4,22,original_vs_version2,50,0.362281,0.037397
4,22,original_vs_version3,50,0.377224,0.038297
4,22,version1_vs_version2,50,0.401004,0.041379
4,22,version1_vs_version3,50,0.405209,0.041256
4,22,version2_vs_version3,50,0.373261,0.037615
4,23,original_vs_version1,50,0.431763,0.033868
4,23,original_vs_version2,50,0.398749,0.038958
4,23,original_vs_version3,50,0.411195,0.033891
4,23,version1_vs_version2,50,0.427208,0.031945
4,23,version1_vs_version3,50,0.428953,0.031082
4,23,version2_vs_version3,50,0.40489,0.031768
4,24,original_vs_version1,50,0.345705,0.042997
4,24,original_vs_version2,50,0.326289,0.043572
4,24,original_vs_version3,50,0.330034,0.041652
4,24,version1_vs_version2,50,0.342468,0.045133
4,24,version1_vs_version3,50,0.342465,0.044073
4,24,version2_vs_version3,50,0.325987,0.043817
4,25,original_vs_version1,50,0.253707,0.029349
4,25,original_vs_version2,50,0.248428,0.033134
4,25,original_vs_version3,50,0.254172,0.030798
4,25,version1_vs_version2,50,0.253208,0.028234
4,25,version1_vs_version3,50,0.254148,0.025589
4,25,version2_vs_version3,50,0.251802,0.029295
4,26,original_vs_version1,50,0.174201,0.020274
4,26,original_vs_version2,50,0.164279,0.022421
4,26,original_vs_version3,50,0.166898,0.022141
4,26,version1_vs_version2,50,0.175572,0.018022
4,26,version1_vs_version3,50,0.176543,0.017951
4,26,version2_vs_version3,50,0.166411,0.020681
4,27,original_vs_version1,50,0.288969,0.031333
4,27,original_vs_version2,50,0.267248,0.027676
4,27,original_vs_version3,50,0.279516,0.029061
4,27,version1_vs_version2,50,0.2895,0.029002
4,27,version1_vs_version3,50,0.293054,0.030076
4,27,version2_vs_version3,50,0.276338,0.025471
4,28,original_vs_version1,50,0.252337,0.027019
4,28,original_vs_version2,50,0.2485,0.027885
4,28,original_vs_version3,50,0.253665,0.027628
4,28,version1_vs_version2,50,0.248956,0.027911
4,28,version1_vs_version3,50,0.250715,0.02725
4,28,version2_vs_version3,50,0.249023,0.028498
4,29,original_vs_version1,50,0.449961,0.07255
4,29,original_vs_version2,50,0.427484,0.074303
4,29,original_vs_version3,50,0.434422,0.069954
4,29,version1_vs_version2,50,0.452625,0.076778
4,29,version1_vs_version3,50,0.457778,0.074979
4,29,version2_vs_version3,50,0.435434,0.076186
4,30,original_vs_version1,50,0.548278,0.093079
4,30,original_vs_version2,50,0.517349,0.090732
4,30,original_vs_version3,50,0.522617,0.087101
4,30,version1_vs_version2,50,0.554517,0.091998
4,30,version1_vs_version3,50,0.554959,0.090614
4,30,version2_vs_version3,50,0.5284,0.086501
4,31,original_vs_version1,50,0.660581,0.088254
4,31,original_vs_version2,50,0.662563,0.092772
4,31,original_vs_version3,50,0.659937,0.089704
4,31,version1_vs_version2,50,0.665871,0.084299
4,31,version1_vs_version3,50,0.66097,0.083771
4,31,version2_vs_version3,50,0.663727,0.087688
4,32,original_vs_version1,50,0.634359,0.075114
4,32,original_vs_version2,50,0.639014,0.086963
4,32,original_vs_version3,50,0.646663,0.082985
4,32,version1_vs_version2,50,0.633436,0.075684
4,32,version1_vs_version3,50,0.638495,0.072537
4,32,version2_vs_version3,50,0.644933,0.084592
4,33,original_vs_version1,50,0.424717,0.041647
4,33,original_vs_version2,50,0.41402,0.044872
4,33,original_vs_version3,50,0.413881,0.042821
4,33,version1_vs_version2,50,0.427335,0.040125
4,33,version1_vs_version3,50,0.425117,0.039244
4,33,version2_vs_version3,50,0.415924,0.042809
4,34,original_vs_version1,50,0.475766,0.091322
4,34,original_vs_version2,50,0.456785,0.091378
4,34,original_vs_version3,50,0.45684,0.088273
4,34,version1_vs_version2,50,0.479339,0.094275
4,34,version1_vs_version3,50,0.477633,0.09094
4,34,version2_vs_version3,50,0.459311,0.092635
4,35,original_vs_version1,50,0.34762,0.059015
4,35,original_vs_version2,50,0.349101,0.064442
4,35,original_vs_version3,50,0.35099,0.06403
4,35,version1_vs_version2,50,0.346799,0.05899
4,35,version1_vs_version3,50,0.347205,0.059487
4,35,version2_vs_version3,50,0.349516,0.064384
4,36,original_vs_version1,50,0.743523,0.052829
4,36,original_vs_version2,50,0.721884,0.047625
4,36,original_vs_version3,50,0.723532,0.04911
4,36,version1_vs_version2,50,0.748096,0.052336
4,36,version1_vs_version3,50,0.748955,0.053847
4,36,version2_vs_version3,50,0.72767,0.047542
4,37,original_vs_version1,50,0.776901,0.078441
4,37,original_vs_version2,50,0.729998,0.083545
4,37,original_vs_version3,50,0.728313,0.080403
4,37,version1_vs_version2,50,0.77509,0.078698
4,37,version1_vs_version3,50,0.769984,0.078352
4,37,version2_vs_version3,50,0.725704,0.082746
4,38,original_vs_version1,50,0.473067,0.092963
4,38,original_vs_version2,50,0.46415,0.091543
4,38,original_vs_version3,50,0.466012,0.094231
4,38,version1_vs_version2,50,0.473673,0.091414
4,38,version1_vs_version3,50,0.472051,0.095729
4,38,version2_vs_version3,50,0.466094,0.093114
4,39,original_vs_version1,50,0.552856,0.078536
4,39,original_vs_version2,50,0.548397,0.083458
4,39,original_vs_version3,50,0.554929,0.079744
4,39,version1_vs_version2,50,0.552818,0.076595
4,39,version1_vs_version3,50,0.556333,0.074207
4,39,version2_vs_version3,50,0.553543,0.077921
5,0,original_vs_version1,50,0.191089,0.017321
5,0,original_vs_version2,50,0.1807,0.019627
5,0,original_vs_version3,50,0.185847,0.019822
5,0,version1_vs_version2,50,0.190623,0.018451
5,0,version1_vs_version3,50,0.191887,0.018523
5,0,version2_vs_version3,50,0.184398,0.020683
5,1,original_vs_version1,50,0.3046,0.044793
5,1,original_vs_version2,50,0.27608,0.03701
5,1,original_vs_version3,50,0.283952,0.036108
5,1,version1_vs_version2,50,0.301581,0.045352
5,1,version1_vs_version3,50,0.304172,0.043782
5,1,version2_vs_version3,50,0.274654,0.035201
5,2,original_vs_version1,50,0.054566,0.006322
5,2,original_vs_version2,50,0.042322,0.009951
5,2,original_vs_version3,50,0.04851,0.006302
5,2,version1_vs_version2,50,0.053438,0.006425
5,2,version1_vs_version3,50,0.054413,0.006224
5,2,version2_vs_version3,50,0.046315,0.007179
5,3,original_vs_version1,50,0.194171,0.016795
5,3,original_vs_version2,50,0.185497,0.017124
5,3,original_vs_version3,50,0.189033,0.01754
5,3,version1_vs_version2,50,0.193768,0.01551
5,3,version1_vs_version3,50,0.196201,0.015591
5,3,version2_vs_version3,50,0.187433,0.01728
5,4,original_vs_version1,50,0.341332,0.130386
5,4,original_vs_version2,50,0.325138,0.130928
5,4,original_vs_version3,50,0.319355,0.128416
5,4,version1_vs_version2,50,0.342013,0.130636
5,4,version1_vs_version3,50,0.337606,0.128742
5,4,version2_vs_version3,50,0.319931,0.12862
5,5,original_vs_version1,50,0.678404,0.04333
5,5,original_vs_version2,50,0.654003,0.043934
5,5,original_vs_version3,50,0.658376,0.041603
5,5,version1_vs_version2,50,0.675864,0.042822
5,5,version1_vs_version3,50,0.679009,0.042671
5,5,version2_vs_version3,50,0.654943,0.042151
5,6,original_vs_version1,50,0.442539,0.090422
5,6,original_vs_version2,50,0.431619,0.0903
5,6,original_vs_version3,50,0.427574,0.088883
5,6,version1_vs_version2,50,0.438716,0.092837
5,6,version1_vs_version3,50,0.437055,0.091
5,6,version2_vs_version3,50,0.423128,0.092473
5,7,original_vs_version1,50,0.390256,0.045749
5,7,original_vs_version2,50,0.390405,0.050733
5,7,original_vs_version3,50,0.387605,0.049489
5,7,version1_vs_version2,50,0.389277,0.044224
5,7,version1_vs_version3,50,0.387833,0.043991
5,7,version2_vs_version3,50,0.386325,0.047754
5,8,original_vs_version1,50,0.572638,0.049924
5,8,original_vs_version2,50,0.559006,0.049264
5,8,original_vs_version3,50,0.561264,0.048433
5,8,version1_vs_version2,50,0.56867,0.051333
5,8,version1_vs_version3,50,0.570566,0.049056
5,8,version2_vs_version3,50,0.556748,0.05095
5,9,original_vs_version1,50,0.719415,0.097666
5,9,original_vs_version2,50,0.694236,0.104414
5,9,original_vs_version3,50,0.704793,0.103045
5,9,version1_vs_version2,50,0.717974,0.101475
5,9,version1_vs_version3,50,0.7253,0.099696
5,9,version2_vs_version3,50,0.702115,0.106734
5,10,original_vs_version1,50,0.6134,0.071662
5,10,original_vs_version2,50,0.585623,0.078348
5,10,original_vs_version3,50,0.586174,0.074773
5,10,version1_vs_version2,50,0.612353,0.068302
5,10,version1_vs_version3,50,0.610704,0.066471
5,10,version2_vs_version3,50,0.584545,0.071574
5,11,original_vs_version1,50,0.772235,0.101978
5,11,original_vs_version2,50,0.746313,0.104224
5,11,original_vs_version3,50,0.744367,0.098573
5,11,version1_vs_version2,50,0.772733,0.101184
5,11,version1_vs_version3,50,0.77156,0.098127
5,11,version2_vs_version3,50,0.744455,0.099112
5,12,original_vs_version1,50,0.682459,0.101539
5,12,original_vs_version2,50,0.678661,0.105927
5,12,original_vs_version3,50,0.685417,0.105006
5,12,version1_vs_version2,50,0.683364,0.100152
5,12,version1_vs_version3,50,0.687233,0.10012
5,12,version2_vs_version3,50,0.685738,0.104951
5,13,original_vs_version1,50,0.798399,0.101719
5,13,original_vs_version2,50,0.798833,0.108776
5,13,original_vs_version3,50,0.795166,0.104744
5,13,version1_vs_version2,50,0.793278,0.1005
5,13,version1_vs_version3,50,0.791129,0.098001
5,13,version2_vs_version3,50,0.789407,0.104493
5,14,original_vs_version1,50,0.633279,0.074041
5,14,original_vs_version2,50,0.589099,0.066186
5,14,original_vs_version3,50,0.596938,0.065355
5,14,version1_vs_version2,50,0.627232,0.075868
5,14,version1_vs_version3,50,0.629608,0.07437
5,14,version2_vs_version3,50,0.589922,0.066926
5,15,original_vs_version1,50,0.46516,0.128361
5,15,original_vs_version2,50,0.44965,0.13108
5,15,original_vs_version3,50,0.442177,0.13095
5,15,version1_vs_version2,50,0.463382,0.129524
5,15,version1_vs_version3,50,0.458777,0.129083
5,15,version2_vs_version3,50,0.440137,0.132314
5,16,original_vs_version1,50,0.039975,0.006355
5,16,original_vs_version2,50,0.03582,0.00771
5,16,original_vs_version3,50,0.038298,0.006536
5,16,version1_vs_version2,50,0.039239,0.005376
5,16,version1_vs_version3,50,0.039401,0.005365
5,16,version2_vs_version3,50,0.03714,0.005799
5,17,original_vs_version1,50,0.055432,0.006743
5,17,original_vs_version2,50,0.053542,0.008017
5,17,original_vs_version3,50,0.054874,0.007386
5,17,version1_vs_version2,50,0.054582,0.006109
5,17,version1_vs_version3,50,0.054453,0.006449
5,17,version2_vs_version3,50,0.053821,0.006543
5,18,original_vs_version1,50,0.201762,0.075271
5,18,original_vs_version2,50,0.196233,0.076597
5,18,original_vs_version3,50,0.194855,0.076858
5,18,version1_vs_version2,50,0.199626,0.075924
5,18,version1_vs_version3,50,0.197983,0.077021
5,18,version2_vs_version3,50,0.192396,0.077758
5,19,original_vs_version1,50,0.174477,0.05898
5,19,original_vs_version2,50,0.169618,0.060146
5,19,original_vs_version3,50,0.167997,0.060068
5,19,version1_vs_version2,50,0.172884,0.05944
5,19,version1_vs_version3,50,0.171191,0.060175
5,19,version2_vs_version3,50,0.16616,0.060558
5,20,original_vs_version1,50,0.5476,0.111072
5,20,original_vs_version2,50,0.53976,0.105539
5,20,original_vs_version3,50,0.532957,0.105511
5,20,version1_vs_version2,50,0.549592,0.113403
5,20,version1_vs_version3,50,0.546709,0.111712
5,20,version2_vs_version3,50,0.535004,0.10754
5,21,original_vs_version1,50,0.651355,0.085488
5,21,original_vs_version2,50,0.635065,0.080892
5,21,original_vs_version3,50,0.635077,0.082729
5,21,version1_vs_version2,50,0.650863,0.086436
5,21,version1_vs_version3,50,0.649978,0.087165
5,21,version2_vs_version3,50,0.633926,0.083998
5,22,original_vs_version1,50,0.505382,0.085281
5,22,original_vs_version2,50,0.502613,0.083457
5,22,original_vs_version3,50,0.501852,0.083058
5,22,version1_vs_version2,50,0.506572,0.083774
5,22,version1_vs_version3,50,0.508866,0.083764
5,22,version2_vs_version3,50,0.502825,0.082472
5,23,original_vs_version1,50,0.514093,0.070866
5,23,original_vs_version2,50,0.490104,0.067607
5,23,original_vs_version3,50,0.496169,0.070417
5,23,version1_vs_version2,50,0.510871,0.074234
5,23,version1_vs_version3,50,0.511758,0.074653
5,23,version2_vs_version3,50,0.492527,0.075154
5,24,original_vs_version1,50,0.52507,0.081996
5,24,original_vs_version2,50,0.491566,0.08302
5,24,original_vs_version3,50,0.50226,0.079965
5,24,version1_vs_version2,50,0.519786,0.08071
5,24,version1_vs_version3,50,0.517684,0.078837
5,24,version2_vs_version3,50,0.495674,0.0783
5,25,original_vs_version1,50,0.284793,0.043734
5,25,original_vs_version2,50,0.258572,0.044101
5,25,original_vs_version3,50,0.260612,0.042102
5,25,version1_vs_version2,50,0.283776,0.042714
5,25,version1_vs_version3,50,0.284823,0.041546
5,25,version2_vs_version3,50,0.258979,0.041318
5,26,original_vs_version1,50,0.545489,0.030762
5,26,original_vs_version2,50,0.520599,0.034319
5,26,original_vs_version3,50,0.524022,0.034212
5,26,version1_vs_version2,50,0.544058,0.031082
5,26,version1_vs_version3,50,0.544804,0.031282
5,26,version2_vs_version3,50,0.521716,0.034488
5,27,original_vs_version1,50,0.382864,0.035192
5,27,original_vs_version2,50,0.350699,0.036743
5,27,original_vs_version3,50,0.364918,0.036253
5,27,version1_vs_version2,50,0.379934,0.035844
5,27,version1_vs_version3,50,0.382893,0.035303
5,27,version2_vs_version3,50,0.360539,0.036538
5,28,original_vs_version1,50,0.31128,0.039452
5,28,original_vs_version2,50,0.297604,0.039083
5,28,original_vs_version3,50,0.29782,0.037675
5,28,version1_vs_version2,50,0.309021,0.037577
5,28,version1_vs_version3,50,0.308463,0.036723
5,28,version2_vs_version3,50,0.295042,0.035865
5,29,original_vs_version1,50,1.102905,0.029414
5,29,original_vs_version2,50,1.072762,0.035372
5,29,original_vs_version3,50,1.074132,0.035034
5,29,version1_vs_version2,50,1.103026,0.030614
5,29,version1_vs_version3,50,1.102905,0.031044
5,29,version2_vs_version3,50,1.073742,0.036478
5,30,original_vs_version1,50,0.24573,0.021433
5,30,original_vs_version2,50,0.226119,0.024351
5,30,original_vs_version3,50,0.232929,0.024732
5,30,version1_vs_version2,50,0.245624,0.02019
5,30,version1_vs_version3,50,0.248159,0.020895
5,30,version2_vs_version3,50,0.231446,0.022144
5,31,original_vs_version1,50,0.662526,0.032457
5,31,original_vs_version2,50,0.647236,0.036843
5,31,original_vs_version3,50,0.653997,0.03629
5,31,version1_vs_version2,50,0.663745,0.032577
5,31,version1_vs_version3,50,0.667255,0.033077
5,31,version2_vs_version3,50,0.65414,0.035623
5,32,original_vs_version1,50,0.365422,0.03077
5,32,original_vs_version2,50,0.349677,0.029635
5,32,original_vs_version3,50,0.353235,0.029876
5,32,version1_vs_version2,50,0.366807,0.029701
5,32,version1_vs_version3,50,0.36865,0.030155
5,32,version2_vs_version3,50,0.35396,0.02926
5,33,original_vs_version1,50,0.264029,0.015337
5,33,original_vs_version2,50,0.243977,0.018053
5,33,original_vs_version3,50,0.251435,0.015815
5,33,version1_vs_version2,50,0.264095,0.016662
5,33,version1_vs_version3,50,0.267163,0.015269
5,33,version2_vs_version3,50,0.250431,0.016788
5,34,original_vs_version1,50,0.452393,0.032708
5,34,original_vs_version2,50,0.427028,0.034764
5,34,original_vs_version3,50,0.434136,0.034929
5,34,version1_vs_version2,50,0.453724,0.033042
5,34,version1_vs_version3,50,0.457267,0.033716
5,34,version2_vs_version3,50,0.433967,0.034926
5,35,original_vs_version1,50,0.665024,0.072584
5,35,original_vs_version2,50,0.649175,0.074915
5,35,original_vs_version3,50,0.653016,0.074562
5,35,version1_vs_version2,50,0.667503,0.073901
5,35,version1_vs_version3,50,0.670002,0.074786
5,35,version2_vs_version3,50,0.653786,0.076066
5,36,original_vs_version1,50,0.841268,0.085674
5,36,original_vs_version2,50,0.810217,0.087647
5,36,original_vs_version3,50,0.813158,0.084282
5,36,version1_vs_version2,50,0.842632,0.083524
5,36,version1_vs_version3,50,0.841892,0.080924
5,36,version2_vs_version3,50,0.81332,0.082955
5,37,original_vs_version1,50,0.538048,0.060323
5,37,original_vs_version2,50,0.503724,0.057331
5,37,original_vs_version3,50,0.515903,0.055925
5,37,version1_vs_version2,50,0.538928,0.058398
5,37,version1_vs_version3,50,0.538772,0.058619
5,37,version2_vs_version3,50,0.513612,0.056052
5,38,original_vs_version1,50,0.615254,0.057747
5,38,original_vs_version2,50,0.600515,0.059947
5,38,original_vs_version3,50,0.601862,0.059652
5,38,version1_vs_version2,50,0.617,0.054055
5,38,version1_vs_version3,50,0.617399,0.05531
5,38,version2_vs_version3,50,0.60273,0.056995
5,39,original_vs_version1,50,0.562424,0.075833
5,39,original_vs_version2,50,0.532747,0.079717
5,39,original_vs_version3,50,0.544381,0.075286
5,39,version1_vs_version2,50,0.562825,0.077634
5,39,version1_vs_version3,50,0.56742,0.073919
5,39,version2_vs_version3,50,0.542195,0.076714
6,0,original_vs_version1,50,0.742901,0.060675
6,0,original_vs_version2,50,0.718784,0.064888
6,0,original_vs_version3,50,0.725021,0.061006
6,0,version1_vs_version2,50,0.739579,0.063159
6,0,version1_vs_version3,50,0.737975,0.060189
6,0,version2_vs_version3,50,0.720145,0.063449
6,1,original_vs_version1,50,0.820294,0.106229
6,1,original_vs_version2,50,0.797169,0.113485
6,1,original_vs_version3,50,0.793357,0.110132
6,1,version1_vs_version2,50,0.820174,0.112707
6,1,version1_vs_version3,50,0.818433,0.109611
6,1,version2_vs_version3,50,0.791719,0.116569
6,2,original_vs_version1,50,0.843532,0.079175
6,2,original_vs_version2,50,0.827258,0.076362
6,2,original_vs_version3,50,0.834977,0.077915
6,2,version1_vs_version2,50,0.847277,0.077861
6,2,version1_vs_version3,50,0.85395,0.078589
6,2,version2_vs_version3,50,0.837448,0.077052
6,3,original_vs_version1,50,0.665459,0.076751
6,3,original_vs_version2,50,0.643223,0.073343
6,3,original_vs_version3,50,0.647383,0.073937
6,3,version1_vs_version2,50,0.665441,0.078925
6,3,version1_vs_version3,50,0.66599,0.081322
6,3,version2_vs_version3,50,0.645278,0.075869
6,4,original_vs_version1,50,0.938208,0.072852
6,4,original_vs_version2,50,0.907648,0.070768
6,4,original_vs_version3,50,0.923661,0.067004
6,4,version1_vs_version2,50,0.936328,0.072855
6,4,version1_vs_version3,50,0.936602,0.072067
6,4,version2_vs_version3,50,0.918324,0.067257
6,5,original_vs_version1,50,0.25977,0.036787
6,5,original_vs_version2,50,0.26712,0.043738
6,5,original_vs_version3,50,0.271312,0.040447
6,5,version1_vs_version2,50,0.254715,0.03736
6,5,version1_vs_version3,50,0.253574,0.035875
6,5,version2_vs_version3,50,0.265581,0.041505
6,6,original_vs_version1,50,0.281606,0.034356
6,6,original_vs_version2,50,0.284766,0.038891
6,6,original_vs_version3,50,0.288296,0.037587
6,6,version1_vs_version2,50,0.279291,0.033859
6,6,version1_vs_version3,50,0.279619,0.033797
6,6,version2_vs_version3,50,0.285057,0.037743
6,7,original_vs_version1,50,0.761438,0.04086
6,7,original_vs_version2,50,0.740523,0.042906
6,7,original_vs_version3,50,0.744005,0.042777
6,7,version1_vs_version2,50,0.758799,0.040191
6,7,version1_vs_version3,50,0.759419,0.040005
6,7,version2_vs_version3,50,0.740399,0.041443
6,8,original_vs_version1,50,0.178296,0.037456
6,8,original_vs_version2,50,0.176245,0.038613
6,8,original_vs_version3,50,0.1787,0.038148
6,8,version1_vs_version2,50,0.174882,0.036066
6,8,version1_vs_version3,50,0.174618,0.036454
6,8,version2_vs_version3,50,0.174917,0.037287
6,9,original_vs_version1,50,0.486605,0.032077
6,9,original_vs_version2,50,0.468431,0.035425
6,9,original_vs_version3,50,0.471052,0.036326
6,9,version1_vs_version2,50,0.4847,0.030901
6,9,version1_vs_version3,50,0.486417,0.031828
6,9,version2_vs_version3,50,0.467813,0.034923
6,10,original_vs_version1,50,0.938556,0.080552
6,10,original_vs_version2,50,0.934584,0.092711
6,10,original_vs_version3,50,0.946148,0.087409
6,10,version1_vs_version2,50,0.944096,0.083116
6,10,version1_vs_version3,50,0.943265,0.077646
6,10,version2_vs_version3,50,0.943456,0.085924
6,11,original_vs_version1,50,0.820039,0.06686
6,11,original_vs_version2,50,0.79668,0.065512
6,11,original_vs_version3,50,0.796904,0.065805
6,11,version1_vs_version2,50,0.819658,0.070683
6,11,version1_vs_version3,50,0.816845,0.07112
6,11,version2_vs_version3,50,0.794787,0.069733
6,12,original_vs_version1,50,0.752961,0.072746
6,12,original_vs_version2,50,0.725447,0.076457
6,12,original_vs_version3,50,0.724892,0.071022
6,12,version1_vs_version2,50,0.750889,0.069166
6,12,version1_vs_version3,50,0.747583,0.065843
6,12,version2_vs_version3,50,0.721605,0.067265
6,13,original_vs_version1,50,0.304422,0.041545
6,13,original_vs_version2,50,0.28411,0.044104
6,13,original_vs_version3,50,0.294479,0.045324
6,13,version1_vs_version2,50,0.301886,0.041431
6,13,version1_vs_version3,50,0.304239,0.0433
6,13,version2_vs_version3,50,0.290353,0.044122
6,14,original_vs_version1,50,0.988074,0.096539
6,14,original_vs_version2,50,0.973684,0.098823
6,14,original_vs_version3,50,0.982928,0.09905
6,14,version1_vs_version2,50,0.985446,0.092504
6,14,version1_vs_version3,50,0.986935,0.094694
6,14,version2_vs_version3,50,0.977796,0.096375
6,15,original_vs_version1,50,0.782075,0.050704
6,15,original_vs_version2,50,0.757266,0.054895
6,15,original_vs_version3,50,0.765782,0.055314
6,15,version1_vs_version2,50,0.777973,0.049415
6,15,version1_vs_version3,50,0.781653,0.053572
6,15,version2_vs_version3,50,0.760761,0.0554
6,16,original_vs_version1,50,0.961803,0.087748
6,16,original_vs_version2,50,0.944368,0.088253
6,16,original_vs_version3,50,0.952579,0.084083
6,16,version1_vs_version2,50,0.962319,0.087032
6,16,version1_vs_version3,50,0.966401,0.085752
6,16,version2_vs_version3,50,0.951962,0.085249
6,17,original_vs_version1,50,0.824602,0.057276
6,17,original_vs_version2,50,0.828093,0.065996
6,17,original_vs_version3,50,0.836847,0.06101
6,17,version1_vs_version2,50,0.821114,0.061029
6,17,version1_vs_version3,50,0.823343,0.057244
6,17,version2_vs_version3,50,0.832679,0.065457
6,18,original_vs_version1,50,0.830182,0.046795
6,18,original_vs_version2,50,0.805086,0.045858
6,18,original_vs_version3,50,0.809237,0.043703
6,18,version1_vs_version2,50,0.829066,0.046723
6,18,version1_vs_version3,50,0.829558,0.044967
6,18,version2_vs_version3,50,0.807468,0.043834
6,19,original_vs_version1,50,0.904241,0.068222
6,19,original_vs_version2,50,0.886113,0.070435
6,19,original_vs_version3,50,0.88738,0.070396
6,19,version1_vs_version2,50,0.902455,0.072285
6,19,version1_vs_version3,50,0.901966,0.071483
6,19,version2_vs_version3,50,0.884483,0.075058
6,20,original_vs_version1,50,0.713031,0.065912
6,20,original_vs_version2,50,0.670242,0.070573
6,20,original_vs_version3,50,0.687475,0.069465
6,20,version1_vs_version2,50,0.711244,0.068599
6,20,version1_vs_version3,50,0.714538,0.069536
6,20,version2_vs_version3,50,0.68228,0.074695
6,21,original_vs_version1,50,0.467301,0.055152
6,21,original_vs_version2,50,0.446676,0.056422
6,21,original_vs_version3,50,0.452344,0.053228
6,21,version1_vs_version2,50,0.463312,0.059103
6,21,version1_vs_version3,50,0.467482,0.057647
6,21,version2_vs_version3,50,0.447276,0.05748
6,22,original_vs_version1,50,0.699441,0.068091
6,22,original_vs_version2,50,0.658262,0.06785
6,22,original_vs_version3,50,0.672491,0.066848
6,22,version1_vs_version2,50,0.70051,0.067035
6,22,version1_vs_version3,50,0.704742,0.065669
6,22,version2_vs_version3,50,0.670783,0.066078
6,23,original_vs_version1,50,0.63665,0.061433
6,23,original_vs_version2,50,0.610719,0.065256
6,23,original_vs_version3,50,0.617484,0.063759
6,23,version1_vs_version2,50,0.634599,0.061537
6,23,version1_vs_version3,50,0.634765,0.060682
6,23,version2_vs_version3,50,0.613578,0.064229
6,24,original_vs_version1,50,0.652108,0.054528
6,24,original_vs_version2,50,0.634286,0.056221
6,24,original_vs_version3,50,0.633851,0.050585
6,24,version1_vs_version2,50,0.64882,0.054085
6,24,version1_vs_version3,50,0.644334,0.051047
6,24,version2_vs_version3,50,0.629748,0.04958
6,25,original_vs_version1,50,0.58841,0.04658
6,25,original_vs_version2,50,0.558735,0.041199
6,25,original_vs_version3,50,0.565749,0.040801
6,25,version1_vs_version2,50,0.588405,0.047366
6,25,version1_vs_version3,50,0.590747,0.04874
6,25,version2_vs_version3,50,0.564345,0.041132
6,26,original_vs_version1,50,0.834824,0.077946
6,26,original_vs_version2,50,0.806041,0.084851
6,26,original_vs_version3,50,0.81164,0.079258
6,26,version1_vs_version2,50,0.833776,0.075836
6,26,version1_vs_version3,50,0.83232,0.071036
6,26,version2_vs_version3,50,0.808785,0.077786
6,27,original_vs_version1,50,0.854068,0.046058
6,27,original_vs_version2,50,0.827924,0.049525
6,27,original_vs_version3,50,0.829523,0.047235
6,27,version1_vs_version2,50,0.853413,0.045082
6,27,version1_vs_version3,50,0.853417,0.044886
6,27,version2_vs_version3,50,0.827991,0.04615
6,28,original_vs_version1,50,0.560281,0.03721
6,28,original_vs_version2,50,0.534404,0.035879
6,28,original_vs_version3,50,0.54222,0.037584
6,28,version1_vs_version2,50,0.560311,0.037414
6,28,version1_vs_version3,50,0.56305,0.039752
6,28,version2_vs_version3,50,0.540547,0.037624
6,29,original_vs_version1,50,0.740449,0.054231
6,29,original_vs_version2,50,0.725229,0.055026
6,29,original_vs_version3,50,0.732179,0.052377
6,29,version1_vs_version2,50,0.737559,0.054306
6,29,version1_vs_version3,50,0.739478,0.05287
6,29,version2_vs_version3,50,0.728379,0.052372
6,30,original_vs_version1,50,0.413358,0.10818
6,30,original_vs_version2,50,0.399,0.109295
6,30,original_vs_version3,50,0.399905,0.108867
6,30,version1_vs_version2,50,0.412349,0.107847
6,30,version1_vs_version3,50,0.413374,0.109519
6,30,version2_vs_version3,50,0.397981,0.109191
6,31,original_vs_version1,50,0.787813,0.163083
6,31,original_vs_version2,50,0.755199,0.162052
6,31,original_vs_version3,50,0.744788,0.162994
6,31,version1_vs_version2,50,0.781555,0.163957
6,31,version1_vs_version3,50,0.776016,0.163055
6,31,version2_vs_version3,50,0.738005,0.163709
6,32,original_vs_version1,50,0.246681,0.049533
6,32,original_vs_version2,50,0.237484,0.052807
6,32,original_vs_version3,50,0.239312,0.049205
6,32,version1_vs_version2,50,0.241207,0.048445
6,32,version1_vs_version3,50,0.240622,0.046908
6,32,version2_vs_version3,50,0.232602,0.048466
6,33,original_vs_version1,50,0.409387,0.02512
6,33,original_vs_version2,50,0.389829,0.027217
6,33,original_vs_version3,50,0.398022,0.028735
6,33,version1_vs_version2,50,0.406126,0.026526
6,33,version1_vs_version3,50,0.410275,0.028738
6,33,version2_vs_version3,50,0.392618,0.030318
6,34,original_vs_version1,50,0.46072,0.039758
6,34,original_vs_version2,50,0.416682,0.029094
6,34,original_vs_version3,50,0.421104,0.027985
6,34,version1_vs_version2,50,0.44052,0.042771
6,34,version1_vs_version3,50,0.436007,0.044298
6,34,version2_vs_version3,50,0.406437,0.03251
6,35,original_vs_version1,50,0.477299,0.036173
6,35,original_vs_version2,50,0.466364,0.035285
6,35,original_vs_version3,50,0.474182,0.037357
6,35,version1_vs_version2,50,0.467114,0.034205
6,35,version1_vs_version3,50,0.469336,0.036438
6,35,version2_vs_version3,50,0.46001,0.035811
6,36,original_vs_version1,50,0.837434,0.081649
6,36,original_vs_version2,50,0.7972,0.078375
6,36,original_vs_version3,50,0.805507,0.07615
6,36,version1_vs_version2,50,0.828018,0.082508
6,36,version1_vs_version3,50,0.828131,0.079117
6,36,version2_vs_version3,50,0.79358,0.07649
6,37,original_vs_version1,50,0.475047,0.031283
6,37,original_vs_version2,50,0.44506,0.034809
6,37,original_vs_version3,50,0.46444,0.033578
6,37,version1_vs_version2,50,0.465538,0.032172
6,37,version1_vs_version3,50,0.466339,0.032633
6,37,version2_vs_version3,50,0.450806,0.035187
6,38,original_vs_version1,50,0.664529,0.060545
6,38,original_vs_version2,50,0.600043,0.073295
6,38,original_vs_version3,50,0.605812,0.070449
6,38,version1_vs_version2,50,0.665143,0.063938
6,38,version1_vs_version3,50,0.66453,0.063811
6,38,version2_vs_version3,50,0.605142,0.074396
6,39,original_vs_version1,50,0.521271,0.041039
6,39,original_vs_version2,50,0.493582,0.038542
6,39,original_vs_version3,50,0.506742,0.03924
6,39,version1_vs_version2,50,0.512815,0.046059
6,39,version1_vs_version3,50,0.515334,0.047452
6,39,version2_vs_version3,50,0.491133,0.044894
7,0,original_vs_version1,50,0.659383,0.106551
7,0,original_vs_version2,50,0.680867,0.109236
7,0,original_vs_version3,50,0.68188,0.108712
7,0,version1_vs_version2,50,0.661404,0.102992
7,0,version1_vs_version3,50,0.659459,0.106961
7,0,version2_vs_version3,50,0.68339,0.108635
7,1,original_vs_version1,50,0.557978,0.130566
7,1,original_vs_version2,50,0.579503,0.138364
7,1,original_vs_version3,50,0.584013,0.148261
7,1,version1_vs_version2,50,0.562871,0.128713
7,1,version1_vs_version3,50,0.568707,0.139682
7,1,version2_vs_version3,50,0.588487,0.146507
7,2,original_vs_version1,50,0.768789,0.147452
7,2,original_vs_version2,50,0.743878,0.140669
7,2,original_vs_version3,50,0.737085,0.146374
7,2,version1_vs_version2,50,0.772977,0.147901
7,2,version1_vs_version3,50,0.771202,0.150856
7,2,version2_vs_version3,50,0.74074,0.14737
7,3,original_vs_version1,50,0.112288,0.036069
7,3,original_vs_version2,50,0.130399,0.062749
7,3,original_vs_version3,50,0.130484,0.060067
7,3,version1_vs_version2,50,0.112285,0.040744
7,3,version1_vs_version3,50,0.112843,0.039795
7,3,version2_vs_version3,50,0.130418,0.067527
7,4,original_vs_version1,50,0.616066,0.218286
7,4,original_vs_version2,50,0.582452,0.208233
7,4,original_vs_version3,50,0.572601,0.208305
7,4,version1_vs_version2,50,0.609772,0.215681
7,4,version1_vs_version3,50,0.605062,0.215243
7,4,version2_vs_version3,50,0.565808,0.206014
7,5,original_vs_version1,50,1.155929,0.219694
7,5,original_vs_version2,50,1.135057,0.22973
7,5,original_vs_version3,50,1.147254,0.223698
7,5,version1_vs_version2,50,1.161676,0.225968
7,5,version1_vs_version3,50,1.173389,0.219671
7,5,version2_vs_version3,50,1.151256,0.231672
7,6,original_vs_version1,50,1.031673,0.123893
7,6,original_vs_version2,50,1.010157,0.129127
7,6,original_vs_version3,50,1.027071,0.125384
7,6,version1_vs_version2,50,1.038211,0.125615
7,6,version1_vs_version3,50,1.049194,0.12238
7,6,version2_vs_version3,50,1.030428,0.12713
7,7,original_vs_version1,50,1.188291,0.178892
7,7,original_vs_version2,50,1.149655,0.181607
7,7,original_vs_version3,50,1.146723,0.175471
7,7,version1_vs_version2,50,1.190012,0.179607
7,7,version1_vs_version3,50,1.194287,0.178142
7,7,version2_vs_version3,50,1.146748,0.177123
7,8,original_vs_version1,50,0.888669,0.11636
7,8,original_vs_version2,50,0.879774,0.11187
7,8,original_vs_version3,50,0.884377,0.110026
7,8,version1_vs_version2,50,0.88982,0.108598
7,8,version1_vs_version3,50,0.891318,0.10947
7,8,version2_vs_version3,50,0.883099,0.10202
7,9,original_vs_version1,50,1.295334,0.177344
7,9,original_vs_version2,50,1.273248,0.153809
7,9,original_vs_version3,50,1.298802,0.159404
7,9,version1_vs_version2,50,1.301195,0.165756
7,9,version1_vs_version3,50,1.321342,0.172149
7,9,version2_vs_version3,50,1.29818,0.152842
7,10,original_vs_version1,50,0.550204,0.221769
7,10,original_vs_version2,50,0.522801,0.220575
7,10,original_vs_version3,50,0.523842,0.219805
7,10,version1_vs_version2,50,0.540399,0.217689
7,10,version1_vs_version3,50,0.543276,0.217948
7,10,version2_vs_version3,50,0.513431,0.215988
7,11,original_vs_version1,50,0.154191,0.131723
7,11,original_vs_version2,50,0.15237,0.136487
7,11,original_vs_version3,50,0.151204,0.137269
7,11,version1_vs_version2,50,0.153655,0.13029
7,11,version1_vs_version3,50,0.151845,0.131557
7,11,version2_vs_version3,50,0.150486,0.136125
7,12,original_vs_version1,50,0.264599,0.148886
7,12,original_vs_version2,50,0.244584,0.148203
7,12,original_vs_version3,50,0.24744,0.144398
7,12,version1_vs_version2,50,0.262211,0.147095
7,12,version1_vs_version3,50,0.262975,0.146221
7,12,version2_vs_version3,50,0.244915,0.142868
7,13,original_vs_version1,50,0.886957,0.079839
7,13,original_vs_version2,50,0.885383,0.087335
7,13,original_vs_version3,50,0.882261,0.085536
7,13,version1_vs_version2,50,0.894286,0.076031
7,13,version1_vs_version3,50,0.89181,0.076189
7,13,version2_vs_version3,50,0.888883,0.082724
7,14,original_vs_version1,50,0.258894,0.146049
7,14,original_vs_version2,50,0.228592,0.153382
7,14,original_vs_version3,50,0.228149,0.15197
7,14,version1_vs_version2,50,0.255957,0.149238
7,14,version1_vs_version3,50,0.253662,0.148867
7,14,version2_vs_version3,50,0.224831,0.155513
7,15,original_vs_version1,50,0.697302,0.268539
7,15,original_vs_version2,50,0.69334,0.275603
7,15,original_vs_version3,50,0.690428,0.28285
7,15,version1_vs_version2,50,0.70356,0.270629
7,15,version1_vs_version3,50,0.700983,0.277878
7,15,version2_vs_version3,50,0.693147,0.283552
7,16,original_vs_version1,50,1.00364,0.183727
7,16,original_vs_version2,50,0.96615,0.187563
7,16,original_vs_version3,50,0.975973,0.180483
7,16,version1_vs_version2,50,1.013012,0.185799
7,16,version1_vs_version3,50,1.012715,0.173969
7,16,version2_vs_version3,50,0.981131,0.183258
7,17,original_vs_version1,50,0.142853,0.039406
7,17,original_vs_version2,50,0.144903,0.040969
7,17,original_vs_version3,50,0.146261,0.042931
7,17,version1_vs_version2,50,0.14303,0.040144
7,17,version1_vs_version3,50,0.144723,0.043045
7,17,version2_vs_version3,50,0.146225,0.043823
7,18,original_vs_version1,50,1.061412,0.181669
7,18,original_vs_version2,50,1.0357,0.181118
7,18,original_vs_version3,50,1.031595,0.173872
7,18,version1_vs_version2,50,1.060603,0.181482
7,18,version1_vs_version3,50,1.053858,0.175516
7,18,version2_vs_version3,50,1.028632,0.174812
7,19,original_vs_version1,50,0.79955,0.266735
7,19,original_vs_version2,50,0.77029,0.25883
7,19,original_vs_version3,50,0.780644,0.26371
7,19,version1_vs_version2,50,0.804662,0.268425
7,19,version1_vs_version3,50,0.8111,0.271821
7,19,version2_vs_version3,50,0.781053,0.268166
7,20,original_vs_version1,50,0.47215,0.136184
7,20,original_vs_version2,50,0.433175,0.135357
7,20,original_vs_version3,50,0.435505,0.126674
7,20,version1_vs_version2,50,0.471781,0.13505
7,20,version1_vs_version3,50,0.474619,0.13233
7,20,version2_vs_version3,50,0.434646,0.127793
7,21,original_vs_version1,50,0.805932,0.132489
7,21,original_vs_version2,50,0.842944,0.159437
7,21,original_vs_version3,50,0.847558,0.163887
7,21,version1_vs_version2,50,0.807116,0.142312
7,21,version1_vs_version3,50,0.813323,0.144252
7,21,version2_vs_version3,50,0.847638,0.174545
7,22,original_vs_version1,50,1.024461,0.183305
7,22,original_vs_version2,50,1.036451,0.208701
7,22,original_vs_version3,50,1.047879,0.212925
7,22,version1_vs_version2,50,1.024291,0.187123
7,22,version1_vs_version3,50,1.029535,0.201279
7,22,version2_vs_version3,50,1.046525,0.218097
7,23,original_vs_version1,50,0.588701,0.113604
7,23,original_vs_version2,50,0.518332,0.100195
7,23,original_vs_version3,50,0.518806,0.098031
7,23,version1_vs_version2,50,0.5883,0.110403
7,23,version1_vs_version3,50,0.59198,0.107409
7,23,version2_vs_version3,50,0.518296,0.09409
7,24,original_vs_version1,50,0.330871,0.105491
7,24,original_vs_version2,50,0.329236,0.103491
7,24,original_vs_version3,50,0.329138,0.100436
7,24,version1_vs_version2,50,0.326619,0.10493
7,24,version1_vs_version3,50,0.325438,0.104391
7,24,version2_vs_version3,50,0.324605,0.100776
7,25,original_vs_version1,50,0.979119,0.170715
7,25,original_vs_version2,50,0.965896,0.158272
7,25,original_vs_version3,50,0.976752,0.158592
7,25,version1_vs_version2,50,0.992446,0.173928
7,25,version1_vs_version3,50,0.995213,0.175933
7,25,version2_vs_version3,50,0.986845,0.163516
7,26,original_vs_version1,50,1.104007,0.102879
7,26,original_vs_version2,50,1.088379,0.11618
7,26,original_vs_version3,50,1.092358,0.11418
7,26,version1_vs_version2,50,1.109709,0.103934
7,26,version1_vs_version3,50,1.107154,0.104978
7,26,version2_vs_version3,50,1.095838,0.115713
7,27,original_vs_version1,50,0.666937,0.225408
7,27,original_vs_version2,50,0.626576,0.221923
7,27,original_vs_version3,50,0.626797,0.21804
7,27,version1_vs_version2,50,0.667551,0.226476
7,27,version1_vs_version3,50,0.662945,0.222317
7,27,version2_vs_version3,50,0.625856,0.219467
7,28,original_vs_version1,50,0.375814,0.19735
7,28,original_vs_version2,50,0.407747,0.19313
7,28,original_vs_version3,50,0.401886,0.187404
7,28,version1_vs_version2,50,0.365416,0.200594
7,28,version1_vs_version3,50,0.353021,0.200515
7,28,version2_vs_version3,50,0.39133,0.191269
7,29,original_vs_version1,50,0.786104,0.225989
7,29,original_vs_version2,50,0.773049,0.224491
7,29,original_vs_version3,50,0.770043,0.220817
7,29,version1_vs_version2,50,0.804253,0.226837
7,29,version1_vs_version3,50,0.79214,0.222541
7,29,version2_vs_version3,50,0.785217,0.225673
7,30,original_vs_version1,50,0.206458,0.090376
7,30,original_vs_version2,50,0.206062,0.085701
7,30,original_vs_version3,50,0.208757,0.086875
7,30,version1_vs_version2,50,0.197753,0.079173
7,30,version1_vs_version3,50,0.200292,0.081489
7,30,version2_vs_version3,50,0.198596,0.075117
7,31,original_vs_version1,50,0.312532,0.046684
7,31,original_vs_version2,50,0.313668,0.048224
7,31,original_vs_version3,50,0.312525,0.044849
7,31,version1_vs_version2,50,0.317963,0.046985
7,31,version1_vs_version3,50,0.319053,0.04492
7,31,version2_vs_version3,50,0.316436,0.045816
7,32,original_vs_version1,50,0.417353,0.060103
7,32,original_vs_version2,50,0.416729,0.059228
7,32,original_vs_version3,50,0.422116,0.059886
7,32,version1_vs_version2,50,0.41025,0.062818
7,32,version1_vs_version3,50,0.407966,0.059219
7,32,version2_vs_version3,50,0.406878,0.057347
7,33,original_vs_version1,50,0.111346,0.04395
7,33,original_vs_version2,50,0.100296,0.035463
7,33,original_vs_version3,50,0.102683,0.035636
7,33,version1_vs_version2,50,0.104604,0.045765
7,33,version1_vs_version3,50,0.106412,0.047055
7,33,version2_vs_version3,50,0.095603,0.037508
7,34,original_vs_version1,50,1.080235,0.130943
7,34,original_vs_version2,50,0.946413,0.090467
7,34,original_vs_version3,50,0.965428,0.092068
7,34,version1_vs_version2,50,1.079094,0.134325
7,34,version1_vs_version3,50,1.086509,0.134842
7,34,version2_vs_version3,50,0.953759,0.093271
7,35,original_vs_version1,50,0.700868,0.064051
7,35,original_vs_version2,50,0.654905,0.073182
7,35,original_vs_version3,50,0.678027,0.065423
7,35,version1_vs_version2,50,0.703518,0.065507
7,35,version1_vs_version3,50,0.706346,0.064006
7,35,version2_vs_version3,50,0.678322,0.06562
7,36,original_vs_version1,50,1.682217,0.193782
7,36,original_vs_version2,50,1.642779,0.198847
7,36,original_vs_version3,50,1.633956,0.186711
7,36,version1_vs_version2,50,1.680672,0.197748
7,36,version1_vs_version3,50,1.67567,0.187173
7,36,version2_vs_version3,50,1.630877,0.193205
7,37,original_vs_version1,50,0.788022,0.135352
7,37,original_vs_version2,50,0.771867,0.132717
7,37,original_vs_version3,50,0.779691,0.122994
7,37,version1_vs_version2,50,0.786336,0.136723
7,37,version1_vs_version3,50,0.792185,0.130066
7,37,version2_vs_version3,50,0.77595,0.123354
7,38,original_vs_version1,50,0.596389,0.101356
7,38,original_vs_version2,50,0.570323,0.099877
7,38,original_vs_version3,50,0.577982,0.093067
7,38,version1_vs_version2,50,0.600261,0.103597
7,38,version1_vs_version3,50,0.60477,0.099844
7,38,version2_vs_version3,50,0.579102,0.095716
7,39,original_vs_version1,50,1.490034,0.142168
7,39,original_vs_version2,50,1.433145,0.146427
7,39,original_vs_version3,50,1.45383,0.141908
7,39,version1_vs_version2,50,1.489009,0.14933
7,39,version1_vs_version3,50,1.494284,0.150121
7,39,version2_vs_version3,50,1.44352,0.148142
8,0,original_vs_version1,50,0.623908,0.106801
8,0,original_vs_version2,50,0.558814,0.119269
8,0,original_vs_version3,50,0.553196,0.118969
8,0,version1_vs_version2,50,0.612692,0.106504
8,0,version1_vs_version3,50,0.608799,0.107639
8,0,version2_vs_version3,50,0.541127,0.11958
8,1,original_vs_version1,50,0.229502,0.044741
8,1,original_vs_version2,50,0.214356,0.042785
8,1,original_vs_version3,50,0.21208,0.041804
8,1,version1_vs_version2,50,0.220716,0.043347
8,1,version1_vs_version3,50,0.218916,0.043872
8,1,version2_vs_version3,50,0.203152,0.041121
8,2,original_vs_version1,50,0.113241,0.032227
8,2,original_vs_version2,50,0.08085,0.025361
8,2,original_vs_version3,50,0.081099,0.024639
8,2,version1_vs_version2,50,0.109276,0.030019
8,2,version1_vs_version3,50,0.10831,0.029532
8,2,version2_vs_version3,50,0.076716,0.024391
8,3,original_vs_version1,50,0.869582,0.092775
8,3,original_vs_version2,50,0.844521,0.091755
8,3,original_vs_version3,50,0.841684,0.0863
8,3,version1_vs_version2,50,0.856595,0.092934
8,3,version1_vs_version3,50,0.855871,0.087811
8,3,version2_vs_version3,50,0.828481,0.086169
8,4,original_vs_version1,50,1.521736,0.081776
8,4,original_vs_version2,50,1.431792,0.087254
8,4,original_vs_version3,50,1.433436,0.092965
8,4,version1_vs_version2,50,1.509381,0.077109
8,4,version1_vs_version3,50,1.509739,0.082002
8,4,version2_vs_version3,50,1.419429,0.091321
8,5,original_vs_version1,50,0.668634,0.056051
8,5,original_vs_version2,50,0.647769,0.056377
8,5,original_vs_version3,50,0.644627,0.055232
8,5,version1_vs_version2,50,0.665506,0.052297
8,5,version1_vs_version3,50,0.66729,0.05103
8,5,version2_vs_version3,50,0.640784,0.052964
8,6,original_vs_version1,50,0.550682,0.059074
8,6,original_vs_version2,50,0.55467,0.056953
8,6,original_vs_version3,50,0.554874,0.055608
8,6,version1_vs_version2,50,0.554463,0.059366
8,6,version1_vs_version3,50,0.558259,0.059251
8,6,version2_vs_version3,50,0.557547,0.056732
8,7,original_vs_version1,50,1.233626,0.076742
8,7,original_vs_version2,50,1.213739,0.075623
8,7,original_vs_version3,50,1.224275,0.072349
8,7,version1_vs_version2,50,1.237247,0.079836
8,7,version1_vs_version3,50,1.240811,0.077642
8,7,version2_vs_version3,50,1.225167,0.075357
8,8,original_vs_version1,50,0.256609,0.039624
8,8,original_vs_version2,50,0.247396,0.040003
8,8,original_vs_version3,50,0.24517,0.03903
8,8,version1_vs_version2,50,0.258246,0.041593
8,8,version1_vs_version3,50,0.25757,0.040866
8,8,version2_vs_version3,50,0.24595,0.041107
8,9,original_vs_version1,50,0.491867,0.109189
8,9,original_vs_version2,50,0.462894,0.119073
8,9,original_vs_version3,50,0.47619,0.113816
8,9,version1_vs_version2,50,0.486278,0.106231
8,9,version1_vs_version3,50,0.484285,0.105629
8,9,version2_vs_version3,50,0.468978,0.109772
8,10,original_vs_version1,50,0.165572,0.096212
8,10,original_vs_version2,50,0.179968,0.098295
8,10,original_vs_version3,50,0.188797,0.093835
8,10,version1_vs_version2,50,0.165712,0.091571
8,10,version1_vs_version3,50,0.173889,0.088107
8,10,version2_vs_version3,50,0.18861,0.090192
8,11,original_vs_version1,50,0.369843,0.188121
8,11,original_vs_version2,50,0.374033,0.187942
8,11,original_vs_version3,50,0.374076,0.186454
8,11,version1_vs_version2,50,0.364342,0.18778
8,11,version1_vs_version3,50,0.364422,0.186986
8,11,version2_vs_version3,50,0.368193,0.186743
8,12,original_vs_version1,50,0.517442,0.221473
8,12,original_vs_version2,50,0.622302,0.212447
8,12,original_vs_version3,50,0.63208,0.206751
8,12,version1_vs_version2,50,0.512222,0.206659
8,12,version1_vs_version3,50,0.5159,0.205082
8,12,version2_vs_version3,50,0.626707,0.195097
8,13,original_vs_version1,50,0.604388,0.244897
8,13,original_vs_version2,50,0.596615,0.246158
8,13,original_vs_version3,50,0.595633,0.24567
8,13,version1_vs_version2,50,0.601981,0.245341
8,13,version1_vs_version3,50,0.602985,0.246612
8,13,version2_vs_version3,50,0.593073,0.246727
8,14,original_vs_version1,50,0.311364,0.135841
8,14,original_vs_version2,50,0.307743,0.14075
8,14,original_vs_version3,50,0.304254,0.143147
8,14,version1_vs_version2,50,0.316028,0.140509
8,14,version1_vs_version3,50,0.312735,0.144802
8,14,version2_vs_version3,50,0.308581,0.147939
8,15,original_vs_version1,50,0.21408,0.056303
8,15,original_vs_version2,50,0.218512,0.056491
8,15,original_vs_version3,50,0.219671,0.055992
8,15,version1_vs_version2,50,0.200346,0.051276
8,15,version1_vs_version3,50,0.198928,0.052111
8,15,version2_vs_version3,50,0.205248,0.051414
8,16,original_vs_version1,50,0.241771,0.047157
8,16,original_vs_version2,50,0.244993,0.048885
8,16,original_vs_version3,50,0.246923,0.047389
8,16,version1_vs_version2,50,0.232469,0.045213
8,16,version1_vs_version3,50,0.234326,0.044916
8,16,version2_vs_version3,50,0.237061,0.045311
8,17,original_vs_version1,50,0.765878,0.098601
8,17,original_vs_version2,50,0.689655,0.089488
8,17,original_vs_version3,50,0.702274,0.086102
8,17,version1_vs_version2,50,0.758276,0.102239
8,17,version1_vs_version3,50,0.761392,0.101904
8,17,version2_vs_version3,50,0.689266,0.092409
8,18,original_vs_version1,50,0.121221,0.030149
8,18,original_vs_version2,50,0.123668,0.030802
8,18,original_vs_version3,50,0.122056,0.030391
8,18,version1_vs_version2,50,0.109563,0.026339
8,18,version1_vs_version3,50,0.107005,0.027314
8,18,version2_vs_version3,50,0.110246,0.028505
8,19,original_vs_version1,50,0.760297,0.076135
8,19,original_vs_version2,50,0.677232,0.071335
8,19,original_vs_version3,50,0.702105,0.080377
8,19,version1_vs_version2,50,0.759019,0.077728
8,19,version1_vs_version3,50,0.7623,0.0802
8,19,version2_vs_version3,50,0.69124,0.077426
8,20,original_vs_version1,50,1.407358,0.122743
8,20,original_vs_version2,50,1.345802,0.128148
8,20,original_vs_version3,50,1.36243,0.121519
8,20,version1_vs_version2,50,1.400884,0.123487
8,20,version1_vs_version3,50,1.406655,0.12382
8,20,version2_vs_version3,50,1.349491,0.121533
8,21,original_vs_version1,50,0.771341,0.087064
8,21,original_vs_version2,50,0.764654,0.084275
8,21,original_vs_version3,50,0.764683,0.086355
8,21,version1_vs_version2,50,0.767076,0.087819
8,21,version1_vs_version3,50,0.768074,0.090594
8,21,version2_vs_version3,50,0.760014,0.087007
8,22,original_vs_version1,50,1.171693,0.138364
8,22,original_vs_version2,50,1.139916,0.13427
8,22,original_vs_version3,50,1.153638,0.137531
8,22,version1_vs_version2,50,1.175356,0.139425
8,22,version1_vs_version3,50,1.181362,0.143022
8,22,version2_vs_version3,50,1.150071,0.138661
8,23,original_vs_version1,50,1.624081,0.158575
8,23,original_vs_version2,50,1.637832,0.153949
8,23,original_vs_version3,50,1.633747,0.163297
8,23,version1_vs_version2,50,1.632287,0.154573
8,23,version1_vs_version3,50,1.632179,0.159453
8,23,version2_vs_version3,50,1.639286,0.159843
8,24,original_vs_version1,50,0.927973,0.127535
8,24,original_vs_version2,50,0.872547,0.130922
8,24,original_vs_version3,50,0.875438,0.127874
8,24,version1_vs_version2,50,0.919828,0.130862
8,24,version1_vs_version3,50,0.919554,0.130568
8,24,version2_vs_version3,50,0.865088,0.131243
8,25,original_vs_version1,50,0.549429,0.118586
8,25,original_vs_version2,50,0.528211,0.112902
8,25,original_vs_version3,50,0.525585,0.11141
8,25,version1_vs_version2,50,0.564872,0.117088
8,25,version1_vs_version3,50,0.565699,0.117504
8,25,version2_vs_version3,50,0.540214,0.110869
8,26,original_vs_version1,50,1.026395,0.182935
8,26,original_vs_version2,50,0.996988,0.194921
8,26,original_vs_version3,50,1.006157,0.20071
8,26,version1_vs_version2,50,1.02352,0.190821
8,26,version1_vs_version3,50,1.031248,0.195578
8,26,version2_vs_version3,50,1.001908,0.208792
8,27,original_vs_version1,50,0.935373,0.237834
8,27,original_vs_version2,50,0.937311,0.254863
8,27,original_vs_version3,50,0.941322,0.254662
8,27,version1_vs_version2,50,0.933427,0.242658
8,27,version1_vs_version3,50,0.943125,0.244193
8,27,version2_vs_version3,50,0.93821,0.259966
8,28,original_vs_version1,50,0.934856,0.205356
8,28,original_vs_version2,50,0.923423,0.206003
8,28,original_vs_version3,50,0.928009,0.200146
8,28,version1_vs_version2,50,0.944555,0.215547
8,28,version1_vs_version3,50,0.946549,0.211605
8,28,version2_vs_version3,50,0.933102,0.209502
8,29,original_vs_version1,50,1.320954,0.110591
8,29,original_vs_version2,50,1.27801,0.110062
8,29,original_vs_version3,50,1.279086,0.103976
8,29,version1_vs_version2,50,1.339373,0.116023
8,29,version1_vs_version3,50,1.336686,0.11355
8,29,version2_vs_version3,50,1.295925,0.113048
8,30,original_vs_version1,50,0.53946,0.099163
8,30,original_vs_version2,50,0.54175,0.097399
8,30,original_vs_version3,50,0.535312,0.097187
8,30,version1_vs_version2,50,0.542546,0.096199
8,30,version1_vs_version3,50,0.541553,0.0984
8,30,version2_vs_version3,50,0.538327,0.094681
8,31,original_vs_version1,50,0.781432,0.149309
8,31,original_vs_version2,50,0.800576,0.156689
8,31,original_vs_version3,50,0.810948,0.158174
8,31,version1_vs_version2,50,0.771079,0.144545
8,31,version1_vs_version3,50,0.78192,0.145278
8,31,version2_vs_version3,50,0.799446,0.154311
8,32,original_vs_version1,50,0.854951,0.11576
8,32,original_vs_version2,50,0.848867,0.120736
8,32,original_vs_version3,50,0.851445,0.116342
8,32,version1_vs_version2,50,0.846945,0.117888
8,32,version1_vs_version3,50,0.847963,0.117418
8,32,version2_vs_version3,50,0.842482,0.120339
8,33,original_vs_version1,50,0.794988,0.109034
8,33,original_vs_version2,50,0.78393,0.114347
8,33,original_vs_version3,50,0.791451,0.102032
8,33,version1_vs_version2,50,0.794632,0.112109
8,33,version1_vs_version3,50,0.79722,0.103926
8,33,version2_vs_version3,50,0.790244,0.105043
8,34,original_vs_version1,50,0.330498,0.09818
8,34,original_vs_version2,50,0.380298,0.128906
8,34,original_vs_version3,50,0.38116,0.126783
8,34,version1_vs_version2,50,0.326551,0.101747
8,34,version1_vs_version3,50,0.327437,0.104244
8,34,version2_vs_version3,50,0.376829,0.133473
8,35,original_vs_version1,50,1.629392,0.295779
8,35,original_vs_version2,50,1.605196,0.268752
8,35,original_vs_version3,50,1.599292,0.275975
8,35,version1_vs_version2,50,1.618285,0.297847
8,35,version1_vs_version3,50,1.613548,0.305666
8,35,version2_vs_version3,50,1.586808,0.277682
8,36,original_vs_version1,50,1.206951,0.167178
8,36,original_vs_version2,50,1.186974,0.163378
8,36,original_vs_version3,50,1.18758,0.15945
8,36,version1_vs_version2,50,1.205026,0.171454
8,36,version1_vs_version3,50,1.202703,0.168282
8,36,version2_vs_version3,50,1.182076,0.165373
8,37,original_vs_version1,50,0.969463,0.248829
8,37,original_vs_version2,50,0.911424,0.263502
8,37,original_vs_version3,50,0.918266,0.253421
8,37,version1_vs_version2,50,0.975884,0.256403
8,37,version1_vs_version3,50,0.967406,0.252064
8,37,version2_vs_version3,50,0.921138,0.260266
8,38,original_vs_version1,50,0.643194,0.115673
8,38,original_vs_version2,50,0.619329,0.112274
8,38,original_vs_version3,50,0.635833,0.108477
8,38,version1_vs_version2,50,0.646052,0.122242
8,38,version1_vs_version3,50,0.654271,0.119623
8,38,version2_vs_version3,50,0.636106,0.113681
8,39,original_vs_version1,50,1.873504,0.322001
8,39,original_vs_version2,50,1.812853,0.297106
8,39,original_vs_version3,50,1.808714,0.29439
8,39,version1_vs_version2,50,1.855276,0.328153
8,39,version1_vs_version3,50,1.850924,0.323964
8,39,version2_vs_version3,50,1.784257,0.301256
9,0,original_vs_version1,50,0.797278,0.148915
9,0,original_vs_version2,50,0.756418,0.144379
9,0,original_vs_version3,50,0.751744,0.147121
9,0,version1_vs_version2,50,0.794172,0.148085
9,0,version1_vs_version3,50,0.793368,0.150534
9,0,version2_vs_version3,50,0.747006,0.146913
9,1,original_vs_version1,50,0.695544,0.13379
9,1,original_vs_version2,50,0.678068,0.141617
9,1,original_vs_version3,50,0.675098,0.140608
9,1,version1_vs_version2,50,0.694567,0.135469
9,1,version1_vs_version3,50,0.695214,0.135221
9,1,version2_vs_version3,50,0.673796,0.142555
9,2,original_vs_version1,50,0.731027,0.176564
9,2,original_vs_version2,50,0.68069,0.167473
9,2,original_vs_version3,50,0.672877,0.169595
9,2,version1_vs_version2,50,0.719319,0.174088
9,2,version1_vs_version3,50,0.717602,0.177131
9,2,version2_vs_version3,50,0.66044,0.167869
9,3,original_vs_version1,50,1.544912,0.234013
9,3,original_vs_version2,50,1.482083,0.234442
9,3,original_vs_version3,50,1.463547,0.234607
9,3,version1_vs_version2,50,1.530065,0.236638
9,3,version1_vs_version3,50,1.52429,0.233584
9,3,version2_vs_version3,50,1.447694,0.23941
9,4,original_vs_version1,50,0.521972,0.099065
9,4,original_vs_version2,50,0.512388,0.099849
9,4,original_vs_version3,50,0.512568,0.100072
9,4,version1_vs_version2,50,0.520191,0.09934
9,4,version1_vs_version3,50,0.520676,0.099736
9,4,version2_vs_version3,50,0.510157,0.100887
9,5,original_vs_version1,50,1.228479,0.13155
9,5,original_vs_version2,50,1.187856,0.129169
9,5,original_vs_version3,50,1.192113,0.12624
9,5,version1_vs_version2,50,1.222371,0.133252
9,5,version1_vs_version3,50,1.223459,0.13187
9,5,version2_vs_version3,50,1.185449,0.129
9,6,original_vs_version1,50,1.157736,0.105156
9,6,original_vs_version2,50,1.143696,0.100187
9,6,original_vs_version3,50,1.141548,0.099284
9,6,version1_vs_version2,50,1.151081,0.105688
9,6,version1_vs_version3,50,1.14657,0.106204
9,6,version2_vs_version3,50,1.133622,0.099997
9,7,original_vs_version1,50,1.104227,0.068932
9,7,original_vs_version2,50,1.087428,0.06324
9,7,original_vs_version3,50,1.094092,0.062369
9,7,version1_vs_version2,50,1.101957,0.069778
9,7,version1_vs_version3,50,1.106489,0.072183
9,7,version2_vs_version3,50,1.089527,0.066766
9,8,original_vs_version1,50,0.908701,0.074072
9,8,original_vs_version2,50,0.883119,0.073367
9,8,original_vs_version3,50,0.89332,0.071224
9,8,version1_vs_version2,50,0.904553,0.073379
9,8,version1_vs_version3,50,0.905731,0.072292
9,8,version2_vs_version3,50,0.886986,0.069791
9,9,original_vs_version1,50,1.301226,0.123239
9,9,original_vs_version2,50,1.259034,0.12834
9,9,original_vs_version3,50,1.262262,0.119461
9,9,version1_vs_version2,50,1.293793,0.126945
9,9,version1_vs_version3,50,1.29022,0.120997
9,9,version2_vs_version3,50,1.253622,0.123031
9,10,original_vs_version1,50,0.814819,0.126816
9,10,original_vs_version2,50,0.798239,0.119056
9,10,original_vs_version3,50,0.803513,0.112012
9,10,version1_vs_version2,50,0.808921,0.126384
9,10,version1_vs_version3,50,0.812958,0.117766
9,10,version2_vs_version3,50,0.796432,0.11158
9,11,original_vs_version1,50,0.725718,0.051072
9,11,original_vs_version2,50,0.71056,0.053012
9,11,original_vs_version3,50,0.72227,0.050657
9,11,version1_vs_version2,50,0.723445,0.049922
9,11,version1_vs_version3,50,0.731662,0.04808
9,11,version2_vs_version3,50,0.717993,0.049935
9,12,original_vs_version1,50,0.962895,0.095113
9,12,original_vs_version2,50,0.913094,0.085802
9,12,original_vs_version3,50,0.911872,0.085305
9,12,version1_vs_version2,50,0.958333,0.096544
9,12,version1_vs_version3,50,0.961638,0.09525
9,12,version2_vs_version3,50,0.906568,0.089361
9,13,original_vs_version1,50,0.85121,0.134271
9,13,original_vs_version2,50,0.798086,0.135288
9,13,original_vs_version3,50,0.813112,0.130829
9,13,version1_vs_version2,50,0.848223,0.142181
9,13,version1_vs_version3,50,0.850916,0.137145
9,13,version2_vs_version3,50,0.809017,0.137944
9,14,original_vs_version1,50,0.589303,0.054163
9,14,original_vs_version2,50,0.576797,0.053574
9,14,original_vs_version3,50,0.575986,0.057622
9,14,version1_vs_version2,50,0.588751,0.052486
9,14,version1_vs_version3,50,0.592121,0.055114
9,14,version2_vs_version3,50,0.575193,0.05711
9,15,original_vs_version1,50,0.776574,0.153593
9,15,original_vs_version2,50,0.769595,0.153355
9,15,original_vs_version3,50,0.775798,0.152589
9,15,version1_vs_version2,50,0.780637,0.154728
9,15,version1_vs_version3,50,0.780472,0.154006
9,15,version2_vs_version3,50,0.779052,0.154847
9,16,original_vs_version1,50,1.08235,0.153467
9,16,original_vs_version2,50,1.097019,0.174181
9,16,original_vs_version3,50,1.110654,0.171681
9,16,version1_vs_version2,50,1.068237,0.159495
9,16,version1_vs_version3,50,1.076596,0.164606
9,16,version2_vs_version3,50,1.096235,0.178557
9,17,original_vs_version1,50,1.756462,0.138595
9,17,original_vs_version2,50,1.742494,0.142052
9,17,original_vs_version3,50,1.755206,0.146846
9,17,version1_vs_version2,50,1.755209,0.136979
9,17,version1_vs_version3,50,1.765484,0.142483
9,17,version2_vs_version3,50,1.753047,0.14582
9,18,original_vs_version1,50,1.05301,0.172065
9,18,original_vs_version2,50,1.072364,0.180095
9,18,original_vs_version3,50,1.085375,0.178403
9,18,version1_vs_version2,50,1.046229,0.173129
9,18,version1_vs_version3,50,1.053308,0.173199
9,18,version2_vs_version3,50,1.077752,0.179847
9,19,original_vs_version1,50,1.294719,0.159948
9,19,original_vs_version2,50,1.295755,0.177799
9,19,original_vs_version3,50,1.313989,0.17726
9,19,version1_vs_version2,50,1.291725,0.160412
9,19,version1_vs_version3,50,1.303676,0.160408
9,19,version2_vs_version3,50,1.308695,0.176721
9,20,original_vs_version1,50,0.84906,0.083957
9,20,original_vs_version2,50,0.825619,0.090505
9,20,original_vs_version3,50,0.831297,0.09051
9,20,version1_vs_version2,50,0.848911,0.086173
9,20,version1_vs_version3,50,0.856328,0.089971
9,20,version2_vs_version3,50,0.830619,0.093112
9,21,original_vs_version1,50,1.144313,0.133042
9,21,original_vs_version2,50,1.148549,0.124079
9,21,original_vs_version3,50,1.153486,0.127017
9,21,version1_vs_version2,50,1.138132,0.132471
9,21,version1_vs_version3,50,1.141513,0.133098
9,21,version2_vs_version3,50,1.146864,0.125914
9,22,original_vs_version1,50,0.86768,0.182646
9,22,original_vs_version2,50,0.875454,0.180752
9,22,original_vs_version3,50,0.871291,0.173123
9,22,version1_vs_version2,50,0.86822,0.184504
9,22,version1_vs_version3,50,0.871902,0.175644
9,22,version2_vs_version3,50,0.871468,0.175807
9,23,original_vs_version1,50,0.722542,0.223091
9,23,original_vs_version2,50,0.677525,0.215417
9,23,original_vs_version3,50,0.677676,0.216204
9,23,version1_vs_version2,50,0.718476,0.227531
9,23,version1_vs_version3,50,0.715908,0.227004
9,23,version2_vs_version3,50,0.673359,0.220444
9,24,original_vs_version1,50,1.143593,0.170556
9,24,original_vs_version2,50,1.09735,0.166399
9,24,original_vs_version3,50,1.093597,0.166771
9,24,version1_vs_version2,50,1.131425,0.172008
9,24,version1_vs_version3,50,1.131942,0.170762
9,24,version2_vs_version3,50,1.079025,0.168465
9,25,original_vs_version1,50,1.022746,0.086673
9,25,original_vs_version2,50,1.000714,0.08303
9,25,original_vs_version3,50,1.001402,0.077953
9,25,version1_vs_version2,50,1.015485,0.083596
9,25,version1_vs_version3,50,1.018134,0.079554
9,25,version2_vs_version3,50,0.993501,0.07485
9,26,original_vs_version1,50,1.74305,0.081317
9,26,original_vs_version2,50,1.689925,0.079423
9,26,original_vs_version3,50,1.693953,0.07375
9,26,version1_vs_version2,50,1.734243,0.080886
9,26,version1_vs_version3,50,1.736727,0.07648
9,26,version2_vs_version3,50,1.683767,0.075108
9,27,original_vs_version1,50,0.640825,0.055395
9,27,original_vs_version2,50,0.64437,0.054541
9,27,original_vs_version3,50,0.645285,0.056455
9,27,version1_vs_version2,50,0.639696,0.054713
9,27,version1_vs_version3,50,0.643067,0.056968
9,27,version2_vs_version3,50,0.643729,0.056491
9,28,original_vs_version1,50,0.895246,0.086564
9,28,original_vs_version2,50,0.845247,0.096865
9,28,original_vs_version3,50,0.848522,0.091557
9,28,version1_vs_version2,50,0.884161,0.083719
9,28,version1_vs_version3,50,0.883256,0.080677
9,28,version2_vs_version3,50,0.83622,0.088756
9,29,original_vs_version1,50,0.916041,0.112629
9,29,original_vs_version2,50,0.872036,0.12236
9,29,original_vs_version3,50,0.870803,0.125488
9,29,version1_vs_version2,50,0.911011,0.113833
9,29,version1_vs_version3,50,0.911519,0.116982
9,29,version2_vs_version3,50,0.865161,0.12722
9,30,original_vs_version1,50,0.515046,0.108926
9,30,original_vs_version2,50,0.511603,0.106704
9,30,original_vs_version3,50,0.507764,0.10763
9,30,version1_vs_version2,50,0.509156,0.107259
9,30,version1_vs_version3,50,0.508348,0.109915
9,30,version2_vs_version3,50,0.501507,0.106138
9,31,original_vs_version1,50,0.321901,0.12239
9,31,original_vs_version2,50,0.317444,0.122897
9,31,original_vs_version3,50,0.31216,0.120726
9,31,version1_vs_version2,50,0.322392,0.123965
9,31,version1_vs_version3,50,0.321047,0.122695
9,31,version2_vs_version3,50,0.312611,0.122823
9,32,original_vs_version1,50,0.43429,0.26826
9,32,original_vs_version2,50,0.404263,0.26791
9,32,original_vs_version3,50,0.395635,0.265736
9,32,version1_vs_version2,50,0.430804,0.272853
9,32,version1_vs_version3,50,0.425782,0.271863
9,32,version2_vs_version3,50,0.392005,0.270666
9,33,original_vs_version1,50,0.756322,0.179807
9,33,original_vs_version2,50,0.740083,0.181782
9,33,original_vs_version3,50,0.731041,0.182015
9,33,version1_vs_version2,50,0.75466,0.181917
9,33,version1_vs_version3,50,0.752379,0.18148
9,33,version2_vs_version3,50,0.729044,0.184261
9,34,original_vs_version1,50,0.534956,0.168778
9,34,original_vs_version2,50,0.519476,0.169975
9,34,original_vs_version3,50,0.512089,0.171156
9,34,version1_vs_version2,50,0.53419,0.173163
9,34,version1_vs_version3,50,0.531812,0.17402
9,34,version2_vs_version3,50,0.510988,0.175457
9,35,original_vs_version1,50,0.050165,0.025336
9,35,original_vs_version2,50,0.050281,0.02721
9,35,original_vs_version3,50,0.050054,0.025674
9,35,version1_vs_version2,50,0.049977,0.025995
9,35,version1_vs_version3,50,0.050086,0.024317
9,35,version2_vs_version3,50,0.049863,0.026174
9,36,original_vs_version1,50,0.370981,0.102486
9,36,original_vs_version2,50,0.360728,0.103608
9,36,original_vs_version3,50,0.354463,0.104109
9,36,version1_vs_version2,50,0.370545,0.104682
9,36,version1_vs_version3,50,0.368283,0.105241
9,36,version2_vs_version3,50,0.35403,0.106853
9,37,original_vs_version1,50,0.205193,0.11159
9,37,original_vs_version2,50,0.199306,0.113133
9,37,original_vs_version3,50,0.196762,0.113705
9,37,version1_vs_version2,50,0.203211,0.113341
9,37,version1_vs_version3,50,0.202211,0.114434
9,37,version2_vs_version3,50,0.194718,0.115648
9,38,original_vs_version1,50,0.203555,0.065898
9,38,original_vs_version2,50,0.198225,0.065047
9,38,original_vs_version3,50,0.194109,0.062488
9,38,version1_vs_version2,50,0.202397,0.064435
9,38,version1_vs_version3,50,0.200948,0.063874
9,38,version2_vs_version3,50,0.192938,0.061483
9,39,original_vs_version1,50,0.234867,0.079059
9,39,original_vs_version2,50,0.229799,0.07951
9,39,original_vs_version3,50,0.225964,0.079277
9,39,version1_vs_version2,50,0.238956,0.079684
9,39,version1_vs_version3,50,0.237934,0.080226
9,39,version2_vs_version3,50,0.230054,0.080334
10,0,original_vs_version1,50,1.419397,0.437261
10,0,original_vs_version2,50,1.391935,0.447598
10,0,original_vs_version3,50,1.383176,0.449822
10,0,version1_vs_version2,50,1.421051,0.441097
10,0,version1_vs_version3,50,1.416466,0.445394
10,0,version2_vs_version3,50,1.384506,0.45398
10,1,original_vs_version1,50,0.781082,0.218319
10,1,original_vs_version2,50,0.773183,0.213389
10,1,original_vs_version3,50,0.766314,0.210995
10,1,version1_vs_version2,50,0.782809,0.219576
10,1,version1_vs_version3,50,0.782284,0.217542
10,1,version2_vs_version3,50,0.767716,0.212748
10,2,original_vs_version1,50,0.513126,0.349962
10,2,original_vs_version2,50,0.509316,0.35423
10,2,original_vs_version3,50,0.511623,0.35679
10,2,version1_vs_version2,50,0.512237,0.350348
10,2,version1_vs_version3,50,0.515323,0.354028
10,2,version2_vs_version3,50,0.510634,0.357388
10,3,original_vs_version1,50,1.586031,0.200868
10,3,original_vs_version2,50,1.542619,0.210157
10,3,original_vs_version3,50,1.540152,0.204423
10,3,version1_vs_version2,50,1.587506,0.205612
10,3,version1_vs_version3,50,1.581494,0.200719
10,3,version2_vs_version3,50,1.54087,0.208505
10,4,original_vs_version1,50,0.526195,0.18334
10,4,original_vs_version2,50,0.517959,0.186265
10,4,original_vs_version3,50,0.51666,0.182979
10,4,version1_vs_version2,50,0.518391,0.184052
10,4,version1_vs_version3,50,0.520032,0.180962
10,4,version2_vs_version3,50,0.508652,0.183767
10,5,original_vs_version1,50,0.591347,0.080246
10,5,original_vs_version2,50,0.568514,0.086905
10,5,original_vs_version3,50,0.565296,0.086004
10,5,version1_vs_version2,50,0.595608,0.079699
10,5,version1_vs_version3,50,0.596128,0.080356
10,5,version2_vs_version3,50,0.568759,0.086619
10,6,original_vs_version1,50,0.768545,0.1863
10,6,original_vs_version2,50,0.759122,0.180603
10,6,original_vs_version3,50,0.754016,0.18095
10,6,version1_vs_version2,50,0.766919,0.189717
10,6,version1_vs_version3,50,0.765888,0.1896
10,6,version2_vs_version3,50,0.75116,0.18455
10,7,original_vs_version1,50,0.470927,0.147623
10,7,original_vs_version2,50,0.450128,0.152446
10,7,original_vs_version3,50,0.446615,0.150678
10,7,version1_vs_version2,50,0.462455,0.150155
10,7,version1_vs_version3,50,0.462143,0.147762
10,7,version2_vs_version3,50,0.437342,0.153288
10,8,original_vs_version1,50,0.279772,0.039313
10,8,original_vs_version2,50,0.284948,0.040237
10,8,original_vs_version3,50,0.286885,0.042807
10,8,version1_vs_version2,50,0.278854,0.036429
10,8,version1_vs_version3,50,0.282252,0.039788
10,8,version2_vs_version3,50,0.284941,0.040211
10,9,original_vs_version1,50,0.27312,0.041635
10,9,original_vs_version2,50,0.255941,0.042732
10,9,original_vs_version3,50,0.257157,0.04239
10,9,version1_vs_version2,50,0.269948,0.040897
10,9,version1_vs_version3,50,0.270748,0.041369
10,9,version2_vs_version3,50,0.25329,0.04108
10,10,original_vs_version1,50,1.509184,0.130753
10,10,original_vs_version2,50,1.498895,0.135573
10,10,original_vs_version3,50,1.500033,0.129513
10,10,version1_vs_version2,50,1.50314,0.132907
10,10,version1_vs_version3,50,1.500765,0.128916
10,10,version2_vs_version3,50,1.493055,0.132006
10,11,original_vs_version1,50,1.286559,0.185339
10,11,original_vs_version2,50,1.309578,0.212471
10,11,original_vs_version3,50,1.313488,0.214531
10,11,version1_vs_version2,50,1.269836,0.187818
10,11,version1_vs_version3,50,1.273203,0.189853
10,11,version2_vs_version3,50,1.296179,0.2164
10,12,original_vs_version1,50,1.635316,0.131389
10,12,original_vs_version2,50,1.62348,0.131378
10,12,original_vs_version3,50,1.630944,0.127471
10,12,version1_vs_version2,50,1.629332,0.129641
10,12,version1_vs_version3,50,1.633801,0.131752
10,12,version2_vs_version3,50,1.624251,0.126196
10,13,original_vs_version1,50,1.451034,0.2218
10,13,original_vs_version2,50,1.378834,0.216423
10,13,original_vs_version3,50,1.373875,0.208976
10,13,version1_vs_version2,50,1.447457,0.229257
10,13,version1_vs_version3,50,1.440716,0.224916
10,13,version2_vs_version3,50,1.369406,0.218329
10,14,original_vs_version1,50,1.260403,0.117756
10,14,original_vs_version2,50,1.230519,0.122557
10,14,original_vs_version3,50,1.238609,0.116308
10,14,version1_vs_version2,50,1.255167,0.119646
10,14,version1_vs_version3,50,1.25998,0.116615
10,14,version2_vs_version3,50,1.232226,0.118841
10,15,original_vs_version1,50,0.834355,0.103015
10,15,original_vs_version2,50,0.847163,0.11508
10,15,original_vs_version3,50,0.857065,0.114603
10,15,version1_vs_version2,50,0.81957,0.102056
10,15,version1_vs_version3,50,0.830112,0.104212
10,15,version2_vs_version3,50,0.839892,0.115733
10,16,original_vs_version1,50,0.290689,0.055128
10,16,original_vs_version2,50,0.303883,0.062316
10,16,original_vs_version3,50,0.30388,0.063779
10,16,version1_vs_version2,50,0.294001,0.051332
10,16,version1_vs_version3,50,0.29313,0.053921
10,16,version2_vs_version3,50,0.305366,0.061135
10,17,original_vs_version1,50,0.382132,0.068449
10,17,original_vs_version2,50,0.384984,0.068232
10,17,original_vs_version3,50,0.386416,0.069488
10,17,version1_vs_version2,50,0.381814,0.066167
10,17,version1_vs_version3,50,0.380001,0.067252
10,17,version2_vs_version3,50,0.385496,0.067234
10,18,original_vs_version1,50,0.47872,0.075325
10,18,original_vs_version2,50,0.501246,0.088294
10,18,original_vs_version3,50,0.504663,0.086561
10,18,version1_vs_version2,50,0.478965,0.072847
10,18,version1_vs_version3,50,0.479681,0.074047
10,18,version2_vs_version3,50,0.504488,0.0837
10,19,original_vs_version1,50,1.324387,0.080532
10,19,original_vs_version2,50,1.31799,0.083765
10,19,original_vs_version3,50,1.324651,0.082339
10,19,version1_vs_version2,50,1.326217,0.078119
10,19,version1_vs_version3,50,1.329257,0.076837
10,19,version2_vs_version3,50,1.324656,0.079749
10,20,original_vs_version1,50,1.099709,0.106869
10,20,original_vs_version2,50,1.110431,0.11246
10,20,original_vs_version3,50,1.112223,0.113966
10,20,version1_vs_version2,50,1.092999,0.104958
10,20,version1_vs_version3,50,1.098381,0.105915
10,20,version2_vs_version3,50,1.104466,0.112361
10,21,original_vs_version1,50,0.816114,0.170798
10,21,original_vs_version2,50,0.823601,0.187485
10,21,original_vs_version3,50,0.816666,0.181073
10,21,version1_vs_version2,50,0.819041,0.171562
10,21,version1_vs_version3,50,0.81751,0.166159
10,21,version2_vs_version3,50,0.818914,0.181929
10,22,original_vs_version1,50,0.790963,0.081429
10,22,original_vs_version2,50,0.792301,0.08544
10,22,original_vs_version3,50,0.792968,0.084706
10,22,version1_vs_version2,50,0.787344,0.08186
10,22,version1_vs_version3,50,0.789443,0.082104
10,22,version2_vs_version3,50,0.787666,0.086545
10,23,original_vs_version1,50,1.036774,0.160467
10,23,original_vs_version2,50,1.051475,0.170384
10,23,original_vs_version3,50,1.042343,0.169392
10,23,version1_vs_version2,50,1.025638,0.149244
10,23,version1_vs_version3,50,1.024652,0.147952
10,23,version2_vs_version3,50,1.030279,0.160514
10,24,original_vs_version1,50,1.119364,0.131234
10,24,original_vs_version2,50,1.112517,0.135446
10,24,original_vs_version3,50,1.117016,0.142866
10,24,version1_vs_version2,50,1.117065,0.127571
10,24,version1_vs_version3,50,1.125578,0.135775
10,24,version2_vs_version3,50,1.113816,0.14054
10,25,original_vs_version1,50,1.174722,0.10979
10,25,original_vs_version2,50,1.128711,0.113664
10,25,original_vs_version3,50,1.126295,0.113448
10,25,version1_vs_version2,50,1.156459,0.108944
10,25,version1_vs_version3,50,1.150386,0.110102
10,25,version2_vs_version3,50,1.106487,0.112981
10,26,original_vs_version1,50,1.258088,0.115538
10,26,original_vs_version2,50,1.255087,0.130656
10,26,original_vs_version3,50,1.269002,0.115761
10,26,version1_vs_version2,50,1.253992,0.113374
10,26,version1_vs_version3,50,1.256786,0.104367
10,26,version2_vs_version3,50,1.264046,0.112692
10,27,original_vs_version1,50,1.66842,0.079301
10,27,original_vs_version2,50,1.657774,0.092251
10,27,original_vs_version3,50,1.673243,0.091904
10,27,version1_vs_version2,50,1.676918,0.07445
10,27,version1_vs_version3,50,1.679766,0.077829
10,27,version2_vs_version3,50,1.680404,0.08787
10,28,original_vs_version1,50,1.117877,0.128034
10,28,original_vs_version2,50,1.076764,0.13914
10,28,original_vs_version3,50,1.076269,0.132769
10,28,version1_vs_version2,50,1.112468,0.131664
10,28,version1_vs_version3,50,1.112109,0.125654
10,28,version2_vs_version3,50,1.070156,0.136152
10,29,original_vs_version1,50,0.680373,0.093738
10,29,original_vs_version2,50,0.691852,0.100281
10,29,original_vs_version3,50,0.696629,0.099563
10,29,version1_vs_version2,50,0.665692,0.091014
10,29,version1_vs_version3,50,0.669198,0.092446
10,29,version2_vs_version3,50,0.681856,0.096178
10,30,original_vs_version1,50,0.929705,0.14608
10,30,original_vs_version2,50,0.913742,0.138634
10,30,original_vs_version3,50,0.917085,0.13751
10,30,version1_vs_version2,50,0.93067,0.148177
10,30,version1_vs_version3,50,0.934474,0.149657
10,30,version2_vs_version3,50,0.917527,0.139696
10,31,original_vs_version1,50,1.013045,0.155683
10,31,original_vs_version2,50,0.970705,0.145935
10,31,original_vs_version3,50,0.973392,0.145003
10,31,version1_vs_version2,50,1.010693,0.152012
10,31,version1_vs_version3,50,1.013838,0.150077
10,31,version2_vs_version3,50,0.969426,0.140642
10,32,original_vs_version1,50,1.973738,0.23007
10,32,original_vs_version2,50,1.919661,0.23928
10,32,original_vs_version3,50,1.93911,0.238491
10,32,version1_vs_version2,50,1.970849,0.227678
10,32,version1_vs_version3,50,1.98854,0.225089
10,32,version2_vs_version3,50,1.933123,0.240132
10,33,original_vs_version1,50,1.754353,0.110837
10,33,original_vs_version2,50,1.691058,0.103651
10,33,original_vs_version3,50,1.703211,0.103089
10,33,version1_vs_version2,50,1.749102,0.103653
10,33,version1_vs_version3,50,1.754829,0.10449
10,33,version2_vs_version3,50,1.694486,0.097433
10,34,original_vs_version1,50,0.861631,0.159471
10,34,original_vs_version2,50,0.811558,0.150534
10,34,original_vs_version3,50,0.818351,0.146694
10,34,version1_vs_version2,50,0.858355,0.158736
10,34,version1_vs_version3,50,0.860166,0.156984
10,34,version2_vs_version3,50,0.814195,0.145371
10,35,original_vs_version1,50,2.067748,0.086973
10,35,original_vs_version2,50,2.030782,0.094098
10,35,original_vs_version3,50,2.049241,0.091747
10,35,version1_vs_version2,50,2.062251,0.089045
10,35,version1_vs_version3,50,2.070332,0.089287
10,35,version2_vs_version3,50,2.040373,0.092531
10,36,original_vs_version1,50,1.144207,0.080071
10,36,original_vs_version2,50,1.114007,0.080488
10,36,original_vs_version3,50,1.105866,0.084346
10,36,version1_vs_version2,50,1.145403,0.081723
10,36,version1_vs_version3,50,1.143327,0.084598
10,36,version2_vs_version3,50,1.106735,0.087991
10,37,original_vs_version1,50,2.064813,0.139475
10,37,original_vs_version2,50,2.103445,0.136244
10,37,original_vs_version3,50,2.117517,0.133984
10,37,version1_vs_version2,50,2.067972,0.133359
10,37,version1_vs_version3,50,2.085162,0.1328
10,37,version2_vs_version3,50,2.11977,0.130768
10,38,original_vs_version1,50,0.981899,0.057769
10,38,original_vs_version2,50,0.955362,0.067565
10,38,original_vs_version3,50,0.959874,0.065775
10,38,version1_vs_version2,50,0.980381,0.059566
10,38,version1_vs_version3,50,0.985989,0.0592
10,38,version2_vs_version3,50,0.956051,0.070082
10,39,original_vs_version1,50,1.74455,0.139692
10,39,original_vs_version2,50,1.738929,0.157585
10,39,original_vs_version3,50,1.737813,0.157433
10,39,version1_vs_version2,50,1.733866,0.135223
10,39,version1_vs_version3,50,1.734833,0.13745
10,39,version2_vs_version3,50,1.72572,0.153963
11,0,original_vs_version1,50,1.818014,0.102021
11,0,original_vs_version2,50,1.810201,0.101427
11,0,original_vs_version3,50,1.815306,0.098973
11,0,version1_vs_version2,50,1.81903,0.098831
11,0,version1_vs_version3,50,1.822221,0.09516
11,0,version2_vs_version3,50,1.813964,0.099163
11,1,original_vs_version1,50,1.273314,0.196717
11,1,original_vs_version2,50,1.255412,0.199228
11,1,original_vs_version3,50,1.250028,0.200068
11,1,version1_vs_version2,50,1.275383,0.199465
11,1,version1_vs_version3,50,1.276613,0.200999
11,1,version2_vs_version3,50,1.250892,0.204351
11,2,original_vs_version1,50,1.536969,0.166355
11,2,original_vs_version2,50,1.550587,0.179745
11,2,original_vs_version3,50,1.539675,0.171208
11,2,version1_vs_version2,50,1.531876,0.167346
11,2,version1_vs_version3,50,1.52525,0.15984
11,2,version2_vs_version3,50,1.533443,0.17237
11,3,original_vs_version1,50,1.742958,0.208693
11,3,original_vs_version2,50,1.771038,0.238109
11,3,original_vs_version3,50,1.755631,0.223443
11,3,version1_vs_version2,50,1.741362,0.216639
11,3,version1_vs_version3,50,1.730757,0.206524
11,3,version2_vs_version3,50,1.750706,0.231485
11,4,original_vs_version1,50,1.65599,0.237531
11,4,original_vs_version2,50,1.642836,0.237865
11,4,original_vs_version3,50,1.630171,0.242343
11,4,version1_vs_version2,50,1.654322,0.240366
11,4,version1_vs_version3,50,1.647335,0.241775
11,4,version2_vs_version3,50,1.62685,0.245456
11,5,original_vs_version1,50,2.261145,0.098913
11,5,original_vs_version2,50,2.226792,0.087397
11,5,original_vs_version3,50,2.228217,0.086914
11,5,version1_vs_version2,50,2.257976,0.102861
11,5,version1_vs_version3,50,2.258069,0.101753
11,5,version2_vs_version3,50,2.222602,0.090912
11,6,original_vs_version1,50,1.107619,0.139612
11,6,original_vs_version2,50,1.090787,0.146042
11,6,original_vs_version3,50,1.092153,0.141933
11,6,version1_vs_version2,50,1.101148,0.13787
11,6,version1_vs_version3,50,1.100272,0.135378
11,6,version2_vs_version3,50,1.083051,0.140356
11,7,original_vs_version1,50,0.448626,0.036072
11,7,original_vs_version2,50,0.434588,0.038681
11,7,original_vs_version3,50,0.44828,0.036924
11,7,version1_vs_version2,50,0.441873,0.034739
11,7,version1_vs_version3,50,0.444625,0.036207
11,7,version2_vs_version3,50,0.436755,0.03601
11,8,original_vs_version1,50,1.069794,0.16307
11,8,original_vs_version2,50,1.058672,0.153966
11,8,original_vs_version3,50,1.064344,0.156938
11,8,version1_vs_version2,50,1.068702,0.16359
11,8,version1_vs_version3,50,1.075975,0.165619
11,8,version2_vs_version3,50,1.061095,0.157179
11,9,original_vs_version1,50,0.867053,0.079568
11,9,original_vs_version2,50,0.859293,0.077969
11,9,original_vs_version3,50,0.872034,0.081076
11,9,version1_vs_version2,50,0.869386,0.076239
11,9,version1_vs_version3,50,0.876837,0.079434
11,9,version2_vs_version3,50,0.86638,0.076936
11,10,original_vs_version1,50,1.283798,0.179362
11,10,original_vs_version2,50,1.233248,0.17851
11,10,original_vs_version3,50,1.235905,0.174221
11,10,version1_vs_version2,50,1.29172,0.186507
11,10,version1_vs_version3,50,1.294691,0.183418
11,10,version2_vs_version3,50,1.241453,0.181502
11,11,original_vs_version1,50,1.027018,0.139141
11,11,original_vs_version2,50,1.041061,0.136701
11,11,original_vs_version3,50,1.037649,0.137291
11,11,version1_vs_version2,50,1.02992,0.13735
11,11,version1_vs_version3,50,1.029093,0.138362
11,11,version2_vs_version3,50,1.040253,0.138671
11,12,original_vs_version1,50,1.130529,0.155883
11,12,original_vs_version2,50,1.112594,0.153644
11,12,original_vs_version3,50,1.111268,0.152127
11,12,version1_vs_version2,50,1.127345,0.149923
11,12,version1_vs_version3,50,1.123555,0.151523
11,12,version2_vs_version3,50,1.106659,0.146452
11,13,original_vs_version1,50,1.850075,0.182488
11,13,original_vs_version2,50,1.819323,0.176221
11,13,original_vs_version3,50,1.824497,0.173952
11,13,version1_vs_version2,50,1.843789,0.182077
11,13,version1_vs_version3,50,1.847943,0.181385
11,13,version2_vs_version3,50,1.815066,0.176088
11,14,original_vs_version1,50,1.736005,0.158554
11,14,original_vs_version2,50,1.694595,0.154069
11,14,original_vs_version3,50,1.700438,0.150563
11,14,version1_vs_version2,50,1.739217,0.152525
11,14,version1_vs_version3,50,1.740517,0.147971
11,14,version2_vs_version3,50,1.697,0.148233
11,15,original_vs_version1,50,0.977796,0.085412
11,15,original_vs_version2,50,0.941735,0.091986
11,15,original_vs_version3,50,0.963525,0.083106
11,15,version1_vs_version2,50,0.977905,0.085741
11,15,version1_vs_version3,50,0.983135,0.079837
11,15,version2_vs_version3,50,0.957949,0.08316
11,16,original_vs_version1,50,1.478876,0.199389
11,16,original_vs_version2,50,1.481088,0.221056
11,16,original_vs_version3,50,1.489584,0.204893
11,16,version1_vs_version2,50,1.475203,0.196962
11,16,version1_vs_version3,50,1.47819,0.183419
11,16,version2_vs_version3,50,1.483546,0.203012
11,17,original_vs_version1,50,0.912255,0.168354
11,17,original_vs_version2,50,0.910979,0.174414
11,17,original_vs_version3,50,0.903396,0.167758
11,17,version1_vs_version2,50,0.913561,0.163475
11,17,version1_vs_version3,50,0.909607,0.161329
11,17,version2_vs_version3,50,0.90297,0.163625
11,18,original_vs_version1,50,0.90048,0.230298
11,18,original_vs_version2,50,0.890828,0.247818
11,18,original_vs_version3,50,0.912995,0.23404
11,18,version1_vs_version2,50,0.898658,0.236677
11,18,version1_vs_version3,50,0.903511,0.223339
11,18,version2_vs_version3,50,0.90746,0.240499
11,19,original_vs_version1,50,2.119017,0.109202
11,19,original_vs_version2,50,2.098036,0.1126
11,19,original_vs_version3,50,2.10003,0.10345
11,19,version1_vs_version2,50,2.117886,0.10836
11,19,version1_vs_version3,50,2.116199,0.10202
11,19,version2_vs_version3,50,2.096468,0.104031
11,20,original_vs_version1,50,1.403345,0.126967
11,20,original_vs_version2,50,1.385355,0.115891
11,20,original_vs_version3,50,1.377183,0.11755
11,20,version1_vs_version2,50,1.406459,0.127533
11,20,version1_vs_version3,50,1.404886,0.129051
11,20,version2_vs_version3,50,1.379218,0.118633
11,21,original_vs_version1,50,0.88297,0.138233
11,21,original_vs_version2,50,0.887157,0.138921
11,21,original_vs_version3,50,0.876757,0.1384
11,21,version1_vs_version2,50,0.888356,0.13861
11,21,version1_vs_version3,50,0.884852,0.137197
11,21,version2_vs_version3,50,0.881869,0.139236
11,22,original_vs_version1,50,1.809026,0.178744
11,22,original_vs_version2,50,1.820272,0.177724
11,22,original_vs_version3,50,1.81015,0.188119
11,22,version1_vs_version2,50,1.81008,0.175301
11,22,version1_vs_version3,50,1.805347,0.183987
11,22,version2_vs_version3,50,1.808797,0.185323
11,23,original_vs_version1,50,1.542574,0.116293
11,23,original_vs_version2,50,1.520134,0.118826
11,23,original_vs_version3,50,1.531255,0.118682
11,23,version1_vs_version2,50,1.542562,0.12134
11,23,version1_vs_version3,50,1.541323,0.123446
11,23,version2_vs_version3,50,1.528272,0.122314
11,24,original_vs_version1,50,1.303692,0.136728
11,24,original_vs_version2,50,1.281996,0.141506
11,24,original_vs_version3,50,1.300624,0.135917
11,24,version1_vs_version2,50,1.304002,0.142559
11,24,version1_vs_version3,50,1.306488,0.13882
11,24,version2_vs_version3,50,1.298543,0.139877
11,25,original_vs_version1,50,1.419305,0.18193
11,25,original_vs_version2,50,1.431932,0.183931
11,25,original_vs_version3,50,1.425485,0.178002
11,25,version1_vs_version2,50,1.409702,0.178604
11,25,version1_vs_version3,50,1.406611,0.171829
11,25,version2_vs_version3,50,1.414597,0.175762
11,26,original_vs_version1,50,1.524407,0.173354
11,26,original_vs_version2,50,1.532039,0.178585
11,26,original_vs_version3,50,1.529016,0.183657
11,26,version1_vs_version2,50,1.520208,0.182217
11,26,version1_vs_version3,50,1.523507,0.188333
11,26,version2_vs_version3,50,1.523861,0.192849
11,27,original_vs_version1,50,1.320101,0.15199
11,27,original_vs_version2,50,1.293638,0.153138
11,27,original_vs_version3,50,1.297049,0.141763
11,27,version1_vs_version2,50,1.319264,0.15173
11,27,version1_vs_version3,50,1.318369,0.143409
11,27,version2_vs_version3,50,1.294723,0.143119
11,28,original_vs_version1,50,1.266324,0.241474
11,28,original_vs_version2,50,1.292298,0.254272
11,28,original_vs_version3,50,1.298416,0.254207
11,28,version1_vs_version2,50,1.257884,0.242222
11,28,version1_vs_version3,50,1.271669,0.245204
11,28,version2_vs_version3,50,1.2884,0.25495
11,29,original_vs_version1,50,1.2711,0.134566
11,29,original_vs_version2,50,1.238289,0.129053
11,29,original_vs_version3,50,1.230278,0.129901
11,29,version1_vs_version2,50,1.268669,0.13323
11,29,version1_vs_version3,50,1.263884,0.135175
11,29,version2_vs_version3,50,1.226243,0.129439
11,30,original_vs_version1,50,1.149456,0.255407
11,30,original_vs_version2,50,1.156762,0.252664
11,30,original_vs_version3,50,1.153479,0.252402
11,30,version1_vs_version2,50,1.142134,0.255319
11,30,version1_vs_version3,50,1.1415,0.257194
11,30,version2_vs_version3,50,1.145504,0.252652
11,31,original_vs_version1,50,1.14966,0.239073
11,31,original_vs_version2,50,1.144101,0.243812
11,31,original_vs_version3,50,1.133051,0.24269
11,31,version1_vs_version2,50,1.147926,0.247138
11,31,version1_vs_version3,50,1.144386,0.245345
11,31,version2_vs_version3,50,1.13027,0.25152
11,32,original_vs_version1,50,2.289507,0.15779
11,32,original_vs_version2,50,2.232102,0.145856
11,32,original_vs_version3,50,2.234975,0.150135
11,32,version1_vs_version2,50,2.278652,0.154465
11,32,version1_vs_version3,50,2.276847,0.159945
11,32,version2_vs_version3,50,2.222232,0.149764
11,33,original_vs_version1,50,1.532456,0.205242
11,33,original_vs_version2,50,1.46817,0.216415
11,33,original_vs_version3,50,1.467873,0.214706
11,33,version1_vs_version2,50,1.518738,0.212232
11,33,version1_vs_version3,50,1.516438,0.211097
11,33,version2_vs_version3,50,1.452383,0.224185
11,34,original_vs_version1,50,1.154249,0.137245
11,34,original_vs_version2,50,1.088444,0.138595
11,34,original_vs_version3,50,1.094897,0.139259
11,34,version1_vs_version2,50,1.146151,0.140499
11,34,version1_vs_version3,50,1.156332,0.13918
11,34,version2_vs_version3,50,1.085923,0.141568
11,35,original_vs_version1,50,0.798767,0.249561
11,35,original_vs_version2,50,0.752768,0.248074
11,35,original_vs_version3,50,0.739308,0.244976
11,35,version1_vs_version2,50,0.795677,0.255744
11,35,version1_vs_version3,50,0.790141,0.254141
11,35,version2_vs_version3,50,0.736125,0.251343
11,36,original_vs_version1,50,0.428315,0.068499
11,36,original_vs_version2,50,0.43141,0.076973
11,36,original_vs_version3,50,0.435973,0.064231
11,36,version1_vs_version2,50,0.408981,0.062943
11,36,version1_vs_version3,50,0.414716,0.052052
11,36,version2_vs_version3,50,0.415203,0.060184
11,37,original_vs_version1,50,0.247479,0.114049
11,37,original_vs_version2,50,0.240668,0.116139
11,37,original_vs_version3,50,0.235049,0.111051
11,37,version1_vs_version2,50,0.242852,0.108962
11,37,version1_vs_version3,50,0.239305,0.104604
11,37,version2_vs_version3,50,0.230388,0.106579
11,38,original_vs_version1,50,0.489255,0.172769
11,38,original_vs_version2,50,0.464748,0.172914
11,38,original_vs_version3,50,0.458411,0.174555
11,38,version1_vs_version2,50,0.481751,0.175648
11,38,version1_vs_version3,50,0.479421,0.176897
11,38,version2_vs_version3,50,0.449992,0.178599
11,39,original_vs_version1,50,0.292492,0.109502
11,39,original_vs_version2,50,0.29347,0.112806
11,39,original_vs_version3,50,0.292526,0.111451
11,39,version1_vs_version2,50,0.292094,0.108781
11,39,version1_vs_version3,50,0.292621,0.107763
11,39,version2_vs_version3,50,0.291679,0.110871
12,0,original_vs_version1,50,1.108514,0.171486
12,0,original_vs_version2,50,1.097416,0.175483
12,0,original_vs_version3,50,1.081264,0.175595
12,0,version1_vs_version2,50,1.114803,0.173916
12,0,version1_vs_version3,50,1.108236,0.173934
12,0,version2_vs_version3,50,1.087433,0.178039
12,1,original_vs_version1,50,3.325284,0.116291
12,1,original_vs_version2,50,3.295717,0.117287
12,1,original_vs_version3,50,3.296557,0.114833
12,1,version1_vs_version2,50,3.31719,0.115668
12,1,version1_vs_version3,50,3.318044,0.114842
12,1,version2_vs_version3,50,3.286957,0.114871
12,2,original_vs_version1,50,1.40867,0.196689
12,2,original_vs_version2,50,1.384405,0.192927
12,2,original_vs_version3,50,1.380182,0.193173
12,2,version1_vs_version2,50,1.407817,0.199356
12,2,version1_vs_version3,50,1.41027,0.198684
12,2,version2_vs_version3,50,1.377515,0.195529
12,3,original_vs_version1,50,1.094987,0.125506
12,3,original_vs_version2,50,1.092572,0.127764
12,3,original_vs_version3,50,1.090313,0.1266
12,3,version1_vs_version2,50,1.088888,0.124325
12,3,version1_vs_version3,50,1.092662,0.122653
12,3,version2_vs_version3,50,1.083227,0.125671
12,4,original_vs_version1,50,2.388565,0.122178
12,4,original_vs_version2,50,2.364522,0.115704
12,4,original_vs_version3,50,2.369002,0.113371
12,4,version1_vs_version2,50,2.383626,0.12027
12,4,version1_vs_version3,50,2.389308,0.11746
12,4,version2_vs_version3,50,2.361032,0.111574
12,5,original_vs_version1,50,0.997886,0.328134
12,5,original_vs_version2,50,0.976802,0.326231
12,5,original_vs_version3,50,0.96373,0.323349
12,5,version1_vs_version2,50,0.993653,0.335241
12,5,version1_vs_version3,50,0.988742,0.330995
12,5,version2_vs_version3,50,0.95918,0.329784
12,6,original_vs_version1,50,1.069034,0.128408
12,6,original_vs_version2,50,1.063387,0.129656
12,6,original_vs_version3,50,1.065092,0.129675
12,6,version1_vs_version2,50,1.067671,0.126703
12,6,version1_vs_version3,50,1.074085,0.125745
12,6,version2_vs_version3,50,1.061177,0.127449
12,7,original_vs_version1,50,1.332398,0.223574
12,7,original_vs_version2,50,1.320813,0.224511
12,7,original_vs_version3,50,1.31953,0.211245
12,7,version1_vs_version2,50,1.332648,0.226543
12,7,version1_vs_version3,50,1.337788,0.216569
12,7,version2_vs_version3,50,1.3179,0.215219
12,8,original_vs_version1,50,1.365885,0.195497
12,8,original_vs_version2,50,1.359871,0.189254
12,8,original_vs_version3,50,1.342776,0.183241
12,8,version1_vs_version2,50,1.354508,0.193556
12,8,version1_vs_version3,50,1.348335,0.18738
12,8,version2_vs_version3,50,1.330553,0.182056
12,9,original_vs_version1,50,0.42263,0.180573
12,9,original_vs_version2,50,0.409117,0.176227
12,9,original_vs_version3,50,0.403117,0.17926
12,9,version1_vs_version2,50,0.411294,0.181428
12,9,version1_vs_version3,50,0.40917,0.184365
12,9,version2_vs_version3,50,0.391563,0.180839
12,10,original_vs_version1,50,0.100426,0.026474
12,10,original_vs_version2,50,0.099301,0.027696
12,10,original_vs_version3,50,0.097744,0.026666
12,10,version1_vs_version2,50,0.102196,0.027411
12,10,version1_vs_version3,50,0.101521,0.026474
12,10,version2_vs_version3,50,0.099509,0.027553
12,11,original_vs_version1,50,0.755158,0.270468
12,11,original_vs_version2,50,0.734286,0.272667
12,11,original_vs_version3,50,0.730719,0.272943
12,11,version1_vs_version2,50,0.758338,0.273758
12,11,version1_vs_version3,50,0.760024,0.273963
12,11,version2_vs_version3,50,0.733576,0.276701
12,12,original_vs_version1,50,1.32018,0.190992
12,12,original_vs_version2,50,1.320497,0.179247
12,12,original_vs_version3,50,1.326694,0.189938
12,12,version1_vs_version2,50,1.323276,0.188324
12,12,version1_vs_version3,50,1.337842,0.199575
12,12,version2_vs_version3,50,1.328957,0.189088
12,13,original_vs_version1,50,1.493748,0.126931
12,13,original_vs_version2,50,1.481044,0.131909
12,13,original_vs_version3,50,1.476757,0.133588
12,13,version1_vs_version2,50,1.49206,0.128797
12,13,version1_vs_version3,50,1.494307,0.127455
12,13,version2_vs_version3,50,1.473992,0.134451
12,14,original_vs_version1,50,1.706836,0.197451
12,14,original_vs_version2,50,1.689139,0.19711
12,14,original_vs_version3,50,1.674831,0.199889
12,14,version1_vs_version2,50,1.70712,0.200839
12,14,version1_vs_version3,50,1.703412,0.202889
12,14,version2_vs_version3,50,1.674385,0.204008
12,15,original_vs_version1,50,1.435867,0.117258
12,15,original_vs_version2,50,1.416098,0.116262
12,15,original_vs_version3,50,1.421078,0.115375
12,15,version1_vs_version2,50,1.443071,0.116536
12,15,version1_vs_version3,50,1.444388,0.116871
12,15,version2_vs_version3,50,1.425626,0.114241
12,16,original_vs_version1,50,1.113092,0.155116
12,16,original_vs_version2,50,1.104512,0.153519
12,16,original_vs_version3,50,1.104011,0.154056
12,16,version1_vs_version2,50,1.115609,0.152429
12,16,version1_vs_version3,50,1.117221,0.153115
12,16,version2_vs_version3,50,1.104368,0.15135
12,17,original_vs_version1,50,1.404894,0.13638
12,17,original_vs_version2,50,1.395635,0.130267
12,17,original_vs_version3,50,1.39336,0.126536
12,17,version1_vs_version2,50,1.408458,0.135691
12,17,version1_vs_version3,50,1.40461,0.132373
12,17,version2_vs_version3,50,1.393672,0.127135
12,18,original_vs_version1,50,1.598797,0.131114
12,18,original_vs_version2,50,1.595728,0.137789
12,18,original_vs_version3,50,1.598743,0.134864
12,18,version1_vs_version2,50,1.606644,0.13401
12,18,version1_vs_version3,50,1.601365,0.139281
12,18,version2_vs_version3,50,1.603808,0.136919
12,19,original_vs_version1,50,0.87239,0.116735
12,19,original_vs_version2,50,0.845624,0.110524
12,19,original_vs_version3,50,0.852111,0.116512
12,19,version1_vs_version2,50,0.874927,0.113134
12,19,version1_vs_version3,50,0.879361,0.116644
12,19,version2_vs_version3,50,0.852961,0.112973
12,20,original_vs_version1,50,1.402341,0.196298
12,20,original_vs_version2,50,1.368726,0.191729
12,20,original_vs_version3,50,1.386479,0.183124
12,20,version1_vs_version2,50,1.407231,0.19787
12,20,version1_vs_version3,50,1.426188,0.187962
12,20,version2_vs_version3,50,1.387149,0.187773
12,21,original_vs_version1,50,2.315714,0.190228
12,21,original_vs_version2,50,2.312452,0.198444
12,21,original_vs_version3,50,2.309981,0.184121
12,21,version1_vs_version2,50,2.320466,0.191433
12,21,version1_vs_version3,50,2.319748,0.180695
12,21,version2_vs_version3,50,2.313315,0.187876
12,22,original_vs_version1,50,1.386747,0.219172
12,22,original_vs_version2,50,1.368732,0.218776
12,22,original_vs_version3,50,1.368816,0.218444
12,22,version1_vs_version2,50,1.391025,0.219289
12,22,version1_vs_version3,50,1.393101,0.220937
12,22,version2_vs_version3,50,1.371304,0.219826
12,23,original_vs_version1,50,1.547957,0.236948
12,23,original_vs_version2,50,1.507053,0.23167
12,23,original_vs_version3,50,1.518614,0.216729
12,23,version1_vs_version2,50,1.549168,0.238543
12,23,version1_vs_version3,50,1.557644,0.22371
12,23,version2_vs_version3,50,1.516102,0.219947
12,24,original_vs_version1,50,1.800915,0.213861
12,24,original_vs_version2,50,1.767974,0.207742
12,24,original_vs_version3,50,1.774144,0.206963
12,24,version1_vs_version2,50,1.794316,0.209894
12,24,version1_vs_version3,50,1.800785,0.208916
12,24,version2_vs_version3,50,1.764964,0.205574
12,25,original_vs_version1,50,0.420109,0.259104
12,25,original_vs_version2,50,0.397767,0.253823
12,25,original_vs_version3,50,0.38861,0.252843
12,25,version1_vs_version2,50,0.423884,0.264295
12,25,version1_vs_version3,50,0.418845,0.264028
12,25,version2_vs_version3,50,0.392451,0.258383
12,26,original_vs_version1,50,0.482918,0.221851
12,26,original_vs_version2,50,0.457821,0.219349
12,26,original_vs_version3,50,0.453788,0.221528
12,26,version1_vs_version2,50,0.486957,0.223479
12,26,version1_vs_version3,50,0.486521,0.225801
12,26,version2_vs_version3,50,0.45756,0.223564
12,27,original_vs_version1,50,0.720142,0.387733
12,27,original_vs_version2,50,0.707222,0.388274
12,27,original_vs_version3,50,0.698424,0.394477
12,27,version1_vs_version2,50,0.724004,0.393258
12,27,version1_vs_version3,50,0.721423,0.399567
12,27,version2_vs_version3,50,0.702126,0.399679
12,28,original_vs_version1,50,1.15873,0.282375
12,28,original_vs_version2,50,1.115965,0.285414
12,28,original_vs_version3,50,1.09766,0.289583
12,28,version1_vs_version2,50,1.158857,0.285838
12,28,version1_vs_version3,50,1.150707,0.290587
12,28,version2_vs_version3,50,1.097362,0.293382
12,29,original_vs_version1,50,0.746319,0.205961
12,29,original_vs_version2,50,0.726052,0.208372
12,29,original_vs_version3,50,0.714922,0.202116
12,29,version1_vs_version2,50,0.752181,0.210466
12,29,version1_vs_version3,50,0.747872,0.207615
12,29,version2_vs_version3,50,0.7202,0.207366
12,30,original_vs_version1,50,1.570747,0.219917
12,30,original_vs_version2,50,1.53905,0.235705
12,30,original_vs_version3,50,1.565173,0.242646
12,30,version1_vs_version2,50,1.587023,0.238012
12,30,version1_vs_version3,50,1.601307,0.243668
12,30,version2_vs_version3,50,1.577064,0.263473
12,31,original_vs_version1,50,1.680485,0.23194
12,31,original_vs_version2,50,1.66981,0.240706
12,31,original_vs_version3,50,1.663512,0.245426
12,31,version1_vs_version2,50,1.681471,0.226201
12,31,version1_vs_version3,50,1.67662,0.23311
12,31,version2_vs_version3,50,1.661517,0.240571
12,32,original_vs_version1,50,1.36314,0.185975
12,32,original_vs_version2,50,1.383007,0.199298
12,32,original_vs_version3,50,1.377584,0.190332
12,32,version1_vs_version2,50,1.382948,0.191396
12,32,version1_vs_version3,50,1.371571,0.186974
12,32,version2_vs_version3,50,1.395326,0.198847
12,33,original_vs_version1,50,1.877287,0.264416
12,33,original_vs_version2,50,1.862369,0.263513
12,33,original_vs_version3,50,1.853579,0.268935
12,33,version1_vs_version2,50,1.88569,0.264108
12,33,version1_vs_version3,50,1.884483,0.269227
12,33,version2_vs_version3,50,1.860423,0.269621
12,34,original_vs_version1,50,1.610399,0.203544
12,34,original_vs_version2,50,1.594391,0.181847
12,34,original_vs_version3,50,1.592268,0.18925
12,34,version1_vs_version2,50,1.614184,0.19431
12,34,version1_vs_version3,50,1.615239,0.200532
12,34,version2_vs_version3,50,1.590039,0.183168
12,35,original_vs_version1,50,1.549401,0.120494
12,35,original_vs_version2,50,1.500518,0.122824
12,35,original_vs_version3,50,1.519544,0.124392
12,35,version1_vs_version2,50,1.550959,0.116869
12,35,version1_vs_version3,50,1.555359,0.118713
12,35,version2_vs_version3,50,1.515502,0.119825
12,36,original_vs_version1,50,1.807107,0.126062
12,36,original_vs_version2,50,1.763772,0.131736
12,36,original_vs_version3,50,1.790837,0.12601
12,36,version1_vs_version2,50,1.81061,0.125896
12,36,version1_vs_version3,50,1.814479,0.126099
12,36,version2_vs_version3,50,1.788732,0.127039
12,37,original_vs_version1,50,1.108585,0.094351
12,37,original_vs_version2,50,1.077798,0.088407
12,37,original_vs_version3,50,1.089023,0.085528
12,37,version1_vs_version2,50,1.114413,0.091203
12,37,version1_vs_version3,50,1.115071,0.091479
12,37,version2_vs_version3,50,1.089987,0.080865
12,38,original_vs_version1,50,1.074234,0.124665
12,38,original_vs_version2,50,1.046188,0.124218
12,38,original_vs_version3,50,1.057279,0.123178
12,38,version1_vs_version2,50,1.07927,0.128312
12,38,version1_vs_version3,50,1.081024,0.127332
12,38,version2_vs_version3,50,1.058917,0.12704
12,39,original_vs_version1,50,0.913412,0.118357
12,39,original_vs_version2,50,0.852566,0.12233
12,39,original_vs_version3,50,0.903663,0.123344
12,39,version1_vs_version2,50,0.910949,0.120485
12,39,version1_vs_version3,50,0.920443,0.124027
12,39,version2_vs_version3,50,0.898035,0.125466
13,0,original_vs_version1,50,0.967202,0.264051
13,0,original_vs_version2,50,0.948708,0.254564
13,0,original_vs_version3,50,0.945056,0.25706
13,0,version1_vs_version2,50,0.961504,0.267223
13,0,version1_vs_version3,50,0.963325,0.269415
13,0,version2_vs_version3,50,0.938315,0.259382
13,1,original_vs_version1,50,1.241296,0.430971
13,1,original_vs_version2,50,1.236079,0.435723
13,1,original_vs_version3,50,1.226027,0.433518
13,1,version1_vs_version2,50,1.238375,0.440015
13,1,version1_vs_version3,50,1.238252,0.439021
13,1,version2_vs_version3,50,1.222667,0.442471
13,2,original_vs_version1,50,0.245433,0.101751
13,2,original_vs_version2,50,0.245872,0.10109
13,2,original_vs_version3,50,0.24278,0.1001
13,2,version1_vs_version2,50,0.242185,0.102066
13,2,version1_vs_version3,50,0.240782,0.101848
13,2,version2_vs_version3,50,0.239305,0.100811
13,3,original_vs_version1,50,1.399375,0.519037
13,3,original_vs_version2,50,1.406402,0.515119
13,3,original_vs_version3,50,1.390988,0.51273
13,3,version1_vs_version2,50,1.402492,0.526441
13,3,version1_vs_version3,50,1.402094,0.528066
13,3,version2_vs_version3,50,1.393592,0.520487
13,4,original_vs_version1,50,1.550379,0.388377
13,4,original_vs_version2,50,1.531004,0.384094
13,4,original_vs_version3,50,1.516458,0.375484
13,4,version1_vs_version2,50,1.550938,0.3944
13,4,version1_vs_version3,50,1.547019,0.384262
13,4,version2_vs_version3,50,1.516673,0.381763
13,5,original_vs_version1,50,2.077985,0.228742
13,5,original_vs_version2,50,2.060084,0.243796
13,5,original_vs_version3,50,2.052904,0.237717
13,5,version1_vs_version2,50,2.089663,0.230279
13,5,version1_vs_version3,50,2.083169,0.221184
13,5,version2_vs_version3,50,2.056448,0.238632
13,6,original_vs_version1,50,1.57493,0.208014
13,6,original_vs_version2,50,1.556576,0.207281
13,6,original_vs_version3,50,1.566537,0.199827
13,6,version1_vs_version2,50,1.577958,0.212614
13,6,version1_vs_version3,50,1.588963,0.209075
13,6,version2_vs_version3,50,1.566742,0.206546
13,7,original_vs_version1,50,1.201201,0.227362
13,7,original_vs_version2,50,1.163311,0.229962
13,7,original_vs_version3,50,1.206848,0.230574
13,7,version1_vs_version2,50,1.204874,0.237936
13,7,version1_vs_version3,50,1.214422,0.245476
13,7,version2_vs_version3,50,1.206315,0.240894
13,8,original_vs_version1,50,3.528771,0.226188
13,8,original_vs_version2,50,3.513286,0.228763
13,8,original_vs_version3,50,3.50823,0.223802
13,8,version1_vs_version2,50,3.523296,0.221162
13,8,version1_vs_version3,50,3.526595,0.220038
13,8,version2_vs_version3,50,3.500447,0.218156
13,9,original_vs_version1,50,1.922118,0.248103
13,9,original_vs_version2,50,1.887475,0.239225
13,9,original_vs_version3,50,1.896859,0.229418
13,9,version1_vs_version2,50,1.923185,0.249953
13,9,version1_vs_version3,50,1.93329,0.237195
13,9,version2_vs_version3,50,1.893512,0.229833
13,10,original_vs_version1,50,1.039466,0.088579
13,10,original_vs_version2,50,1.01749,0.087459
13,10,original_vs_version3,50,1.037199,0.083266
13,10,version1_vs_version2,50,1.043242,0.092037
13,10,version1_vs_version3,50,1.038925,0.084841
13,10,version2_vs_version3,50,1.036531,0.085469
13,11,original_vs_version1,50,1.733914,0.095282
13,11,original_vs_version2,50,1.630952,0.097227
13,11,original_vs_version3,50,1.680389,0.099685
13,11,version1_vs_version2,50,1.734712,0.097978
13,11,version1_vs_version3,50,1.750607,0.101096
13,11,version2_vs_version3,50,1.670297,0.099175
13,12,original_vs_version1,50,1.674619,0.197503
13,12,original_vs_version2,50,1.632025,0.189015
13,12,original_vs_version3,50,1.648784,0.188219
13,12,version1_vs_version2,50,1.678762,0.182921
13,12,version1_vs_version3,50,1.67899,0.182939
13,12,version2_vs_version3,50,1.650356,0.173569
13,13,original_vs_version1,50,1.571347,0.211958
13,13,original_vs_version2,50,1.53334,0.201694
13,13,original_vs_version3,50,1.549865,0.204877
13,13,version1_vs_version2,50,1.565091,0.213931
13,13,version1_vs_version3,50,1.57765,0.217707
13,13,version2_vs_version3,50,1.538988,0.206421
13,14,original_vs_version1,50,0.836431,0.272031
13,14,original_vs_version2,50,0.784573,0.263701
13,14,original_vs_version3,50,0.822789,0.260482
13,14,version1_vs_version2,50,0.83799,0.276818
13,14,version1_vs_version3,50,0.856001,0.275805
13,14,version2_vs_version3,50,0.821543,0.261784
13,15,original_vs_version1,50,1.631399,0.130998
13,15,original_vs_version2,50,1.587403,0.142684
13,15,original_vs_version3,50,1.609349,0.132245
13,15,version1_vs_version2,50,1.634186,0.140809
13,15,version1_vs_version3,50,1.642647,0.126952
13,15,version2_vs_version3,50,1.605235,0.142476
13,16,original_vs_version1,50,1.667933,0.131562
13,16,original_vs_version2,50,1.661376,0.129762
13,16,original_vs_version3,50,1.671519,0.123987
13,16,version1_vs_version2,50,1.667375,0.130758
13,16,version1_vs_version3,50,1.679058,0.127812
13,16,version2_vs_version3,50,1.667108,0.125342
13,17,original_vs_version1,50,0.804405,0.102345
13,17,original_vs_version2,50,0.796848,0.090811
13,17,original_vs_version3,50,0.790463,0.091733
13,17,version1_vs_version2,50,0.803594,0.101516
13,17,version1_vs_version3,50,0.801843,0.101549
13,17,version2_vs_version3,50,0.7893,0.092374
13,18,original_vs_version1,50,0.598539,0.151767
13,18,original_vs_version2,50,0.587581,0.14473
13,18,original_vs_version3,50,0.582146,0.140288
13,18,version1_vs_version2,50,0.595655,0.145986
13,18,version1_vs_version3,50,0.593585,0.140506
13,18,version2_vs_version3,50,0.577944,0.134598
13,19,original_vs_version1,50,3.549765,0.141852
13,19,original_vs_version2,50,3.579307,0.141195
13,19,original_vs_version3,50,3.566199,0.141604
13,19,version1_vs_version2,50,3.543937,0.139281
13,19,version1_vs_version3,50,3.544789,0.139715
13,19,version2_vs_version3,50,3.558835,0.142042
13,20,original_vs_version1,50,0.522016,0.098886
13,20,original_vs_version2,50,0.536502,0.105241
13,20,original_vs_version3,50,0.545108,0.107
13,20,version1_vs_version2,50,0.502223,0.08674
13,20,version1_vs_version3,50,0.501099,0.086151
13,20,version2_vs_version3,50,0.522767,0.094688
13,21,original_vs_version1,50,0.792878,0.125792
13,21,original_vs_version2,50,0.773871,0.130625
13,21,original_vs_version3,50,0.77969,0.125885
13,21,version1_vs_version2,50,0.792142,0.121151
13,21,version1_vs_version3,50,0.787864,0.117817
13,21,version2_vs_version3,50,0.771601,0.120029
13,22,original_vs_version1,50,2.837602,0.170621
13,22,original_vs_version2,50,2.806999,0.164566
13,22,original_vs_version3,50,2.817172,0.156845
13,22,version1_vs_version2,50,2.815659,0.170347
13,22,version1_vs_version3,50,2.821145,0.166047
13,22,version2_vs_version3,50,2.790636,0.155728
13,23,original_vs_version1,50,1.14304,0.139231
13,23,original_vs_version2,50,1.163629,0.139905
13,23,original_vs_version3,50,1.181157,0.14865
13,23,version1_vs_version2,50,1.12671,0.136886
13,23,version1_vs_version3,50,1.137582,0.141532
13,23,version2_vs_version3,50,1.153167,0.14698
13,24,original_vs_version1,50,0.469849,0.066905
13,24,original_vs_version2,50,0.472165,0.077156
13,24,original_vs_version3,50,0.488166,0.072299
13,24,version1_vs_version2,50,0.474959,0.068535
13,24,version1_vs_version3,50,0.479687,0.067564
13,24,version2_vs_version3,50,0.488846,0.076148
13,25,original_vs_version1,50,2.685475,0.19936
13,25,original_vs_version2,50,2.661998,0.197245
13,25,original_vs_version3,50,2.663351,0.196169
13,25,version1_vs_version2,50,2.688,0.196285
13,25,version1_vs_version3,50,2.693253,0.2003
13,25,version2_vs_version3,50,2.662207,0.193117
13,26,original_vs_version1,50,2.063103,0.253055
13,26,original_vs_version2,50,2.034351,0.265187
13,26,original_vs_version3,50,2.050927,0.26209
13,26,version1_vs_version2,50,2.07183,0.250631
13,26,version1_vs_version3,50,2.074867,0.250461
13,26,version2_vs_version3,50,2.054036,0.256968
13,27,original_vs_version1,50,1.061714,0.169377
13,27,original_vs_version2,50,1.034261,0.173988
13,27,original_vs_version3,50,1.065599,0.179685
13,27,version1_vs_version2,50,1.062249,0.173252
13,27,version1_vs_version3,50,1.072763,0.179651
13,27,version2_vs_version3,50,1.062275,0.183596
13,28,original_vs_version1,50,1.419137,0.300089
13,28,original_vs_version2,50,1.383208,0.290531
13,28,original_vs_version3,50,1.381423,0.293708
13,28,version1_vs_version2,50,1.423485,0.302553
13,28,version1_vs_version3,50,1.421819,0.304041
13,28,version2_vs_version3,50,1.381939,0.296134
13,29,original_vs_version1,50,1.341174,0.310005
13,29,original_vs_version2,50,1.339306,0.312151
13,29,original_vs_version3,50,1.341111,0.322209
13,29,version1_vs_version2,50,1.359038,0.316111
13,29,version1_vs_version3,50,1.361917,0.326629
13,29,version2_vs_version3,50,1.354311,0.326925
13,30,original_vs_version1,50,2.774785,0.301399
13,30,original_vs_version2,50,2.748121,0.304303
13,30,original_vs_version3,50,2.739637,0.302185
13,30,version1_vs_version2,50,2.762592,0.306105
13,30,version1_vs_version3,50,2.764178,0.308285
13,30,version2_vs_version3,50,2.725461,0.308172
13,31,original_vs_version1,50,1.447816,0.199817
13,31,original_vs_version2,50,1.461086,0.19558
13,31,original_vs_version3,50,1.451775,0.197648
13,31,version1_vs_version2,50,1.447983,0.196375
13,31,version1_vs_version3,50,1.445262,0.196182
13,31,version2_vs_version3,50,1.45076,0.193544
13,32,original_vs_version1,50,2.578002,0.153239
13,32,original_vs_version2,50,2.577718,0.148254
13,32,original_vs_version3,50,2.574618,0.142285
13,32,version1_vs_version2,50,2.568796,0.153744
13,32,version1_vs_version3,50,2.573176,0.147868
13,32,version2_vs_version3,50,2.563116,0.143484
13,33,original_vs_version1,50,1.817636,0.167334
13,33,original_vs_version2,50,1.825789,0.172106
13,33,original_vs_version3,50,1.829245,0.172298
13,33,version1_vs_version2,50,1.822911,0.170172
13,33,version1_vs_version3,50,1.829061,0.171257
13,33,version2_vs_version3,50,1.832385,0.174903
13,34,original_vs_version1,50,2.412765,0.173033
13,34,original_vs_version2,50,2.407062,0.178106
13,34,original_vs_version3,50,2.412299,0.177943
13,34,version1_vs_version2,50,2.429032,0.168277
13,34,version1_vs_version3,50,2.438176,0.166678
13,34,version2_vs_version3,50,2.427341,0.172809
13,35,original_vs_version1,50,1.371122,0.222507
13,35,original_vs_version2,50,1.332432,0.225017
13,35,original_vs_version3,50,1.336232,0.224863
13,35,version1_vs_version2,50,1.362042,0.225714
13,35,version1_vs_version3,50,1.361291,0.225762
13,35,version2_vs_version3,50,1.32531,0.227541
13,36,original_vs_version1,50,1.559983,0.262146
13,36,original_vs_version2,50,1.539265,0.252576
13,36,original_vs_version3,50,1.537829,0.255722
13,36,version1_vs_version2,50,1.560397,0.263903
13,36,version1_vs_version3,50,1.564021,0.267295
13,36,version2_vs_version3,50,1.536608,0.258005
13,37,original_vs_version1,50,1.893343,0.150593
13,37,original_vs_version2,50,1.897317,0.148455
13,37,original_vs_version3,50,1.898421,0.144896
13,37,version1_vs_version2,50,1.895362,0.150267
13,37,version1_vs_version3,50,1.896598,0.146927
13,37,version2_vs_version3,50,1.898954,0.145525
13,38,original_vs_version1,50,1.753433,0.174032
13,38,original_vs_version2,50,1.751899,0.170132
13,38,original_vs_version3,50,1.742903,0.169674
13,38,version1_vs_version2,50,1.748945,0.174408
13,38,version1_vs_version3,50,1.744898,0.171399
13,38,version2_vs_version3,50,1.737655,0.170763
13,39,original_vs_version1,50,2.020581,0.158762
13,39,original_vs_version2,50,2.012576,0.158758
13,39,original_vs_version3,50,2.021461,0.154362
13,39,version1_vs_version2,50,2.018616,0.16222
13,39,version1_vs_version3,50,2.019465,0.16028
13,39,version2_vs_version3,50,2.017962,0.159258
14,0,original_vs_version1,50,2.297532,0.306145
14,0,original_vs_version2,50,2.277961,0.324577
14,0,original_vs_version3,50,2.272125,0.312639
14,0,version1_vs_version2,50,2.299287,0.309527
14,0,version1_vs_version3,50,2.297,0.295344
14,0,version2_vs_version3,50,2.270722,0.313848
14,1,original_vs_version1,50,1.99777,0.230054
14,1,original_vs_version2,50,1.979404,0.234464
14,1,original_vs_version3,50,1.964599,0.23446
14,1,version1_vs_version2,50,1.993658,0.220135
14,1,version1_vs_version3,50,1.990287,0.218661
14,1,version2_vs_version3,50,1.959277,0.22371
14,2,original_vs_version1,50,1.68099,0.343444
14,2,original_vs_version2,50,1.679027,0.336217
14,2,original_vs_version3,50,1.667191,0.33819
14,2,version1_vs_version2,50,1.684309,0.346618
14,2,version1_vs_version3,50,1.675759,0.344332
14,2,version2_vs_version3,50,1.665843,0.339786
14,3,original_vs_version1,50,1.825855,0.309157
14,3,original_vs_version2,50,1.806248,0.317033
14,3,original_vs_version3,50,1.800773,0.316245
14,3,version1_vs_version2,50,1.817607,0.310689
14,3,version1_vs_version3,50,1.814577,0.308246
14,3,version2_vs_version3,50,1.78826,0.317975
14,4,original_vs_version1,50,2.315179,0.21181
14,4,original_vs_version2,50,2.300882,0.21656
14,4,original_vs_version3,50,2.299996,0.21958
14,4,version1_vs_version2,50,2.308172,0.21486
14,4,version1_vs_version3,50,2.305992,0.219423
14,4,version2_vs_version3,50,2.289228,0.223051
14,5,original_vs_version1,50,1.367851,0.138088
14,5,original_vs_version2,50,1.320281,0.147302
14,5,original_vs_version3,50,1.335261,0.149542
14,5,version1_vs_version2,50,1.362131,0.136339
14,5,version1_vs_version3,50,1.360445,0.140971
14,5,version2_vs_version3,50,1.318591,0.147381
14,6,original_vs_version1,50,0.725967,0.115139
14,6,original_vs_version2,50,0.719392,0.11545
14,6,original_vs_version3,50,0.722104,0.110346
14,6,version1_vs_version2,50,0.722446,0.109808
14,6,version1_vs_version3,50,0.723515,0.106223
14,6,version2_vs_version3,50,0.717148,0.105642
14,7,original_vs_version1,50,1.761933,0.105632
14,7,original_vs_version2,50,1.738739,0.120833
14,7,original_vs_version3,50,1.741281,0.122917
14,7,version1_vs_version2,50,1.752581,0.108612
14,7,version1_vs_version3,50,1.753999,0.114249
14,7,version2_vs_version3,50,1.727363,0.125841
14,8,original_vs_version1,50,0.633976,0.104108
14,8,original_vs_version2,50,0.623679,0.103778
14,8,original_vs_version3,50,0.630145,0.103576
14,8,version1_vs_version2,50,0.625549,0.106394
14,8,version1_vs_version3,50,0.62528,0.108928
14,8,version2_vs_version3,50,0.620143,0.106462
14,9,original_vs_version1,50,1.090479,0.097271
14,9,original_vs_version2,50,1.049985,0.094445
14,9,original_vs_version3,50,1.071654,0.095272
14,9,version1_vs_version2,50,1.064837,0.081564
14,9,version1_vs_version3,50,1.069783,0.07892
14,9,version2_vs_version3,50,1.033084,0.07643
14,10,original_vs_version1,50,1.394216,0.128049
14,10,original_vs_version2,50,1.405305,0.130311
14,10,original_vs_version3,50,1.405659,0.121936
14,10,version1_vs_version2,50,1.383752,0.130074
14,10,version1_vs_version3,50,1.387597,0.122558
14,10,version2_vs_version3,50,1.394555,0.124234
14,11,original_vs_version1,50,0.894422,0.17919
14,11,original_vs_version2,50,0.872938,0.179915
14,11,original_vs_version3,50,0.868124,0.179488
14,11,version1_vs_version2,50,0.889064,0.181819
14,11,version1_vs_version3,50,0.88575,0.180367
14,11,version2_vs_version3,50,0.862381,0.182066
14,12,original_vs_version1,50,2.630624,0.155147
14,12,original_vs_version2,50,2.644152,0.155445
14,12,original_vs_version3,50,2.645961,0.158925
14,12,version1_vs_version2,50,2.636408,0.151881
14,12,version1_vs_version3,50,2.63329,0.158484
14,12,version2_vs_version3,50,2.649982,0.1553
14,13,original_vs_version1,50,1.323245,0.149791
14,13,original_vs_version2,50,1.244364,0.163321
14,13,original_vs_version3,50,1.246087,0.160145
14,13,version1_vs_version2,50,1.316433,0.153854
14,13,version1_vs_version3,50,1.310008,0.154204
14,13,version2_vs_version3,50,1.237516,0.165249
14,14,original_vs_version1,50,1.277298,0.178195
14,14,original_vs_version2,50,1.239041,0.184423
14,14,original_vs_version3,50,1.243283,0.180888
14,14,version1_vs_version2,50,1.259681,0.181342
14,14,version1_vs_version3,50,1.267992,0.181098
14,14,version2_vs_version3,50,1.224521,0.186487
14,15,original_vs_version1,50,0.669111,0.057898
14,15,original_vs_version2,50,0.633557,0.058101
14,15,original_vs_version3,50,0.647796,0.052505
14,15,version1_vs_version2,50,0.669817,0.057559
14,15,version1_vs_version3,50,0.675124,0.053281
14,15,version2_vs_version3,50,0.644635,0.052113
14,16,original_vs_version1,50,2.454382,0.111422
14,16,original_vs_version2,50,2.39694,0.120844
14,16,original_vs_version3,50,2.414057,0.115255
14,16,version1_vs_version2,50,2.450516,0.110414
14,16,version1_vs_version3,50,2.452698,0.111113
14,16,version2_vs_version3,50,2.406088,0.114583
14,17,original_vs_version1,50,0.983561,0.22469
14,17,original_vs_version2,50,0.951382,0.225751
14,17,original_vs_version3,50,0.940065,0.227915
14,17,version1_vs_version2,50,0.981981,0.225925
14,17,version1_vs_version3,50,0.97741,0.226004
14,17,version2_vs_version3,50,0.938122,0.228802
14,18,original_vs_version1,50,1.57511,0.098777
14,18,original_vs_version2,50,1.533595,0.102769
14,18,original_vs_version3,50,1.546057,0.103102
14,18,version1_vs_version2,50,1.574167,0.096201
14,18,version1_vs_version3,50,1.580648,0.096472
14,18,version2_vs_version3,50,1.539999,0.1016
14,19,original_vs_version1,50,0.929257,0.087765
14,19,original_vs_version2,50,0.894169,0.095163
14,19,original_vs_version3,50,0.912499,0.091915
14,19,version1_vs_version2,50,0.9277,0.086613
14,19,version1_vs_version3,50,0.936987,0.085316
14,19,version2_vs_version3,50,0.904956,0.090845
14,20,original_vs_version1,50,0.010725,0.004439
14,20,original_vs_version2,50,0.010272,0.004072
14,20,original_vs_version3,50,0.01012,0.004055
14,20,version1_vs_version2,50,0.010687,0.004145
14,20,version1_vs_version3,50,0.01058,0.004199
14,20,version2_vs_version3,50,0.010063,0.003872
14,21,original_vs_version1,50,1.711221,0.460767
14,21,original_vs_version2,50,1.661295,0.468112
14,21,original_vs_version3,50,1.642779,0.469122
14,21,version1_vs_version2,50,1.703405,0.462197
14,21,version1_vs_version3,50,1.694903,0.462168
14,21,version2_vs_version3,50,1.634561,0.471406
14,22,original_vs_version1,50,0.065355,0.026966
14,22,original_vs_version2,50,0.064816,0.027339
14,22,original_vs_version3,50,0.063207,0.026485
14,22,version1_vs_version2,50,0.065344,0.026618
14,22,version1_vs_version3,50,0.064225,0.02588
14,22,version2_vs_version3,50,0.063216,0.026183
14,23,original_vs_version1,50,0.902765,0.400335
14,23,original_vs_version2,50,0.888257,0.40825
14,23,original_vs_version3,50,0.880045,0.404238
14,23,version1_vs_version2,50,0.898869,0.40428
14,23,version1_vs_version3,50,0.896757,0.400618
14,23,version2_vs_version3,50,0.876237,0.408319
14,24,original_vs_version1,50,0.001795,0.000591
14,24,original_vs_version2,50,0.001801,0.000664
14,24,original_vs_version3,50,0.001852,0.00073
14,24,version1_vs_version2,50,0.001836,0.00058
14,24,version1_vs_version3,50,0.00186,0.000701
14,24,version2_vs_version3,50,0.001848,0.000739
14,25,original_vs_version1,50,1.660357,0.124232
14,25,original_vs_version2,50,1.63975,0.127989
14,25,original_vs_version3,50,1.631427,0.124087
14,25,version1_vs_version2,50,1.655714,0.127177
14,25,version1_vs_version3,50,1.655831,0.12305
14,25,version2_vs_version3,50,1.626321,0.129205
14,26,original_vs_version1,50,1.648946,0.143588
14,26,original_vs_version2,50,1.637962,0.140778
14,26,original_vs_version3,50,1.625435,0.141707
14,26,version1_vs_version2,50,1.643796,0.147984
14,26,version1_vs_version3,50,1.6365,0.146909
14,26,version2_vs_version3,50,1.618028,0.147538
14,27,original_vs_version1,50,2.774404,0.156742
14,27,original_vs_version2,50,2.743612,0.166844
14,27,original_vs_version3,50,2.750953,0.157148
14,27,version1_vs_version2,50,2.762714,0.163424
14,27,version1_vs_version3,50,2.765592,0.155149
14,27,version2_vs_version3,50,2.736173,0.165949
14,28,original_vs_version1,50,1.140045,0.112374
14,28,original_vs_version2,50,1.129359,0.116148
14,28,original_vs_version3,50,1.116241,0.111963
14,28,version1_vs_version2,50,1.144784,0.118097
14,28,version1_vs_version3,50,1.140532,0.113715
14,28,version2_vs_version3,50,1.121118,0.119283
14,29,original_vs_version1,50,4.299274,0.212593
14,29,original_vs_version2,50,4.252008,0.225241
14,29,original_vs_version3,50,4.253275,0.217517
14,29,version1_vs_version2,50,4.287918,0.211733
14,29,version1_vs_version3,50,4.286524,0.206431
14,29,version2_vs_version3,50,4.23977,0.21809
14,30,original_vs_version1,50,2.674225,0.263769
14,30,original_vs_version2,50,2.655045,0.259647
14,30,original_vs_version3,50,2.651609,0.258626
14,30,version1_vs_version2,50,2.660848,0.258847
14,30,version1_vs_version3,50,2.65876,0.257345
14,30,version2_vs_version3,50,2.635088,0.25411
14,31,original_vs_version1,50,2.411034,0.207143
14,31,original_vs_version2,50,2.372907,0.21641
14,31,original_vs_version3,50,2.384948,0.216759
14,31,version1_vs_version2,50,2.407442,0.205663
14,31,version1_vs_version3,50,2.411283,0.207062
14,31,version2_vs_version3,50,2.375818,0.213845
14,32,original_vs_version1,50,1.994983,0.111926
14,32,original_vs_version2,50,1.955279,0.118868
14,32,original_vs_version3,50,1.969553,0.115347
14,32,version1_vs_version2,50,1.991591,0.108013
14,32,version1_vs_version3,50,1.993978,0.103059
14,32,version2_vs_version3,50,1.960768,0.108212
14,33,original_vs_version1,50,1.607782,0.160458
14,33,original_vs_version2,50,1.56212,0.169374
14,33,original_vs_version3,50,1.579541,0.16682
14,33,version1_vs_version2,50,1.60418,0.161267
14,33,version1_vs_version3,50,1.606288,0.164537
14,33,version2_vs_version3,50,1.57227,0.169878
14,34,original_vs_version1,50,2.623027,0.198127
14,34,original_vs_version2,50,2.627156,0.2073
14,34,original_vs_version3,50,2.622919,0.196905
14,34,version1_vs_version2,50,2.607364,0.200993
14,34,version1_vs_version3,50,2.608601,0.194355
14,34,version2_vs_version3,50,2.606261,0.200414
14,35,original_vs_version1,50,1.552031,0.224599
14,35,original_vs_version2,50,1.531749,0.230884
14,35,original_vs_version3,50,1.537514,0.21872
14,35,version1_vs_version2,50,1.544902,0.228158
14,35,version1_vs_version3,50,1.53962,0.222488
14,35,version2_vs_version3,50,1.528768,0.224064
14,36,original_vs_version1,50,2.186076,0.166962
14,36,original_vs_version2,50,2.17984,0.180111
14,36,original_vs_version3,50,2.179578,0.173973
14,36,version1_vs_version2,50,2.186327,0.173173
14,36,version1_vs_version3,50,2.185615,0.17044
14,36,version2_vs_version3,50,2.177858,0.181711
14,37,original_vs_version1,50,1.504909,0.229647
14,37,original_vs_version2,50,1.509539,0.228088
14,37,original_vs_version3,50,1.495923,0.211977
14,37,version1_vs_version2,50,1.498061,0.231771
14,37,version1_vs_version3,50,1.488103,0.219924
14,37,version2_vs_version3,50,1.487972,0.215305
14,38,original_vs_version1,50,1.687477,0.150766
14,38,original_vs_version2,50,1.682839,0.160459
14,38,original_vs_version3,50,1.691399,0.154241
14,38,version1_vs_version2,50,1.68177,0.158855
14,38,version1_vs_version3,50,1.692206,0.155639
14,38,version2_vs_version3,50,1.68332,0.165023
14,39,original_vs_version1,50,0.941223,0.184721
14,39,original_vs_version2,50,0.95469,0.193139
14,39,original_vs_version3,50,0.947955,0.193866
14,39,version1_vs_version2,50,0.935782,0.186687
14,39,version1_vs_version3,50,0.926745,0.186577
14,39,version2_vs_version3,50,0.941944,0.196368
15,0,original_vs_version1,50,2.730968,0.154168
15,0,original_vs_version2,50,2.694219,0.163969
15,0,original_vs_version3,50,2.698485,0.159447
15,0,version1_vs_version2,50,2.725507,0.154971
15,0,version1_vs_version3,50,2.72538,0.153923
15,0,version2_vs_version3,50,2.68936,0.160868
15,1,original_vs_version1,50,1.866168,0.203953
15,1,original_vs_version2,50,1.853031,0.201831
15,1,original_vs_version3,50,1.864467,0.196953
15,1,version1_vs_version2,50,1.863417,0.202545
15,1,version1_vs_version3,50,1.870631,0.20023
15,1,version2_vs_version3,50,1.857031,0.195066
15,2,original_vs_version1,50,1.792989,0.163612
15,2,original_vs_version2,50,1.779593,0.162985
15,2,original_vs_version3,50,1.772298,0.161235
15,2,version1_vs_version2,50,1.793579,0.163085
15,2,version1_vs_version3,50,1.79419,0.163426
15,2,version2_vs_version3,50,1.771401,0.161995
15,3,original_vs_version1,50,1.781102,0.246032
15,3,original_vs_version2,50,1.756912,0.251438
15,3,original_vs_version3,50,1.745963,0.242252
15,3,version1_vs_version2,50,1.778794,0.245725
15,3,version1_vs_version3,50,1.779423,0.239714
15,3,version2_vs_version3,50,1.743241,0.24339
15,4,original_vs_version1,50,1.794187,0.221366
15,4,original_vs_version2,50,1.774738,0.222303
15,4,original_vs_version3,50,1.781857,0.224942
15,4,version1_vs_version2,50,1.786838,0.220506
15,4,version1_vs_version3,50,1.795354,0.228701
15,4,version2_vs_version3,50,1.771732,0.224039
15,5,original_vs_version1,50,1.833295,0.16508
15,5,original_vs_version2,50,1.819985,0.167845
15,5,original_vs_version3,50,1.829072,0.173928
15,5,version1_vs_version2,50,1.831514,0.162145
15,5,version1_vs_version3,50,1.836374,0.168982
15,5,version2_vs_version3,50,1.823577,0.170718
15,6,original_vs_version1,50,3.449791,0.352738
15,6,original_vs_version2,50,3.452504,0.345315
15,6,original_vs_version3,50,3.437375,0.349373
15,6,version1_vs_version2,50,3.437002,0.344685
15,6,version1_vs_version3,50,3.432594,0.347348
15,6,version2_vs_version3,50,3.422458,0.341609
15,7,original_vs_version1,50,2.943347,0.270041
15,7,original_vs_version2,50,2.920398,0.280922
15,7,original_vs_version3,50,2.919119,0.283886
15,7,version1_vs_version2,50,2.92633,0.26882
15,7,version1_vs_version3,50,2.92977,0.267537
15,7,version2_vs_version3,50,2.898811,0.282386
15,8,original_vs_version1,50,3.605566,0.182544
15,8,original_vs_version2,50,3.606006,0.195397
15,8,original_vs_version3,50,3.585562,0.181249
15,8,version1_vs_version2,50,3.600392,0.190398
15,8,version1_vs_version3,50,3.591107,0.180161
15,8,version2_vs_version3,50,3.579608,0.187696
15,9,original_vs_version1,50,2.978497,0.368707
15,9,original_vs_version2,50,2.971522,0.386146
15,9,original_vs_version3,50,2.953461,0.386995
15,9,version1_vs_version2,50,2.972625,0.385878
15,9,version1_vs_version3,50,2.967798,0.386584
15,9,version2_vs_version3,50,2.945633,0.401654
15,10,original_vs_version1,50,1.395033,0.182584
15,10,original_vs_version2,50,1.388745,0.183901
15,10,original_vs_version3,50,1.389356,0.190783
15,10,version1_vs_version2,50,1.395004,0.1844
15,10,version1_vs_version3,50,1.403986,0.190604
15,10,version2_vs_version3,50,1.388338,0.193504
15,11,original_vs_version1,50,1.509702,0.234641
15,11,original_vs_version2,50,1.504216,0.233659
15,11,original_vs_version3,50,1.506238,0.236691
15,11,version1_vs_version2,50,1.501782,0.232432
15,11,version1_vs_version3,50,1.506256,0.237108
15,11,version2_vs_version3,50,1.496051,0.234351
15,12,original_vs_version1,50,1.891074,0.136706
15,12,original_vs_version2,50,1.895162,0.152665
15,12,original_vs_version3,50,1.889539,0.149166
15,12,version1_vs_version2,50,1.880457,0.140202
15,12,version1_vs_version3,50,1.882292,0.139983
15,12,version2_vs_version3,50,1.877472,0.154802
15,13,original_vs_version1,50,1.042936,0.123803
15,13,original_vs_version2,50,1.039597,0.132783
15,13,original_vs_version3,50,1.04669,0.134293
15,13,version1_vs_version2,50,1.035965,0.124986
15,13,version1_vs_version3,50,1.039817,0.126754
15,13,version2_vs_version3,50,1.037729,0.136552
15,14,original_vs_version1,50,1.328793,0.229083
15,14,original_vs_version2,50,1.304717,0.238465
15,14,original_vs_version3,50,1.324171,0.240178
15,14,version1_vs_version2,50,1.31862,0.23224
15,14,version1_vs_version3,50,1.326737,0.236666
15,14,version2_vs_version3,50,1.312121,0.244171
15,15,original_vs_version1,50,1.952899,0.280954
15,15,original_vs_version2,50,1.951072,0.290906
15,15,original_vs_version3,50,1.939124,0.285572
15,15,version1_vs_version2,50,1.957675,0.28416
15,15,version1_vs_version3,50,1.953357,0.277122
15,15,version2_vs_version3,50,1.940976,0.288231
15,16,original_vs_version1,50,1.77535,0.258667
15,16,original_vs_version2,50,1.758218,0.262919
15,16,original_vs_version3,50,1.746848,0.26341
15,16,version1_vs_version2,50,1.778431,0.252024
15,16,version1_vs_version3,50,1.772866,0.25523
15,16,version2_vs_version3,50,1.747915,0.256163
15,17,original_vs_version1,50,2.073441,0.191816
15,17,original_vs_version2,50,2.038735,0.199293
15,17,original_vs_version3,50,2.05464,0.204774
15,17,version1_vs_version2,50,2.06383,0.196196
15,17,version1_vs_version3,50,2.066394,0.202448
15,17,version2_vs_version3,50,2.041942,0.209595
15,18,original_vs_version1,50,2.425854,0.18797
15,18,original_vs_version2,50,2.438307,0.208366
15,18,original_vs_version3,50,2.435005,0.197657
15,18,version1_vs_version2,50,2.422782,0.189956
15,18,version1_vs_version3,50,2.417985,0.181957
15,18,version2_vs_version3,50,2.427476,0.198553
15,19,original_vs_version1,50,2.050135,0.211272
15,19,original_vs_version2,50,2.029522,0.214425
15,19,original_vs_version3,50,2.040726,0.20882
15,19,version1_vs_version2,50,2.049748,0.208259
15,19,version1_vs_version3,50,2.048317,0.204257
15,19,version2_vs_version3,50,2.033634,0.206404
15,20,original_vs_version1,50,2.615742,0.310363
15,20,original_vs_version2,50,2.584925,0.310735
15,20,original_vs_version3,50,2.55759,0.316039
15,20,version1_vs_version2,50,2.614261,0.313261
15,20,version1_vs_version3,50,2.599402,0.315986
15,20,version2_vs_version3,50,2.555637,0.318436
15,21,original_vs_version1,50,1.335354,0.247993
15,21,original_vs_version2,50,1.320363,0.243707
15,21,original_vs_version3,50,1.307153,0.243025
15,21,version1_vs_version2,50,1.332621,0.245475
15,21,version1_vs_version3,50,1.328682,0.243331
15,21,version2_vs_version3,50,1.304127,0.241141
15,22,original_vs_version1,50,0.320882,0.152374
15,22,original_vs_version2,50,0.319249,0.152694
15,22,original_vs_version3,50,0.313273,0.148749
15,22,version1_vs_version2,50,0.318563,0.152769
15,22,version1_vs_version3,50,0.3146,0.149252
15,22,version2_vs_version3,50,0.310877,0.149172
15,23,original_vs_version1,50,2.44769,0.379122
15,23,original_vs_version2,50,2.407336,0.385216
15,23,original_vs_version3,50,2.375468,0.388274
15,23,version1_vs_version2,50,2.438502,0.387939
15,23,version1_vs_version3,50,2.422653,0.388571
15,23,version2_vs_version3,50,2.365638,0.397364
15,24,original_vs_version1,50,1.719906,0.233851
15,24,original_vs_version2,50,1.677781,0.242221
15,24,original_vs_version3,50,1.669793,0.247306
15,24,version1_vs_version2,50,1.713391,0.233123
15,24,version1_vs_version3,50,1.709901,0.237317
15,24,version2_vs_version3,50,1.661677,0.246357
15,25,original_vs_version1,50,1.743668,0.321248
15,25,original_vs_version2,50,1.713884,0.325663
15,25,original_vs_version3,50,1.701284,0.334363
15,25,version1_vs_version2,50,1.742905,0.323895
15,25,version1_vs_version3,50,1.742165,0.329566
15,25,version2_vs_version3,50,1.699987,0.336283
15,26,original_vs_version1,50,2.801272,0.186603
15,26,original_vs_version2,50,2.718008,0.20169
15,26,original_vs_version3,50,2.72551,0.200571
15,26,version1_vs_version2,50,2.803536,0.192881
15,26,version1_vs_version3,50,2.80912,0.192365
15,26,version2_vs_version3,50,2.72155,0.205365
15,27,original_vs_version1,50,1.459738,0.136364
15,27,original_vs_version2,50,1.439072,0.139193
15,27,original_vs_version3,50,1.443115,0.139315
15,27,version1_vs_version2,50,1.453746,0.1368
15,27,version1_vs_version3,50,1.460988,0.138165
15,27,version2_vs_version3,50,1.434614,0.138973
15,28,original_vs_version1,50,2.084686,0.175265
15,28,original_vs_version2,50,2.065533,0.17506
15,28,original_vs_version3,50,2.055516,0.172102
15,28,version1_vs_version2,50,2.084383,0.173432
15,28,version1_vs_version3,50,2.075578,0.172276
15,28,version2_vs_version3,50,2.052022,0.171208
15,29,original_vs_version1,50,1.001177,0.11734
15,29,original_vs_version2,50,0.987259,0.123222
15,29,original_vs_version3,50,0.983935,0.121185
15,29,version1_vs_version2,50,0.994968,0.118817
15,29,version1_vs_version3,50,0.993135,0.117293
15,29,version2_vs_version3,50,0.976085,0.12324
15,30,original_vs_version1,50,1.755969,0.16434
15,30,original_vs_version2,50,1.761797,0.163486
15,30,original_vs_version3,50,1.756587,0.168387
15,30,version1_vs_version2,50,1.748729,0.163647
15,30,version1_vs_version3,50,1.747545,0.165299
15,30,version2_vs_version3,50,1.747788,0.168228
15,31,original_vs_version1,50,0.691166,0.177655
15,31,original_vs_version2,50,0.718742,0.175377
15,31,original_vs_version3,50,0.710873,0.170216
15,31,version1_vs_version2,50,0.685935,0.177543
15,31,version1_vs_version3,50,0.681918,0.174485
15,31,version2_vs_version3,50,0.705598,0.169305
15,32,original_vs_version1,50,1.347976,0.253943
15,32,original_vs_version2,50,1.412702,0.254135
15,32,original_vs_version3,50,1.406585,0.252135
15,32,version1_vs_version2,50,1.333632,0.25242
15,32,version1_vs_version3,50,1.329392,0.250567
15,32,version2_vs_version3,50,1.392101,0.248664
15,33,original_vs_version1,50,2.218703,0.200916
15,33,original_vs_version2,50,2.225484,0.209608
15,33,original_vs_version3,50,2.222552,0.20394
15,33,version1_vs_version2,50,2.207112,0.201955
15,33,version1_vs_version3,50,2.203391,0.200301
15,33,version2_vs_version3,50,2.209442,0.207668
15,34,original_vs_version1,50,1.827933,0.138642
15,34,original_vs_version2,50,1.791978,0.130863
15,34,original_vs_version3,50,1.783153,0.128573
15,34,version1_vs_version2,50,1.820594,0.131922
15,34,version1_vs_version3,50,1.821155,0.129198
15,34,version2_vs_version3,50,1.774827,0.125125
15,35,original_vs_version1,50,2.146118,0.151981
15,35,original_vs_version2,50,2.130374,0.156608
15,35,original_vs_version3,50,2.133283,0.150426
15,35,version1_vs_version2,50,2.136898,0.154828
15,35,version1_vs_version3,50,2.138064,0.151177
15,35,version2_vs_version3,50,2.122782,0.153678
15,36,original_vs_version1,50,2.082639,0.132466
15,36,original_vs_version2,50,2.092352,0.140038
15,36,original_vs_version3,50,2.093189,0.134491
15,36,version1_vs_version2,50,2.077117,0.132461
15,36,version1_vs_version3,50,2.081527,0.130438
15,36,version2_vs_version3,50,2.086953,0.138772
15,37,original_vs_version1,50,3.719883,0.139995
15,37,original_vs_version2,50,3.704474,0.142233
15,37,original_vs_version3,50,3.708794,0.132381
15,37,version1_vs_version2,50,3.712081,0.141587
15,37,version1_vs_version3,50,3.711881,0.135572
15,37,version2_vs_version3,50,3.700063,0.135785
15,38,original_vs_version1,50,1.688033,0.116997
15,38,original_vs_version2,50,1.649257,0.117692
15,38,original_vs_version3,50,1.658272,0.111622
15,38,version1_vs_version2,50,1.679716,0.121672
15,38,version1_vs_version3,50,1.677062,0.119458
15,38,version2_vs_version3,50,1.648422,0.115905
15,39,original_vs_version1,50,1.872301,0.196664
15,39,original_vs_version2,50,1.862977,0.209864
15,39,original_vs_version3,50,1.873549,0.201724
15,39,version1_vs_version2,50,1.867426,0.197617
15,39,version1_vs_version3,50,1.876106,0.19222
15,39,version2_vs_version3,50,1.867375,0.203641
16,0,original_vs_version1,50,4.9943,0.137535
16,0,original_vs_version2,50,4.946698,0.143492
16,0,original_vs_version3,50,4.953406,0.137365
16,0,version1_vs_version2,50,4.979585,0.141381
16,0,version1_vs_version3,50,4.98123,0.137827
16,0,version2_vs_version3,50,4.937067,0.141598
16,1,original_vs_version1,50,2.594995,0.252598
16,1,original_vs_version2,50,2.533423,0.266767
16,1,original_vs_version3,50,2.526639,0.270266
16,1,version1_vs_version2,50,2.582727,0.256916
16,1,version1_vs_version3,50,2.576908,0.262107
16,1,version2_vs_version3,50,2.51289,0.275789
16,2,original_vs_version1,50,2.009808,0.154378
16,2,original_vs_version2,50,1.963704,0.171009
16,2,original_vs_version3,50,1.950769,0.16019
16,2,version1_vs_version2,50,1.999362,0.153825
16,2,version1_vs_version3,50,1.993951,0.14648
16,2,version2_vs_version3,50,1.939814,0.160423
16,3,original_vs_version1,50,3.027952,0.182559
16,3,original_vs_version2,50,2.980854,0.198065
16,3,original_vs_version3,50,2.980211,0.191453
16,3,version1_vs_version2,50,3.019248,0.186166
16,3,version1_vs_version3,50,3.016383,0.182485
16,3,version2_vs_version3,50,2.969516,0.196094
16,4,original_vs_version1,50,2.31711,0.312511
16,4,original_vs_version2,50,2.252002,0.330285
16,4,original_vs_version3,50,2.254333,0.330892
16,4,version1_vs_version2,50,2.304569,0.314065
16,4,version1_vs_version3,50,2.300422,0.314074
16,4,version2_vs_version3,50,2.240978,0.332987
16,5,original_vs_version1,50,1.473874,0.153066
16,5,original_vs_version2,50,1.465571,0.154909
16,5,original_vs_version3,50,1.456427,0.156731
16,5,version1_vs_version2,50,1.474848,0.155768
16,5,version1_vs_version3,50,1.472269,0.157135
16,5,version2_vs_version3,50,1.456531,0.160135
16,6,original_vs_version1,50,1.481813,0.194692
16,6,original_vs_version2,50,1.466135,0.200876
16,6,original_vs_version3,50,1.456148,0.203049
16,6,version1_vs_version2,50,1.47844,0.197314
16,6,version1_vs_version3,50,1.471806,0.197938
16,6,version2_vs_version3,50,1.450723,0.205499
16,7,original_vs_version1,50,5.467787,0.249775
16,7,original_vs_version2,50,5.414103,0.257161
16,7,original_vs_version3,50,5.401247,0.254198
16,7,version1_vs_version2,50,5.462267,0.25723
16,7,version1_vs_version3,50,5.453386,0.254937
16,7,version2_vs_version3,50,5.393576,0.262971
16,8,original_vs_version1,50,1.307355,0.082217
16,8,original_vs_version2,50,1.250956,0.089228
16,8,original_vs_version3,50,1.288343,0.081643
16,8,version1_vs_version2,50,1.303295,0.081604
16,8,version1_vs_version3,50,1.315943,0.080789
16,8,version2_vs_version3,50,1.27628,0.081676
16,9,original_vs_version1,50,0.995829,0.108265
16,9,original_vs_version2,50,0.977922,0.111709
16,9,original_vs_version3,50,0.980029,0.108423
16,9,version1_vs_version2,50,0.994538,0.108206
16,9,version1_vs_version3,50,0.991249,0.106138
16,9,version2_vs_version3,50,0.977278,0.108622
16,10,original_vs_version1,50,2.193237,0.164685
16,10,original_vs_version2,50,2.161345,0.167698
16,10,original_vs_version3,50,2.174178,0.171193
16,10,version1_vs_version2,50,2.180463,0.162231
16,10,version1_vs_version3,50,2.192651,0.165231
16,10,version2_vs_version3,50,2.157398,0.170656
16,11,original_vs_version1,50,1.801595,0.227881
16,11,original_vs_version2,50,1.793976,0.228971
16,11,original_vs_version3,50,1.81472,0.234919
16,11,version1_vs_version2,50,1.798609,0.220493
16,11,version1_vs_version3,50,1.806936,0.230176
16,11,version2_vs_version3,50,1.809612,0.228675
16,12,original_vs_version1,50,2.391347,0.362734
16,12,original_vs_version2,50,2.388935,0.365076
16,12,original_vs_version3,50,2.392763,0.370957
16,12,version1_vs_version2,50,2.376026,0.356193
16,12,version1_vs_version3,50,2.386197,0.358489
16,12,version2_vs_version3,50,2.373324,0.365458
16,13,original_vs_version1,50,3.240524,0.22299
16,13,original_vs_version2,50,3.215217,0.22923
16,13,original_vs_version3,50,3.220506,0.235205
16,13,version1_vs_version2,50,3.230512,0.218668
16,13,version1_vs_version3,50,3.23412,0.225974
16,13,version2_vs_version3,50,3.206727,0.231434
16,14,original_vs_version1,50,2.040303,0.215515
16,14,original_vs_version2,50,2.036856,0.21908
16,14,original_vs_version3,50,2.033712,0.220787
16,14,version1_vs_version2,50,2.028373,0.209425
16,14,version1_vs_version3,50,2.028392,0.214014
16,14,version2_vs_version3,50,2.019116,0.216712
16,15,original_vs_version1,50,2.290175,0.179809
16,15,original_vs_version2,50,2.23843,0.183972
16,15,original_vs_version3,50,2.262998,0.190929
16,15,version1_vs_version2,50,2.286215,0.189294
16,15,version1_vs_version3,50,2.291295,0.19873
16,15,version2_vs_version3,50,2.255646,0.198907
16,16,original_vs_version1,50,2.853942,0.144785
16,16,original_vs_version2,50,2.875025,0.147303
16,16,original_vs_version3,50,2.865123,0.150528
16,16,version1_vs_version2,50,2.849632,0.148234
16,16,version1_vs_version3,50,2.844473,0.149199
16,16,version2_vs_version3,50,2.859343,0.154279
16,17,original_vs_version1,50,1.424408,0.228719
16,17,original_vs_version2,50,1.421286,0.234799
16,17,original_vs_version3,50,1.418161,0.2356
16,17,version1_vs_version2,50,1.416721,0.224863
16,17,version1_vs_version3,50,1.415455,0.225541
16,17,version2_vs_version3,50,1.409465,0.23186
16,18,original_vs_version1,50,3.64616,0.108256
16,18,original_vs_version2,50,3.654133,0.114391
16,18,original_vs_version3,50,3.651475,0.107051
16,18,version1_vs_version2,50,3.650038,0.113609
16,18,version1_vs_version3,50,3.648279,0.109824
16,18,version2_vs_version3,50,3.653464,0.113792
16,19,original_vs_version1,50,1.848906,0.211721
16,19,original_vs_version2,50,1.818483,0.216877
16,19,original_vs_version3,50,1.837146,0.218933
16,19,version1_vs_version2,50,1.847886,0.213754
16,19,version1_vs_version3,50,1.850905,0.213106
16,19,version2_vs_version3,50,1.833623,0.220935
16,20,original_vs_version1,50,2.494007,0.157123
16,20,original_vs_version2,50,2.482566,0.16495
16,20,original_vs_version3,50,2.491355,0.165404
16,20,version1_vs_version2,50,2.488818,0.162103
16,20,version1_vs_version3,50,2.491865,0.162919
16,20,version2_vs_version3,50,2.481917,0.171511
16,21,original_vs_version1,50,2.233209,0.151421
16,21,original_vs_version2,50,2.206062,0.161901
16,21,original_vs_version3,50,2.210064,0.159936
16,21,version1_vs_version2,50,2.233622,0.150225
16,21,version1_vs_version3,50,2.229754,0.153951
16,21,version2_vs_version3,50,2.208272,0.159318
16,22,original_vs_version1,50,3.684495,0.158587
16,22,original_vs_version2,50,3.673512,0.163476
16,22,original_vs_version3,50,3.676843,0.161037
16,22,version1_vs_version2,50,3.681806,0.153921
16,22,version1_vs_version3,50,3.677457,0.162026
16,22,version2_vs_version3,50,3.672066,0.157075
16,23,original_vs_version1,50,2.228672,0.15777
16,23,original_vs_version2,50,2.221171,0.1651
16,23,original_vs_version3,50,2.228999,0.158818
16,23,version1_vs_version2,50,2.225301,0.160513
16,23,version1_vs_version3,50,2.228996,0.158455
16,23,version2_vs_version3,50,2.2231,0.163182
16,24,original_vs_version1,50,1.859508,0.153878
16,24,original_vs_version2,50,1.836428,0.160974
16,24,original_vs_version3,50,1.853597,0.157929
16,24,version1_vs_version2,50,1.862566,0.154722
16,24,version1_vs_version3,50,1.868437,0.154509
16,24,version2_vs_version3,50,1.851178,0.160454
16,25,original_vs_version1,50,2.551943,0.297048
16,25,original_vs_version2,50,2.560638,0.32253
16,25,original_vs_version3,50,2.564039,0.317001
16,25,version1_vs_version2,50,2.54785,0.29347
16,25,version1_vs_version3,50,2.552218,0.291167
16,25,version2_vs_version3,50,2.556345,0.311683
16,26,original_vs_version1,50,2.954631,0.171683
16,26,original_vs_version2,50,3.006037,0.19508
16,26,original_vs_version3,50,3.006417,0.178594
16,26,version1_vs_version2,50,2.942173,0.180246
16,26,version1_vs_version3,50,2.95291,0.168589
16,26,version2_vs_version3,50,2.993236,0.186863
16,27,original_vs_version1,50,2.7103,0.299049
16,27,original_vs_version2,50,2.711398,0.293852
16,27,original_vs_version3,50,2.705397,0.29361
16,27,version1_vs_version2,50,2.707591,0.293317
16,27,version1_vs_version3,50,2.71479,0.293813
16,27,version2_vs_version3,50,2.701836,0.288646
16,28,original_vs_version1,50,2.529687,0.180828
16,28,original_vs_version2,50,2.524514,0.188644
16,28,original_vs_version3,50,2.530128,0.195339
16,28,version1_vs_version2,50,2.526475,0.180009
16,28,version1_vs_version3,50,2.534995,0.185994
16,28,version2_vs_version3,50,2.523741,0.196196
16,29,original_vs_version1,50,1.940031,0.225308
16,29,original_vs_version2,50,1.937029,0.231662
16,29,original_vs_version3,50,1.935109,0.230248
16,29,version1_vs_version2,50,1.936991,0.228548
16,29,version1_vs_version3,50,1.940608,0.229499
16,29,version2_vs_version3,50,1.929763,0.235336
16,30,original_vs_version1,50,1.530222,0.175552
16,30,original_vs_version2,50,1.502182,0.168127
16,30,original_vs_version3,50,1.508069,0.171326
16,30,version1_vs_version2,50,1.531007,0.177911
16,30,version1_vs_version3,50,1.534772,0.182082
16,30,version2_vs_version3,50,1.506469,0.174362
16,31,original_vs_version1,50,1.048444,0.220862
16,31,original_vs_version2,50,1.040459,0.21011
16,31,original_vs_version3,50,1.036368,0.221074
16,31,version1_vs_version2,50,1.046586,0.220985
16,31,version1_vs_version3,50,1.049172,0.232538
16,31,version2_vs_version3,50,1.033772,0.221707
16,32,original_vs_version1,50,1.64986,0.161963
16,32,original_vs_version2,50,1.67584,0.171274
16,32,original_vs_version3,50,1.663445,0.152492
16,32,version1_vs_version2,50,1.631287,0.162036
16,32,version1_vs_version3,50,1.617545,0.150343
16,32,version2_vs_version3,50,1.643897,0.152754
16,33,original_vs_version1,50,2.068911,0.18378
16,33,original_vs_version2,50,2.060271,0.198374
16,33,original_vs_version3,50,2.066296,0.200767
16,33,version1_vs_version2,50,2.061356,0.187288
16,33,version1_vs_version3,50,2.069358,0.192952
16,33,version2_vs_version3,50,2.055629,0.204528
16,34,original_vs_version1,50,1.438427,0.206606
16,34,original_vs_version2,50,1.403073,0.215074
16,34,original_vs_version3,50,1.433206,0.219751
16,34,version1_vs_version2,50,1.435547,0.211398
16,34,version1_vs_version3,50,1.444452,0.215103
16,34,version2_vs_version3,50,1.42771,0.223907
16,35,original_vs_version1,50,0.597371,0.298237
16,35,original_vs_version2,50,0.588207,0.29887
16,35,original_vs_version3,50,0.580274,0.295669
16,35,version1_vs_version2,50,0.597134,0.296641
16,35,version1_vs_version3,50,0.595777,0.295107
16,35,version2_vs_version3,50,0.580045,0.294565
16,36,original_vs_version1,50,2.820662,0.426609
16,36,original_vs_version2,50,2.784045,0.420128
16,36,original_vs_version3,50,2.768878,0.423018
16,36,version1_vs_version2,50,2.81274,0.430407
16,36,version1_vs_version3,50,2.810242,0.431803
16,36,version2_vs_version3,50,2.759782,0.427159
16,37,original_vs_version1,50,3.725764,0.492177
16,37,original_vs_version2,50,3.685294,0.491703
16,37,original_vs_version3,50,3.660127,0.499661
16,37,version1_vs_version2,50,3.714151,0.496521
16,37,version1_vs_version3,50,3.711361,0.498116
16,37,version2_vs_version3,50,3.647287,0.503998
16,38,original_vs_version1,50,2.297965,0.244819
16,38,original_vs_version2,50,2.267608,0.245285
16,38,original_vs_version3,50,2.263022,0.241093
16,38,version1_vs_version2,50,2.286384,0.242826
16,38,version1_vs_version3,50,2.287983,0.237103
16,38,version2_vs_version3,50,2.249335,0.238228
16,39,original_vs_version1,50,2.46498,0.36664
16,39,original_vs_version2,50,2.437164,0.368655
16,39,original_vs_version3,50,2.416425,0.369324
16,39,version1_vs_version2,50,2.454584,0.371757
16,39,version1_vs_version3,50,2.45326,0.370838
16,39,version2_vs_version3,50,2.4055,0.375511
17,0,original_vs_version1,50,3.969092,0.305737
17,0,original_vs_version2,50,3.968755,0.314638
17,0,original_vs_version3,50,3.963405,0.312
17,0,version1_vs_version2,50,3.969523,0.300651
17,0,version1_vs_version3,50,3.971056,0.298236
17,0,version2_vs_version3,50,3.961681,0.306303
17,1,original_vs_version1,50,3.266837,0.255514
17,1,original_vs_version2,50,3.268312,0.254724
17,1,original_vs_version3,50,3.259834,0.256693
17,1,version1_vs_version2,50,3.268418,0.247955
17,1,version1_vs_version3,50,3.258224,0.24986
17,1,version2_vs_version3,50,3.258242,0.249853
17,2,original_vs_version1,50,2.787463,0.292534
17,2,original_vs_version2,50,2.779304,0.300343
17,2,original_vs_version3,50,2.782703,0.298806
17,2,version1_vs_version2,50,2.778269,0.276904
17,2,version1_vs_version3,50,2.784305,0.274584
17,2,version2_vs_version3,50,2.769501,0.284034
17,3,original_vs_version1,50,2.430406,0.233157
17,3,original_vs_version2,50,2.421728,0.237293
17,3,original_vs_version3,50,2.419314,0.235415
17,3,version1_vs_version2,50,2.430731,0.230067
17,3,version1_vs_version3,50,2.429196,0.227851
17,3,version2_vs_version3,50,2.416603,0.23183
17,4,original_vs_version1,50,3.027309,0.24711
17,4,original_vs_version2,50,3.025603,0.25912
17,4,original_vs_version3,50,3.01775,0.258987
17,4,version1_vs_version2,50,3.023528,0.243712
17,4,version1_vs_version3,50,3.021979,0.242689
17,4,version2_vs_version3,50,3.011302,0.256738
17,5,original_vs_version1,50,2.056026,0.353032
17,5,original_vs_version2,50,2.041665,0.358906
17,5,original_vs_version3,50,2.015109,0.356819
17,5,version1_vs_version2,50,2.050574,0.355887
17,5,version1_vs_version3,50,2.039365,0.351366
17,5,version2_vs_version3,50,2.009172,0.360546
17,6,original_vs_version1,50,1.401883,0.399063
17,6,original_vs_version2,50,1.382984,0.396933
17,6,original_vs_version3,50,1.358954,0.395203
17,6,version1_vs_version2,50,1.402986,0.406379
17,6,version1_vs_version3,50,1.388945,0.403049
17,6,version2_vs_version3,50,1.359565,0.402942
17,7,original_vs_version1,50,0.541223,0.450211
17,7,original_vs_version2,50,0.522425,0.451491
17,7,original_vs_version3,50,0.503177,0.442693
17,7,version1_vs_version2,50,0.541163,0.459955
17,7,version1_vs_version3,50,0.526495,0.452008
17,7,version2_vs_version3,50,0.503197,0.453235
17,8,original_vs_version1,50,2.300383,0.518091
17,8,original_vs_version2,50,2.259654,0.521158
17,8,original_vs_version3,50,2.231714,0.519447
17,8,version1_vs_version2,50,2.292274,0.52839
17,8,version1_vs_version3,50,2.279821,0.523803
17,8,version2_vs_version3,50,2.22295,0.53043
17,9,original_vs_version1,50,2.125268,0.481227
17,9,original_vs_version2,50,2.07958,0.489414
17,9,original_vs_version3,50,2.045084,0.4891
17,9,version1_vs_version2,50,2.116466,0.490642
17,9,version1_vs_version3,50,2.101381,0.486729
17,9,version2_vs_version3,50,2.036163,0.49946
17,10,original_vs_version1,50,2.079346,0.160982
17,10,original_vs_version2,50,2.074966,0.164824
17,10,original_vs_version3,50,2.063451,0.164468
17,10,version1_vs_version2,50,2.079,0.163497
17,10,version1_vs_version3,50,2.072728,0.161544
17,10,version2_vs_version3,50,2.061466,0.167332
17,11,original_vs_version1,50,1.60642,0.212183
17,11,original_vs_version2,50,1.603616,0.214531
17,11,original_vs_version3,50,1.587112,0.220472
17,11,version1_vs_version2,50,1.609259,0.216456
17,11,version1_vs_version3,50,1.600236,0.221573
17,11,version2_vs_version3,50,1.589318,0.224485
17,12,original_vs_version1,50,2.142188,0.290836
17,12,original_vs_version2,50,2.127395,0.292243
17,12,original_vs_version3,50,2.110924,0.301378
17,12,version1_vs_version2,50,2.134491,0.291777
17,12,version1_vs_version3,50,2.126971,0.29705
17,12,version2_vs_version3,50,2.101695,0.305415
17,13,original_vs_version1,50,2.186918,0.284872
17,13,original_vs_version2,50,2.177359,0.283917
17,13,original_vs_version3,50,2.1736,0.294627
17,13,version1_vs_version2,50,2.187626,0.28574
17,13,version1_vs_version3,50,2.188875,0.29303
17,13,version2_vs_version3,50,2.17251,0.296158
17,14,original_vs_version1,50,2.177665,0.182125
17,14,original_vs_version2,50,2.176938,0.186828
17,14,original_vs_version3,50,2.169545,0.194767
17,14,version1_vs_version2,50,2.174669,0.186097
17,14,version1_vs_version3,50,2.170438,0.19323
17,14,version2_vs_version3,50,2.164835,0.202005
17,15,original_vs_version1,50,1.654302,0.107813
17,15,original_vs_version2,50,1.494261,0.108644
17,15,original_vs_version3,50,1.568905,0.110813
17,15,version1_vs_version2,50,1.651607,0.111012
17,15,version1_vs_version3,50,1.673834,0.117438
17,15,version2_vs_version3,50,1.547632,0.107008
17,16,original_vs_version1,50,0.710504,0.109121
17,16,original_vs_version2,50,0.726679,0.109125
17,16,original_vs_version3,50,0.722425,0.110841
17,16,version1_vs_version2,50,0.708382,0.10957
17,16,version1_vs_version3,50,0.709851,0.111286
17,16,version2_vs_version3,50,0.720288,0.111998
17,17,original_vs_version1,50,2.187007,0.09288
17,17,original_vs_version2,50,2.110268,0.104586
17,17,original_vs_version3,50,2.13402,0.106176
17,17,version1_vs_version2,50,2.187806,0.092094
17,17,version1_vs_version3,50,2.199127,0.093837
17,17,version2_vs_version3,50,2.128056,0.105944
17,18,original_vs_version1,50,2.255069,0.147164
17,18,original_vs_version2,50,2.231971,0.150376
17,18,original_vs_version3,50,2.232669,0.146961
17,18,version1_vs_version2,50,2.245043,0.144824
17,18,version1_vs_version3,50,2.248896,0.142742
17,18,version2_vs_version3,50,2.220372,0.146901
17,19,original_vs_version1,50,3.547549,0.146634
17,19,original_vs_version2,50,3.490045,0.152835
17,19,original_vs_version3,50,3.502845,0.14768
17,19,version1_vs_version2,50,3.541753,0.148647
17,19,version1_vs_version3,50,3.54532,0.145876
17,19,version2_vs_version3,50,3.49425,0.150377
17,20,original_vs_version1,50,3.387066,0.329488
17,20,original_vs_version2,50,3.392689,0.333019
17,20,original_vs_version3,50,3.3783,0.334812
17,20,version1_vs_version2,50,3.380245,0.326382
17,20,version1_vs_version3,50,3.376003,0.325417
17,20,version2_vs_version3,50,3.369901,0.330248
17,21,original_vs_version1,50,2.501594,0.225535
17,21,original_vs_version2,50,2.4588,0.219388
17,21,original_vs_version3,50,2.454498,0.222939
17,21,version1_vs_version2,50,2.501711,0.224874
17,21,version1_vs_version3,50,2.499681,0.224907
17,21,version2_vs_version3,50,2.453082,0.222549
17,22,original_vs_version1,50,3.237807,0.239873
17,22,original_vs_version2,50,3.224839,0.249166
17,22,original_vs_version3,50,3.215226,0.247918
17,22,version1_vs_version2,50,3.235169,0.240337
17,22,version1_vs_version3,50,3.239539,0.240113
17,22,version2_vs_version3,50,3.211551,0.248491
17,23,original_vs_version1,50,2.974727,0.296875
17,23,original_vs_version2,50,2.984981,0.3147
17,23,original_vs_version3,50,2.963661,0.31962
17,23,version1_vs_version2,50,2.972133,0.304332
17,23,version1_vs_version3,50,2.966025,0.304218
17,23,version2_vs_version3,50,2.959649,0.326216
17,24,original_vs_version1,50,3.130134,0.188142
17,24,original_vs_version2,50,3.119893,0.200087
17,24,original_vs_version3,50,3.120709,0.203279
17,24,version1_vs_version2,50,3.125691,0.189104
17,24,version1_vs_version3,50,3.128607,0.193198
17,24,version2_vs_version3,50,3.11427,0.203206
17,25,original_vs_version1,50,1.193899,0.106262
17,25,original_vs_version2,50,1.164064,0.108411
17,25,original_vs_version3,50,1.177235,0.102296
17,25,version1_vs_version2,50,1.1882,0.106389
17,25,version1_vs_version3,50,1.187627,0.101079
17,25,version2_vs_version3,50,1.167463,0.101705
17,26,original_vs_version1,50,2.553118,0.511338
17,26,original_vs_version2,50,2.499469,0.519609
17,26,original_vs_version3,50,2.472837,0.52072
17,26,version1_vs_version2,50,2.543434,0.521401
17,26,version1_vs_version3,50,2.530658,0.519691
17,26,version2_vs_version3,50,2.461605,0.531288
17,27,original_vs_version1,50,1.348267,0.098972
17,27,original_vs_version2,50,1.302693,0.104243
17,27,original_vs_version3,50,1.317119,0.102424
17,27,version1_vs_version2,50,1.339317,0.097347
17,27,version1_vs_version3,50,1.344275,0.097326
17,27,version2_vs_version3,50,1.304124,0.101853
17,28,original_vs_version1,50,2.73453,0.252461
17,28,original_vs_version2,50,2.661291,0.265946
17,28,original_vs_version3,50,2.656852,0.262693
17,28,version1_vs_version2,50,2.708111,0.246468
17,28,version1_vs_version3,50,2.701591,0.244445
17,28,version2_vs_version3,50,2.627975,0.258008
17,29,original_vs_version1,50,1.590229,0.301607
17,29,original_vs_version2,50,1.575874,0.310423
17,29,original_vs_version3,50,1.566709,0.31049
17,29,version1_vs_version2,50,1.585837,0.30709
17,29,version1_vs_version3,50,1.581912,0.305976
17,29,version2_vs_version3,50,1.560738,0.315728
17,30,original_vs_version1,50,3.192795,0.228733
17,30,original_vs_version2,50,3.18938,0.23417
17,30,original_vs_version3,50,3.170369,0.248387
17,30,version1_vs_version2,50,3.193167,0.224304
17,30,version1_vs_version3,50,3.187817,0.233437
17,30,version2_vs_version3,50,3.169082,0.242445
17,31,original_vs_version1,50,2.744334,0.250273
17,31,original_vs_version2,50,2.721061,0.254982
17,31,original_vs_version3,50,2.730378,0.253419
17,31,version1_vs_version2,50,2.735452,0.255416
17,31,version1_vs_version3,50,2.740031,0.25452
17,31,version2_vs_version3,50,2.716846,0.259664
17,32,original_vs_version1,50,3.573492,0.150172
17,32,original_vs_version2,50,3.570756,0.160835
17,32,original_vs_version3,50,3.57588,0.153784
17,32,version1_vs_version2,50,3.568596,0.148391
17,32,version1_vs_version3,50,3.567389,0.147299
17,32,version2_vs_version3,50,3.567306,0.154853
17,33,original_vs_version1,50,2.43095,0.152572
17,33,original_vs_version2,50,2.393079,0.160252
17,33,original_vs_version3,50,2.403948,0.162314
17,33,version1_vs_version2,50,2.434159,0.146872
17,33,version1_vs_version3,50,2.42963,0.154296
17,33,version2_vs_version3,50,2.402716,0.158198
17,34,original_vs_version1,50,3.65317,0.160259
17,34,original_vs_version2,50,3.613073,0.184712
17,34,original_vs_version3,50,3.635076,0.180911
17,34,version1_vs_version2,50,3.647603,0.155788
17,34,version1_vs_version3,50,3.654481,0.161003
17,34,version2_vs_version3,50,3.622613,0.180795
17,35,original_vs_version1,50,2.655088,0.095235
17,35,original_vs_version2,50,2.652796,0.102144
17,35,original_vs_version3,50,2.653379,0.104303
17,35,version1_vs_version2,50,2.653103,0.094635
17,35,version1_vs_version3,50,2.65393,0.093042
17,35,version2_vs_version3,50,2.649217,0.102716
17,36,original_vs_version1,50,2.686492,0.26174
17,36,original_vs_version2,50,2.727059,0.259761
17,36,original_vs_version3,50,2.707689,0.262872
17,36,version1_vs_version2,50,2.68782,0.260192
17,36,version1_vs_version3,50,2.681223,0.260922
17,36,version2_vs_version3,50,2.707667,0.26166
17,37,original_vs_version1,50,2.291095,0.188462
17,37,original_vs_version2,50,2.323537,0.191144
17,37,original_vs_version3,50,2.32013,0.189133
17,37,version1_vs_version2,50,2.294956,0.187041
17,37,version1_vs_version3,50,2.294095,0.185867
17,37,version2_vs_version3,50,2.322597,0.188755
17,38,original_vs_version1,50,3.287976,0.155663
17,38,original_vs_version2,50,3.297298,0.166601
17,38,original_vs_version3,50,3.294922,0.163426
17,38,version1_vs_version2,50,3.279774,0.152971
17,38,version1_vs_version3,50,3.281466,0.151408
17,38,version2_vs_version3,50,3.284472,0.161941
17,39,original_vs_version1,50,2.470815,0.23754
17,39,original_vs_version2,50,2.472189,0.236409
17,39,original_vs_version3,50,2.469723,0.237935
17,39,version1_vs_version2,50,2.466421,0.229269
17,39,version1_vs_version3,50,2.471285,0.232442
17,39,version2_vs_version3,50,2.463735,0.230827
18,0,original_vs_version1,50,0.28396,0.129754
18,0,original_vs_version2,50,0.290582,0.132965
18,0,original_vs_version3,50,0.285018,0.127764
18,0,version1_vs_version2,50,0.283716,0.13094
18,0,version1_vs_version3,50,0.280396,0.126207
18,0,version2_vs_version3,50,0.284781,0.129524
18,1,original_vs_version1,50,2.138337,0.581697
18,1,original_vs_version2,50,2.142331,0.593693
18,1,original_vs_version3,50,2.120037,0.597196
18,1,version1_vs_version2,50,2.139547,0.589841
18,1,version1_vs_version3,50,2.132912,0.59123
18,1,version2_vs_version3,50,2.121385,0.605286
18,2,original_vs_version1,50,2.37771,0.223544
18,2,original_vs_version2,50,2.345665,0.233527
18,2,original_vs_version3,50,2.357268,0.236718
18,2,version1_vs_version2,50,2.37477,0.222315
18,2,version1_vs_version3,50,2.377203,0.226264
18,2,version2_vs_version3,50,2.350838,0.23542
18,3,original_vs_version1,50,3.204298,0.398796
18,3,original_vs_version2,50,3.19998,0.409951
18,3,original_vs_version3,50,3.182881,0.411847
18,3,version1_vs_version2,50,3.205418,0.40578
18,3,version1_vs_version3,50,3.202435,0.403514
18,3,version2_vs_version3,50,3.183284,0.417944
18,4,original_vs_version1,50,4.669106,0.354639
18,4,original_vs_version2,50,4.648423,0.362356
18,4,original_vs_version3,50,4.64455,0.370285
18,4,version1_vs_version2,50,4.666828,0.350455
18,4,version1_vs_version3,50,4.667158,0.354679
18,4,version2_vs_version3,50,4.639436,0.366095
18,5,original_vs_version1,50,2.49346,0.111607
18,5,original_vs_version2,50,2.445621,0.120529
18,5,original_vs_version3,50,2.450011,0.117638
18,5,version1_vs_version2,50,2.47884,0.106832
18,5,version1_vs_version3,50,2.478879,0.105009
18,5,version2_vs_version3,50,2.431641,0.112577
18,6,original_vs_version1,50,2.147811,0.141178
18,6,original_vs_version2,50,2.10492,0.155468
18,6,original_vs_version3,50,2.10273,0.153795
18,6,version1_vs_version2,50,2.131828,0.134302
18,6,version1_vs_version3,50,2.128451,0.13172
18,6,version2_vs_version3,50,2.081346,0.145915
18,7,original_vs_version1,50,1.689347,0.129471
18,7,original_vs_version2,50,1.627777,0.108946
18,7,original_vs_version3,50,1.652803,0.110897
18,7,version1_vs_version2,50,1.668718,0.121467
18,7,version1_vs_version3,50,1.675603,0.126484
18,7,version2_vs_version3,50,1.623839,0.104987
18,8,original_vs_version1,50,1.533469,0.069726
18,8,original_vs_version2,50,1.473448,0.071649
18,8,original_vs_version3,50,1.500815,0.068074
18,8,version1_vs_version2,50,1.525704,0.064041
18,8,version1_vs_version3,50,1.533005,0.063732
18,8,version2_vs_version3,50,1.486003,0.063804
18,9,original_vs_version1,50,1.323768,0.099153
18,9,original_vs_version2,50,1.269187,0.092826
18,9,original_vs_version3,50,1.283765,0.086717
18,9,version1_vs_version2,50,1.312808,0.098748
18,9,version1_vs_version3,50,1.317561,0.095755
18,9,version2_vs_version3,50,1.26695,0.087788
18,10,original_vs_version1,50,4.061991,0.277528
18,10,original_vs_version2,50,4.087722,0.280936
18,10,original_vs_version3,50,4.075045,0.281276
18,10,version1_vs_version2,50,4.052608,0.280447
18,10,version1_vs_version3,50,4.05086,0.276763
18,10,version2_vs_version3,50,4.06488,0.282652
18,11,original_vs_version1,50,3.709951,0.212316
18,11,original_vs_version2,50,3.685409,0.219696
18,11,original_vs_version3,50,3.697892,0.220112
18,11,version1_vs_version2,50,3.69756,0.209426
18,11,version1_vs_version3,50,3.699918,0.214123
18,11,version2_vs_version3,50,3.682521,0.217233
18,12,original_vs_version1,50,2.75567,0.223288
18,12,original_vs_version2,50,2.739648,0.228955
18,12,original_vs_version3,50,2.732375,0.226674
18,12,version1_vs_version2,50,2.747399,0.224138
18,12,version1_vs_version3,50,2.748201,0.220991
18,12,version2_vs_version3,50,2.721539,0.228894
18,13,original_vs_version1,50,2.429505,0.161263
18,13,original_vs_version2,50,2.436045,0.174283
18,13,original_vs_version3,50,2.417805,0.170238
18,13,version1_vs_version2,50,2.435179,0.170705
18,13,version1_vs_version3,50,2.42894,0.168498
18,13,version2_vs_version3,50,2.422952,0.181265
18,14,original_vs_version1,50,3.16443,0.157686
18,14,original_vs_version2,50,3.140431,0.167234
18,14,original_vs_version3,50,3.122843,0.174755
18,14,version1_vs_version2,50,3.156588,0.160787
18,14,version1_vs_version3,50,3.152187,0.163413
18,14,version2_vs_version3,50,3.113895,0.179764
18,15,original_vs_version1,50,3.073142,0.169114
18,15,original_vs_version2,50,3.053018,0.17842
18,15,original_vs_version3,50,3.072822,0.179782
18,15,version1_vs_version2,50,3.066296,0.159888
18,15,version1_vs_version3,50,3.074019,0.161981
18,15,version2_vs_version3,50,3.063342,0.17219
18,16,original_vs_version1,50,3.721599,0.228338
18,16,original_vs_version2,50,3.683146,0.234959
18,16,original_vs_version3,50,3.702973,0.240695
18,16,version1_vs_version2,50,3.716087,0.217235
18,16,version1_vs_version3,50,3.729269,0.220588
18,16,version2_vs_version3,50,3.694674,0.233571
18,17,original_vs_version1,50,5.900162,0.399442
18,17,original_vs_version2,50,5.89157,0.414027
18,17,original_vs_version3,50,5.881254,0.418388
18,17,version1_vs_version2,50,5.889934,0.39859
18,17,version1_vs_version3,50,5.882425,0.405435
18,17,version2_vs_version3,50,5.870143,0.417027
18,18,original_vs_version1,50,3.700576,0.211529
18,18,original_vs_version2,50,3.672922,0.224099
18,18,original_vs_version3,50,3.691375,0.225517
18,18,version1_vs_version2,50,3.689064,0.202197
18,18,version1_vs_version3,50,3.695613,0.201947
18,18,version2_vs_version3,50,3.67698,0.218403
18,19,original_vs_version1,50,4.553817,0.278079
18,19,original_vs_version2,50,4.514702,0.289201
18,19,original_vs_version3,50,4.525531,0.286018
18,19,version1_vs_version2,50,4.540316,0.260937
18,19,version1_vs_version3,50,4.545838,0.257277
18,19,version2_vs_version3,50,4.50882,0.272587
18,20,original_vs_version1,50,0.322487,0.085652
18,20,original_vs_version2,50,0.311577,0.086958
18,20,original_vs_version3,50,0.311191,0.087272
18,20,version1_vs_version2,50,0.310023,0.080553
18,20,version1_vs_version3,50,0.310858,0.081597
18,20,version2_vs_version3,50,0.297837,0.082805
18,21,original_vs_version1,50,1.141261,0.342145
18,21,original_vs_version2,50,1.088774,0.349289
18,21,original_vs_version3,50,1.07855,0.355494
18,21,version1_vs_version2,50,1.142162,0.347678
18,21,version1_vs_version3,50,1.139332,0.353375
18,21,version2_vs_version3,50,1.078388,0.360946
18,22,original_vs_version1,50,1.098541,0.50181
18,22,original_vs_version2,50,1.060392,0.492861
18,22,original_vs_version3,50,1.032755,0.493355
18,22,version1_vs_version2,50,1.091338,0.507765
18,22,version1_vs_version3,50,1.07437,0.508884
18,22,version2_vs_version3,50,1.025479,0.500378
18,23,original_vs_version1,50,1.714275,0.288372
18,23,original_vs_version2,50,1.679948,0.300259
18,23,original_vs_version3,50,1.658837,0.291094
18,23,version1_vs_version2,50,1.716176,0.291408
18,23,version1_vs_version3,50,1.709236,0.288173
18,23,version2_vs_version3,50,1.660253,0.29499
18,24,original_vs_version1,50,1.502994,0.288375
18,24,original_vs_version2,50,1.46474,0.297265
18,24,original_vs_version3,50,1.444109,0.298793
18,24,version1_vs_version2,50,1.494562,0.296731
18,24,version1_vs_version3,50,1.483443,0.297885
18,24,version2_vs_version3,50,1.434504,0.307476
18,25,original_vs_version1,50,2.238543,0.305179
18,25,original_vs_version2,50,2.241883,0.305154
18,25,original_vs_version3,50,2.225258,0.313239
18,25,version1_vs_version2,50,2.23124,0.300478
18,25,version1_vs_version3,50,2.222807,0.303081
18,25,version2_vs_version3,50,2.216709,0.307091
18,26,original_vs_version1,50,2.569078,0.18168
18,26,original_vs_version2,50,2.556223,0.178942
18,26,original_vs_version3,50,2.544832,0.180676
18,26,version1_vs_version2,50,2.560972,0.18038
18,26,version1_vs_version3,50,2.55599,0.180591
18,26,version2_vs_version3,50,2.535365,0.181229
18,27,original_vs_version1,50,2.010584,0.265612
18,27,original_vs_version2,50,2.004407,0.260926
18,27,original_vs_version3,50,1.999983,0.275834
18,27,version1_vs_version2,50,2.009513,0.264879
18,27,version1_vs_version3,50,2.009543,0.279263
18,27,version2_vs_version3,50,1.99699,0.275847
18,28,original_vs_version1,50,1.886403,0.400456
18,28,original_vs_version2,50,1.878671,0.394453
18,28,original_vs_version3,50,1.862115,0.399261
18,28,version1_vs_version2,50,1.877565,0.401557
18,28,version1_vs_version3,50,1.871146,0.402929
18,28,version2_vs_version3,50,1.852854,0.399638
18,29,original_vs_version1,50,2.736057,0.232733
18,29,original_vs_version2,50,2.748874,0.236916
18,29,original_vs_version3,50,2.731482,0.240038
18,29,version1_vs_version2,50,2.732937,0.232143
18,29,version1_vs_version3,50,2.721948,0.232356
18,29,version2_vs_version3,50,2.726611,0.239895
18,30,original_vs_version1,50,1.445727,0.441355
18,30,original_vs_version2,50,1.442106,0.444521
18,30,original_vs_version3,50,1.428666,0.446001
18,30,version1_vs_version2,50,1.449028,0.448376
18,30,version1_vs_version3,50,1.442999,0.449782
18,30,version2_vs_version3,50,1.430946,0.453576
18,31,original_vs_version1,50,1.282577,0.298839
18,31,original_vs_version2,50,1.259305,0.300508
18,31,original_vs_version3,50,1.25403,0.30288
18,31,version1_vs_version2,50,1.281743,0.30282
18,31,version1_vs_version3,50,1.281727,0.304305
18,31,version2_vs_version3,50,1.251738,0.307317
18,32,original_vs_version1,50,0.887477,0.298687
18,32,original_vs_version2,50,0.869725,0.298367
18,32,original_vs_version3,50,0.87609,0.304062
18,32,version1_vs_version2,50,0.881923,0.302957
18,32,version1_vs_version3,50,0.890177,0.308261
18,32,version2_vs_version3,50,0.868827,0.308943
18,33,original_vs_version1,50,1.6477,0.155948
18,33,original_vs_version2,50,1.645905,0.15514
18,33,original_vs_version3,50,1.633269,0.161064
18,33,version1_vs_version2,50,1.649242,0.158076
18,33,version1_vs_version3,50,1.647406,0.163118
18,33,version2_vs_version3,50,1.634081,0.163737
18,34,original_vs_version1,50,1.194888,0.482962
18,34,original_vs_version2,50,1.206052,0.488589
18,34,original_vs_version3,50,1.18693,0.486351
18,34,version1_vs_version2,50,1.189127,0.492888
18,34,version1_vs_version3,50,1.179832,0.490463
18,34,version2_vs_version3,50,1.181169,0.497124
18,35,original_vs_version1,50,4.759496,0.156294
18,35,original_vs_version2,50,4.732516,0.164233
18,35,original_vs_version3,50,4.73173,0.159622
18,35,version1_vs_version2,50,4.751687,0.160784
18,35,version1_vs_version3,50,4.752081,0.158577
18,35,version2_vs_version3,50,4.721897,0.167353
18,36,original_vs_version1,50,3.268892,0.13506
18,36,original_vs_version2,50,3.245774,0.144021
18,36,original_vs_version3,50,3.237686,0.14289
18,36,version1_vs_version2,50,3.259425,0.136249
18,36,version1_vs_version3,50,3.252215,0.13542
18,36,version2_vs_version3,50,3.225515,0.147223
18,37,original_vs_version1,50,3.116193,0.174023
18,37,original_vs_version2,50,3.118791,0.173632
18,37,original_vs_version3,50,3.105932,0.173807
18,37,version1_vs_version2,50,3.107539,0.174538
18,37,version1_vs_version3,50,3.10399,0.170678
18,37,version2_vs_version3,50,3.096201,0.175526
18,38,original_vs_version1,50,3.804312,0.206762
18,38,original_vs_version2,50,3.769854,0.205379
18,38,original_vs_version3,50,3.761773,0.197142
18,38,version1_vs_version2,50,3.795773,0.20943
18,38,version1_vs_version3,50,3.792379,0.201686
18,38,version2_vs_version3,50,3.751282,0.201137
18,39,original_vs_version1,50,3.036007,0.212138
18,39,original_vs_version2,50,3.001693,0.217293
18,39,original_vs_version3,50,3.004504,0.214885
18,39,version1_vs_version2,50,3.023898,0.203166
18,39,version1_vs_version3,50,3.018475,0.202174
18,39,version2_vs_version3,50,2.989205,0.2079
19,0,original_vs_version1,50,2.984181,0.183845
19,0,original_vs_version2,50,2.963513,0.18296
19,0,original_vs_version3,50,2.956135,0.190259
19,0,version1_vs_version2,50,2.974422,0.185291
19,0,version1_vs_version3,50,2.972242,0.190799
19,0,version2_vs_version3,50,2.945253,0.193302
19,1,original_vs_version1,50,2.6335,0.224843
19,1,original_vs_version2,50,2.620496,0.224143
19,1,original_vs_version3,50,2.607204,0.224796
19,1,version1_vs_version2,50,2.630889,0.228377
19,1,version1_vs_version3,50,2.624706,0.226994
19,1,version2_vs_version3,50,2.603356,0.2283
19,2,original_vs_version1,50,2.534229,0.172283
19,2,original_vs_version2,50,2.483226,0.175968
19,2,original_vs_version3,50,2.503499,0.173181
19,2,version1_vs_version2,50,2.525706,0.173051
19,2,version1_vs_version3,50,2.534229,0.175359
19,2,version2_vs_version3,50,2.492784,0.176243
19,3,original_vs_version1,50,3.328426,0.262059
19,3,original_vs_version2,50,3.30677,0.262743
19,3,original_vs_version3,50,3.29401,0.254438
19,3,version1_vs_version2,50,3.319026,0.265161
19,3,version1_vs_version3,50,3.319861,0.256033
19,3,version2_vs_version3,50,3.282786,0.259397
19,4,original_vs_version1,50,2.61146,0.184554
19,4,original_vs_version2,50,2.607048,0.184783
19,4,original_vs_version3,50,2.604292,0.183543
19,4,version1_vs_version2,50,2.616467,0.181234
19,4,version1_vs_version3,50,2.617324,0.18351
19,4,version2_vs_version3,50,2.607972,0.182716
19,5,original_vs_version1,50,2.446736,0.295103
19,5,original_vs_version2,50,2.445467,0.288258
19,5,original_vs_version3,50,2.419477,0.289326
19,5,version1_vs_version2,50,2.445698,0.293698
19,5,version1_vs_version3,50,2.432996,0.292709
19,5,version2_vs_version3,50,2.417344,0.287447
19,6,original_vs_version1,50,1.893148,0.121502
19,6,original_vs_version2,50,1.875958,0.136164
19,6,original_vs_version3,50,1.874957,0.121689
19,6,version1_vs_version2,50,1.884865,0.13278
19,6,version1_vs_version3,50,1.880594,0.120673
19,6,version2_vs_version3,50,1.864885,0.137624
19,7,original_vs_version1,50,1.083178,0.290223
19,7,original_vs_version2,50,1.070018,0.293262
19,7,original_vs_version3,50,1.060374,0.285372
19,7,version1_vs_version2,50,1.079835,0.295885
19,7,version1_vs_version3,50,1.077152,0.29
19,7,version2_vs_version3,50,1.056386,0.291183
19,8,original_vs_version1,50,3.061356,0.588772
19,8,original_vs_version2,50,3.015224,0.599
19,8,original_vs_version3,50,2.974143,0.594287
19,8,version1_vs_version2,50,3.05124,0.598805
19,8,version1_vs_version3,50,3.03386,0.589266
19,8,version2_vs_version3,50,2.963555,0.604281
19,9,original_vs_version1,50,4.761539,0.264059
19,9,original_vs_version2,50,4.722183,0.272875
19,9,original_vs_version3,50,4.711656,0.277131
19,9,version1_vs_version2,50,4.730008,0.262561
19,9,version1_vs_version3,50,4.720911,0.266398
19,9,version2_vs_version3,50,4.678106,0.278105
19,10,original_vs_version1,50,2.369074,0.164628
19,10,original_vs_version2,50,2.347786,0.164407
19,10,original_vs_version3,50,2.366951,0.161825
19,10,version1_vs_version2,50,2.367317,0.162976
19,10,version1_vs_version3,50,2.368864,0.159646
19,10,version2_vs_version3,50,2.362763,0.160616
19,11,original_vs_version1,50,2.466919,0.235123
19,11,original_vs_version2,50,2.480096,0.239593
19,11,original_vs_version3,50,2.46467,0.23477
19,11,version1_vs_version2,50,2.460054,0.235747
19,11,version1_vs_version3,50,2.456464,0.229892
19,11,version2_vs_version3,50,2.45663,0.235908
19,12,original_vs_version1,50,2.885876,0.347761
19,12,original_vs_version2,50,2.888988,0.360115
19,12,original_vs_version3,50,2.864321,0.363136
19,12,version1_vs_version2,50,2.887674,0.350721
19,12,version1_vs_version3,50,2.881874,0.351215
19,12,version2_vs_version3,50,2.865637,0.364629
19,13,original_vs_version1,50,3.659481,0.222259
19,13,original_vs_version2,50,3.650461,0.227689
19,13,original_vs_version3,50,3.639024,0.230036
19,13,version1_vs_version2,50,3.655681,0.22882
19,13,version1_vs_version3,50,3.657072,0.231034
19,13,version2_vs_version3,50,3.633388,0.237518
19,14,original_vs_version1,50,2.835607,0.277731
19,14,original_vs_version2,50,2.841498,0.285169
19,14,original_vs_version3,50,2.821116,0.291037
19,14,version1_vs_version2,50,2.826867,0.277585
19,14,version1_vs_version3,50,2.816051,0.284299
19,14,version2_vs_version3,50,2.809729,0.288873
19,15,original_vs_version1,50,2.224168,0.276472
19,15,original_vs_version2,50,2.203939,0.281697
19,15,original_vs_version3,50,2.186874,0.276867
19,15,version1_vs_version2,50,2.213453,0.27761
19,15,version1_vs_version3,50,2.205595,0.270688
19,15,version2_vs_version3,50,2.174586,0.278251
19,16,original_vs_version1,50,2.312214,0.15336
19,16,original_vs_version2,50,2.28223,0.16154
19,16,original_vs_version3,50,2.27936,0.165049
19,16,version1_vs_version2,50,2.309703,0.152396
19,16,version1_vs_version3,50,2.311958,0.156147
19,16,version2_vs_version3,50,2.275322,0.167861
19,17,original_vs_version1,50,1.676872,0.473078
19,17,original_vs_version2,50,1.642245,0.471924
19,17,original_vs_version3,50,1.614445,0.474296
19,17,version1_vs_version2,50,1.67338,0.476438
19,17,version1_vs_version3,50,1.658046,0.477299
19,17,version2_vs_version3,50,1.610926,0.47787
19,18,original_vs_version1,50,1.785551,0.177187
19,18,original_vs_version2,50,1.759531,0.18692
19,18,original_vs_version3,50,1.763658,0.185315
19,18,version1_vs_version2,50,1.784406,0.179636
19,18,version1_vs_version3,50,1.784674,0.178651
19,18,version2_vs_version3,50,1.760249,0.187819
19,19,original_vs_version1,50,1.840037,0.392971
19,19,original_vs_version2,50,1.825259,0.401183
19,19,original_vs_version3,50,1.802066,0.402067
19,19,version1_vs_version2,50,1.837106,0.399427
19,19,version1_vs_version3,50,1.826891,0.399747
19,19,version2_vs_version3,50,1.7989,0.40889
19,20,original_vs_version1,50,3.779231,0.230052
19,20,original_vs_version2,50,3.779853,0.23702
19,20,original_vs_version3,50,3.773156,0.240591
19,20,version1_vs_version2,50,3.775696,0.228586
19,20,version1_vs_version3,50,3.776187,0.229861
19,20,version2_vs_version3,50,3.76755,0.240136
19,21,original_vs_version1,50,4.082577,0.369251
19,21,original_vs_version2,50,4.097008,0.376672
19,21,original_vs_version3,50,4.078168,0.3835
19,21,version1_vs_version2,50,4.088128,0.37569
19,21,version1_vs_version3,50,4.084292,0.3782
19,21,version2_vs_version3,50,4.081641,0.390431
19,22,original_vs_version1,50,3.439818,0.382946
19,22,original_vs_version2,50,3.439248,0.38743
19,22,original_vs_version3,50,3.412256,0.390935
19,22,version1_vs_version2,50,3.426604,0.389036
19,22,version1_vs_version3,50,3.417604,0.38732
19,22,version2_vs_version3,50,3.398057,0.39713
19,23,original_vs_version1,50,3.412872,0.202574
19,23,original_vs_version2,50,3.401397,0.21251
19,23,original_vs_version3,50,3.384949,0.21727
19,23,version1_vs_version2,50,3.400082,0.200612
19,23,version1_vs_version3,50,3.39803,0.20503
19,23,version2_vs_version3,50,3.371466,0.216019
19,24,original_vs_version1,50,3.627882,0.19092
19,24,original_vs_version2,50,3.621211,0.182456
19,24,original_vs_version3,50,3.616604,0.184526
19,24,version1_vs_version2,50,3.6203,0.189884
19,24,version1_vs_version3,50,3.622431,0.190691
19,24,version2_vs_version3,50,3.606024,0.182683
19,25,original_vs_version1,50,2.261669,0.19597
19,25,original_vs_version2,50,2.258173,0.20292
19,25,original_vs_version3,50,2.256119,0.205333
19,25,version1_vs_version2,50,2.261382,0.196896
19,25,version1_vs_version3,50,2.261562,0.198137
19,25,version2_vs_version3,50,2.253302,0.206563
19,26,original_vs_version1,50,1.700142,0.182352
19,26,original_vs_version2,50,1.711434,0.185774
19,26,original_vs_version3,50,1.695371,0.19509
19,26,version1_vs_version2,50,1.698707,0.183067
19,26,version1_vs_version3,50,1.691436,0.192561
19,26,version2_vs_version3,50,1.693034,0.19501
19,27,original_vs_version1,50,2.242777,0.258922
19,27,original_vs_version2,50,2.228677,0.266095
19,27,original_vs_version3,50,2.222788,0.262736
19,27,version1_vs_version2,50,2.235566,0.259198
19,27,version1_vs_version3,50,2.23072,0.256453
19,27,version2_vs_version3,50,2.213275,0.263152
19,28,original_vs_version1,50,2.80705,0.21133
19,28,original_vs_version2,50,2.788472,0.216762
19,28,original_vs_version3,50,2.782307,0.215618
19,28,version1_vs_version2,50,2.80356,0.212116
19,28,version1_vs_version3,50,2.802871,0.211685
19,28,version2_vs_version3,50,2.777019,0.218175
19,29,original_vs_version1,50,3.104384,0.275373
19,29,original_vs_version2,50,3.051976,0.272962
19,29,original_vs_version3,50,3.091859,0.284212
19,29,version1_vs_version2,50,3.091565,0.268432
19,29,version1_vs_version3,50,3.094247,0.286589
19,29,version2_vs_version3,50,3.076151,0.277914
19,30,original_vs_version1,50,2.528507,0.194417
19,30,original_vs_version2,50,2.523824,0.195019
19,30,original_vs_version3,50,2.523632,0.199237
19,30,version1_vs_version2,50,2.5235,0.201824
19,30,version1_vs_version3,50,2.525815,0.208166
19,30,version2_vs_version3,50,2.515508,0.208352
19,31,original_vs_version1,50,2.752066,0.306585
19,31,original_vs_version2,50,2.747706,0.314598
19,31,original_vs_version3,50,2.749072,0.310353
19,31,version1_vs_version2,50,2.736733,0.294633
19,31,version1_vs_version3,50,2.74385,0.293689
19,31,version2_vs_version3,50,2.730922,0.300618
19,32,original_vs_version1,50,3.200319,0.296453
19,32,original_vs_version2,50,3.176783,0.342156
19,32,original_vs_version3,50,3.178675,0.330009
19,32,version1_vs_version2,50,3.193398,0.304307
19,32,version1_vs_version3,50,3.191536,0.293718
19,32,version2_vs_version3,50,3.16877,0.339084
19,33,original_vs_version1,50,2.837775,0.283304
19,33,original_vs_version2,50,2.825916,0.281415
19,33,original_vs_version3,50,2.826545,0.282695
19,33,version1_vs_version2,50,2.827173,0.280037
19,33,version1_vs_version3,50,2.832789,0.277858
19,33,version2_vs_version3,50,2.814223,0.281427
19,34,original_vs_version1,50,3.481321,0.263261
19,34,original_vs_version2,50,3.478315,0.264817
19,34,original_vs_version3,50,3.476431,0.267648
19,34,version1_vs_version2,50,3.467594,0.262658
19,34,version1_vs_version3,50,3.476605,0.264651
19,34,version2_vs_version3,50,3.460948,0.267931
19,35,original_vs_version1,50,4.560964,0.256597
19,35,original_vs_version2,50,4.549578,0.270234
19,35,original_vs_version3,50,4.556949,0.274647
19,35,version1_vs_version2,50,4.537166,0.252185
19,35,version1_vs_version3,50,4.543081,0.251372
19,35,version2_vs_version3,50,4.52948,0.27057
19,36,original_vs_version1,50,3.555133,0.224181
19,36,original_vs_version2,50,3.532504,0.231069
19,36,original_vs_version3,50,3.529566,0.233366
19,36,version1_vs_version2,50,3.541813,0.217313
19,36,version1_vs_version3,50,3.534929,0.215661
19,36,version2_vs_version3,50,3.511987,0.225625
19,37,original_vs_version1,50,3.686738,0.274478
19,37,original_vs_version2,50,3.655857,0.281853
19,37,original_vs_version3,50,3.677207,0.281093
19,37,version1_vs_version2,50,3.672559,0.268159
19,37,version1_vs_version3,50,3.682322,0.270949
19,37,version2_vs_version3,50,3.659351,0.27555
19,38,original_vs_version1,50,5.57616,0.272717
19,38,original_vs_version2,50,5.566807,0.277511
19,38,original_vs_version3,50,5.569358,0.281812
19,38,version1_vs_version2,50,5.558043,0.267507
19,38,version1_vs_version3,50,5.56239,0.274424
19,38,version2_vs_version3,50,5.54961,0.277798
19,39,original_vs_version1,50,2.413038,0.187925
19,39,original_vs_version2,50,2.382648,0.199939
19,39,original_vs_version3,50,2.399715,0.197888
19,39,version1_vs_version2,50,2.405595,0.182589
19,39,version1_vs_version3,50,2.409413,0.183902
19,39,version2_vs_version3,50,2.387173,0.19239
20,0,original_vs_version1,50,3.729115,0.166002
20,0,original_vs_version2,50,3.707043,0.185893
20,0,original_vs_version3,50,3.70881,0.16767
20,0,version1_vs_version2,50,3.70868,0.173414
20,0,version1_vs_version3,50,3.707484,0.165142
20,0,version2_vs_version3,50,3.681229,0.17576
20,1,original_vs_version1,50,2.052362,0.134916
20,1,original_vs_version2,50,2.04456,0.141949
20,1,original_vs_version3,50,2.044161,0.145303
20,1,version1_vs_version2,50,2.032249,0.13481
20,1,version1_vs_version3,50,2.037535,0.142337
20,1,version2_vs_version3,50,2.016227,0.148183
20,2,original_vs_version1,50,0.594669,0.071208
20,2,original_vs_version2,50,0.593164,0.075333
20,2,original_vs_version3,50,0.598803,0.076082
20,2,version1_vs_version2,50,0.592508,0.072738
20,2,version1_vs_version3,50,0.597794,0.076413
20,2,version2_vs_version3,50,0.591107,0.077638
20,3,original_vs_version1,50,2.610435,0.216086
20,3,original_vs_version2,50,2.601533,0.220986
20,3,original_vs_version3,50,2.596119,0.222384
20,3,version1_vs_version2,50,2.596871,0.220197
20,3,version1_vs_version3,50,2.598695,0.224268
20,3,version2_vs_version3,50,2.577162,0.228375
20,4,original_vs_version1,50,1.083118,0.121861
20,4,original_vs_version2,50,1.07165,0.114472
20,4,original_vs_version3,50,1.084135,0.118185
20,4,version1_vs_version2,50,1.078366,0.116959
20,4,version1_vs_version3,50,1.086882,0.120131
20,4,version2_vs_version3,50,1.068812,0.112407
20,5,original_vs_version1,50,0.948995,0.243641
20,5,original_vs_version2,50,0.93051,0.250579
20,5,original_vs_version3,50,0.908634,0.245612
20,5,version1_vs_version2,50,0.935896,0.247897
20,5,version1_vs_version3,50,0.922444,0.243113
20,5,version2_vs_version3,50,0.895451,0.251238
20,6,original_vs_version1,50,2.377512,0.706442
20,6,original_vs_version2,50,2.304883,0.72672
20,6,original_vs_version3,50,2.259828,0.718491
20,6,version1_vs_version2,50,2.362133,0.718737
20,6,version1_vs_version3,50,2.338862,0.706714
20,6,version2_vs_version3,50,2.244446,0.731581
20,7,original_vs_version1,50,1.562312,0.404447
20,7,original_vs_version2,50,1.541686,0.411516
20,7,original_vs_version3,50,1.526215,0.408486
20,7,version1_vs_version2,50,1.555735,0.413241
20,7,version1_vs_version3,50,1.549852,0.410567
20,7,version2_vs_version3,50,1.51872,0.418257
20,8,original_vs_version1,50,1.598805,0.23094
20,8,original_vs_version2,50,1.549494,0.244877
20,8,original_vs_version3,50,1.537827,0.243098
20,8,version1_vs_version2,50,1.59504,0.237629
20,8,version1_vs_version3,50,1.590669,0.236456
20,8,version2_vs_version3,50,1.532603,0.248586
20,9,original_vs_version1,50,1.378466,0.332005
20,9,original_vs_version2,50,1.38566,0.344327
20,9,original_vs_version3,50,1.373736,0.338428
20,9,version1_vs_version2,50,1.382632,0.331265
20,9,version1_vs_version3,50,1.380734,0.326749
20,9,version2_vs_version3,50,1.377514,0.337744
20,10,original_vs_version1,50,3.96214,0.266405
20,10,original_vs_version2,50,3.89995,0.282914
20,10,original_vs_version3,50,3.927576,0.278302
20,10,version1_vs_version2,50,3.950603,0.267049
20,10,version1_vs_version3,50,3.961762,0.268418
20,10,version2_vs_version3,50,3.9103,0.28021
20,11,original_vs_version1,50,1.952565,0.149819
20,11,original_vs_version2,50,1.937492,0.153949
20,11,original_vs_version3,50,1.939773,0.152357
20,11,version1_vs_version2,50,1.945824,0.148803
20,11,version1_vs_version3,50,1.949906,0.147292
20,11,version2_vs_version3,50,1.930185,0.151639
20,12,original_vs_version1,50,7.072505,0.360243
20,12,original_vs_version2,50,7.072312,0.363871
20,12,original_vs_version3,50,7.053854,0.361284
20,12,version1_vs_version2,50,7.058493,0.36225
20,12,version1_vs_version3,50,7.053164,0.356007
20,12,version2_vs_version3,50,7.038021,0.365356
20,13,original_vs_version1,50,3.022452,0.225219
20,13,original_vs_version2,50,3.015394,0.231526
20,13,original_vs_version3,50,3.001626,0.234708
20,13,version1_vs_version2,50,3.015587,0.217119
20,13,version1_vs_version3,50,3.007015,0.219237
20,13,version2_vs_version3,50,2.99275,0.227668
20,14,original_vs_version1,50,2.410308,0.18634
20,14,original_vs_version2,50,2.360366,0.195267
20,14,original_vs_version3,50,2.380992,0.196955
20,14,version1_vs_version2,50,2.402713,0.184892
20,14,version1_vs_version3,50,2.414573,0.185078
20,14,version2_vs_version3,50,2.368217,0.197408
20,15,original_vs_version1,50,3.530007,0.285155
20,15,original_vs_version2,50,3.516627,0.295235
20,15,original_vs_version3,50,3.516867,0.287414
20,15,version1_vs_version2,50,3.523303,0.282215
20,15,version1_vs_version3,50,3.526366,0.272825
20,15,version2_vs_version3,50,3.506989,0.285375
20,16,original_vs_version1,50,2.497458,0.243762
20,16,original_vs_version2,50,2.472497,0.258721
20,16,original_vs_version3,50,2.477564,0.258281
20,16,version1_vs_version2,50,2.494495,0.244312
20,16,version1_vs_version3,50,2.495159,0.244713
20,16,version2_vs_version3,50,2.471433,0.259579
20,17,original_vs_version1,50,3.510751,0.275427
20,17,original_vs_version2,50,3.489546,0.291206
20,17,original_vs_version3,50,3.489861,0.290378
20,17,version1_vs_version2,50,3.498032,0.268333
20,17,version1_vs_version3,50,3.49648,0.268571
20,17,version2_vs_version3,50,3.473607,0.285302
20,18,original_vs_version1,50,2.796677,0.176401
20,18,original_vs_version2,50,2.774026,0.190979
20,18,original_vs_version3,50,2.777622,0.189461
20,18,version1_vs_version2,50,2.787355,0.168815
20,18,version1_vs_version3,50,2.789046,0.167826
20,18,version2_vs_version3,50,2.764271,0.183618
20,19,original_vs_version1,50,2.993816,0.211456
20,19,original_vs_version2,50,2.944567,0.223635
20,19,original_vs_version3,50,2.962513,0.220909
20,19,version1_vs_version2,50,2.989596,0.210186
20,19,version1_vs_version3,50,2.998049,0.210354
20,19,version2_vs_version3,50,2.954923,0.220849
20,20,original_vs_version1,50,1.51873,0.331731
20,20,original_vs_version2,50,1.521814,0.339361
20,20,original_vs_version3,50,1.507976,0.341822
20,20,version1_vs_version2,50,1.522232,0.335969
20,20,version1_vs_version3,50,1.516918,0.338887
20,20,version2_vs_version3,50,1.510123,0.346954
20,21,original_vs_version1,50,2.328547,0.421386
20,21,original_vs_version2,50,2.334832,0.425855
20,21,original_vs_version3,50,2.30634,0.421479
20,21,version1_vs_version2,50,2.323379,0.427209
20,21,version1_vs_version3,50,2.312819,0.420909
20,21,version2_vs_version3,50,2.300967,0.427369
20,22,original_vs_version1,50,3.784069,0.313846
20,22,original_vs_version2,50,3.79257,0.309978
20,22,original_vs_version3,50,3.759633,0.323999
20,22,version1_vs_version2,50,3.776206,0.306094
20,22,version1_vs_version3,50,3.766525,0.317218
20,22,version2_vs_version3,50,3.750603,0.316718
20,23,original_vs_version1,50,1.36238,0.296968
20,23,original_vs_version2,50,1.354116,0.298161
20,23,original_vs_version3,50,1.341025,0.292985
20,23,version1_vs_version2,50,1.35668,0.29947
20,23,version1_vs_version3,50,1.352081,0.293757
20,23,version2_vs_version3,50,1.33475,0.296046
20,24,original_vs_version1,50,2.619284,0.298125
20,24,original_vs_version2,50,2.623152,0.291753
20,24,original_vs_version3,50,2.595658,0.290128
20,24,version1_vs_version2,50,2.620917,0.307813
20,24,version1_vs_version3,50,2.611831,0.298684
20,24,version2_vs_version3,50,2.596479,0.30118
20,25,original_vs_version1,50,2.691478,0.297913
20,25,original_vs_version2,50,2.674135,0.301842
20,25,original_vs_version3,50,2.679631,0.316658
20,25,version1_vs_version2,50,2.693641,0.299506
20,25,version1_vs_version3,50,2.700173,0.31649
20,25,version2_vs_version3,50,2.679875,0.319368
20,26,original_vs_version1,50,2.43685,0.34737
20,26,original_vs_version2,50,2.434665,0.355173
20,26,original_vs_version3,50,2.431386,0.349798
20,26,version1_vs_version2,50,2.436131,0.34893
20,26,version1_vs_version3,50,2.444666,0.346521
20,26,version2_vs_version3,50,2.428735,0.351283
20,27,original_vs_version1,50,3.595058,0.174862
20,27,original_vs_version2,50,3.583708,0.189551
20,27,original_vs_version3,50,3.59486,0.188736
20,27,version1_vs_version2,50,3.586805,0.177148
20,27,version1_vs_version3,50,3.598015,0.179203
20,27,version2_vs_version3,50,3.582586,0.192328
20,28,original_vs_version1,50,3.303695,0.266188
20,28,original_vs_version2,50,3.2953,0.285969
20,28,original_vs_version3,50,3.284078,0.281215
20,28,version1_vs_version2,50,3.301271,0.272738
20,28,version1_vs_version3,50,3.29948,0.269498
20,28,version2_vs_version3,50,3.279136,0.289952
20,29,original_vs_version1,50,3.255832,0.449491
20,29,original_vs_version2,50,3.257195,0.468978
20,29,original_vs_version3,50,3.25154,0.466192
20,29,version1_vs_version2,50,3.259587,0.453535
20,29,version1_vs_version3,50,3.266107,0.447507
20,29,version2_vs_version3,50,3.251887,0.468611
20,30,original_vs_version1,50,5.035784,0.27431
20,30,original_vs_version2,50,5.057691,0.271031
20,30,original_vs_version3,50,5.05736,0.273529
20,30,version1_vs_version2,50,5.024424,0.272738
20,30,version1_vs_version3,50,5.028608,0.278139
20,30,version2_vs_version3,50,5.044974,0.27339
20,31,original_vs_version1,50,3.919114,0.384983
20,31,original_vs_version2,50,3.911432,0.389421
20,31,original_vs_version3,50,3.911199,0.396572
20,31,version1_vs_version2,50,3.907955,0.389202
20,31,version1_vs_version3,50,3.913965,0.397107
20,31,version2_vs_version3,50,3.898076,0.400634
20,32,original_vs_version1,50,2.578885,0.20444
20,32,original_vs_version2,50,2.544766,0.204647
20,32,original_vs_version3,50,2.550882,0.210875
20,32,version1_vs_version2,50,2.568568,0.201065
20,32,version1_vs_version3,50,2.568773,0.206808
20,32,version2_vs_version3,50,2.537907,0.206687
20,33,original_vs_version1,50,3.713646,0.19063
20,33,original_vs_version2,50,3.662795,0.188572
20,33,original_vs_version3,50,3.658169,0.188461
20,33,version1_vs_version2,50,3.708922,0.191721
20,33,version1_vs_version3,50,3.71121,0.187933
20,33,version2_vs_version3,50,3.652403,0.189792
20,34,original_vs_version1,50,4.578254,0.2164
20,34,original_vs_version2,50,4.534536,0.230368
20,34,original_vs_version3,50,4.538131,0.228781
20,34,version1_vs_version2,50,4.552749,0.223078
20,34,version1_vs_version3,50,4.554398,0.222488
20,34,version2_vs_version3,50,4.510738,0.23853
20,35,original_vs_version1,50,4.655584,0.4026
20,35,original_vs_version2,50,4.654373,0.402442
20,35,original_vs_version3,50,4.621273,0.394728
20,35,version1_vs_version2,50,4.634638,0.409692
20,35,version1_vs_version3,50,4.62502,0.406698
20,35,version2_vs_version3,50,4.600193,0.402953
20,36,original_vs_version1,50,2.563364,0.370917
20,36,original_vs_version2,50,2.550552,0.37511
20,36,original_vs_version3,50,2.537234,0.375569
20,36,version1_vs_version2,50,2.546223,0.376058
20,36,version1_vs_version3,50,2.544085,0.375384
20,36,version2_vs_version3,50,2.518616,0.381633
20,37,original_vs_version1,50,4.109542,0.474933
20,37,original_vs_version2,50,4.077203,0.473402
20,37,original_vs_version3,50,4.037488,0.474627
20,37,version1_vs_version2,50,4.101153,0.480959
20,37,version1_vs_version3,50,4.086672,0.47614
20,37,version2_vs_version3,50,4.028314,0.480388
20,38,original_vs_version1,50,3.933711,0.254935
20,38,original_vs_version2,50,3.931153,0.251334
20,38,original_vs_version3,50,3.924813,0.254275
20,38,version1_vs_version2,50,3.922599,0.261343
20,38,version1_vs_version3,50,3.925244,0.259921
20,38,version2_vs_version3,50,3.91167,0.260113
20,39,original_vs_version1,50,4.728332,0.340128
20,39,original_vs_version2,50,4.717131,0.334003
20,39,original_vs_version3,50,4.714059,0.331956
20,39,version1_vs_version2,50,4.712755,0.340481
20,39,version1_vs_version3,50,4.722178,0.339706
20,39,version2_vs_version3,50,4.695589,0.332453
21,0,original_vs_version1,50,4.799386,0.248155
21,0,original_vs_version2,50,4.756247,0.260577
21,0,original_vs_version3,50,4.768072,0.266438
21,0,version1_vs_version2,50,4.79153,0.233153
21,0,version1_vs_version3,50,4.803142,0.238728
21,0,version2_vs_version3,50,4.756727,0.256555
21,1,original_vs_version1,50,6.10863,0.361715
21,1,original_vs_version2,50,6.103939,0.37253
21,1,original_vs_version3,50,6.092638,0.37947
21,1,version1_vs_version2,50,6.093419,0.346709
21,1,version1_vs_version3,50,6.09378,0.349298
21,1,version2_vs_version3,50,6.074675,0.367133
21,2,original_vs_version1,50,4.757408,0.459386
21,2,original_vs_version2,50,4.763869,0.453148
21,2,original_vs_version3,50,4.764227,0.459021
21,2,version1_vs_version2,50,4.740822,0.438981
21,2,version1_vs_version3,50,4.750661,0.445696
21,2,version2_vs_version3,50,4.745872,0.442807
21,3,original_vs_version1,50,6.296945,0.425482
21,3,original_vs_version2,50,6.294953,0.422523
21,3,original_vs_version3,50,6.271298,0.429512
21,3,version1_vs_version2,50,6.287613,0.416224
21,3,version1_vs_version3,50,6.282348,0.415083
21,3,version2_vs_version3,50,6.259715,0.422501
21,4,original_vs_version1,50,5.30539,0.356356
21,4,original_vs_version2,50,5.282927,0.344755
21,4,original_vs_version3,50,5.269547,0.355347
21,4,version1_vs_version2,50,5.296128,0.349762
21,4,version1_vs_version3,50,5.29473,0.3521
21,4,version2_vs_version3,50,5.257782,0.349472
21,5,original_vs_version1,50,3.640161,0.780217
21,5,original_vs_version2,50,3.606836,0.801519
21,5,original_vs_version3,50,3.550916,0.804592
21,5,version1_vs_version2,50,3.625802,0.798435
21,5,version1_vs_version3,50,3.598884,0.7991
21,5,version2_vs_version3,50,3.536314,0.823092
21,6,original_vs_version1,50,2.286635,0.30705
21,6,original_vs_version2,50,2.300756,0.30155
21,6,original_vs_version3,50,2.273657,0.301614
21,6,version1_vs_version2,50,2.275758,0.310351
21,6,version1_vs_version3,50,2.263568,0.308288
21,6,version2_vs_version3,50,2.262388,0.304589
21,7,original_vs_version1,50,3.930635,1.134311
21,7,original_vs_version2,50,3.85779,1.143749
21,7,original_vs_version3,50,3.791982,1.145059
21,7,version1_vs_version2,50,3.915537,1.142673
21,7,version1_vs_version3,50,3.87838,1.140131
21,7,version2_vs_version3,50,3.776433,1.153639
21,8,original_vs_version1,50,1.816714,0.530822
21,8,original_vs_version2,50,1.77961,0.540617
21,8,original_vs_version3,50,1.752645,0.53639
21,8,version1_vs_version2,50,1.797314,0.533403
21,8,version1_vs_version3,50,1.784435,0.53137
21,8,version2_vs_version3,50,1.732455,0.540924
21,9,original_vs_version1,50,2.966604,0.678515
21,9,original_vs_version2,50,2.930372,0.69059
21,9,original_vs_version3,50,2.895916,0.691459
21,9,version1_vs_version2,50,2.95706,0.692402
21,9,version1_vs_version3,50,2.938515,0.689899
21,9,version2_vs_version3,50,2.884696,0.705323
21,10,original_vs_version1,50,4.489839,0.480593
21,10,original_vs_version2,50,4.527696,0.471561
21,10,original_vs_version3,50,4.49079,0.47608
21,10,version1_vs_version2,50,4.471477,0.480311
21,10,version1_vs_version3,50,4.460083,0.477916
21,10,version2_vs_version3,50,4.471509,0.473268
21,11,original_vs_version1,50,5.410073,0.50853
21,11,original_vs_version2,50,5.410627,0.510318
21,11,original_vs_version3,50,5.384637,0.522282
21,11,version1_vs_version2,50,5.394767,0.506745
21,11,version1_vs_version3,50,5.389171,0.512077
21,11,version2_vs_version3,50,5.366793,0.519542
21,12,original_vs_version1,50,4.149136,0.341607
21,12,original_vs_version2,50,4.139744,0.347655
21,12,original_vs_version3,50,4.127194,0.352819
21,12,version1_vs_version2,50,4.141026,0.334632
21,12,version1_vs_version3,50,4.137123,0.337928
21,12,version2_vs_version3,50,4.116415,0.346956
21,13,original_vs_version1,50,3.867333,0.352653
21,13,original_vs_version2,50,3.8364,0.363995
21,13,original_vs_version3,50,3.838498,0.365198
21,13,version1_vs_version2,50,3.857107,0.354745
21,13,version1_vs_version3,50,3.858718,0.356524
21,13,version2_vs_version3,50,3.825842,0.366526
21,14,original_vs_version1,50,4.551402,0.408162
21,14,original_vs_version2,50,4.539427,0.419411
21,14,original_vs_version3,50,4.531647,0.417501
21,14,version1_vs_version2,50,4.540708,0.40135
21,14,version1_vs_version3,50,4.539727,0.396212
21,14,version2_vs_version3,50,4.517653,0.409657
21,15,original_vs_version1,50,2.398915,0.272345
21,15,original_vs_version2,50,2.418716,0.278033
21,15,original_vs_version3,50,2.407164,0.273727
21,15,version1_vs_version2,50,2.394981,0.274038
21,15,version1_vs_version3,50,2.389052,0.268371
21,15,version2_vs_version3,50,2.401709,0.276001
21,16,original_vs_version1,50,2.899694,0.295964
21,16,original_vs_version2,50,2.892878,0.304785
21,16,original_vs_version3,50,2.89672,0.299291
21,16,version1_vs_version2,50,2.891708,0.293045
21,16,version1_vs_version3,50,2.895675,0.289767
21,16,version2_vs_version3,50,2.886735,0.292897
21,17,original_vs_version1,50,2.751438,0.327545
21,17,original_vs_version2,50,2.749107,0.332776
21,17,original_vs_version3,50,2.74071,0.330434
21,17,version1_vs_version2,50,2.746587,0.326687
21,17,version1_vs_version3,50,2.747807,0.324877
21,17,version2_vs_version3,50,2.73351,0.329018
21,18,original_vs_version1,50,3.947813,0.368767
21,18,original_vs_version2,50,3.954578,0.373219
21,18,original_vs_version3,50,3.93948,0.368625
21,18,version1_vs_version2,50,3.936846,0.370464
21,18,version1_vs_version3,50,3.940702,0.360564
21,18,version2_vs_version3,50,3.926546,0.367804
21,19,original_vs_version1,50,2.969142,0.284728
21,19,original_vs_version2,50,2.964629,0.283443
21,19,original_vs_version3,50,2.95509,0.274457
21,19,version1_vs_version2,50,2.961043,0.293981
21,19,version1_vs_version3,50,2.968239,0.284175
21,19,version2_vs_version3,50,2.945689,0.280643
21,20,original_vs_version1,50,2.0283,0.458773
21,20,original_vs_version2,50,2.049986,0.466113
21,20,original_vs_version3,50,2.025316,0.463355
21,20,version1_vs_version2,50,2.026266,0.467893
21,20,version1_vs_version3,50,2.016999,0.46456
21,20,version2_vs_version3,50,2.023004,0.472731
21,21,original_vs_version1,50,3.243448,0.508667
21,21,original_vs_version2,50,3.244272,0.51981
21,21,original_vs_version3,50,3.202629,0.520849
21,21,version1_vs_version2,50,3.239005,0.518352
21,21,version1_vs_version3,50,3.21956,0.515163
21,21,version2_vs_version3,50,3.197368,0.531012
21,22,original_vs_version1,50,2.481559,0.337007
21,22,original_vs_version2,50,2.498459,0.355047
21,22,original_vs_version3,50,2.476118,0.353353
21,22,version1_vs_version2,50,2.485706,0.344189
21,22,version1_vs_version3,50,2.480825,0.3411
21,22,version2_vs_version3,50,2.479675,0.360353
21,23,original_vs_version1,50,2.205334,0.296629
21,23,original_vs_version2,50,2.179171,0.288765
21,23,original_vs_version3,50,2.161538,0.291304
21,23,version1_vs_version2,50,2.196355,0.29951
21,23,version1_vs_version3,50,2.186291,0.299046
21,23,version2_vs_version3,50,2.151505,0.29451
21,24,original_vs_version1,50,2.086034,0.296882
21,24,original_vs_version2,50,2.084196,0.305978
21,24,original_vs_version3,50,2.065583,0.302979
21,24,version1_vs_version2,50,2.079256,0.296285
21,24,version1_vs_version3,50,2.071421,0.289876
21,24,version2_vs_version3,50,2.057863,0.303551
21,25,original_vs_version1,50,2.933557,0.136009
21,25,original_vs_version2,50,2.823412,0.153248
21,25,original_vs_version3,50,2.846468,0.155864
21,25,version1_vs_version2,50,2.932605,0.143826
21,25,version1_vs_version3,50,2.947478,0.144283
21,25,version2_vs_version3,50,2.836753,0.162314
21,26,original_vs_version1,50,3.847925,0.164808
21,26,original_vs_version2,50,3.78143,0.179709
21,26,original_vs_version3,50,3.805118,0.183339
21,26,version1_vs_version2,50,3.841537,0.172741
21,26,version1_vs_version3,50,3.855917,0.174648
21,26,version2_vs_version3,50,3.792213,0.190406
21,27,original_vs_version1,50,5.222619,0.162809
21,27,original_vs_version2,50,5.150715,0.173445
21,27,original_vs_version3,50,5.157789,0.175594
21,27,version1_vs_version2,50,5.206523,0.168639
21,27,version1_vs_version3,50,5.208835,0.170376
21,27,version2_vs_version3,50,5.137444,0.182194
21,28,original_vs_version1,50,2.023339,0.125752
21,28,original_vs_version2,50,1.978381,0.135449
21,28,original_vs_version3,50,2.005162,0.138417
21,28,version1_vs_version2,50,2.011475,0.127212
21,28,version1_vs_version3,50,2.020212,0.130191
21,28,version2_vs_version3,50,1.98647,0.137735
21,29,original_vs_version1,50,8.21538,0.222637
21,29,original_vs_version2,50,8.165809,0.226997
21,29,original_vs_version3,50,8.144833,0.238434
21,29,version1_vs_version2,50,8.200305,0.230266
21,29,version1_vs_version3,50,8.191054,0.237312
21,29,version2_vs_version3,50,8.127657,0.248103
21,30,original_vs_version1,50,3.363407,0.177805
21,30,original_vs_version2,50,3.360267,0.194606
21,30,original_vs_version3,50,3.349817,0.1859
21,30,version1_vs_version2,50,3.351543,0.177942
21,30,version1_vs_version3,50,3.352408,0.175229
21,30,version2_vs_version3,50,3.334127,0.188976
21,31,original_vs_version1,50,2.330722,0.121762
21,31,original_vs_version2,50,2.318038,0.129717
21,31,original_vs_version3,50,2.318456,0.128684
21,31,version1_vs_version2,50,2.326334,0.118481
21,31,version1_vs_version3,50,2.328858,0.120441
21,31,version2_vs_version3,50,2.310908,0.126385
21,32,original_vs_version1,50,4.074905,0.133983
21,32,original_vs_version2,50,4.062802,0.154759
21,32,original_vs_version3,50,4.070695,0.140994
21,32,version1_vs_version2,50,4.065408,0.140533
21,32,version1_vs_version3,50,4.063783,0.130854
21,32,version2_vs_version3,50,4.05657,0.147246
21,33,original_vs_version1,50,2.878907,0.130961
21,33,original_vs_version2,50,2.809729,0.143073
21,33,original_vs_version3,50,2.830222,0.13407
21,33,version1_vs_version2,50,2.872477,0.12848
21,33,version1_vs_version3,50,2.878143,0.124433
21,33,version2_vs_version3,50,2.81381,0.130101
21,34,original_vs_version1,50,2.810399,0.169589
21,34,original_vs_version2,50,2.748915,0.172745
21,34,original_vs_version3,50,2.770918,0.172435
21,34,version1_vs_version2,50,2.802382,0.159186
21,34,version1_vs_version3,50,2.809944,0.160872
21,34,version2_vs_version3,50,2.756191,0.159023
21,35,original_vs_version1,50,3.637141,0.467277
21,35,original_vs_version2,50,3.628418,0.468611
21,35,original_vs_version3,50,3.615762,0.470214
21,35,version1_vs_version2,50,3.60359,0.471784
21,35,version1_vs_version3,50,3.608557,0.468584
21,35,version2_vs_version3,50,3.578765,0.475316
21,36,original_vs_version1,50,2.922919,0.417141
21,36,original_vs_version2,50,2.947182,0.422128
21,36,original_vs_version3,50,2.939994,0.424306
21,36,version1_vs_version2,50,2.911346,0.411129
21,36,version1_vs_version3,50,2.9117,0.417801
21,36,version2_vs_version3,50,2.925402,0.41893
21,37,original_vs_version1,50,3.182074,0.360091
21,37,original_vs_version2,50,3.178287,0.36118
21,37,original_vs_version3,50,3.177752,0.358641
21,37,version1_vs_version2,50,3.170513,0.359012
21,37,version1_vs_version3,50,3.17686,0.355243
21,37,version2_vs_version3,50,3.162966,0.358079
21,38,original_vs_version1,50,3.587806,0.370392
21,38,original_vs_version2,50,3.573677,0.371925
21,38,original_vs_version3,50,3.557522,0.368902
21,38,version1_vs_version2,50,3.571285,0.369745
21,38,version1_vs_version3,50,3.569963,0.371171
21,38,version2_vs_version3,50,3.537376,0.370969
21,39,original_vs_version1,50,3.271403,0.385892
21,39,original_vs_version2,50,3.245965,0.388745
21,39,original_vs_version3,50,3.236113,0.383531
21,39,version1_vs_version2,50,3.25385,0.37635
21,39,version1_vs_version3,50,3.255011,0.369383
21,39,version2_vs_version3,50,3.216175,0.373673
22,0,original_vs_version1,50,5.243406,0.358606
22,0,original_vs_version2,50,5.200158,0.364452
22,0,original_vs_version3,50,5.182162,0.368565
22,0,version1_vs_version2,50,5.239855,0.365269
22,0,version1_vs_version3,50,5.232672,0.366275
22,0,version2_vs_version3,50,5.175621,0.376211
22,1,original_vs_version1,50,3.750675,0.453166
22,1,original_vs_version2,50,3.70093,0.465838
22,1,original_vs_version3,50,3.683895,0.460082
22,1,version1_vs_version2,50,3.749259,0.456696
22,1,version1_vs_version3,50,3.741248,0.447977
22,1,version2_vs_version3,50,3.679391,0.463757
22,2,original_vs_version1,50,3.360654,0.288941
22,2,original_vs_version2,50,3.356091,0.304355
22,2,original_vs_version3,50,3.331301,0.298232
22,2,version1_vs_version2,50,3.360536,0.297351
22,2,version1_vs_version3,50,3.345488,0.288637
22,2,version2_vs_version3,50,3.32931,0.307368
22,3,original_vs_version1,50,3.559709,0.379434
22,3,original_vs_version2,50,3.538826,0.38227
22,3,original_vs_version3,50,3.519955,0.385496
22,3,version1_vs_version2,50,3.563537,0.388698
22,3,version1_vs_version3,50,3.554184,0.38893
22,3,version2_vs_version3,50,3.521181,0.396315
22,4,original_vs_version1,50,4.749925,0.406817
22,4,original_vs_version2,50,4.687947,0.410655
22,4,original_vs_version3,50,4.673267,0.405336
22,4,version1_vs_version2,50,4.746672,0.415372
22,4,version1_vs_version3,50,4.743541,0.408604
22,4,version2_vs_version3,50,4.667519,0.41525
22,5,original_vs_version1,50,3.841342,0.25814
22,5,original_vs_version2,50,3.89264,0.285015
22,5,original_vs_version3,50,3.898697,0.287676
22,5,version1_vs_version2,50,3.836279,0.264083
22,5,version1_vs_version3,50,3.848311,0.276701
22,5,version2_vs_version3,50,3.890302,0.299002
22,6,original_vs_version1,50,4.032958,0.189141
22,6,original_vs_version2,50,4.019872,0.203942
22,6,original_vs_version3,50,4.021982,0.199139
22,6,version1_vs_version2,50,4.029103,0.195373
22,6,version1_vs_version3,50,4.02727,0.191917
22,6,version2_vs_version3,50,4.014348,0.204214
22,7,original_vs_version1,50,3.691726,0.235289
22,7,original_vs_version2,50,3.688273,0.258848
22,7,original_vs_version3,50,3.682918,0.244879
22,7,version1_vs_version2,50,3.687518,0.247464
22,7,version1_vs_version3,50,3.69604,0.23555
22,7,version2_vs_version3,50,3.675826,0.25874
22,8,original_vs_version1,50,3.162147,0.374452
22,8,original_vs_version2,50,3.156672,0.386513
22,8,original_vs_version3,50,3.167036,0.388414
22,8,version1_vs_version2,50,3.153115,0.385213
22,8,version1_vs_version3,50,3.170802,0.396225
22,8,version2_vs_version3,50,3.154645,0.400654
22,9,original_vs_version1,50,2.95802,0.20845
22,9,original_vs_version2,50,2.903747,0.21123
22,9,original_vs_version3,50,2.921137,0.200494
22,9,version1_vs_version2,50,2.958898,0.215012
22,9,version1_vs_version3,50,2.968698,0.209446
22,9,version2_vs_version3,50,2.918579,0.207567
22,10,original_vs_version1,50,3.317009,0.203194
22,10,original_vs_version2,50,3.325244,0.20273
22,10,original_vs_version3,50,3.317472,0.204401
22,10,version1_vs_version2,50,3.308892,0.204047
22,10,version1_vs_version3,50,3.316916,0.204883
22,10,version2_vs_version3,50,3.307783,0.208709
22,11,original_vs_version1,50,3.368124,0.173464
22,11,original_vs_version2,50,3.335162,0.175164
22,11,original_vs_version3,50,3.319271,0.172362
22,11,version1_vs_version2,50,3.362883,0.180918
22,11,version1_vs_version3,50,3.362481,0.174788
22,11,version2_vs_version3,50,3.312768,0.18338
22,12,original_vs_version1,50,4.802633,0.251775
22,12,original_vs_version2,50,4.755948,0.243317
22,12,original_vs_version3,50,4.764913,0.230219
22,12,version1_vs_version2,50,4.789683,0.246179
22,12,version1_vs_version3,50,4.795454,0.238566
22,12,version2_vs_version3,50,4.747789,0.225629
22,13,original_vs_version1,50,3.111354,0.163793
22,13,original_vs_version2,50,3.07274,0.1637
22,13,original_vs_version3,50,3.05157,0.167163
22,13,version1_vs_version2,50,3.099398,0.160753
22,13,version1_vs_version3,50,3.091171,0.166091
22,13,version2_vs_version3,50,3.038551,0.166135
22,14,original_vs_version1,50,6.284142,0.265767
22,14,original_vs_version2,50,6.23774,0.268994
22,14,original_vs_version3,50,6.221776,0.274222
22,14,version1_vs_version2,50,6.269722,0.259223
22,14,version1_vs_version3,50,6.269852,0.262091
22,14,version2_vs_version3,50,6.204193,0.27207
22,15,original_vs_version1,50,0.650405,0.17561
22,15,original_vs_version2,50,0.671521,0.179062
22,15,original_vs_version3,50,0.660474,0.165839
22,15,version1_vs_version2,50,0.651986,0.177867
22,15,version1_vs_version3,50,0.645381,0.164863
22,15,version2_vs_version3,50,0.662082,0.167355
22,16,original_vs_version1,50,5.246374,0.253108
22,16,original_vs_version2,50,5.236877,0.266426
22,16,original_vs_version3,50,5.234809,0.265939
22,16,version1_vs_version2,50,5.239134,0.253116
22,16,version1_vs_version3,50,5.242078,0.251709
22,16,version2_vs_version3,50,5.223483,0.270307
22,17,original_vs_version1,50,3.816585,0.486599
22,17,original_vs_version2,50,3.815115,0.489132
22,17,original_vs_version3,50,3.795792,0.488865
22,17,version1_vs_version2,50,3.815444,0.492849
22,17,version1_vs_version3,50,3.809798,0.487943
22,17,version2_vs_version3,50,3.793171,0.494756
22,18,original_vs_version1,50,4.442504,0.280977
22,18,original_vs_version2,50,4.436989,0.279637
22,18,original_vs_version3,50,4.430068,0.274787
22,18,version1_vs_version2,50,4.441001,0.282664
22,18,version1_vs_version3,50,4.441362,0.277009
22,18,version2_vs_version3,50,4.425748,0.279584
22,19,original_vs_version1,50,3.581628,0.225808
22,19,original_vs_version2,50,3.560412,0.231979
22,19,original_vs_version3,50,3.557951,0.242305
22,19,version1_vs_version2,50,3.583436,0.221807
22,19,version1_vs_version3,50,3.580987,0.228245
22,19,version2_vs_version3,50,3.555375,0.240611
22,20,original_vs_version1,50,4.474959,0.553003
22,20,original_vs_version2,50,4.48948,0.538948
22,20,original_vs_version3,50,4.458614,0.554973
22,20,version1_vs_version2,50,4.457948,0.562837
22,20,version1_vs_version3,50,4.447811,0.574285
22,20,version2_vs_version3,50,4.439904,0.564513
22,21,original_vs_version1,50,4.565634,0.431959
22,21,original_vs_version2,50,4.575028,0.425164
22,21,original_vs_version3,50,4.561635,0.421253
22,21,version1_vs_version2,50,4.558397,0.433827
22,21,version1_vs_version3,50,4.559252,0.427243
22,21,version2_vs_version3,50,4.551264,0.424879
22,22,original_vs_version1,50,3.908365,0.460631
22,22,original_vs_version2,50,3.917255,0.464219
22,22,original_vs_version3,50,3.907881,0.473572
22,22,version1_vs_version2,50,3.907656,0.462333
22,22,version1_vs_version3,50,3.914895,0.471271
22,22,version2_vs_version3,50,3.90487,0.475237
22,23,original_vs_version1,50,3.359433,0.36397
22,23,original_vs_version2,50,3.346229,0.362716
22,23,original_vs_version3,50,3.343765,0.364457
22,23,version1_vs_version2,50,3.347675,0.368358
22,23,version1_vs_version3,50,3.34826,0.36695
22,23,version2_vs_version3,50,3.328231,0.367518
22,24,original_vs_version1,50,4.21132,0.369855
22,24,original_vs_version2,50,4.207184,0.372274
22,24,original_vs_version3,50,4.209003,0.382703
22,24,version1_vs_version2,50,4.195924,0.376635
22,24,version1_vs_version3,50,4.20626,0.382349
22,24,version2_vs_version3,50,4.188919,0.389263
22,25,original_vs_version1,50,3.778366,0.193062
22,25,original_vs_version2,50,3.622205,0.201451
22,25,original_vs_version3,50,3.665109,0.20011
22,25,version1_vs_version2,50,3.766986,0.188519
22,25,version1_vs_version3,50,3.79076,0.193021
22,25,version2_vs_version3,50,3.643451,0.195674
22,26,original_vs_version1,50,2.611822,0.238273
22,26,original_vs_version2,50,2.594754,0.236018
22,26,original_vs_version3,50,2.582959,0.242863
22,26,version1_vs_version2,50,2.608271,0.228685
22,26,version1_vs_version3,50,2.605769,0.238922
22,26,version2_vs_version3,50,2.577013,0.234924
22,27,original_vs_version1,50,2.933511,0.25721
22,27,original_vs_version2,50,2.867248,0.257167
22,27,original_vs_version3,50,2.869859,0.259773
22,27,version1_vs_version2,50,2.934396,0.264608
22,27,version1_vs_version3,50,2.939035,0.272734
22,27,version2_vs_version3,50,2.868278,0.267744
22,28,original_vs_version1,50,1.922089,0.243154
22,28,original_vs_version2,50,1.902256,0.250282
22,28,original_vs_version3,50,1.904219,0.25224
22,28,version1_vs_version2,50,1.91306,0.235227
22,28,version1_vs_version3,50,1.921973,0.235935
22,28,version2_vs_version3,50,1.893107,0.244306
22,29,original_vs_version1,50,1.110155,0.236494
22,29,original_vs_version2,50,1.118403,0.26726
22,29,original_vs_version3,50,1.11576,0.2625
22,29,version1_vs_version2,50,1.118253,0.240562
22,29,version1_vs_version3,50,1.120519,0.237568
22,29,version2_vs_version3,50,1.122388,0.2664
22,30,original_vs_version1,50,3.444499,0.214458
22,30,original_vs_version2,50,3.419522,0.211933
22,30,original_vs_version3,50,3.429428,0.215277
22,30,version1_vs_version2,50,3.437244,0.214221
22,30,version1_vs_version3,50,3.449343,0.214923
22,30,version2_vs_version3,50,3.418321,0.213882
22,31,original_vs_version1,50,3.816061,0.350261
22,31,original_vs_version2,50,3.82633,0.346814
22,31,original_vs_version3,50,3.818279,0.348733
22,31,version1_vs_version2,50,3.797229,0.360329
22,31,version1_vs_version3,50,3.802738,0.353552
22,31,version2_vs_version3,50,3.797237,0.358121
22,32,original_vs_version1,50,4.37102,0.37009
22,32,original_vs_version2,50,4.345518,0.362941
22,32,original_vs_version3,50,4.329024,0.368781
22,32,version1_vs_version2,50,4.346864,0.3759
22,32,version1_vs_version3,50,4.349015,0.372081
22,32,version2_vs_version3,50,4.301248,0.375987
22,33,original_vs_version1,50,3.694686,0.380345
22,33,original_vs_version2,50,3.714735,0.385947
22,33,original_vs_version3,50,3.708763,0.386059
22,33,version1_vs_version2,50,3.696924,0.386992
22,33,version1_vs_version3,50,3.70216,0.385629
22,33,version2_vs_version3,50,3.706609,0.392289
22,34,original_vs_version1,50,3.72059,0.242391
22,34,original_vs_version2,50,3.68431,0.251251
22,34,original_vs_version3,50,3.678632,0.257141
22,34,version1_vs_version2,50,3.713974,0.239427
22,34,version1_vs_version3,50,3.710319,0.241952
22,34,version2_vs_version3,50,3.666408,0.255925
22,35,original_vs_version1,50,4.719222,0.255731
22,35,original_vs_version2,50,4.656753,0.264678
22,35,original_vs_version3,50,4.673669,0.259834
22,35,version1_vs_version2,50,4.70148,0.258911
22,35,version1_vs_version3,50,4.720962,0.254648
22,35,version2_vs_version3,50,4.650402,0.263377
22,36,original_vs_version1,50,4.37411,0.423976
22,36,original_vs_version2,50,4.354281,0.438632
22,36,original_vs_version3,50,4.346021,0.437832
22,36,version1_vs_version2,50,4.370978,0.427876
22,36,version1_vs_version3,50,4.369665,0.427763
22,36,version2_vs_version3,50,4.339251,0.442365
22,37,original_vs_version1,50,7.415246,0.490074
22,37,original_vs_version2,50,7.416106,0.493767
22,37,original_vs_version3,50,7.37752,0.500877
22,37,version1_vs_version2,50,7.408701,0.497958
22,37,version1_vs_version3,50,7.396509,0.498076
22,37,version2_vs_version3,50,7.368057,0.510089
22,38,original_vs_version1,50,5.427339,0.445772
22,38,original_vs_version2,50,5.424777,0.438689
22,38,original_vs_version3,50,5.404057,0.450237
22,38,version1_vs_version2,50,5.421914,0.453964
22,38,version1_vs_version3,50,5.416864,0.460361
22,38,version2_vs_version3,50,5.395837,0.459163
22,39,original_vs_version1,50,3.999533,0.497728
22,39,original_vs_version2,50,3.976358,0.503493
22,39,original_vs_version3,50,3.951546,0.511977
22,39,version1_vs_version2,50,4.005032,0.504413
22,39,version1_vs_version3,50,3.994229,0.507877
22,39,version2_vs_version3,50,3.955193,0.518764
23,0,original_vs_version1,50,4.757584,0.256678
23,0,original_vs_version2,50,4.727231,0.252767
23,0,original_vs_version3,50,4.733595,0.247196
23,0,version1_vs_version2,50,4.747228,0.249172
23,0,version1_vs_version3,50,4.749532,0.248205
23,0,version2_vs_version3,50,4.719705,0.245789
23,1,original_vs_version1,50,5.573922,0.271838
23,1,original_vs_version2,50,5.542107,0.265927
23,1,original_vs_version3,50,5.545321,0.261325
23,1,version1_vs_version2,50,5.559325,0.264895
23,1,version1_vs_version3,50,5.567202,0.260835
23,1,version2_vs_version3,50,5.527063,0.259903
23,2,original_vs_version1,50,5.394997,0.195753
23,2,original_vs_version2,50,5.404019,0.201534
23,2,original_vs_version3,50,5.400215,0.208185
23,2,version1_vs_version2,50,5.394231,0.201345
23,2,version1_vs_version3,50,5.395769,0.210608
23,2,version2_vs_version3,50,5.396616,0.217174
23,3,original_vs_version1,50,4.26047,0.158611
23,3,original_vs_version2,50,4.239517,0.174843
23,3,original_vs_version3,50,4.230066,0.169519
23,3,version1_vs_version2,50,4.250306,0.160962
23,3,version1_vs_version3,50,4.257109,0.158025
23,3,version2_vs_version3,50,4.217901,0.174751
23,4,original_vs_version1,50,4.756943,0.40767
23,4,original_vs_version2,50,4.759368,0.401053
23,4,original_vs_version3,50,4.740987,0.391121
23,4,version1_vs_version2,50,4.742249,0.407533
23,4,version1_vs_version3,50,4.744167,0.401111
23,4,version2_vs_version3,50,4.724276,0.395686
23,5,original_vs_version1,50,3.462816,0.30363
23,5,original_vs_version2,50,3.47578,0.307955
23,5,original_vs_version3,50,3.46238,0.305941
23,5,version1_vs_version2,50,3.472772,0.309791
23,5,version1_vs_version3,50,3.468922,0.305353
23,5,version2_vs_version3,50,3.469027,0.312235
23,6,original_vs_version1,50,2.658402,0.32373
23,6,original_vs_version2,50,2.670521,0.333193
23,6,original_vs_version3,50,2.64297,0.327562
23,6,version1_vs_version2,50,2.670515,0.328804
23,6,version1_vs_version3,50,2.657333,0.325186
23,6,version2_vs_version3,50,2.653742,0.332633
23,7,original_vs_version1,50,3.055791,0.21158
23,7,original_vs_version2,50,3.04582,0.217915
23,7,original_vs_version3,50,3.02648,0.2157
23,7,version1_vs_version2,50,3.050533,0.222096
23,7,version1_vs_version3,50,3.037559,0.22018
23,7,version2_vs_version3,50,3.018239,0.226597
23,8,original_vs_version1,50,1.023635,0.285245
23,8,original_vs_version2,50,1.042826,0.302593
23,8,original_vs_version3,50,1.050465,0.303722
23,8,version1_vs_version2,50,1.022321,0.283464
23,8,version1_vs_version3,50,1.026461,0.285109
23,8,version2_vs_version3,50,1.04831,0.301131
23,9,original_vs_version1,50,2.673532,0.29181
23,9,original_vs_version2,50,2.70478,0.306544
23,9,original_vs_version3,50,2.689029,0.309993
23,9,version1_vs_version2,50,2.67833,0.29496
23,9,version1_vs_version3,50,2.679987,0.294341
23,9,version2_vs_version3,50,2.692907,0.313626
23,10,original_vs_version1,50,2.860639,0.682696
23,10,original_vs_version2,50,2.825443,0.701406
23,10,original_vs_version3,50,2.789199,0.702875
23,10,version1_vs_version2,50,2.851941,0.694661
23,10,version1_vs_version3,50,2.837898,0.693179
23,10,version2_vs_version3,50,2.779277,0.715344
23,11,original_vs_version1,50,4.131208,1.005619
23,11,original_vs_version2,50,4.105828,1.004565
23,11,original_vs_version3,50,4.035153,1.01396
23,11,version1_vs_version2,50,4.132046,1.016989
23,11,version1_vs_version3,50,4.097625,1.021151
23,11,version2_vs_version3,50,4.035243,1.027601
23,12,original_vs_version1,50,2.589643,0.473584
23,12,original_vs_version2,50,2.554476,0.490118
23,12,original_vs_version3,50,2.530244,0.485219
23,12,version1_vs_version2,50,2.587624,0.487096
23,12,version1_vs_version3,50,2.57747,0.480709
23,12,version2_vs_version3,50,2.525936,0.49931
23,13,original_vs_version1,50,2.48939,0.700195
23,13,original_vs_version2,50,2.465304,0.709381
23,13,original_vs_version3,50,2.42118,0.711652
23,13,version1_vs_version2,50,2.486144,0.721081
23,13,version1_vs_version3,50,2.463665,0.72382
23,13,version2_vs_version3,50,2.417746,0.733359
23,14,original_vs_version1,50,1.1399,0.585387
23,14,original_vs_version2,50,1.125731,0.596082
23,14,original_vs_version3,50,1.110766,0.58917
23,14,version1_vs_version2,50,1.148864,0.602476
23,14,version1_vs_version3,50,1.143756,0.595783
23,14,version2_vs_version3,50,1.119494,0.605609
23,15,original_vs_version1,50,2.41488,0.228629
23,15,original_vs_version2,50,2.31298,0.224587
23,15,original_vs_version3,50,2.314333,0.215891
23,15,version1_vs_version2,50,2.411496,0.240455
23,15,version1_vs_version3,50,2.420691,0.235059
23,15,version2_vs_version3,50,2.308305,0.227506
23,16,original_vs_version1,50,0.76026,0.078445
23,16,original_vs_version2,50,0.76165,0.083591
23,16,original_vs_version3,50,0.784851,0.087582
23,16,version1_vs_version2,50,0.782218,0.077878
23,16,version1_vs_version3,50,0.801731,0.087386
23,16,version2_vs_version3,50,0.798323,0.088529
23,17,original_vs_version1,50,1.165123,0.165681
23,17,original_vs_version2,50,1.155403,0.165521
23,17,original_vs_version3,50,1.147248,0.162282
23,17,version1_vs_version2,50,1.16444,0.16713
23,17,version1_vs_version3,50,1.160819,0.163941
23,17,version2_vs_version3,50,1.144277,0.163866
23,18,original_vs_version1,50,0.63213,0.106076
23,18,original_vs_version2,50,0.609524,0.102841
23,18,original_vs_version3,50,0.607059,0.098119
23,18,version1_vs_version2,50,0.626106,0.102025
23,18,version1_vs_version3,50,0.629293,0.101818
23,18,version2_vs_version3,50,0.600682,0.094154
23,19,original_vs_version1,50,2.211036,0.275249
23,19,original_vs_version2,50,2.07827,0.236396
23,19,original_vs_version3,50,2.065368,0.222726
23,19,version1_vs_version2,50,2.197331,0.272768
23,19,version1_vs_version3,50,2.194259,0.263525
23,19,version2_vs_version3,50,2.049299,0.230494
23,20,original_vs_version1,50,2.400104,0.223959
23,20,original_vs_version2,50,2.259846,0.254565
23,20,original_vs_version3,50,2.244168,0.25205
23,20,version1_vs_version2,50,2.383487,0.230488
23,20,version1_vs_version3,50,2.37796,0.230658
23,20,version2_vs_version3,50,2.220046,0.261051
23,21,original_vs_version1,50,3.382699,0.235648
23,21,original_vs_version2,50,3.340929,0.2356
23,21,original_vs_version3,50,3.347382,0.237624
23,21,version1_vs_version2,50,3.367671,0.228984
23,21,version1_vs_version3,50,3.380593,0.233105
23,21,version2_vs_version3,50,3.326721,0.234604
23,22,original_vs_version1,50,3.842458,0.173741
23,22,original_vs_version2,50,3.775399,0.176665
23,22,original_vs_version3,50,3.794512,0.164772
23,22,version1_vs_version2,50,3.819606,0.165331
23,22,version1_vs_version3,50,3.830896,0.158389
23,22,version2_vs_version3,50,3.763751,0.158905
23,23,original_vs_version1,50,1.378572,0.106427
23,23,original_vs_version2,50,1.302752,0.110317
23,23,original_vs_version3,50,1.319588,0.101637
23,23,version1_vs_version2,50,1.372142,0.103292
23,23,version1_vs_version3,50,1.382805,0.102002
23,23,version2_vs_version3,50,1.301508,0.101255
23,24,original_vs_version1,50,1.894701,0.144984
23,24,original_vs_version2,50,1.810709,0.148596
23,24,original_vs_version3,50,1.829907,0.145871
23,24,version1_vs_version2,50,1.875393,0.137224
23,24,version1_vs_version3,50,1.891548,0.138727
23,24,version2_vs_version3,50,1.797072,0.138985
23,25,original_vs_version1,50,3.43475,0.298148
23,25,original_vs_version2,50,3.466962,0.273573
23,25,original_vs_version3,50,3.444727,0.273624
23,25,version1_vs_version2,50,3.432296,0.308748
23,25,version1_vs_version3,50,3.431432,0.304167
23,25,version2_vs_version3,50,3.441586,0.284101
23,26,original_vs_version1,50,3.872629,0.337945
23,26,original_vs_version2,50,3.869398,0.340235
23,26,original_vs_version3,50,3.845328,0.338038
23,26,version1_vs_version2,50,3.870475,0.328394
23,26,version1_vs_version3,50,3.872798,0.324777
23,26,version2_vs_version3,50,3.842894,0.329282
23,27,original_vs_version1,50,2.857397,0.254362
23,27,original_vs_version2,50,2.885432,0.262303
23,27,original_vs_version3,50,2.862554,0.255114
23,27,version1_vs_version2,50,2.860505,0.259755
23,27,version1_vs_version3,50,2.858788,0.248237
23,27,version2_vs_version3,50,2.865004,0.261811
23,28,original_vs_version1,50,2.809534,0.303617
23,28,original_vs_version2,50,2.825688,0.305656
23,28,original_vs_version3,50,2.817378,0.295666
23,28,version1_vs_version2,50,2.808145,0.308585
23,28,version1_vs_version3,50,2.808233,0.296307
23,28,version2_vs_version3,50,2.814611,0.302772
23,29,original_vs_version1,50,3.628104,0.462576
23,29,original_vs_version2,50,3.667372,0.490514
23,29,original_vs_version3,50,3.638739,0.478235
23,29,version1_vs_version2,50,3.62196,0.47864
23,29,version1_vs_version3,50,3.62046,0.46086
23,29,version2_vs_version3,50,3.632053,0.495194
23,30,original_vs_version1,50,1.834596,0.497542
23,30,original_vs_version2,50,1.828192,0.504577
23,30,original_vs_version3,50,1.809565,0.506081
23,30,version1_vs_version2,50,1.834795,0.506182
23,30,version1_vs_version3,50,1.827499,0.507626
23,30,version2_vs_version3,50,1.808883,0.514131
23,31,original_vs_version1,50,2.834405,0.50991
23,31,original_vs_version2,50,2.840775,0.523713
23,31,original_vs_version3,50,2.809938,0.524588
23,31,version1_vs_version2,50,2.834012,0.521833
23,31,version1_vs_version3,50,2.819739,0.521605
23,31,version2_vs_version3,50,2.807941,0.537159
23,32,original_vs_version1,50,2.052491,0.654536
23,32,original_vs_version2,50,2.041469,0.664336
23,32,original_vs_version3,50,2.010629,0.659193
23,32,version1_vs_version2,50,2.044562,0.663247
23,32,version1_vs_version3,50,2.031185,0.658063
23,32,version2_vs_version3,50,2.002408,0.668624
23,33,original_vs_version1,50,1.583205,0.619904
23,33,original_vs_version2,50,1.597785,0.631102
23,33,original_vs_version3,50,1.576068,0.628473
23,33,version1_vs_version2,50,1.591767,0.636247
23,33,version1_vs_version3,50,1.582183,0.631956
23,33,version2_vs_version3,50,1.584331,0.645485
23,34,original_vs_version1,50,1.422424,0.531673
23,34,original_vs_version2,50,1.43144,0.536908
23,34,original_vs_version3,50,1.417708,0.5408
23,34,version1_vs_version2,50,1.419232,0.533112
23,34,version1_vs_version3,50,1.41701,0.535618
23,34,version2_vs_version3,50,1.414568,0.54261
23,35,original_vs_version1,50,3.310867,0.253143
23,35,original_vs_version2,50,3.291692,0.261363
23,35,original_vs_version3,50,3.29346,0.266301
23,35,version1_vs_version2,50,3.305604,0.262281
23,35,version1_vs_version3,50,3.298242,0.268553
23,35,version2_vs_version3,50,3.285819,0.2754
23,36,original_vs_version1,50,3.798583,0.303897
23,36,original_vs_version2,50,3.79424,0.306492
23,36,original_vs_version3,50,3.780704,0.302526
23,36,version1_vs_version2,50,3.785383,0.310191
23,36,version1_vs_version3,50,3.781819,0.300621
23,36,version2_vs_version3,50,3.764506,0.308808
23,37,original_vs_version1,50,2.820225,0.235674
23,37,original_vs_version2,50,2.791073,0.242242
23,37,original_vs_version3,50,2.800048,0.23245
23,37,version1_vs_version2,50,2.822129,0.231384
23,37,version1_vs_version3,50,2.823282,0.225404
23,37,version2_vs_version3,50,2.797984,0.229837
23,38,original_vs_version1,50,3.062091,0.338153
23,38,original_vs_version2,50,3.045648,0.343862
23,38,original_vs_version3,50,3.033091,0.345929
23,38,version1_vs_version2,50,3.059154,0.336049
23,38,version1_vs_version3,50,3.057486,0.337254
23,38,version2_vs_version3,50,3.027967,0.345833
23,39,original_vs_version1,50,3.351058,0.158791
23,39,original_vs_version2,50,3.345659,0.168027
23,39,original_vs_version3,50,3.348293,0.167281
23,39,version1_vs_version2,50,3.345199,0.167634
23,39,version1_vs_version3,50,3.347597,0.169547
23,39,version2_vs_version3,50,3.338829,0.176741
24,0,original_vs_version1,50,7.016407,0.955682
24,0,original_vs_version2,50,7.036955,0.964881
24,0,original_vs_version3,50,7.018138,0.967333
24,0,version1_vs_version2,50,7.004208,0.978856
24,0,version1_vs_version3,50,7.014749,0.973638
24,0,version2_vs_version3,50,7.003291,0.991615
24,1,original_vs_version1,50,7.692242,0.687209
24,1,original_vs_version2,50,7.725874,0.66706
24,1,original_vs_version3,50,7.689578,0.670322
24,1,version1_vs_version2,50,7.671714,0.696955
24,1,version1_vs_version3,50,7.664986,0.693937
24,1,version2_vs_version3,50,7.66636,0.683837
24,2,original_vs_version1,50,6.301455,0.542462
24,2,original_vs_version2,50,6.271864,0.548956
24,2,original_vs_version3,50,6.273639,0.551711
24,2,version1_vs_version2,50,6.287226,0.554946
24,2,version1_vs_version3,50,6.296981,0.552303
24,2,version2_vs_version3,50,6.255168,0.56478
24,3,original_vs_version1,50,7.042111,0.686726
24,3,original_vs_version2,50,7.073098,0.677306
24,3,original_vs_version3,50,7.050191,0.684912
24,3,version1_vs_version2,50,7.021604,0.696508
24,3,version1_vs_version3,50,7.025294,0.694749
24,3,version2_vs_version3,50,7.027194,0.695285
24,4,original_vs_version1,50,6.812917,0.77199
24,4,original_vs_version2,50,6.84204,0.785424
24,4,original_vs_version3,50,6.796992,0.794919
24,4,version1_vs_version2,50,6.818896,0.799773
24,4,version1_vs_version3,50,6.804278,0.806765
24,4,version2_vs_version3,50,6.801149,0.822075
24,5,original_vs_version1,50,10.947199,0.279888
24,5,original_vs_version2,50,10.954156,0.293629
24,5,original_vs_version3,50,10.902436,0.303655
24,5,version1_vs_version2,50,10.885678,0.263826
24,5,version1_vs_version3,50,10.871004,0.271359
24,5,version2_vs_version3,50,10.834074,0.290534
24,6,original_vs_version1,50,1.456916,0.121722
24,6,original_vs_version2,50,1.413822,0.129659
24,6,original_vs_version3,50,1.461025,0.131311
24,6,version1_vs_version2,50,1.443235,0.122181
24,6,version1_vs_version3,50,1.468314,0.121048
24,6,version2_vs_version3,50,1.417408,0.127012
24,7,original_vs_version1,50,1.54645,0.199345
24,7,original_vs_version2,50,1.491439,0.21152
24,7,original_vs_version3,50,1.504562,0.210123
24,7,version1_vs_version2,50,1.547705,0.206088
24,7,version1_vs_version3,50,1.564091,0.202295
24,7,version2_vs_version3,50,1.49571,0.214259
24,8,original_vs_version1,50,1.221555,0.118986
24,8,original_vs_version2,50,1.187304,0.112028
24,8,original_vs_version3,50,1.208745,0.113085
24,8,version1_vs_version2,50,1.168035,0.091627
24,8,version1_vs_version3,50,1.17354,0.090932
24,8,version2_vs_version3,50,1.130579,0.088364
24,9,original_vs_version1,50,3.345311,0.184048
24,9,original_vs_version2,50,3.296204,0.170207
24,9,original_vs_version3,50,3.334945,0.167934
24,9,version1_vs_version2,50,3.330827,0.174225
24,9,version1_vs_version3,50,3.360385,0.175681
24,9,version2_vs_version3,50,3.291952,0.165456
24,10,original_vs_version1,50,2.039251,0.61962
24,10,original_vs_version2,50,2.048798,0.641571
24,10,original_vs_version3,50,2.018837,0.63785
24,10,version1_vs_version2,50,2.027234,0.631484
24,10,version1_vs_version3,50,2.015192,0.632192
24,10,version2_vs_version3,50,2.005947,0.651248
24,11,original_vs_version1,50,1.872613,0.420398
24,11,original_vs_version2,50,1.862633,0.438076
24,11,original_vs_version3,50,1.834718,0.439138
24,11,version1_vs_version2,50,1.889275,0.434484
24,11,version1_vs_version3,50,1.876182,0.438242
24,11,version2_vs_version3,50,1.849732,0.452501
24,12,original_vs_version1,50,0.391694,0.071692
24,12,original_vs_version2,50,0.388129,0.079992
24,12,original_vs_version3,50,0.385161,0.076031
24,12,version1_vs_version2,50,0.366396,0.06792
24,12,version1_vs_version3,50,0.36203,0.064991
24,12,version2_vs_version3,50,0.356806,0.073756
24,13,original_vs_version1,50,1.7757,0.41959
24,13,original_vs_version2,50,1.754093,0.43651
24,13,original_vs_version3,50,1.732482,0.435844
24,13,version1_vs_version2,50,1.766743,0.42253
24,13,version1_vs_version3,50,1.756165,0.424546
24,13,version2_vs_version3,50,1.721283,0.438985
24,14,original_vs_version1,50,1.458692,0.488331
24,14,original_vs_version2,50,1.464642,0.518306
24,14,original_vs_version3,50,1.438965,0.509361
24,14,version1_vs_version2,50,1.45991,0.498684
24,14,version1_vs_version3,50,1.446293,0.496049
24,14,version2_vs_version3,50,1.438995,0.520844
24,15,original_vs_version1,50,3.261887,0.470816
24,15,original_vs_version2,50,3.26571,0.471987
24,15,original_vs_version3,50,3.249602,0.469006
24,15,version1_vs_version2,50,3.263118,0.479111
24,15,version1_vs_version3,50,3.265043,0.476769
24,15,version2_vs_version3,50,3.249533,0.477048
24,16,original_vs_version1,50,2.197161,0.348786
24,16,original_vs_version2,50,2.208775,0.351596
24,16,original_vs_version3,50,2.189592,0.366134
24,16,version1_vs_version2,50,2.203441,0.354637
24,16,version1_vs_version3,50,2.200401,0.37129
24,16,version2_vs_version3,50,2.195262,0.371826
24,17,original_vs_version1,50,3.192075,0.360124
24,17,original_vs_version2,50,3.185723,0.355567
24,17,original_vs_version3,50,3.188952,0.37098
24,17,version1_vs_version2,50,3.184412,0.367614
24,17,version1_vs_version3,50,3.19921,0.381651
24,17,version2_vs_version3,50,3.176598,0.37748
24,18,original_vs_version1,50,3.847487,0.512376
24,18,original_vs_version2,50,3.858631,0.52449
24,18,original_vs_version3,50,3.834206,0.526026
24,18,version1_vs_version2,50,3.847392,0.525773
24,18,version1_vs_version3,50,3.844019,0.523492
24,18,version2_vs_version3,50,3.832995,0.539942
24,19,original_vs_version1,50,4.368753,0.598007
24,19,original_vs_version2,50,4.377118,0.601493
24,19,original_vs_version3,50,4.353571,0.605404
24,19,version1_vs_version2,50,4.372096,0.615488
24,19,version1_vs_version3,50,4.373111,0.617396
24,19,version2_vs_version3,50,4.355094,0.625001
24,20,original_vs_version1,50,4.626622,0.20234
24,20,original_vs_version2,50,4.572756,0.216808
24,20,original_vs_version3,50,4.588046,0.217142
24,20,version1_vs_version2,50,4.617455,0.197616
24,20,version1_vs_version3,50,4.630226,0.199153
24,20,version2_vs_version3,50,4.57171,0.21441
24,21,original_vs_version1,50,3.75491,0.243834
24,21,original_vs_version2,50,3.651065,0.244194
24,21,original_vs_version3,50,3.681829,0.241962
24,21,version1_vs_version2,50,3.723659,0.237265
24,21,version1_vs_version3,50,3.740158,0.235374
24,21,version2_vs_version3,50,3.637832,0.241107
24,22,original_vs_version1,50,5.184736,0.276449
24,22,original_vs_version2,50,5.170904,0.306324
24,22,original_vs_version3,50,5.177159,0.322671
24,22,version1_vs_version2,50,5.186647,0.271778
24,22,version1_vs_version3,50,5.200162,0.289221
24,22,version2_vs_version3,50,5.172567,0.320043
24,23,original_vs_version1,50,3.546718,0.267887
24,23,original_vs_version2,50,3.528214,0.273371
24,23,original_vs_version3,50,3.542443,0.266073
24,23,version1_vs_version2,50,3.555948,0.254247
24,23,version1_vs_version3,50,3.566278,0.248479
24,23,version2_vs_version3,50,3.546848,0.256642
24,24,original_vs_version1,50,2.234654,0.324808
24,24,original_vs_version2,50,2.198582,0.346597
24,24,original_vs_version3,50,2.219702,0.347439
24,24,version1_vs_version2,50,2.228598,0.329553
24,24,version1_vs_version3,50,2.237818,0.336022
24,24,version2_vs_version3,50,2.210849,0.353397
24,25,original_vs_version1,50,4.054965,0.37618
24,25,original_vs_version2,50,4.079986,0.374075
24,25,original_vs_version3,50,4.076267,0.395669
24,25,version1_vs_version2,50,4.053402,0.378146
24,25,version1_vs_version3,50,4.068903,0.395341
24,25,version2_vs_version3,50,4.07307,0.397414
24,26,original_vs_version1,50,3.27001,0.522127
24,26,original_vs_version2,50,3.272306,0.538724
24,26,original_vs_version3,50,3.271789,0.535427
24,26,version1_vs_version2,50,3.26288,0.518052
24,26,version1_vs_version3,50,3.280157,0.50759
24,26,version2_vs_version3,50,3.262725,0.530316
24,27,original_vs_version1,50,4.603179,0.306552
24,27,original_vs_version2,50,4.580645,0.322564
24,27,original_vs_version3,50,4.571996,0.3301
24,27,version1_vs_version2,50,4.590261,0.314483
24,27,version1_vs_version3,50,4.593032,0.316634
24,27,version2_vs_version3,50,4.55526,0.340168
24,28,original_vs_version1,50,4.524743,0.691752
24,28,original_vs_version2,50,4.550428,0.68338
24,28,original_vs_version3,50,4.528977,0.682878
24,28,version1_vs_version2,50,4.519938,0.705098
24,28,version1_vs_version3,50,4.521759,0.698695
24,28,version2_vs_version3,50,4.521148,0.696247
24,29,original_vs_version1,50,4.059527,0.358912
24,29,original_vs_version2,50,4.06426,0.336467
24,29,original_vs_version3,50,4.076176,0.340102
24,29,version1_vs_version2,50,4.05905,0.358212
24,29,version1_vs_version3,50,4.085808,0.361457
24,29,version2_vs_version3,50,4.071796,0.341222
24,30,original_vs_version1,50,4.524329,0.254141
24,30,original_vs_version2,50,4.494357,0.259595
24,30,original_vs_version3,50,4.485099,0.265642
24,30,version1_vs_version2,50,4.511623,0.263015
24,30,version1_vs_version3,50,4.514759,0.261997
24,30,version2_vs_version3,50,4.470178,0.274779
24,31,original_vs_version1,50,3.549594,0.230685
24,31,original_vs_version2,50,3.54292,0.235342
24,31,original_vs_version3,50,3.542167,0.23448
24,31,version1_vs_version2,50,3.532834,0.23535
24,31,version1_vs_version3,50,3.534408,0.235551
24,31,version2_vs_version3,50,3.522523,0.240238
24,32,original_vs_version1,50,4.528107,0.303991
24,32,original_vs_version2,50,4.528758,0.307527
24,32,original_vs_version3,50,4.5209,0.301179
24,32,version1_vs_version2,50,4.509536,0.31102
24,32,version1_vs_version3,50,4.504388,0.305873
24,32,version2_vs_version3,50,4.49952,0.308929
24,33,original_vs_version1,50,3.210152,0.314218
24,33,original_vs_version2,50,3.211701,0.326263
24,33,original_vs_version3,50,3.187134,0.327814
24,33,version1_vs_version2,50,3.200621,0.318978
24,33,version1_vs_version3,50,3.189622,0.317749
24,33,version2_vs_version3,50,3.176284,0.332063
24,34,original_vs_version1,50,3.573314,0.202771
24,34,original_vs_version2,50,3.561356,0.217663
24,34,original_vs_version3,50,3.559344,0.214629
24,34,version1_vs_version2,50,3.565161,0.211934
24,34,version1_vs_version3,50,3.568474,0.207998
24,34,version2_vs_version3,50,3.548393,0.22669
24,35,original_vs_version1,50,3.496494,0.357537
24,35,original_vs_version2,50,3.513615,0.349262
24,35,original_vs_version3,50,3.505253,0.361413
24,35,version1_vs_version2,50,3.485607,0.359687
24,35,version1_vs_version3,50,3.490098,0.369665
24,35,version2_vs_version3,50,3.491991,0.365861
24,36,original_vs_version1,50,3.80495,0.397786
24,36,original_vs_version2,50,3.798669,0.392448
24,36,original_vs_version3,50,3.79747,0.392133
24,36,version1_vs_version2,50,3.792179,0.3879
24,36,version1_vs_version3,50,3.803155,0.383673
24,36,version2_vs_version3,50,3.781652,0.382525
24,37,original_vs_version1,50,3.992219,0.420777
24,37,original_vs_version2,50,3.986721,0.416586
24,37,original_vs_version3,50,3.973288,0.41163
24,37,version1_vs_version2,50,3.979174,0.418238
24,37,version1_vs_version3,50,3.981241,0.410408
24,37,version2_vs_version3,50,3.957444,0.414503
24,38,original_vs_version1,50,4.333179,0.37097
24,38,original_vs_version2,50,4.325557,0.371719
24,38,original_vs_version3,50,4.309218,0.37089
24,38,version1_vs_version2,50,4.327092,0.368989
24,38,version1_vs_version3,50,4.326067,0.36537
24,38,version2_vs_version3,50,4.299709,0.372052
24,39,original_vs_version1,50,3.446319,0.354271
24,39,original_vs_version2,50,3.476616,0.357346
24,39,original_vs_version3,50,3.461009,0.366412
24,39,version1_vs_version2,50,3.443234,0.345608
24,39,version1_vs_version3,50,3.443293,0.356321
24,39,version2_vs_version3,50,3.455716,0.36083
25,0,original_vs_version1,50,2.726515,0.164068
25,0,original_vs_version2,50,2.529801,0.168626
25,0,original_vs_version3,50,2.538679,0.17761
25,0,version1_vs_version2,50,2.676481,0.132488
25,0,version1_vs_version3,50,2.678498,0.126697
25,0,version2_vs_version3,50,2.470788,0.141298
25,1,original_vs_version1,50,2.72421,0.325085
25,1,original_vs_version2,50,2.613248,0.330234
25,1,original_vs_version3,50,2.620985,0.327872
25,1,version1_vs_version2,50,2.705275,0.312293
25,1,version1_vs_version3,50,2.707185,0.311522
25,1,version2_vs_version3,50,2.594541,0.316774
25,2,original_vs_version1,50,3.910798,0.149996
25,2,original_vs_version2,50,3.753173,0.177797
25,2,original_vs_version3,50,3.770351,0.174576
25,2,version1_vs_version2,50,3.87608,0.13746
25,2,version1_vs_version3,50,3.885055,0.134283
25,2,version2_vs_version3,50,3.721525,0.163041
25,3,original_vs_version1,50,2.807441,0.181992
25,3,original_vs_version2,50,2.558176,0.159184
25,3,original_vs_version3,50,2.627869,0.173703
25,3,version1_vs_version2,50,2.746587,0.167696
25,3,version1_vs_version3,50,2.776914,0.176168
25,3,version2_vs_version3,50,2.526089,0.143775
25,4,original_vs_version1,50,1.786556,0.132483
25,4,original_vs_version2,50,1.565606,0.135995
25,4,original_vs_version3,50,1.580825,0.138868
25,4,version1_vs_version2,50,1.742288,0.122181
25,4,version1_vs_version3,50,1.747446,0.124276
25,4,version2_vs_version3,50,1.514578,0.122787
25,5,original_vs_version1,50,3.020952,0.324654
25,5,original_vs_version2,50,3.099877,0.347192
25,5,original_vs_version3,50,3.090878,0.3408
25,5,version1_vs_version2,50,2.997613,0.329271
25,5,version1_vs_version3,50,3.000493,0.331232
25,5,version2_vs_version3,50,3.066905,0.348772
25,6,original_vs_version1,50,3.325208,0.473461
25,6,original_vs_version2,50,3.324754,0.49179
25,6,original_vs_version3,50,3.300083,0.511084
25,6,version1_vs_version2,50,3.333724,0.477984
25,6,version1_vs_version3,50,3.329147,0.490023
25,6,version2_vs_version3,50,3.307234,0.513845
25,7,original_vs_version1,50,2.733478,0.36106
25,7,original_vs_version2,50,2.768643,0.386517
25,7,original_vs_version3,50,2.765724,0.383176
25,7,version1_vs_version2,50,2.722151,0.347317
25,7,version1_vs_version3,50,2.728716,0.34456
25,7,version2_vs_version3,50,2.752527,0.37372
25,8,original_vs_version1,50,2.765716,0.235104
25,8,original_vs_version2,50,2.775269,0.234799
25,8,original_vs_version3,50,2.76269,0.214346
25,8,version1_vs_version2,50,2.760086,0.235033
25,8,version1_vs_version3,50,2.761458,0.218557
25,8,version2_vs_version3,50,2.756172,0.212591
25,9,original_vs_version1,50,3.190081,0.236182
25,9,original_vs_version2,50,3.212796,0.242164
25,9,original_vs_version3,50,3.20945,0.248708
25,9,version1_vs_version2,50,3.198237,0.238556
25,9,version1_vs_version3,50,3.208441,0.247731
25,9,version2_vs_version3,50,3.214821,0.252802
25,10,original_vs_version1,50,2.818195,0.227719
25,10,original_vs_version2,50,2.817739,0.243963
25,10,original_vs_version3,50,2.788062,0.238795
25,10,version1_vs_version2,50,2.818319,0.213947
25,10,version1_vs_version3,50,2.809103,0.21154
25,10,version2_vs_version3,50,2.787045,0.228381
25,11,original_vs_version1,50,2.809598,0.182021
25,11,original_vs_version2,50,2.810731,0.188976
25,11,original_vs_version3,50,2.80446,0.196326
25,11,version1_vs_version2,50,2.811313,0.180038
25,11,version1_vs_version3,50,2.814687,0.186164
25,11,version2_vs_version3,50,2.804109,0.194895
25,12,original_vs_version1,50,2.562197,0.241317
25,12,original_vs_version2,50,2.536343,0.256692
25,12,original_vs_version3,50,2.519403,0.256033
25,12,version1_vs_version2,50,2.551208,0.232378
25,12,version1_vs_version3,50,2.546007,0.234132
25,12,version2_vs_version3,50,2.506325,0.250024
25,13,original_vs_version1,50,2.554842,0.194872
25,13,original_vs_version2,50,2.550561,0.192885
25,13,original_vs_version3,50,2.528748,0.187552
25,13,version1_vs_version2,50,2.556474,0.188548
25,13,version1_vs_version3,50,2.548469,0.184753
25,13,version2_vs_version3,50,2.52836,0.184593
25,14,original_vs_version1,50,4.44315,0.399672
25,14,original_vs_version2,50,4.446038,0.433201
25,14,original_vs_version3,50,4.471148,0.421087
25,14,version1_vs_version2,50,4.470527,0.392955
25,14,version1_vs_version3,50,4.492041,0.38626
25,14,version2_vs_version3,50,4.490454,0.415698
25,15,original_vs_version1,50,3.289303,0.316837
25,15,original_vs_version2,50,3.316954,0.344611
25,15,original_vs_version3,50,3.315325,0.329989
25,15,version1_vs_version2,50,3.278024,0.328359
25,15,version1_vs_version3,50,3.293205,0.313835
25,15,version2_vs_version3,50,3.300875,0.342224
25,16,original_vs_version1,50,2.560019,0.292576
25,16,original_vs_version2,50,2.585211,0.319598
25,16,original_vs_version3,50,2.577528,0.313648
25,16,version1_vs_version2,50,2.55217,0.287505
25,16,version1_vs_version3,50,2.55048,0.286364
25,16,version2_vs_version3,50,2.567048,0.310083
25,17,original_vs_version1,50,2.562793,0.428749
25,17,original_vs_version2,50,2.593199,0.450098
25,17,original_vs_version3,50,2.573162,0.443922
25,17,version1_vs_version2,50,2.567399,0.423261
25,17,version1_vs_version3,50,2.564812,0.41102
25,17,version2_vs_version3,50,2.57719,0.437739
25,18,original_vs_version1,50,2.675738,0.368677
25,18,original_vs_version2,50,2.673585,0.364738
25,18,original_vs_version3,50,2.674843,0.373042
25,18,version1_vs_version2,50,2.6657,0.374169
25,18,version1_vs_version3,50,2.678393,0.377304
25,18,version2_vs_version3,50,2.662119,0.378051
25,19,original_vs_version1,50,2.365201,0.350801
25,19,original_vs_version2,50,2.386015,0.375068
25,19,original_vs_version3,50,2.377527,0.37806
25,19,version1_vs_version2,50,2.355348,0.344735
25,19,version1_vs_version3,50,2.356834,0.350106
25,19,version2_vs_version3,50,2.365658,0.373053
25,20,original_vs_version1,50,4.457833,0.324725
25,20,original_vs_version2,50,4.44193,0.335004
25,20,original_vs_version3,50,4.438271,0.341661
25,20,version1_vs_version2,50,4.446732,0.334904
25,20,version1_vs_version3,50,4.450223,0.334462
25,20,version2_vs_version3,50,4.42338,0.350254
25,21,original_vs_version1,50,8.808726,0.35909
25,21,original_vs_version2,50,8.845594,0.350994
25,21,original_vs_version3,50,8.819134,0.371706
25,21,version1_vs_version2,50,8.79267,0.362222
25,21,version1_vs_version3,50,8.794154,0.368128
25,21,version2_vs_version3,50,8.800683,0.373426
25,22,original_vs_version1,50,4.034933,0.335331
25,22,original_vs_version2,50,4.070103,0.325985
25,22,original_vs_version3,50,4.057251,0.328752
25,22,version1_vs_version2,50,4.031705,0.328583
25,22,version1_vs_version3,50,4.038384,0.327488
25,22,version2_vs_version3,50,4.052404,0.322802
25,23,original_vs_version1,50,7.855203,0.281289
25,23,original_vs_version2,50,7.876808,0.279466
25,23,original_vs_version3,50,7.872492,0.291776
25,23,version1_vs_version2,50,7.850866,0.284337
25,23,version1_vs_version3,50,7.862664,0.286708
25,23,version2_vs_version3,50,7.864494,0.294138
25,24,original_vs_version1,50,5.179638,0.413895
25,24,original_vs_version2,50,5.197814,0.400647
25,24,original_vs_version3,50,5.19551,0.408911
25,24,version1_vs_version2,50,5.174438,0.422367
25,24,version1_vs_version3,50,5.186627,0.418364
25,24,version2_vs_version3,50,5.186414,0.415956
25,25,original_vs_version1,50,3.306574,0.302265
25,25,original_vs_version2,50,3.284402,0.300885
25,25,original_vs_version3,50,3.263183,0.317957
25,25,version1_vs_version2,50,3.314934,0.311255
25,25,version1_vs_version3,50,3.304818,0.328841
25,25,version2_vs_version3,50,3.267795,0.327537
25,26,original_vs_version1,50,4.017991,0.377634
25,26,original_vs_version2,50,4.011293,0.391577
25,26,original_vs_version3,50,4.00515,0.397348
25,26,version1_vs_version2,50,4.027734,0.382542
25,26,version1_vs_version3,50,4.038137,0.385798
25,26,version2_vs_version3,50,4.011701,0.40385
25,27,original_vs_version1,50,6.220341,0.350334
25,27,original_vs_version2,50,6.170491,0.365017
25,27,original_vs_version3,50,6.154501,0.37272
25,27,version1_vs_version2,50,6.220809,0.363456
25,27,version1_vs_version3,50,6.22181,0.363435
25,27,version2_vs_version3,50,6.150613,0.388348
25,28,original_vs_version1,50,4.023823,0.300273
25,28,original_vs_version2,50,3.994114,0.302303
25,28,original_vs_version3,50,3.971453,0.320683
25,28,version1_vs_version2,50,4.025963,0.311051
25,28,version1_vs_version3,50,4.022991,0.329414
25,28,version2_vs_version3,50,3.971219,0.332421
25,29,original_vs_version1,50,4.453577,0.274916
25,29,original_vs_version2,50,4.420464,0.280557
25,29,original_vs_version3,50,4.419812,0.282194
25,29,version1_vs_version2,50,4.463138,0.269981
25,29,version1_vs_version3,50,4.47256,0.270359
25,29,version2_vs_version3,50,4.425022,0.282294
25,30,original_vs_version1,50,2.44455,0.411322
25,30,original_vs_version2,50,2.506162,0.429405
25,30,original_vs_version3,50,2.496341,0.414643
25,30,version1_vs_version2,50,2.4501,0.412483
25,30,version1_vs_version3,50,2.437411,0.39964
25,30,version2_vs_version3,50,2.49944,0.42158
25,31,original_vs_version1,50,3.479422,0.271937
25,31,original_vs_version2,50,3.472488,0.28071
25,31,original_vs_version3,50,3.467919,0.284164
25,31,version1_vs_version2,50,3.4719,0.276651
25,31,version1_vs_version3,50,3.47402,0.278677
25,31,version2_vs_version3,50,3.456715,0.293098
25,32,original_vs_version1,50,4.305346,0.396156
25,32,original_vs_version2,50,4.291711,0.413416
25,32,original_vs_version3,50,4.286123,0.404609
25,32,version1_vs_version2,50,4.300847,0.39886
25,32,version1_vs_version3,50,4.309193,0.386971
25,32,version2_vs_version3,50,4.277932,0.408122
25,33,original_vs_version1,50,3.271101,0.342544
25,33,original_vs_version2,50,3.271442,0.344639
25,33,original_vs_version3,50,3.264765,0.354947
25,33,version1_vs_version2,50,3.259969,0.338481
25,33,version1_vs_version3,50,3.263733,0.342285
25,33,version2_vs_version3,50,3.252095,0.351536
25,34,original_vs_version1,50,2.816225,0.414335
25,34,original_vs_version2,50,2.846207,0.415771
25,34,original_vs_version3,50,2.8384,0.404345
25,34,version1_vs_version2,50,2.808202,0.412512
25,34,version1_vs_version3,50,2.816649,0.397807
25,34,version2_vs_version3,50,2.829291,0.401644
25,35,original_vs_version1,50,4.636501,0.303092
25,35,original_vs_version2,50,4.642895,0.323459
25,35,original_vs_version3,50,4.632943,0.325892
25,35,version1_vs_version2,50,4.63351,0.313953
25,35,version1_vs_version3,50,4.63785,0.308728
25,35,version2_vs_version3,50,4.627105,0.335262
25,36,original_vs_version1,50,4.842722,0.379967
25,36,original_vs_version2,50,4.854472,0.372607
25,36,original_vs_version3,50,4.838201,0.393704
25,36,version1_vs_version2,50,4.824276,0.369544
25,36,version1_vs_version3,50,4.831273,0.384011
25,36,version2_vs_version3,50,4.819087,0.381435
25,37,original_vs_version1,50,4.633052,0.311919
25,37,original_vs_version2,50,4.678664,0.304268
25,37,original_vs_version3,50,4.67358,0.312756
25,37,version1_vs_version2,50,4.612164,0.311066
25,37,version1_vs_version3,50,4.619269,0.314144
25,37,version2_vs_version3,50,4.650731,0.311176
25,38,original_vs_version1,50,4.526517,0.198788
25,38,original_vs_version2,50,4.491069,0.221434
25,38,original_vs_version3,50,4.489948,0.225542
25,38,version1_vs_version2,50,4.522439,0.202159
25,38,version1_vs_version3,50,4.51772,0.203429
25,38,version2_vs_version3,50,4.481319,0.228681
25,39,original_vs_version1,50,4.815192,0.378419
25,39,original_vs_version2,50,4.842694,0.377442
25,39,original_vs_version3,50,4.808326,0.391331
25,39,version1_vs_version2,50,4.818884,0.382131
25,39,version1_vs_version3,50,4.799589,0.392947
25,39,version2_vs_version3,50,4.809682,0.394989
26,0,original_vs_version1,50,6.166711,0.329378
26,0,original_vs_version2,50,6.244344,0.361154
26,0,original_vs_version3,50,6.236165,0.358901
26,0,version1_vs_version2,50,6.136648,0.33289
26,0,version1_vs_version3,50,6.150378,0.329595
26,0,version2_vs_version3,50,6.204473,0.362878
26,1,original_vs_version1,50,4.309555,0.356833
26,1,original_vs_version2,50,4.294052,0.348224
26,1,original_vs_version3,50,4.297614,0.354342
26,1,version1_vs_version2,50,4.289929,0.356774
26,1,version1_vs_version3,50,4.288788,0.359029
26,1,version2_vs_version3,50,4.274356,0.355497
26,2,original_vs_version1,50,5.732267,0.412035
26,2,original_vs_version2,50,5.805077,0.430311
26,2,original_vs_version3,50,5.796741,0.443285
26,2,version1_vs_version2,50,5.726188,0.409876
26,2,version1_vs_version3,50,5.740197,0.415307
26,2,version2_vs_version3,50,5.787159,0.4399
26,3,original_vs_version1,50,6.521695,0.287469
26,3,original_vs_version2,50,6.638093,0.314846
26,3,original_vs_version3,50,6.636483,0.301344
26,3,version1_vs_version2,50,6.514841,0.306674
26,3,version1_vs_version3,50,6.536693,0.297902
26,3,version2_vs_version3,50,6.626606,0.319691
26,4,original_vs_version1,50,5.92807,0.347482
26,4,original_vs_version2,50,5.943328,0.350222
26,4,original_vs_version3,50,5.917846,0.344945
26,4,version1_vs_version2,50,5.912016,0.350293
26,4,version1_vs_version3,50,5.907335,0.338486
26,4,version2_vs_version3,50,5.89811,0.347301
26,5,original_vs_version1,50,5.310895,0.333954
26,5,original_vs_version2,50,5.271948,0.345015
26,5,original_vs_version3,50,5.230994,0.335024
26,5,version1_vs_version2,50,5.305614,0.337459
26,5,version1_vs_version3,50,5.278309,0.330794
26,5,version2_vs_version3,50,5.22391,0.340771
26,6,original_vs_version1,50,4.001988,0.615802
26,6,original_vs_version2,50,4.05369,0.645742
26,6,original_vs_version3,50,4.056224,0.636021
26,6,version1_vs_version2,50,3.986354,0.614706
26,6,version1_vs_version3,50,3.983276,0.612506
26,6,version2_vs_version3,50,4.039265,0.635013
26,7,original_vs_version1,50,5.055724,0.612406
26,7,original_vs_version2,50,5.093504,0.597114
26,7,original_vs_version3,50,5.064979,0.605096
26,7,version1_vs_version2,50,5.039597,0.618388
26,7,version1_vs_version3,50,5.015911,0.629402
26,7,version2_vs_version3,50,5.046896,0.612304
26,8,original_vs_version1,50,4.772775,0.381413
26,8,original_vs_version2,50,4.775577,0.40269
26,8,original_vs_version3,50,4.782445,0.39358
26,8,version1_vs_version2,50,4.76455,0.392782
26,8,version1_vs_version3,50,4.75307,0.385883
26,8,version2_vs_version3,50,4.769757,0.400437
26,9,original_vs_version1,50,4.065179,0.521072
26,9,original_vs_version2,50,4.113629,0.533521
26,9,original_vs_version3,50,4.11216,0.535674
26,9,version1_vs_version2,50,4.034501,0.5183
26,9,version1_vs_version3,50,4.031989,0.525187
26,9,version2_vs_version3,50,4.079508,0.534529
26,10,original_vs_version1,50,2.855055,0.425849
26,10,original_vs_version2,50,2.882114,0.428101
26,10,original_vs_version3,50,2.887368,0.435088
26,10,version1_vs_version2,50,2.857498,0.421252
26,10,version1_vs_version3,50,2.873228,0.424015
26,10,version2_vs_version3,50,2.887115,0.430396
26,11,original_vs_version1,50,3.282019,0.513772
26,11,original_vs_version2,50,3.279896,0.525063
26,11,original_vs_version3,50,3.268033,0.544095
26,11,version1_vs_version2,50,3.280118,0.502861
26,11,version1_vs_version3,50,3.27334,0.526164
26,11,version2_vs_version3,50,3.264398,0.537755
26,12,original_vs_version1,50,3.737075,0.302092
26,12,original_vs_version2,50,3.756669,0.32189
26,12,original_vs_version3,50,3.755013,0.321214
26,12,version1_vs_version2,50,3.743558,0.305577
26,12,version1_vs_version3,50,3.756008,0.30092
26,12,version2_vs_version3,50,3.758692,0.325988
26,13,original_vs_version1,50,2.842213,0.490573
26,13,original_vs_version2,50,2.850783,0.516503
26,13,original_vs_version3,50,2.860872,0.535095
26,13,version1_vs_version2,50,2.834452,0.487213
26,13,version1_vs_version3,50,2.84605,0.505719
26,13,version2_vs_version3,50,2.850406,0.52924
26,14,original_vs_version1,50,2.798119,0.314429
26,14,original_vs_version2,50,2.870859,0.317598
26,14,original_vs_version3,50,2.847184,0.318649
26,14,version1_vs_version2,50,2.783034,0.311613
26,14,version1_vs_version3,50,2.762232,0.307133
26,14,version2_vs_version3,50,2.83138,0.317878
26,15,original_vs_version1,50,4.576205,0.818822
26,15,original_vs_version2,50,4.647075,0.847799
26,15,original_vs_version3,50,4.617872,0.866334
26,15,version1_vs_version2,50,4.578879,0.809629
26,15,version1_vs_version3,50,4.563952,0.820177
26,15,version2_vs_version3,50,4.619165,0.855922
26,16,original_vs_version1,50,3.630056,0.698451
26,16,original_vs_version2,50,3.65667,0.714456
26,16,original_vs_version3,50,3.638898,0.719735
26,16,version1_vs_version2,50,3.638514,0.690995
26,16,version1_vs_version3,50,3.640811,0.696219
26,16,version2_vs_version3,50,3.645322,0.712564
26,17,original_vs_version1,50,5.441625,0.863455
26,17,original_vs_version2,50,5.479392,0.868819
26,17,original_vs_version3,50,5.44172,0.884382
26,17,version1_vs_version2,50,5.435626,0.878173
26,17,version1_vs_version3,50,5.426883,0.887085
26,17,version2_vs_version3,50,5.434172,0.897976
26,18,original_vs_version1,50,4.8699,0.496626
26,18,original_vs_version2,50,4.881536,0.484134
26,18,original_vs_version3,50,4.852556,0.515646
26,18,version1_vs_version2,50,4.858193,0.46562
26,18,version1_vs_version3,50,4.851948,0.494614
26,18,version2_vs_version3,50,4.8387,0.487583
26,19,original_vs_version1,50,4.351729,0.374116
26,19,original_vs_version2,50,4.372535,0.365948
26,19,original_vs_version3,50,4.365201,0.380444
26,19,version1_vs_version2,50,4.359135,0.371726
26,19,version1_vs_version3,50,4.360302,0.380899
26,19,version2_vs_version3,50,4.369027,0.380151
26,20,original_vs_version1,50,3.45834,0.651943
26,20,original_vs_version2,50,3.499998,0.655418
26,20,original_vs_version3,50,3.461893,0.670774
26,20,version1_vs_version2,50,3.468561,0.657859
26,20,version1_vs_version3,50,3.459328,0.665497
26,20,version2_vs_version3,50,3.471484,0.676096
26,21,original_vs_version1,50,2.600904,0.457105
26,21,original_vs_version2,50,2.603782,0.448638
26,21,original_vs_version3,50,2.572073,0.452985
26,21,version1_vs_version2,50,2.582895,0.451629
26,21,version1_vs_version3,50,2.572423,0.455721
26,21,version2_vs_version3,50,2.553131,0.450944
26,22,original_vs_version1,50,2.894374,0.737731
26,22,original_vs_version2,50,2.856062,0.742058
26,22,original_vs_version3,50,2.817366,0.737932
26,22,version1_vs_version2,50,2.875624,0.746751
26,22,version1_vs_version3,50,2.857681,0.737802
26,22,version2_vs_version3,50,2.796662,0.746815
26,23,original_vs_version1,50,3.07461,0.743615
26,23,original_vs_version2,50,3.039477,0.75682
26,23,original_vs_version3,50,3.004724,0.754348
26,23,version1_vs_version2,50,3.05757,0.754683
26,23,version1_vs_version3,50,3.047256,0.751247
26,23,version2_vs_version3,50,2.98669,0.765749
26,24,original_vs_version1,50,1.430331,0.308143
26,24,original_vs_version2,50,1.442827,0.323897
26,24,original_vs_version3,50,1.42269,0.311976
26,24,version1_vs_version2,50,1.43888,0.312674
26,24,version1_vs_version3,50,1.428375,0.30005
26,24,version2_vs_version3,50,1.430429,0.316124
26,25,original_vs_version1,50,1.681791,0.373695
26,25,original_vs_version2,50,1.711319,0.371693
26,25,original_vs_version3,50,1.707264,0.372813
26,25,version1_vs_version2,50,1.687809,0.365733
26,25,version1_vs_version3,50,1.684776,0.368658
26,25,version2_vs_version3,50,1.710599,0.364241
26,26,original_vs_version1,50,0.745334,0.133645
26,26,original_vs_version2,50,0.671056,0.1487
26,26,original_vs_version3,50,0.662429,0.124513
26,26,version1_vs_version2,50,0.726064,0.127004
26,26,version1_vs_version3,50,0.716035,0.10783
26,26,version2_vs_version3,50,0.63916,0.119061
26,27,original_vs_version1,50,1.711947,0.415403
26,27,original_vs_version2,50,1.73995,0.415158
26,27,original_vs_version3,50,1.721107,0.408867
26,27,version1_vs_version2,50,1.702908,0.40807
26,27,version1_vs_version3,50,1.690838,0.406764
26,27,version2_vs_version3,50,1.710767,0.400505
26,28,original_vs_version1,50,1.281162,0.32473
26,28,original_vs_version2,50,1.324595,0.329029
26,28,original_vs_version3,50,1.329573,0.320227
26,28,version1_vs_version2,50,1.276044,0.320371
26,28,version1_vs_version3,50,1.268804,0.322458
26,28,version2_vs_version3,50,1.32102,0.31708
26,29,original_vs_version1,50,0.506245,0.264461
26,29,original_vs_version2,50,0.510901,0.268266
26,29,original_vs_version3,50,0.507274,0.266099
26,29,version1_vs_version2,50,0.442885,0.235751
26,29,version1_vs_version3,50,0.4277,0.235049
26,29,version2_vs_version3,50,0.444528,0.240674
26,30,original_vs_version1,50,1.084111,0.213742
26,30,original_vs_version2,50,1.053873,0.219212
26,30,original_vs_version3,50,1.067883,0.217546
26,30,version1_vs_version2,50,1.092355,0.215933
26,30,version1_vs_version3,50,1.108693,0.217879
26,30,version2_vs_version3,50,1.067579,0.218531
26,31,original_vs_version1,50,4.279698,0.34991
26,31,original_vs_version2,50,3.839823,0.29218
26,31,original_vs_version3,50,3.895432,0.302316
26,31,version1_vs_version2,50,4.283423,0.344185
26,31,version1_vs_version3,50,4.328146,0.352145
26,31,version2_vs_version3,50,3.871813,0.293647
26,32,original_vs_version1,50,4.402532,0.273878
26,32,original_vs_version2,50,3.925797,0.38908
26,32,original_vs_version3,50,3.964417,0.385035
26,32,version1_vs_version2,50,4.395777,0.279103
26,32,version1_vs_version3,50,4.426405,0.278067
26,32,version2_vs_version3,50,3.935177,0.389363
26,33,original_vs_version1,50,4.659892,0.508925
26,33,original_vs_version2,50,4.457882,0.562961
26,33,original_vs_version3,50,4.440349,0.568382
26,33,version1_vs_version2,50,4.659532,0.517974
26,33,version1_vs_version3,50,4.653507,0.523336
26,33,version2_vs_version3,50,4.43009,0.576418
26,34,original_vs_version1,50,3.277525,0.257249
26,34,original_vs_version2,50,3.011984,0.291793
26,34,original_vs_version3,50,3.029842,0.291606
26,34,version1_vs_version2,50,3.26685,0.259635
26,34,version1_vs_version3,50,3.277432,0.263278
26,34,version2_vs_version3,50,3.005033,0.292771
26,35,original_vs_version1,50,3.105758,0.366366
26,35,original_vs_version2,50,3.117748,0.364097
26,35,original_vs_version3,50,3.113297,0.377771
26,35,version1_vs_version2,50,3.113283,0.365186
26,35,version1_vs_version3,50,3.114237,0.379154
26,35,version2_vs_version3,50,3.117222,0.37635
26,36,original_vs_version1,50,3.182784,0.709002
26,36,original_vs_version2,50,3.176553,0.703572
26,36,original_vs_version3,50,3.134514,0.713328
26,36,version1_vs_version2,50,3.190609,0.706705
26,36,version1_vs_version3,50,3.170658,0.711393
26,36,version2_vs_version3,50,3.141917,0.712023
26,37,original_vs_version1,50,5.995682,0.530933
26,37,original_vs_version2,50,6.017424,0.563099
26,37,original_vs_version3,50,5.977404,0.557117
26,37,version1_vs_version2,50,5.987858,0.543238
26,37,version1_vs_version3,50,5.975606,0.535714
26,37,version2_vs_version3,50,5.967012,0.567264
26,38,original_vs_version1,50,4.415598,0.449066
26,38,original_vs_version2,50,4.424815,0.455568
26,38,original_vs_version3,50,4.398287,0.449785
26,38,version1_vs_version2,50,4.417473,0.4503
26,38,version1_vs_version3,50,4.414883,0.4483
26,38,version2_vs_version3,50,4.398613,0.453527
26,39,original_vs_version1,50,3.208075,0.559033
26,39,original_vs_version2,50,3.214656,0.5686
26,39,original_vs_version3,50,3.212034,0.580266
26,39,version1_vs_version2,50,3.196952,0.546556
26,39,version1_vs_version3,50,3.209193,0.553928
26,39,version2_vs_version3,50,3.199085,0.566956
27,0,original_vs_version1,50,5.499316,0.396591
27,0,original_vs_version2,50,5.408137,0.401022
27,0,original_vs_version3,50,5.421402,0.398638
27,0,version1_vs_version2,50,5.48801,0.400416
27,0,version1_vs_version3,50,5.500073,0.392523
27,0,version2_vs_version3,50,5.405973,0.403297
27,1,original_vs_version1,50,6.502821,0.454499
27,1,original_vs_version2,50,6.450545,0.480149
27,1,original_vs_version3,50,6.415505,0.470933
27,1,version1_vs_version2,50,6.520387,0.47278
27,1,version1_vs_version3,50,6.50237,0.465823
27,1,version2_vs_version3,50,6.429974,0.489981
27,2,original_vs_version1,50,7.273753,0.564035
27,2,original_vs_version2,50,7.199426,0.532819
27,2,original_vs_version3,50,7.163385,0.549963
27,2,version1_vs_version2,50,7.268334,0.552491
27,2,version1_vs_version3,50,7.246311,0.557152
27,2,version2_vs_version3,50,7.155084,0.541805
27,3,original_vs_version1,50,6.123663,1.196936
27,3,original_vs_version2,50,6.064069,1.167574
27,3,original_vs_version3,50,6.011125,1.177789
27,3,version1_vs_version2,50,6.109662,1.198565
27,3,version1_vs_version3,50,6.092386,1.201304
27,3,version2_vs_version3,50,5.996514,1.180166
27,4,original_vs_version1,50,5.619943,0.434055
27,4,original_vs_version2,50,5.557048,0.42618
27,4,original_vs_version3,50,5.55026,0.432765
27,4,version1_vs_version2,50,5.615913,0.436392
27,4,version1_vs_version3,50,5.627713,0.443153
27,4,version2_vs_version3,50,5.544437,0.434661
27,5,original_vs_version1,50,10.006994,0.514767
27,5,original_vs_version2,50,10.036725,0.555866
27,5,original_vs_version3,50,10.025543,0.526165
27,5,version1_vs_version2,50,9.993617,0.529311
27,5,version1_vs_version3,50,10.001495,0.50321
27,5,version2_vs_version3,50,10.007119,0.542165
27,6,original_vs_version1,50,3.988059,0.345872
27,6,original_vs_version2,50,4.036347,0.360145
27,6,original_vs_version3,50,4.007983,0.357714
27,6,version1_vs_version2,50,3.972717,0.340398
27,6,version1_vs_version3,50,3.974565,0.344083
27,6,version2_vs_version3,50,3.991881,0.354791
27,7,original_vs_version1,50,5.301978,0.27122
27,7,original_vs_version2,50,5.214549,0.305867
27,7,original_vs_version3,50,5.184034,0.290271
27,7,version1_vs_version2,50,5.277631,0.2695
27,7,version1_vs_version3,50,5.274451,0.266157
27,7,version2_vs_version3,50,5.157172,0.287495
27,8,original_vs_version1,50,4.39926,0.353236
27,8,original_vs_version2,50,4.446022,0.373248
27,8,original_vs_version3,50,4.430419,0.343209
27,8,version1_vs_version2,50,4.391881,0.341667
27,8,version1_vs_version3,50,4.392761,0.328722
27,8,version2_vs_version3,50,4.421097,0.338043
27,9,original_vs_version1,50,4.73759,0.279707
27,9,original_vs_version2,50,4.682981,0.294995
27,9,original_vs_version3,50,4.652481,0.284524
27,9,version1_vs_version2,50,4.732035,0.28644
27,9,version1_vs_version3,50,4.728676,0.281503
27,9,version2_vs_version3,50,4.645228,0.298869
27,10,original_vs_version1,50,5.969925,0.632825
27,10,original_vs_version2,50,6.034366,0.658624
27,10,original_vs_version3,50,6.018524,0.630552
27,10,version1_vs_version2,50,5.935768,0.630019
27,10,version1_vs_version3,50,5.925489,0.60405
27,10,version2_vs_version3,50,5.981069,0.628799
27,11,original_vs_version1,50,5.824511,0.532362
27,11,original_vs_version2,50,5.87117,0.559257
27,11,original_vs_version3,50,5.872266,0.552201
27,11,version1_vs_version2,50,5.802894,0.517946
27,11,version1_vs_version3,50,5.797736,0.51625
27,11,version2_vs_version3,50,5.84586,0.539351
27,12,original_vs_version1,50,4.223124,0.741176
27,12,original_vs_version2,50,4.236965,0.753421
27,12,original_vs_version3,50,4.251261,0.759934
27,12,version1_vs_version2,50,4.22186,0.756723
27,12,version1_vs_version3,50,4.240752,0.762941
27,12,version2_vs_version3,50,4.245806,0.776982
27,13,original_vs_version1,50,6.696742,0.932948
27,13,original_vs_version2,50,6.692821,0.949277
27,13,original_vs_version3,50,6.668786,0.936083
27,13,version1_vs_version2,50,6.685974,0.952972
27,13,version1_vs_version3,50,6.679056,0.938518
27,13,version2_vs_version3,50,6.654703,0.957058
27,14,original_vs_version1,50,6.718299,0.544353
27,14,original_vs_version2,50,6.752593,0.562585
27,14,original_vs_version3,50,6.728648,0.551672
27,14,version1_vs_version2,50,6.715141,0.546027
27,14,version1_vs_version3,50,6.702011,0.531474
27,14,version2_vs_version3,50,6.72148,0.558113
27,15,original_vs_version1,50,2.94022,0.721137
27,15,original_vs_version2,50,3.013412,0.738646
27,15,original_vs_version3,50,3.022485,0.740294
27,15,version1_vs_version2,50,2.937899,0.717667
27,15,version1_vs_version3,50,2.950381,0.723132
27,15,version2_vs_version3,50,3.017152,0.738017
27,16,original_vs_version1,50,3.871817,0.253158
27,16,original_vs_version2,50,3.836347,0.259386
27,16,original_vs_version3,50,3.822868,0.260538
27,16,version1_vs_version2,50,3.865429,0.258278
27,16,version1_vs_version3,50,3.861417,0.254506
27,16,version2_vs_version3,50,3.814747,0.263385
27,17,original_vs_version1,50,6.147552,1.118554
27,17,original_vs_version2,50,6.096841,1.114984
27,17,original_vs_version3,50,6.071076,1.104128
27,17,version1_vs_version2,50,6.127343,1.107681
27,17,version1_vs_version3,50,6.106326,1.09604
27,17,version2_vs_version3,50,6.045922,1.093392
27,18,original_vs_version1,50,3.884799,0.431952
27,18,original_vs_version2,50,3.818884,0.4545
27,18,original_vs_version3,50,3.828375,0.469306
27,18,version1_vs_version2,50,3.877556,0.430651
27,18,version1_vs_version3,50,3.886964,0.445388
27,18,version2_vs_version3,50,3.814114,0.47065
27,19,original_vs_version1,50,3.581825,0.238175
27,19,original_vs_version2,50,3.56989,0.242232
27,19,original_vs_version3,50,3.580583,0.243102
27,19,version1_vs_version2,50,3.574469,0.226858
27,19,version1_vs_version3,50,3.577818,0.23357
27,19,version2_vs_version3,50,3.569699,0.235605
27,20,original_vs_version1,50,3.484256,0.534463
27,20,original_vs_version2,50,3.527489,0.515267
27,20,original_vs_version3,50,3.510905,0.510952
27,20,version1_vs_version2,50,3.488779,0.529003
27,20,version1_vs_version3,50,3.501654,0.535444
27,20,version2_vs_version3,50,3.512311,0.50855
27,21,original_vs_version1,50,2.49143,0.438478
27,21,original_vs_version2,50,2.591903,0.462753
27,21,original_vs_version3,50,2.584669,0.49632
27,21,version1_vs_version2,50,2.472577,0.417373
27,21,version1_vs_version3,50,2.48073,0.458725
27,21,version2_vs_version3,50,2.564146,0.477646
27,22,original_vs_version1,50,3.151958,0.529954
27,22,original_vs_version2,50,3.166443,0.56988
27,22,original_vs_version3,50,3.151745,0.549807
27,22,version1_vs_version2,50,3.133628,0.538132
27,22,version1_vs_version3,50,3.136501,0.52967
27,22,version2_vs_version3,50,3.130081,0.559026
27,23,original_vs_version1,50,2.5134,0.376829
27,23,original_vs_version2,50,2.584721,0.387848
27,23,original_vs_version3,50,2.570097,0.385525
27,23,version1_vs_version2,50,2.517329,0.387131
27,23,version1_vs_version3,50,2.512832,0.3857
27,23,version2_vs_version3,50,2.571366,0.394836
27,24,original_vs_version1,50,3.052116,0.454692
27,24,original_vs_version2,50,3.063604,0.472968
27,24,original_vs_version3,50,3.054916,0.456242
27,24,version1_vs_version2,50,3.039666,0.460129
27,24,version1_vs_version3,50,3.050864,0.460038
27,24,version2_vs_version3,50,3.039289,0.462744
27,25,original_vs_version1,50,3.184292,0.518912
27,25,original_vs_version2,50,3.21941,0.555322
27,25,original_vs_version3,50,3.217607,0.544904
27,25,version1_vs_version2,50,3.175664,0.528404
27,25,version1_vs_version3,50,3.186146,0.518537
27,25,version2_vs_version3,50,3.206663,0.553793
27,26,original_vs_version1,50,3.02068,0.493718
27,26,original_vs_version2,50,3.001945,0.463588
27,26,original_vs_version3,50,3.001832,0.476521
27,26,version1_vs_version2,50,3.002776,0.481415
27,26,version1_vs_version3,50,3.017905,0.49076
27,26,version2_vs_version3,50,2.98173,0.468427
27,27,original_vs_version1,50,3.198188,0.482486
27,27,original_vs_version2,50,3.23917,0.493941
27,27,original_vs_version3,50,3.250238,0.490302
27,27,version1_vs_version2,50,3.197757,0.486417
27,27,version1_vs_version3,50,3.212215,0.475379
27,27,version2_vs_version3,50,3.24671,0.493446
27,28,original_vs_version1,50,4.842051,0.580226
27,28,original_vs_version2,50,4.705905,0.589466
27,28,original_vs_version3,50,4.717467,0.60201
27,28,version1_vs_version2,50,4.851862,0.593278
27,28,version1_vs_version3,50,4.870073,0.596631
27,28,version2_vs_version3,50,4.722949,0.615463
27,29,original_vs_version1,50,4.128791,0.586595
27,29,original_vs_version2,50,4.197486,0.645331
27,29,original_vs_version3,50,4.208095,0.642447
27,29,version1_vs_version2,50,4.118659,0.618281
27,29,version1_vs_version3,50,4.129831,0.598652
27,29,version2_vs_version3,50,4.193783,0.676869
27,30,original_vs_version1,50,4.740598,0.482582
27,30,original_vs_version2,50,4.817655,0.506666
27,30,original_vs_version3,50,4.819273,0.507047
27,30,version1_vs_version2,50,4.715662,0.471545
27,30,version1_vs_version3,50,4.710462,0.473059
27,30,version2_vs_version3,50,4.790805,0.500317
27,31,original_vs_version1,50,6.17916,0.770399
27,31,original_vs_version2,50,6.23946,0.756635
27,31,original_vs_version3,50,6.187592,0.757625
27,31,version1_vs_version2,50,6.164638,0.75227
27,31,version1_vs_version3,50,6.141225,0.747098
27,31,version2_vs_version3,50,6.169502,0.736541
27,32,original_vs_version1,50,3.664997,0.462324
27,32,original_vs_version2,50,3.659341,0.45732
27,32,original_vs_version3,50,3.637441,0.459725
27,32,version1_vs_version2,50,3.657802,0.46354
27,32,version1_vs_version3,50,3.647741,0.462057
27,32,version2_vs_version3,50,3.626918,0.457866
27,33,original_vs_version1,50,5.682465,0.431898
27,33,original_vs_version2,50,5.696506,0.429551
27,33,original_vs_version3,50,5.666372,0.436574
27,33,version1_vs_version2,50,5.675031,0.401198
27,33,version1_vs_version3,50,5.670312,0.397015
27,33,version2_vs_version3,50,5.656027,0.407438
27,34,original_vs_version1,50,4.84607,0.70241
27,34,original_vs_version2,50,4.822804,0.665105
27,34,original_vs_version3,50,4.757433,0.667728
27,34,version1_vs_version2,50,4.850638,0.692392
27,34,version1_vs_version3,50,4.820089,0.687129
27,34,version2_vs_version3,50,4.761082,0.651661
27,35,original_vs_version1,50,13.386005,0.674889
27,35,original_vs_version2,50,13.343309,0.677118
27,35,original_vs_version3,50,13.325667,0.700277
27,35,version1_vs_version2,50,13.380723,0.67502
27,35,version1_vs_version3,50,13.365294,0.699796
27,35,version2_vs_version3,50,13.316624,0.70383
27,36,original_vs_version1,50,8.346136,0.706288
27,36,original_vs_version2,50,8.235081,0.745503
27,36,original_vs_version3,50,8.200093,0.750352
27,36,version1_vs_version2,50,8.352073,0.715708
27,36,version1_vs_version3,50,8.340342,0.716601
27,36,version2_vs_version3,50,8.201878,0.760142
27,37,original_vs_version1,50,7.109498,0.61662
27,37,original_vs_version2,50,7.05666,0.609363
27,37,original_vs_version3,50,7.061604,0.621232
27,37,version1_vs_version2,50,7.118471,0.625232
27,37,version1_vs_version3,50,7.128469,0.636236
27,37,version2_vs_version3,50,7.064992,0.632116
27,38,original_vs_version1,50,12.825939,0.433468
27,38,original_vs_version2,50,12.599946,0.478176
27,38,original_vs_version3,50,12.576346,0.473114
27,38,version1_vs_version2,50,12.82657,0.452205
27,38,version1_vs_version3,50,12.802405,0.456893
27,38,version2_vs_version3,50,12.567388,0.496219
27,39,original_vs_version1,50,7.205487,0.591458
27,39,original_vs_version2,50,7.037192,0.629661
27,39,original_vs_version3,50,7.018489,0.630197
27,39,version1_vs_version2,50,7.209218,0.613763
27,39,version1_vs_version3,50,7.195078,0.616687
27,39,version2_vs_version3,50,7.01012,0.65409
28,0,original_vs_version1,50,5.143172,0.619194
28,0,original_vs_version2,50,5.18006,0.730374
28,0,original_vs_version3,50,5.174558,0.735683
28,0,version1_vs_version2,50,5.097228,0.638667
28,0,version1_vs_version3,50,5.104619,0.676785
28,0,version2_vs_version3,50,5.124469,0.760846
28,1,original_vs_version1,50,4.704455,0.493898
28,1,original_vs_version2,50,4.687468,0.483921
28,1,original_vs_version3,50,4.659821,0.47861
28,1,version1_vs_version2,50,4.698738,0.500636
28,1,version1_vs_version3,50,4.691803,0.491174
28,1,version2_vs_version3,50,4.648745,0.48685
28,2,original_vs_version1,50,3.170775,0.703853
28,2,original_vs_version2,50,3.085843,0.674089
28,2,original_vs_version3,50,3.047483,0.67962
28,2,version1_vs_version2,50,3.15263,0.701693
28,2,version1_vs_version3,50,3.133759,0.697692
28,2,version2_vs_version3,50,3.027601,0.675968
28,3,original_vs_version1,50,2.308492,0.302359
28,3,original_vs_version2,50,2.35273,0.339876
28,3,original_vs_version3,50,2.330715,0.313972
28,3,version1_vs_version2,50,2.325417,0.314131
28,3,version1_vs_version3,50,2.314117,0.293017
28,3,version2_vs_version3,50,2.345638,0.324118
28,4,original_vs_version1,50,4.328014,0.960674
28,4,original_vs_version2,50,4.267677,0.957725
28,4,original_vs_version3,50,4.218633,0.964645
28,4,version1_vs_version2,50,4.313762,0.986409
28,4,version1_vs_version3,50,4.29833,0.985196
28,4,version2_vs_version3,50,4.202784,0.988523
28,5,original_vs_version1,50,4.622991,1.004676
28,5,original_vs_version2,50,4.740835,0.995652
28,5,original_vs_version3,50,4.73426,0.984484
28,5,version1_vs_version2,50,4.621702,0.991611
28,5,version1_vs_version3,50,4.622233,0.981386
28,5,version2_vs_version3,50,4.729569,0.978632
28,6,original_vs_version1,50,3.249985,1.223409
28,6,original_vs_version2,50,3.256609,1.219834
28,6,original_vs_version3,50,3.276237,1.200712
28,6,version1_vs_version2,50,3.222061,1.214101
28,6,version1_vs_version3,50,3.253926,1.200277
28,6,version2_vs_version3,50,3.245996,1.193678
28,7,original_vs_version1,50,4.273038,0.869596
28,7,original_vs_version2,50,4.304427,0.907437
28,7,original_vs_version3,50,4.285806,0.887517
28,7,version1_vs_version2,50,4.280176,0.869878
28,7,version1_vs_version3,50,4.27887,0.848056
28,7,version2_vs_version3,50,4.29085,0.886522
28,8,original_vs_version1,50,4.532246,0.606178
28,8,original_vs_version2,50,4.530398,0.621305
28,8,original_vs_version3,50,4.488857,0.615011
28,8,version1_vs_version2,50,4.532841,0.589146
28,8,version1_vs_version3,50,4.51482,0.582464
28,8,version2_vs_version3,50,4.486817,0.600143
28,9,original_vs_version1,50,5.504865,1.278744
28,9,original_vs_version2,50,5.555365,1.306456
28,9,original_vs_version3,50,5.540882,1.27832
28,9,version1_vs_version2,50,5.505092,1.284851
28,9,version1_vs_version3,50,5.515243,1.259112
28,9,version2_vs_version3,50,5.53712,1.286317
28,10,original_vs_version1,50,4.611727,0.433293
28,10,original_vs_version2,50,4.648326,0.426282
28,10,original_vs_version3,50,4.665101,0.43159
28,10,version1_vs_version2,50,4.62082,0.433559
28,10,version1_vs_version3,50,4.656685,0.427782
28,10,version2_vs_version3,50,4.668986,0.432679
28,11,original_vs_version1,50,4.275902,1.238563
28,11,original_vs_version2,50,4.274172,1.239941
28,11,original_vs_version3,50,4.198419,1.238604
28,11,version1_vs_version2,50,4.25295,1.266695
28,11,version1_vs_version3,50,4.213831,1.263871
28,11,version2_vs_version3,50,4.173282,1.273942
28,12,original_vs_version1,50,5.653828,0.443826
28,12,original_vs_version2,50,5.570231,0.466
28,12,original_vs_version3,50,5.577226,0.491027
28,12,version1_vs_version2,50,5.628322,0.439671
28,12,version1_vs_version3,50,5.641393,0.470302
28,12,version2_vs_version3,50,5.54922,0.485832
28,13,original_vs_version1,50,4.53521,0.766064
28,13,original_vs_version2,50,4.588869,0.789175
28,13,original_vs_version3,50,4.53317,0.771753
28,13,version1_vs_version2,50,4.526123,0.766886
28,13,version1_vs_version3,50,4.507881,0.751278
28,13,version2_vs_version3,50,4.522261,0.778864
28,14,original_vs_version1,50,4.973322,0.574905
28,14,original_vs_version2,50,4.910183,0.554161
28,14,original_vs_version3,50,4.904198,0.534803
28,14,version1_vs_version2,50,5.007684,0.608695
28,14,version1_vs_version3,50,5.023885,0.600438
28,14,version2_vs_version3,50,4.936191,0.569888
28,15,original_vs_version1,50,2.775611,0.537674
28,15,original_vs_version2,50,2.679764,0.559353
28,15,original_vs_version3,50,2.657535,0.567021
28,15,version1_vs_version2,50,2.777108,0.538121
28,15,version1_vs_version3,50,2.775398,0.552133
28,15,version2_vs_version3,50,2.655132,0.569074
28,16,original_vs_version1,50,3.843198,1.041608
28,16,original_vs_version2,50,3.706474,1.100717
28,16,original_vs_version3,50,3.657721,1.115946
28,16,version1_vs_version2,50,3.851214,1.068303
28,16,version1_vs_version3,50,3.83184,1.080908
28,16,version2_vs_version3,50,3.660984,1.144205
28,17,original_vs_version1,50,4.987985,1.112011
28,17,original_vs_version2,50,4.909536,1.14616
28,17,original_vs_version3,50,4.836094,1.146315
28,17,version1_vs_version2,50,4.963064,1.145804
28,17,version1_vs_version3,50,4.93006,1.143658
28,17,version2_vs_version3,50,4.806766,1.182723
28,18,original_vs_version1,50,1.857209,0.496933
28,18,original_vs_version2,50,1.860001,0.519137
28,18,original_vs_version3,50,1.856942,0.521628
28,18,version1_vs_version2,50,1.865032,0.515495
28,18,version1_vs_version3,50,1.874779,0.519526
28,18,version2_vs_version3,50,1.862721,0.539258
28,19,original_vs_version1,50,2.611461,0.312208
28,19,original_vs_version2,50,2.488375,0.347715
28,19,original_vs_version3,50,2.508468,0.349705
28,19,version1_vs_version2,50,2.60088,0.314378
28,19,version1_vs_version3,50,2.610919,0.319147
28,19,version2_vs_version3,50,2.480959,0.347069
28,20,original_vs_version1,50,6.424268,1.114751
28,20,original_vs_version2,50,6.435021,1.186357
28,20,original_vs_version3,50,6.405837,1.202026
28,20,version1_vs_version2,50,6.388075,1.074081
28,20,version1_vs_version3,50,6.403573,1.093481
28,20,version2_vs_version3,50,6.366125,1.164727
28,21,original_vs_version1,50,7.502733,1.513211
28,21,original_vs_version2,50,7.486219,1.524626
28,21,original_vs_version3,50,7.379792,1.570256
28,21,version1_vs_version2,50,7.502823,1.527522
28,21,version1_vs_version3,50,7.461527,1.568991
28,21,version2_vs_version3,50,7.37805,1.584048
28,22,original_vs_version1,50,4.223022,1.203381
28,22,original_vs_version2,50,4.247989,1.226204
28,22,original_vs_version3,50,4.219429,1.229385
28,22,version1_vs_version2,50,4.202493,1.20173
28,22,version1_vs_version3,50,4.198727,1.21093
28,22,version2_vs_version3,50,4.195552,1.22772
28,23,original_vs_version1,50,7.266365,0.927174
28,23,original_vs_version2,50,7.226493,0.930094
28,23,original_vs_version3,50,7.172487,0.937621
28,23,version1_vs_version2,50,7.284483,0.952407
28,23,version1_vs_version3,50,7.266131,0.953377
28,23,version2_vs_version3,50,7.183338,0.963991
28,24,original_vs_version1,50,5.831855,0.849906
28,24,original_vs_version2,50,5.892157,0.851805
28,24,original_vs_version3,50,5.829039,0.860333
28,24,version1_vs_version2,50,5.849945,0.863926
28,24,version1_vs_version3,50,5.821572,0.883704
28,24,version2_vs_version3,50,5.839568,0.876389
28,25,original_vs_version1,50,6.249093,0.828398
28,25,original_vs_version2,50,6.295934,0.85157
28,25,original_vs_version3,50,6.273795,0.825113
28,25,version1_vs_version2,50,6.251505,0.832603
28,25,version1_vs_version3,50,6.256865,0.796907
28,25,version2_vs_version3,50,6.274245,0.828219
28,26,original_vs_version1,50,4.527533,0.662941
28,26,original_vs_version2,50,4.509695,0.692134
28,26,original_vs_version3,50,4.512013,0.683599
28,26,version1_vs_version2,50,4.54059,0.675551
28,26,version1_vs_version3,50,4.542519,0.67319
28,26,version2_vs_version3,50,4.52181,0.698465
28,27,original_vs_version1,50,4.27455,0.591482
28,27,original_vs_version2,50,4.288908,0.594551
28,27,original_vs_version3,50,4.291376,0.605573
28,27,version1_vs_version2,50,4.232447,0.595883
28,27,version1_vs_version3,50,4.250392,0.606104
28,27,version2_vs_version3,50,4.247702,0.610358
28,28,original_vs_version1,50,7.12494,0.457405
28,28,original_vs_version2,50,7.047149,0.445595
28,28,original_vs_version3,50,7.065563,0.455439
28,28,version1_vs_version2,50,7.121592,0.468183
28,28,version1_vs_version3,50,7.150181,0.481002
28,28,version2_vs_version3,50,7.059774,0.471881
28,29,original_vs_version1,50,8.06693,0.379264
28,29,original_vs_version2,50,8.128928,0.389814
28,29,original_vs_version3,50,8.115521,0.392734
28,29,version1_vs_version2,50,8.059824,0.39666
28,29,version1_vs_version3,50,8.071713,0.396174
28,29,version2_vs_version3,50,8.104869,0.411248
28,30,original_vs_version1,50,3.219254,1.232546
28,30,original_vs_version2,50,3.130476,1.241529
28,30,original_vs_version3,50,3.064292,1.231735
28,30,version1_vs_version2,50,3.20186,1.246021
28,30,version1_vs_version3,50,3.167558,1.239023
28,30,version2_vs_version3,50,3.046747,1.247038
28,31,original_vs_version1,50,3.338415,1.44028
28,31,original_vs_version2,50,3.208187,1.457603
28,31,original_vs_version3,50,3.139845,1.457414
28,31,version1_vs_version2,50,3.311646,1.448742
28,31,version1_vs_version3,50,3.272242,1.45043
28,31,version2_vs_version3,50,3.111797,1.473379
28,32,original_vs_version1,50,6.583564,2.659495
28,32,original_vs_version2,50,6.262071,2.668122
28,32,original_vs_version3,50,6.097129,2.674618
28,32,version1_vs_version2,50,6.579129,2.690093
28,32,version1_vs_version3,50,6.475129,2.697095
28,32,version2_vs_version3,50,6.092047,2.713581
28,33,original_vs_version1,50,6.000205,1.806144
28,33,original_vs_version2,50,5.88619,1.788282
28,33,original_vs_version3,50,5.807658,1.804122
28,33,version1_vs_version2,50,6.027448,1.859769
28,33,version1_vs_version3,50,6.005511,1.870948
28,33,version2_vs_version3,50,5.833837,1.864252
28,34,original_vs_version1,50,0.114814,0.081968
28,34,original_vs_version2,50,0.11344,0.084868
28,34,original_vs_version3,50,0.110383,0.080567
28,34,version1_vs_version2,50,0.113019,0.083208
28,34,version1_vs_version3,50,0.11095,0.079153
28,34,version2_vs_version3,50,0.108544,0.081933
28,35,original_vs_version1,50,7.58312,0.783677
28,35,original_vs_version2,50,7.60898,0.754959
28,35,original_vs_version3,50,7.546326,0.788984
28,35,version1_vs_version2,50,7.568412,0.762857
28,35,version1_vs_version3,50,7.545042,0.791814
28,35,version2_vs_version3,50,7.528746,0.769901
28,36,original_vs_version1,50,4.27681,0.689686
28,36,original_vs_version2,50,4.305501,0.683085
28,36,original_vs_version3,50,4.291595,0.695891
28,36,version1_vs_version2,50,4.284122,0.700115
28,36,version1_vs_version3,50,4.292353,0.713824
28,36,version2_vs_version3,50,4.296767,0.712161
28,37,original_vs_version1,50,4.800556,0.845902
28,37,original_vs_version2,50,4.838233,0.895603
28,37,original_vs_version3,50,4.836145,0.895715
28,37,version1_vs_version2,50,4.805328,0.84791
28,37,version1_vs_version3,50,4.823984,0.836297
28,37,version2_vs_version3,50,4.836477,0.898537
28,38,original_vs_version1,50,5.115506,0.682259
28,38,original_vs_version2,50,5.181767,0.692126
28,38,original_vs_version3,50,5.196219,0.707928
28,38,version1_vs_version2,50,5.10368,0.689533
28,38,version1_vs_version3,50,5.130566,0.700084
28,38,version2_vs_version3,50,5.180773,0.720511
28,39,original_vs_version1,50,5.419086,0.458561
28,39,original_vs_version2,50,5.397125,0.465808
28,39,original_vs_version3,50,5.371417,0.471526
28,39,version1_vs_version2,50,5.416603,0.45455
28,39,version1_vs_version3,50,5.401354,0.459377
28,39,version2_vs_version3,50,5.364558,0.470525
29,0,original_vs_version1,50,4.249972,0.809769
29,0,original_vs_version2,50,4.23096,0.818051
29,0,original_vs_version3,50,4.214862,0.820699
29,0,version1_vs_version2,50,4.212131,0.805611
29,0,version1_vs_version3,50,4.21908,0.823583
29,0,version2_vs_version3,50,4.174051,0.818676
29,1,original_vs_version1,50,3.077306,0.663622
29,1,original_vs_version2,50,3.132694,0.670386
29,1,original_vs_version3,50,3.121427,0.685156
29,1,version1_vs_version2,50,3.087648,0.656231
29,1,version1_vs_version3,50,3.10215,0.676633
29,1,version2_vs_version3,50,3.128725,0.678954
29,2,original_vs_version1,50,4.597827,0.86225
29,2,original_vs_version2,50,4.599938,0.893491
29,2,original_vs_version3,50,4.57218,0.851162
29,2,version1_vs_version2,50,4.551273,0.845319
29,2,version1_vs_version3,50,4.559318,0.810618
29,2,version2_vs_version3,50,4.522652,0.832338
29,3,original_vs_version1,50,3.136525,0.744474
29,3,original_vs_version2,50,3.087135,0.746232
29,3,original_vs_version3,50,3.058779,0.716379
29,3,version1_vs_version2,50,3.117897,0.744402
29,3,version1_vs_version3,50,3.112055,0.715056
29,3,version2_vs_version3,50,3.037463,0.717751
29,4,original_vs_version1,50,3.195529,0.56881
29,4,original_vs_version2,50,3.158007,0.56571
29,4,original_vs_version3,50,3.150382,0.574656
29,4,version1_vs_version2,50,3.19045,0.580217
29,4,version1_vs_version3,50,3.199579,0.598304
29,4,version2_vs_version3,50,3.142863,0.589433
29,5,original_vs_version1,50,3.420767,0.582986
29,5,original_vs_version2,50,3.638912,0.662551
29,5,original_vs_version3,50,3.621885,0.684649
29,5,version1_vs_version2,50,3.380242,0.605591
29,5,version1_vs_version3,50,3.389683,0.639844
29,5,version2_vs_version3,50,3.582554,0.71082
29,6,original_vs_version1,50,3.562627,0.919753
29,6,original_vs_version2,50,3.471129,0.92327
29,6,original_vs_version3,50,3.467896,0.915179
29,6,version1_vs_version2,50,3.553027,0.930771
29,6,version1_vs_version3,50,3.563947,0.934888
29,6,version2_vs_version3,50,3.456478,0.926117
29,7,original_vs_version1,50,3.339162,0.54886
29,7,original_vs_version2,50,3.758547,0.682222
29,7,original_vs_version3,50,3.790674,0.696044
29,7,version1_vs_version2,50,3.297314,0.576898
29,7,version1_vs_version3,50,3.331344,0.585543
29,7,version2_vs_version3,50,3.748718,0.723724
29,8,original_vs_version1,50,4.978089,0.827175
29,8,original_vs_version2,50,5.016717,0.857489
29,8,original_vs_version3,50,5.064903,0.861965
29,8,version1_vs_version2,50,4.951617,0.846759
29,8,version1_vs_version3,50,4.99553,0.856442
29,8,version2_vs_version3,50,5.035229,0.88846
29,9,original_vs_version1,50,3.422025,0.556208
29,9,original_vs_version2,50,3.242863,0.517471
29,9,original_vs_version3,50,3.24223,0.472919
29,9,version1_vs_version2,50,3.38538,0.54709
29,9,version1_vs_version3,50,3.380483,0.512935
29,9,version2_vs_version3,50,3.203474,0.466501
29,10,original_vs_version1,50,5.345621,1.035523
29,10,original_vs_version2,50,5.341661,1.038651
29,10,original_vs_version3,50,5.300574,1.064923
29,10,version1_vs_version2,50,5.321476,1.018964
29,10,version1_vs_version3,50,5.3179,1.037534
29,10,version2_vs_version3,50,5.272623,1.044874
29,11,original_vs_version1,50,5.060907,0.835474
29,11,original_vs_version2,50,5.060646,0.819375
29,11,original_vs_version3,50,5.045095,0.871146
29,11,version1_vs_version2,50,5.092707,0.865327
29,11,version1_vs_version3,50,5.115252,0.902906
29,11,version2_vs_version3,50,5.073604,0.900786
29,12,original_vs_version1,50,2.694822,0.886203
29,12,original_vs_version2,50,2.76022,0.974992
29,12,original_vs_version3,50,2.736128,0.950333
29,12,version1_vs_version2,50,2.714327,0.917103
29,12,version1_vs_version3,50,2.712087,0.895317
29,12,version2_vs_version3,50,2.753375,0.978285
29,13,original_vs_version1,50,4.028178,0.590675
29,13,original_vs_version2,50,4.035126,0.622768
29,13,original_vs_version3,50,4.000006,0.604462
29,13,version1_vs_version2,50,4.035032,0.598663
29,13,version1_vs_version3,50,4.018167,0.595292
29,13,version2_vs_version3,50,4.004899,0.613264
29,14,original_vs_version1,50,3.261704,0.879506
29,14,original_vs_version2,50,3.359267,0.889156
29,14,original_vs_version3,50,3.365442,0.923805
29,14,version1_vs_version2,50,3.25321,0.873801
29,14,version1_vs_version3,50,3.273305,0.913795
29,14,version2_vs_version3,50,3.353855,0.923575
29,15,original_vs_version1,50,4.913076,0.437188
29,15,original_vs_version2,50,4.631989,0.421128
29,15,original_vs_version3,50,4.676977,0.414461
29,15,version1_vs_version2,50,4.852131,0.423365
29,15,version1_vs_version3,50,4.873828,0.410272
29,15,version2_vs_version3,50,4.592608,0.402368
29,16,original_vs_version1,50,4.024753,0.352784
29,16,original_vs_version2,50,3.81584,0.342846
29,16,original_vs_version3,50,3.843697,0.33782
29,16,version1_vs_version2,50,3.986826,0.350246
29,16,version1_vs_version3,50,4.018767,0.356329
29,16,version2_vs_version3,50,3.777443,0.33452
29,17,original_vs_version1,50,5.186605,0.368043
29,17,original_vs_version2,50,4.916717,0.337866
29,17,original_vs_version3,50,4.918583,0.348343
29,17,version1_vs_version2,50,5.101586,0.348151
29,17,version1_vs_version3,50,5.09654,0.363514
29,17,version2_vs_version3,50,4.802915,0.328263
29,18,original_vs_version1,50,5.939554,0.40768
29,18,original_vs_version2,50,5.585926,0.394478
29,18,original_vs_version3,50,5.604904,0.388905
29,18,version1_vs_version2,50,5.892405,0.39616
29,18,version1_vs_version3,50,5.902385,0.383194
29,18,version2_vs_version3,50,5.521273,0.388789
29,19,original_vs_version1,50,8.079557,0.659235
29,19,original_vs_version2,50,7.322911,0.505101
29,19,original_vs_version3,50,7.431937,0.528767
29,19,version1_vs_version2,50,8.012971,0.643801
29,19,version1_vs_version3,50,8.057504,0.662219
29,19,version2_vs_version3,50,7.287314,0.4905
29,20,original_vs_version1,50,5.245579,0.894336
29,20,original_vs_version2,50,5.232965,0.908975
29,20,original_vs_version3,50,5.205231,0.920531
29,20,version1_vs_version2,50,5.257738,0.93385
29,20,version1_vs_version3,50,5.26526,0.940741
29,20,version2_vs_version3,50,5.211668,0.961484
29,21,original_vs_version1,50,7.920689,1.278039
29,21,original_vs_version2,50,7.818203,1.314633
29,21,original_vs_version3,50,7.735008,1.325157
29,21,version1_vs_version2,50,7.897634,1.311989
29,21,version1_vs_version3,50,7.871231,1.310268
29,21,version2_vs_version3,50,7.707562,1.362141
29,22,original_vs_version1,50,4.757748,0.811044
29,22,original_vs_version2,50,4.750121,0.827342
29,22,original_vs_version3,50,4.648838,0.816903
29,22,version1_vs_version2,50,4.761481,0.831402
29,22,version1_vs_version3,50,4.693445,0.812214
29,22,version2_vs_version3,50,4.648903,0.836429
29,23,original_vs_version1,50,5.170256,0.736074
29,23,original_vs_version2,50,5.117159,0.750935
29,23,original_vs_version3,50,5.09081,0.772248
29,23,version1_vs_version2,50,5.145738,0.743333
29,23,version1_vs_version3,50,5.135821,0.75957
29,23,version2_vs_version3,50,5.055401,0.774712
29,24,original_vs_version1,50,0.223362,0.067471
29,24,original_vs_version2,50,0.207611,0.062117
29,24,original_vs_version3,50,0.201995,0.059757
29,24,version1_vs_version2,50,0.225737,0.069846
29,24,version1_vs_version3,50,0.221476,0.068534
29,24,version2_vs_version3,50,0.204197,0.063881
29,25,original_vs_version1,50,3.875547,0.582049
29,25,original_vs_version2,50,4.06657,0.670855
29,25,original_vs_version3,50,4.10405,0.659071
29,25,version1_vs_version2,50,3.848687,0.605211
29,25,version1_vs_version3,50,3.855234,0.598081
29,25,version2_vs_version3,50,4.073892,0.679288
29,26,original_vs_version1,50,3.74624,0.469149
29,26,original_vs_version2,50,3.802047,0.534163
29,26,original_vs_version3,50,3.845146,0.521784
29,26,version1_vs_version2,50,3.689495,0.468487
29,26,version1_vs_version3,50,3.697836,0.470384
29,26,version2_vs_version3,50,3.786138,0.539057
29,27,original_vs_version1,50,2.929899,0.648328
29,27,original_vs_version2,50,2.782747,0.640847
29,27,original_vs_version3,50,2.836694,0.623807
29,27,version1_vs_version2,50,2.925903,0.685869
29,27,version1_vs_version3,50,2.940323,0.680203
29,27,version2_vs_version3,50,2.827931,0.665873
29,28,original_vs_version1,50,3.811052,0.672919
29,28,original_vs_version2,50,3.845181,0.695516
29,28,original_vs_version3,50,3.835511,0.71798
29,28,version1_vs_version2,50,3.790843,0.685217
29,28,version1_vs_version3,50,3.792584,0.706124
29,28,version2_vs_version3,50,3.812932,0.730892
29,29,original_vs_version1,50,3.336986,0.501755
29,29,original_vs_version2,50,3.302584,0.53416
29,29,original_vs_version3,50,3.338514,0.512346
29,29,version1_vs_version2,50,3.294743,0.519443
29,29,version1_vs_version3,50,3.298943,0.498251
29,29,version2_vs_version3,50,3.294166,0.530735
29,30,original_vs_version1,50,4.951074,0.829885
29,30,original_vs_version2,50,5.026127,0.884282
29,30,original_vs_version3,50,5.001206,0.862258
29,30,version1_vs_version2,50,4.91453,0.83281
29,30,version1_vs_version3,50,4.926336,0.812488
29,30,version2_vs_version3,50,4.962415,0.863933
29,31,original_vs_version1,50,5.219346,0.573847
29,31,original_vs_version2,50,5.233451,0.588804
29,31,original_vs_version3,50,5.191594,0.587302
29,31,version1_vs_version2,50,5.227468,0.594592
29,31,version1_vs_version3,50,5.199513,0.586739
29,31,version2_vs_version3,50,5.195131,0.608343
29,32,original_vs_version1,50,5.275299,0.538779
29,32,original_vs_version2,50,5.275591,0.54653
29,32,original_vs_version3,50,5.231014,0.544118
29,32,version1_vs_version2,50,5.2713,0.538776
29,32,version1_vs_version3,50,5.255069,0.545696
29,32,version2_vs_version3,50,5.224759,0.548153
29,33,original_vs_version1,50,4.623384,0.813868
29,33,original_vs_version2,50,4.691722,0.866014
29,33,original_vs_version3,50,4.652782,0.829641
29,33,version1_vs_version2,50,4.597838,0.85225
29,33,version1_vs_version3,50,4.586228,0.821794
29,33,version2_vs_version3,50,4.623045,0.874049
29,34,original_vs_version1,50,4.808231,0.863456
29,34,original_vs_version2,50,4.803885,0.888624
29,34,original_vs_version3,50,4.818976,0.909917
29,34,version1_vs_version2,50,4.78819,0.875584
29,34,version1_vs_version3,50,4.828118,0.894563
29,34,version2_vs_version3,50,4.797405,0.922708
29,35,original_vs_version1,50,4.686043,0.501412
29,35,original_vs_version2,50,4.714224,0.500592
29,35,original_vs_version3,50,4.700372,0.508369
29,35,version1_vs_version2,50,4.654771,0.488088
29,35,version1_vs_version3,50,4.65479,0.494899
29,35,version2_vs_version3,50,4.666227,0.504184
29,36,original_vs_version1,50,6.479886,0.372417
29,36,original_vs_version2,50,6.40472,0.372965
29,36,original_vs_version3,50,6.345027,0.362564
29,36,version1_vs_version2,50,6.467675,0.368174
29,36,version1_vs_version3,50,6.445441,0.353234
29,36,version2_vs_version3,50,6.331554,0.357283
29,37,original_vs_version1,50,8.579138,0.54527
29,37,original_vs_version2,50,8.63636,0.563297
29,37,original_vs_version3,50,8.61341,0.546377
29,37,version1_vs_version2,50,8.579037,0.537987
29,37,version1_vs_version3,50,8.59297,0.522454
29,37,version2_vs_version3,50,8.609486,0.536281
29,38,original_vs_version1,50,5.721734,0.724969
29,38,original_vs_version2,50,5.721467,0.71214
29,38,original_vs_version3,50,5.711083,0.701761
29,38,version1_vs_version2,50,5.717389,0.726877
29,38,version1_vs_version3,50,5.724752,0.715478
29,38,version2_vs_version3,50,5.702895,0.703882
29,39,original_vs_version1,50,4.660032,0.449889
29,39,original_vs_version2,50,4.719159,0.458845
29,39,original_vs_version3,50,4.721919,0.460416
29,39,version1_vs_version2,50,4.637373,0.438613
29,39,version1_vs_version3,50,4.640845,0.443675
29,39,version2_vs_version3,50,4.694568,0.455528
30,0,original_vs_version1,50,4.891069,1.056756
30,0,original_vs_version2,50,4.837239,1.093524
30,0,original_vs_version3,50,4.820516,1.064796
30,0,version1_vs_version2,50,4.922789,1.050389
30,0,version1_vs_version3,50,4.891172,1.039829
30,0,version2_vs_version3,50,4.849187,1.067743
30,1,original_vs_version1,50,4.01529,0.685761
30,1,original_vs_version2,50,4.411297,0.827655
30,1,original_vs_version3,50,4.437406,0.833522
30,1,version1_vs_version2,50,4.005741,0.693299
30,1,version1_vs_version3,50,4.036245,0.727913
30,1,version2_vs_version3,50,4.425897,0.851625
30,2,original_vs_version1,50,3.484901,1.348947
30,2,original_vs_version2,50,3.871632,1.299416
30,2,original_vs_version3,50,3.838434,1.251131
30,2,version1_vs_version2,50,3.486137,1.323393
30,2,version1_vs_version3,50,3.467227,1.286314
30,2,version2_vs_version3,50,3.837196,1.246013
30,3,original_vs_version1,50,2.802877,0.562518
30,3,original_vs_version2,50,2.484841,0.403582
30,3,original_vs_version3,50,2.500842,0.416606
30,3,version1_vs_version2,50,2.806774,0.584271
30,3,version1_vs_version3,50,2.823935,0.584554
30,3,version2_vs_version3,50,2.501434,0.452388
30,4,original_vs_version1,50,8.073062,1.657751
30,4,original_vs_version2,50,7.66214,1.621609
30,4,original_vs_version3,50,7.622218,1.641288
30,4,version1_vs_version2,50,8.075004,1.656958
30,4,version1_vs_version3,50,8.010467,1.677188
30,4,version2_vs_version3,50,7.619757,1.658755
30,5,original_vs_version1,50,6.701792,1.975401
30,5,original_vs_version2,50,6.705229,2.003975
30,5,original_vs_version3,50,6.690733,1.994823
30,5,version1_vs_version2,50,6.60141,1.932537
30,5,version1_vs_version3,50,6.619352,1.929327
30,5,version2_vs_version3,50,6.58471,1.963134
30,6,original_vs_version1,50,4.270044,0.661876
30,6,original_vs_version2,50,4.290454,0.677652
30,6,original_vs_version3,50,4.303897,0.698002
30,6,version1_vs_version2,50,4.216918,0.671939
30,6,version1_vs_version3,50,4.233077,0.698571
30,6,version2_vs_version3,50,4.248999,0.706929
30,7,original_vs_version1,50,2.714829,0.825478
30,7,original_vs_version2,50,2.712187,0.892233
30,7,original_vs_version3,50,2.772266,0.870278
30,7,version1_vs_version2,50,2.730329,0.840401
30,7,version1_vs_version3,50,2.750708,0.823387
30,7,version2_vs_version3,50,2.781892,0.882139
30,8,original_vs_version1,50,6.708492,1.135004
30,8,original_vs_version2,50,6.714895,1.156117
30,8,original_vs_version3,50,6.745914,1.168746
30,8,version1_vs_version2,50,6.690252,1.093141
30,8,version1_vs_version3,50,6.711196,1.09277
30,8,version2_vs_version3,50,6.720326,1.125642
30,9,original_vs_version1,50,3.92845,1.018106
30,9,original_vs_version2,50,4.055995,1.115123
30,9,original_vs_version3,50,4.055152,1.144726
30,9,version1_vs_version2,50,3.869898,0.96058
30,9,version1_vs_version3,50,3.884967,0.987918
30,9,version2_vs_version3,50,3.997643,1.095714
30,10,original_vs_version1,50,5.661233,2.006875
30,10,original_vs_version2,50,5.347546,2.068095
30,10,original_vs_version3,50,5.267768,2.084615
30,10,version1_vs_version2,50,5.639831,2.048202
30,10,version1_vs_version3,50,5.610237,2.073123
30,10,version2_vs_version3,50,5.243473,2.132829
30,11,original_vs_version1,50,8.062252,1.573507
30,11,original_vs_version2,50,7.987736,1.638211
30,11,original_vs_version3,50,7.923724,1.659718
30,11,version1_vs_version2,50,8.126732,1.618063
30,11,version1_vs_version3,50,8.111778,1.634199
30,11,version2_vs_version3,50,7.980879,1.707984
30,12,original_vs_version1,50,5.197538,1.511648
30,12,original_vs_version2,50,5.188985,1.539285
30,12,original_vs_version3,50,5.124613,1.600219
30,12,version1_vs_version2,50,5.171347,1.52349
30,12,version1_vs_version3,50,5.141341,1.575585
30,12,version2_vs_version3,50,5.093611,1.615674
30,13,original_vs_version1,50,12.732005,3.264964
30,13,original_vs_version2,50,12.245892,3.282784
30,13,original_vs_version3,50,12.037761,3.299573
30,13,version1_vs_version2,50,12.802646,3.309535
30,13,version1_vs_version3,50,12.698175,3.30625
30,13,version2_vs_version3,50,12.104753,3.366228
30,14,original_vs_version1,50,5.084404,2.205534
30,14,original_vs_version2,50,4.910156,2.220739
30,14,original_vs_version3,50,4.78839,2.257086
30,14,version1_vs_version2,50,5.054356,2.198727
30,14,version1_vs_version3,50,4.980167,2.22632
30,14,version2_vs_version3,50,4.757767,2.258548
30,15,original_vs_version1,50,9.072758,0.591312
30,15,original_vs_version2,50,9.047124,0.681861
30,15,original_vs_version3,50,9.061739,0.670308
30,15,version1_vs_version2,50,9.0571,0.599729
30,15,version1_vs_version3,50,9.047078,0.601612
30,15,version2_vs_version3,50,9.03882,0.684737
30,16,original_vs_version1,50,6.818552,0.764681
30,16,original_vs_version2,50,6.824065,0.79989
30,16,original_vs_version3,50,6.850177,0.769909
30,16,version1_vs_version2,50,6.814069,0.770448
30,16,version1_vs_version3,50,6.824152,0.763301
30,16,version2_vs_version3,50,6.841712,0.779661
30,17,original_vs_version1,50,6.986556,0.685164
30,17,original_vs_version2,50,7.066792,0.757383
30,17,original_vs_version3,50,7.133006,0.771406
30,17,version1_vs_version2,50,6.978003,0.692419
30,17,version1_vs_version3,50,7.020217,0.72348
30,17,version2_vs_version3,50,7.120133,0.774764
30,18,original_vs_version1,50,1.74185,0.286107
30,18,original_vs_version2,50,1.740603,0.298731
30,18,original_vs_version3,50,1.753927,0.348399
30,18,version1_vs_version2,50,1.744047,0.272859
30,18,version1_vs_version3,50,1.758882,0.31239
30,18,version2_vs_version3,50,1.75496,0.335881
30,19,original_vs_version1,50,11.82109,0.874696
30,19,original_vs_version2,50,11.755031,0.942944
30,19,original_vs_version3,50,11.779223,0.945716
30,19,version1_vs_version2,50,11.770322,0.883395
30,19,version1_vs_version3,50,11.780032,0.929644
30,19,version2_vs_version3,50,11.717125,0.971032
30,20,original_vs_version1,50,5.200564,0.753174
30,20,original_vs_version2,50,5.209044,0.806063
30,20,original_vs_version3,50,5.233487,0.800985
30,20,version1_vs_version2,50,5.187803,0.757628
30,20,version1_vs_version3,50,5.225222,0.774675
30,20,version2_vs_version3,50,5.215261,0.817887
30,21,original_vs_version1,50,3.493058,0.636352
30,21,original_vs_version2,50,3.515933,0.686844
30,21,original_vs_version3,50,3.536636,0.675611
30,21,version1_vs_version2,50,3.501707,0.656427
30,21,version1_vs_version3,50,3.522423,0.652218
30,21,version2_vs_version3,50,3.541782,0.695903
30,22,original_vs_version1,50,3.480525,0.434881
30,22,original_vs_version2,50,3.54368,0.445642
30,22,original_vs_version3,50,3.490879,0.437279
30,22,version1_vs_version2,50,3.480165,0.44628
30,22,version1_vs_version3,50,3.456108,0.440746
30,22,version2_vs_version3,50,3.489087,0.447978
30,23,original_vs_version1,50,4.19516,0.543032
30,23,original_vs_version2,50,4.381103,0.574781
30,23,original_vs_version3,50,4.371577,0.586619
30,23,version1_vs_version2,50,4.180435,0.535069
30,23,version1_vs_version3,50,4.202752,0.566252
30,23,version2_vs_version3,50,4.35515,0.581851
30,24,original_vs_version1,50,4.500693,0.661031
30,24,original_vs_version2,50,4.620475,0.702983
30,24,original_vs_version3,50,4.601586,0.724017
30,24,version1_vs_version2,50,4.451168,0.659073
30,24,version1_vs_version3,50,4.450844,0.68565
30,24,version2_vs_version3,50,4.550619,0.722215
30,25,original_vs_version1,50,4.585898,0.682799
30,25,original_vs_version2,50,4.59218,0.737124
30,25,original_vs_version3,50,4.533506,0.714507
30,25,version1_vs_version2,50,4.602639,0.715359
30,25,version1_vs_version3,50,4.573075,0.699938
30,25,version2_vs_version3,50,4.5427,0.746577
30,26,original_vs_version1,50,4.786527,0.491264
30,26,original_vs_version2,50,4.830436,0.471998
30,26,original_vs_version3,50,4.812331,0.486485
30,26,version1_vs_version2,50,4.791748,0.481361
30,26,version1_vs_version3,50,4.800717,0.49656
30,26,version2_vs_version3,50,4.808734,0.480756
30,27,original_vs_version1,50,4.297542,0.627766
30,27,original_vs_version2,50,4.38771,0.664127
30,27,original_vs_version3,50,4.354615,0.638678
30,27,version1_vs_version2,50,4.274483,0.640081
30,27,version1_vs_version3,50,4.256625,0.626653
30,27,version2_vs_version3,50,4.323758,0.649204
30,28,original_vs_version1,50,3.456956,0.77412
30,28,original_vs_version2,50,3.268904,0.711846
30,28,original_vs_version3,50,3.273945,0.707248
30,28,version1_vs_version2,50,3.485799,0.789075
30,28,version1_vs_version3,50,3.499515,0.788022
30,28,version2_vs_version3,50,3.298211,0.726245
30,29,original_vs_version1,50,4.311444,0.529105
30,29,original_vs_version2,50,4.330833,0.520594
30,29,original_vs_version3,50,4.303364,0.519791
30,29,version1_vs_version2,50,4.301843,0.532464
30,29,version1_vs_version3,50,4.30255,0.545482
30,29,version2_vs_version3,50,4.287408,0.52611
30,30,original_vs_version1,50,2.68472,0.624489
30,30,original_vs_version2,50,2.786668,0.665099
30,30,original_vs_version3,50,2.754989,0.652314
30,30,version1_vs_version2,50,2.67928,0.625192
30,30,version1_vs_version3,50,2.670337,0.635343
30,30,version2_vs_version3,50,2.747999,0.655506
30,31,original_vs_version1,50,2.401285,0.4991
30,31,original_vs_version2,50,2.124865,0.426965
30,31,original_vs_version3,50,2.129483,0.405115
30,31,version1_vs_version2,50,2.450912,0.499483
30,31,version1_vs_version3,50,2.450889,0.491599
30,31,version2_vs_version3,50,2.178214,0.420059
30,32,original_vs_version1,50,3.606971,0.3497
30,32,original_vs_version2,50,4.132938,0.64296
30,32,original_vs_version3,50,4.202799,0.649692
30,32,version1_vs_version2,50,3.616202,0.408959
30,32,version1_vs_version3,50,3.646516,0.439663
30,32,version2_vs_version3,50,4.20879,0.678403
30,33,original_vs_version1,50,3.727286,0.575679
30,33,original_vs_version2,50,4.068643,0.811794
30,33,original_vs_version3,50,4.122787,0.83237
30,33,version1_vs_version2,50,3.669594,0.57979
30,33,version1_vs_version3,50,3.688978,0.62478
30,33,version2_vs_version3,50,4.064992,0.840393
30,34,original_vs_version1,50,4.86037,0.660088
30,34,original_vs_version2,50,4.799883,0.658998
30,34,original_vs_version3,50,4.761894,0.664527
30,34,version1_vs_version2,50,4.858999,0.669418
30,34,version1_vs_version3,50,4.845804,0.676591
30,34,version2_vs_version3,50,4.757459,0.679393
30,35,original_vs_version1,50,7.812608,0.796825
30,35,original_vs_version2,50,7.723092,0.839801
30,35,original_vs_version3,50,7.724687,0.824557
30,35,version1_vs_version2,50,7.735964,0.777738
30,35,version1_vs_version3,50,7.737019,0.77649
30,35,version2_vs_version3,50,7.640593,0.807052
30,36,original_vs_version1,50,8.538358,1.511741
30,36,original_vs_version2,50,8.533132,1.538941
30,36,original_vs_version3,50,8.459376,1.587102
30,36,version1_vs_version2,50,8.54513,1.532648
30,36,version1_vs_version3,50,8.501291,1.585801
30,36,version2_vs_version3,50,8.457913,1.609435
30,37,original_vs_version1,50,6.872433,1.843818
30,37,original_vs_version2,50,6.887637,1.862982
30,37,original_vs_version3,50,6.808227,1.862871
30,37,version1_vs_version2,50,6.8378,1.856152
30,37,version1_vs_version3,50,6.790806,1.86432
30,37,version2_vs_version3,50,6.771702,1.879263
30,38,original_vs_version1,50,6.75666,1.470443
30,38,original_vs_version2,50,6.670823,1.52036
30,38,original_vs_version3,50,6.638205,1.510802
30,38,version1_vs_version2,50,6.731154,1.471025
30,38,version1_vs_version3,50,6.730063,1.464941
30,38,version2_vs_version3,50,6.605636,1.517158
30,39,original_vs_version1,50,6.71887,1.053725
30,39,original_vs_version2,50,6.82939,1.126595
30,39,original_vs_version3,50,6.800682,1.063512
30,39,version1_vs_version2,50,6.662701,1.063354
30,39,version1_vs_version3,50,6.654479,1.011869
30,39,version2_vs_version3,50,6.743426,1.068133
31,0,original_vs_version1,50,2.914034,0.505733
31,0,original_vs_version2,50,2.960138,0.535126
31,0,original_vs_version3,50,2.923311,0.538913
31,0,version1_vs_version2,50,2.913646,0.491731
31,0,version1_vs_version3,50,2.896535,0.506781
31,0,version2_vs_version3,50,2.92028,0.533248
31,1,original_vs_version1,50,5.729676,1.20819
31,1,original_vs_version2,50,5.773788,1.197938
31,1,original_vs_version3,50,5.815812,1.239734
31,1,version1_vs_version2,50,5.724213,1.213295
31,1,version1_vs_version3,50,5.755283,1.255897
31,1,version2_vs_version3,50,5.806179,1.24892
31,2,original_vs_version1,50,3.176456,0.974647
31,2,original_vs_version2,50,3.277514,1.036424
31,2,original_vs_version3,50,3.253005,1.049996
31,2,version1_vs_version2,50,3.139992,0.979942
31,2,version1_vs_version3,50,3.133937,0.999945
31,2,version2_vs_version3,50,3.213842,1.059502
31,3,original_vs_version1,50,5.719585,1.854405
31,3,original_vs_version2,50,5.794609,1.961158
31,3,original_vs_version3,50,5.777833,1.999234
31,3,version1_vs_version2,50,5.549197,1.789506
31,3,version1_vs_version3,50,5.530282,1.83561
31,3,version2_vs_version3,50,5.604528,1.97026
31,4,original_vs_version1,50,5.088861,0.862357
31,4,original_vs_version2,50,5.04663,0.889642
31,4,original_vs_version3,50,5.095163,0.892684
31,4,version1_vs_version2,50,5.030637,0.848024
31,4,version1_vs_version3,50,5.070908,0.845494
31,4,version2_vs_version3,50,5.031787,0.874867
31,5,original_vs_version1,50,6.425906,2.668252
31,5,original_vs_version2,50,6.51219,2.72647
31,5,original_vs_version3,50,6.460856,2.70798
31,5,version1_vs_version2,50,6.375278,2.68198
31,5,version1_vs_version3,50,6.365186,2.693921
31,5,version2_vs_version3,50,6.402306,2.725998
31,6,original_vs_version1,50,7.133943,0.965754
31,6,original_vs_version2,50,6.831035,0.981462
31,6,original_vs_version3,50,6.779192,0.992693
31,6,version1_vs_version2,50,7.119363,1.010398
31,6,version1_vs_version3,50,7.090336,1.02396
31,6,version2_vs_version3,50,6.755705,1.041091
31,7,original_vs_version1,50,13.199878,2.139282
31,7,original_vs_version2,50,12.929675,2.196582
31,7,original_vs_version3,50,12.791479,2.190605
31,7,version1_vs_version2,50,13.156995,2.181739
31,7,version1_vs_version3,50,13.090002,2.164036
31,7,version2_vs_version3,50,12.740335,2.239104
31,8,original_vs_version1,50,7.925952,0.455087
31,8,original_vs_version2,50,7.751608,0.4676
31,8,original_vs_version3,50,7.729906,0.47119
31,8,version1_vs_version2,50,7.920452,0.443929
31,8,version1_vs_version3,50,7.908329,0.449908
31,8,version2_vs_version3,50,7.710017,0.464932
31,9,original_vs_version1,50,7.534885,1.051951
31,9,original_vs_version2,50,7.259648,1.096647
31,9,original_vs_version3,50,7.225857,1.092848
31,9,version1_vs_version2,50,7.472254,1.067279
31,9,version1_vs_version3,50,7.462598,1.070538
31,9,version2_vs_version3,50,7.150934,1.105272
31,10,original_vs_version1,50,5.730903,0.661522
31,10,original_vs_version2,50,5.817305,0.665122
31,10,original_vs_version3,50,5.82402,0.681809
31,10,version1_vs_version2,50,5.717598,0.679829
31,10,version1_vs_version3,50,5.744024,0.691225
31,10,version2_vs_version3,50,5.806696,0.703151
31,11,original_vs_version1,50,2.994218,0.704067
31,11,original_vs_version2,50,2.965782,0.665197
31,11,original_vs_version3,50,2.933619,0.665463
31,11,version1_vs_version2,50,3.028614,0.730766
31,11,version1_vs_version3,50,3.01612,0.731167
31,11,version2_vs_version3,50,2.965965,0.696269
31,12,original_vs_version1,50,5.042791,0.959314
31,12,original_vs_version2,50,5.068336,1.003241
31,12,original_vs_version3,50,4.981068,0.998249
31,12,version1_vs_version2,50,4.993091,0.969499
31,12,version1_vs_version3,50,4.93915,0.959825
31,12,version2_vs_version3,50,4.927114,1.009105
31,13,original_vs_version1,50,6.144941,1.036833
31,13,original_vs_version2,50,6.028382,1.040693
31,13,original_vs_version3,50,5.959032,1.044628
31,13,version1_vs_version2,50,6.075667,1.009235
31,13,version1_vs_version3,50,6.04644,1.004221
31,13,version2_vs_version3,50,5.886726,1.010781
31,14,original_vs_version1,50,1.794123,0.591696
31,14,original_vs_version2,50,1.922818,0.630537
31,14,original_vs_version3,50,1.923399,0.618009
31,14,version1_vs_version2,50,1.777023,0.595945
31,14,version1_vs_version3,50,1.786984,0.585515
31,14,version2_vs_version3,50,1.904893,0.620484
31,15,original_vs_version1,50,6.314702,1.399085
31,15,original_vs_version2,50,6.304676,1.439334
31,15,original_vs_version3,50,6.338202,1.467909
31,15,version1_vs_version2,50,6.271315,1.386278
31,15,version1_vs_version3,50,6.291059,1.429764
31,15,version2_vs_version3,50,6.28962,1.459474
31,16,original_vs_version1,50,5.024427,0.93513
31,16,original_vs_version2,50,4.991108,1.004359
31,16,original_vs_version3,50,5.014948,1.004362
31,16,version1_vs_version2,50,5.00949,0.944902
31,16,version1_vs_version3,50,5.048692,0.957446
31,16,version2_vs_version3,50,4.995615,1.013091
31,17,original_vs_version1,50,5.672845,0.801679
31,17,original_vs_version2,50,5.804033,0.845093
31,17,original_vs_version3,50,5.827846,0.875655
31,17,version1_vs_version2,50,5.629843,0.772384
31,17,version1_vs_version3,50,5.619864,0.811339
31,17,version2_vs_version3,50,5.784598,0.845761
31,18,original_vs_version1,50,6.027596,0.94621
31,18,original_vs_version2,50,6.016612,1.023774
31,18,original_vs_version3,50,6.057062,0.997264
31,18,version1_vs_version2,50,6.015356,0.960612
31,18,version1_vs_version3,50,6.053861,0.946826
31,18,version2_vs_version3,50,6.039133,1.011102
31,19,original_vs_version1,50,8.618509,1.034158
31,19,original_vs_version2,50,8.517115,1.083596
31,19,original_vs_version3,50,8.49075,1.03677
31,19,version1_vs_version2,50,8.566613,1.02081
31,19,version1_vs_version3,50,8.549257,1.008591
31,19,version2_vs_version3,50,8.434365,1.030845
31,20,original_vs_version1,50,6.091486,0.729426
31,20,original_vs_version2,50,5.944312,0.736052
31,20,original_vs_version3,50,5.891602,0.74576
31,20,version1_vs_version2,50,6.073333,0.751701
31,20,version1_vs_version3,50,6.05166,0.762905
31,20,version2_vs_version3,50,5.862191,0.772199
31,21,original_vs_version1,50,3.10504,1.17537
31,21,original_vs_version2,50,3.174743,1.265201
31,21,original_vs_version3,50,3.126921,1.185051
31,21,version1_vs_version2,50,3.063324,1.119516
31,21,version1_vs_version3,50,3.026023,1.040549
31,21,version2_vs_version3,50,3.083474,1.13666
31,22,original_vs_version1,50,8.055605,1.206426
31,22,original_vs_version2,50,8.07218,1.255003
31,22,original_vs_version3,50,7.993114,1.235902
31,22,version1_vs_version2,50,8.033502,1.215563
31,22,version1_vs_version3,50,7.985443,1.195624
31,22,version2_vs_version3,50,7.963384,1.245693
31,23,original_vs_version1,50,10.779966,1.412379
31,23,original_vs_version2,50,10.571864,1.447986
31,23,original_vs_version3,50,10.447422,1.454556
31,23,version1_vs_version2,50,10.731468,1.430988
31,23,version1_vs_version3,50,10.670234,1.420167
31,23,version2_vs_version3,50,10.391982,1.475329
31,24,original_vs_version1,50,10.240995,1.785046
31,24,original_vs_version2,50,10.172706,1.851664
31,24,original_vs_version3,50,10.046279,1.858946
31,24,version1_vs_version2,50,10.199733,1.811572
31,24,version1_vs_version3,50,10.147705,1.806263
31,24,version2_vs_version3,50,10.004629,1.878241
31,25,original_vs_version1,50,2.764579,0.490716
31,25,original_vs_version2,50,2.605985,0.427182
31,25,original_vs_version3,50,2.600089,0.3995
31,25,version1_vs_version2,50,2.794425,0.508968
31,25,version1_vs_version3,50,2.805899,0.496255
31,25,version2_vs_version3,50,2.629726,0.423196
31,26,original_vs_version1,50,1.995022,0.451326
31,26,original_vs_version2,50,1.94892,0.398554
31,26,original_vs_version3,50,1.89033,0.367023
31,26,version1_vs_version2,50,1.954977,0.42467
31,26,version1_vs_version3,50,1.909396,0.384597
31,26,version2_vs_version3,50,1.846775,0.335253
31,27,original_vs_version1,50,3.326299,0.62414
31,27,original_vs_version2,50,3.286289,0.613722
31,27,original_vs_version3,50,3.27468,0.625571
31,27,version1_vs_version2,50,3.333582,0.648516
31,27,version1_vs_version3,50,3.350405,0.675025
31,27,version2_vs_version3,50,3.279633,0.657797
31,28,original_vs_version1,50,4.75008,0.740797
31,28,original_vs_version2,50,4.990654,0.81566
31,28,original_vs_version3,50,4.957037,0.813442
31,28,version1_vs_version2,50,4.717759,0.756661
31,28,version1_vs_version3,50,4.699847,0.773687
31,28,version2_vs_version3,50,4.920924,0.836977
31,29,original_vs_version1,50,3.894665,0.915799
31,29,original_vs_version2,50,3.799236,0.88763
31,29,original_vs_version3,50,3.801858,0.908371
31,29,version1_vs_version2,50,3.900108,0.938831
31,29,version1_vs_version3,50,3.896687,0.9642
31,29,version2_vs_version3,50,3.804202,0.938472
31,30,original_vs_version1,50,5.577904,1.171735
31,30,original_vs_version2,50,5.416357,1.180719
31,30,original_vs_version3,50,5.458904,1.192147
31,30,version1_vs_version2,50,5.53132,1.174174
31,30,version1_vs_version3,50,5.523754,1.196981
31,30,version2_vs_version3,50,5.396575,1.198409
31,31,original_vs_version1,50,9.462223,0.538315
31,31,original_vs_version2,50,9.672617,0.629649
31,31,original_vs_version3,50,9.752604,0.626676
31,31,version1_vs_version2,50,9.435552,0.524067
31,31,version1_vs_version3,50,9.494693,0.538648
31,31,version2_vs_version3,50,9.704181,0.622597
31,32,original_vs_version1,50,6.396904,0.313485
31,32,original_vs_version2,50,6.328519,0.354322
31,32,original_vs_version3,50,6.400643,0.333566
31,32,version1_vs_version2,50,6.378017,0.299029
31,32,version1_vs_version3,50,6.402548,0.286961
31,32,version2_vs_version3,50,6.332324,0.29767
31,33,original_vs_version1,50,7.561962,0.668536
31,33,original_vs_version2,50,7.404435,0.654126
31,33,original_vs_version3,50,7.386497,0.627023
31,33,version1_vs_version2,50,7.539841,0.675383
31,33,version1_vs_version3,50,7.529072,0.648081
31,33,version2_vs_version3,50,7.353697,0.644867
31,34,original_vs_version1,50,5.77058,0.454147
31,34,original_vs_version2,50,5.620784,0.391003
31,34,original_vs_version3,50,5.650692,0.417984
31,34,version1_vs_version2,50,5.750205,0.449473
31,34,version1_vs_version3,50,5.782239,0.466066
31,34,version2_vs_version3,50,5.606811,0.410631
31,35,original_vs_version1,50,6.442794,1.092065
31,35,original_vs_version2,50,6.437611,1.092168
31,35,original_vs_version3,50,6.445182,1.104235
31,35,version1_vs_version2,50,6.422841,1.113618
31,35,version1_vs_version3,50,6.429501,1.129912
31,35,version2_vs_version3,50,6.420765,1.12839
31,36,original_vs_version1,50,8.211265,0.736477
31,36,original_vs_version2,50,8.387273,0.817967
31,36,original_vs_version3,50,8.341702,0.829096
31,36,version1_vs_version2,50,8.194055,0.756548
31,36,version1_vs_version3,50,8.17845,0.778408
31,36,version2_vs_version3,50,8.319564,0.859744
31,37,original_vs_version1,50,8.221863,0.853954
31,37,original_vs_version2,50,8.332277,0.91933
31,37,original_vs_version3,50,8.325253,0.917651
31,37,version1_vs_version2,50,8.222957,0.842
31,37,version1_vs_version3,50,8.233532,0.852008
31,37,version2_vs_version3,50,8.32085,0.905126
31,38,original_vs_version1,50,3.804034,0.862338
31,38,original_vs_version2,50,3.874961,0.897056
31,38,original_vs_version3,50,3.880801,0.915136
31,38,version1_vs_version2,50,3.798567,0.855481
31,38,version1_vs_version3,50,3.824797,0.877759
31,38,version2_vs_version3,50,3.873389,0.911955
31,39,original_vs_version1,50,8.092079,1.151848
31,39,original_vs_version2,50,8.217758,1.147039
31,39,original_vs_version3,50,8.177314,1.190533
31,39,version1_vs_version2,50,8.081678,1.13381
31,39,version1_vs_version3,50,8.077801,1.160151
31,39,version2_vs_version3,50,8.161866,1.174188
32,0,original_vs_version1,50,1.750483,0.781048
32,0,original_vs_version2,50,1.578862,0.725727
32,0,original_vs_version3,50,1.626933,0.728384
32,0,version1_vs_version2,50,1.710092,0.74883
32,0,version1_vs_version3,50,1.72204,0.745203
32,0,version2_vs_version3,50,1.578851,0.701642
32,1,original_vs_version1,50,2.346417,1.018856
32,1,original_vs_version2,50,2.509119,1.146896
32,1,original_vs_version3,50,2.516193,1.181852
32,1,version1_vs_version2,50,2.319565,1.011171
32,1,version1_vs_version3,50,2.322172,1.056408
32,1,version2_vs_version3,50,2.481173,1.181702
32,2,original_vs_version1,50,0.686605,0.283099
32,2,original_vs_version2,50,0.600848,0.233814
32,2,original_vs_version3,50,0.611041,0.236203
32,2,version1_vs_version2,50,0.680745,0.266247
32,2,version1_vs_version3,50,0.682047,0.265978
32,2,version2_vs_version3,50,0.602381,0.22205
32,3,original_vs_version1,50,2.070417,0.455172
32,3,original_vs_version2,50,1.662618,0.413689
32,3,original_vs_version3,50,1.703503,0.416378
32,3,version1_vs_version2,50,2.040948,0.464145
32,3,version1_vs_version3,50,2.054449,0.470471
32,3,version2_vs_version3,50,1.653909,0.425318
32,4,original_vs_version1,50,4.715211,0.613731
32,4,original_vs_version2,50,4.867379,0.718593
32,4,original_vs_version3,50,4.881865,0.695169
32,4,version1_vs_version2,50,4.494582,0.573225
32,4,version1_vs_version3,50,4.453774,0.526321
32,4,version2_vs_version3,50,4.643309,0.642298
32,5,original_vs_version1,50,2.260381,0.485004
32,5,original_vs_version2,50,2.61779,0.669572
32,5,original_vs_version3,50,2.637369,0.616058
32,5,version1_vs_version2,50,2.241805,0.498529
32,5,version1_vs_version3,50,2.256514,0.463575
32,5,version2_vs_version3,50,2.617438,0.628693
32,6,original_vs_version1,50,2.415512,0.700209
32,6,original_vs_version2,50,2.382146,0.7392
32,6,original_vs_version3,50,2.354921,0.700564
32,6,version1_vs_version2,50,2.373979,0.710939
32,6,version1_vs_version3,50,2.35851,0.672746
32,6,version2_vs_version3,50,2.310094,0.706638
32,7,original_vs_version1,50,2.187065,0.853963
32,7,original_vs_version2,50,2.175157,0.880263
32,7,original_vs_version3,50,2.221294,0.9371
32,7,version1_vs_version2,50,2.184439,0.813631
32,7,version1_vs_version3,50,2.239979,0.875586
32,7,version2_vs_version3,50,2.21743,0.896822
32,8,original_vs_version1,50,2.934286,0.557417
32,8,original_vs_version2,50,2.943584,0.584906
32,8,original_vs_version3,50,2.912536,0.579249
32,8,version1_vs_version2,50,2.942726,0.546821
32,8,version1_vs_version3,50,2.92698,0.549256
32,8,version2_vs_version3,50,2.917564,0.568689
32,9,original_vs_version1,50,5.99822,1.024938
32,9,original_vs_version2,50,5.885218,1.036182
32,9,original_vs_version3,50,5.873497,1.048624
32,9,version1_vs_version2,50,5.973576,1.033681
32,9,version1_vs_version3,50,5.976177,1.051716
32,9,version2_vs_version3,50,5.839786,1.057009
32,10,original_vs_version1,50,7.698691,0.954285
32,10,original_vs_version2,50,7.606096,1.022509
32,10,original_vs_version3,50,7.533228,0.990255
32,10,version1_vs_version2,50,7.694168,0.990095
32,10,version1_vs_version3,50,7.65777,0.947049
32,10,version2_vs_version3,50,7.518315,1.024977
32,11,original_vs_version1,50,3.825085,1.369386
32,11,original_vs_version2,50,3.881384,1.396706
32,11,original_vs_version3,50,3.851967,1.365286
32,11,version1_vs_version2,50,3.832833,1.367633
32,11,version1_vs_version3,50,3.82013,1.331573
32,11,version2_vs_version3,50,3.8579,1.358678
32,12,original_vs_version1,50,8.156496,0.895985
32,12,original_vs_version2,50,8.093271,0.935927
32,12,original_vs_version3,50,8.060009,0.93443
32,12,version1_vs_version2,50,8.154373,0.93193
32,12,version1_vs_version3,50,8.158097,0.951132
32,12,version2_vs_version3,50,8.048608,0.980331
32,13,original_vs_version1,50,9.032983,1.079351
32,13,original_vs_version2,50,9.21901,1.126274
32,13,original_vs_version3,50,9.092462,1.112543
32,13,version1_vs_version2,50,8.973697,1.09206
32,13,version1_vs_version3,50,8.900047,1.083331
32,13,version2_vs_version3,50,9.025531,1.133872
32,14,original_vs_version1,50,2.887366,2.034768
32,14,original_vs_version2,50,3.02895,2.118751
32,14,original_vs_version3,50,2.987482,2.074494
32,14,version1_vs_version2,50,2.863036,2.009517
32,14,version1_vs_version3,50,2.831769,1.983368
32,14,version2_vs_version3,50,2.963447,2.051743
32,15,original_vs_version1,50,2.998629,0.535711
32,15,original_vs_version2,50,2.915604,0.497947
32,15,original_vs_version3,50,3.016634,0.54685
32,15,version1_vs_version2,50,3.040722,0.579254
32,15,version1_vs_version3,50,3.116152,0.580731
32,15,version2_vs_version3,50,3.051594,0.58686
32,16,original_vs_version1,50,2.672508,0.892278
32,16,original_vs_version2,50,2.418574,0.766492
32,16,original_vs_version3,50,2.335349,0.692615
32,16,version1_vs_version2,50,2.570789,0.85027
32,16,version1_vs_version3,50,2.494614,0.771745
32,16,version2_vs_version3,50,2.21674,0.63951
32,17,original_vs_version1,50,2.401977,0.851237
32,17,original_vs_version2,50,2.175551,0.598593
32,17,original_vs_version3,50,2.172576,0.58139
32,17,version1_vs_version2,50,2.289202,0.842181
32,17,version1_vs_version3,50,2.289259,0.804285
32,17,version2_vs_version3,50,2.04536,0.560567
32,18,original_vs_version1,50,1.836869,0.410671
32,18,original_vs_version2,50,1.783637,0.367537
32,18,original_vs_version3,50,1.762573,0.340641
32,18,version1_vs_version2,50,1.782113,0.403891
32,18,version1_vs_version3,50,1.750119,0.366675
32,18,version2_vs_version3,50,1.703325,0.33861
32,19,original_vs_version1,50,2.101027,0.522183
32,19,original_vs_version2,50,2.11302,0.505332
32,19,original_vs_version3,50,2.154558,0.569959
32,19,version1_vs_version2,50,2.103831,0.55528
32,19,version1_vs_version3,50,2.140134,0.596152
32,19,version2_vs_version3,50,2.145332,0.625952
32,20,original_vs_version1,50,8.913303,1.290904
32,20,original_vs_version2,50,8.992468,1.281461
32,20,original_vs_version3,50,8.935043,1.24199
32,20,version1_vs_version2,50,8.923851,1.290634
32,20,version1_vs_version3,50,8.878812,1.257467
32,20,version2_vs_version3,50,8.943126,1.240449
32,21,original_vs_version1,50,11.126104,0.978505
32,21,original_vs_version2,50,10.500731,1.001464
32,21,original_vs_version3,50,10.412576,0.961026
32,21,version1_vs_version2,50,11.050586,0.986472
32,21,version1_vs_version3,50,10.999971,0.958726
32,21,version2_vs_version3,50,10.325148,0.966603
32,22,original_vs_version1,50,1.862079,0.315585
32,22,original_vs_version2,50,1.866799,0.319564
32,22,original_vs_version3,50,1.875523,0.331599
32,22,version1_vs_version2,50,1.862268,0.321466
32,22,version1_vs_version3,50,1.868217,0.331765
32,22,version2_vs_version3,50,1.871823,0.33509
32,23,original_vs_version1,50,9.582963,0.703385
32,23,original_vs_version2,50,9.697205,0.736002
32,23,original_vs_version3,50,9.687053,0.687861
32,23,version1_vs_version2,50,9.562664,0.734159
32,23,version1_vs_version3,50,9.544576,0.704561
32,23,version2_vs_version3,50,9.662809,0.731371
32,24,original_vs_version1,50,6.43208,0.689422
32,24,original_vs_version2,50,6.538044,0.744916
32,24,original_vs_version3,50,6.49179,0.691618
32,24,version1_vs_version2,50,6.419157,0.69854
32,24,version1_vs_version3,50,6.411237,0.640952
32,24,version2_vs_version3,50,6.478011,0.693451
32,25,original_vs_version1,50,3.39567,1.083703
32,25,original_vs_version2,50,3.256049,1.107581
32,25,original_vs_version3,50,3.22757,1.112894
32,25,version1_vs_version2,50,3.395149,1.058276
32,25,version1_vs_version3,50,3.385712,1.066876
32,25,version2_vs_version3,50,3.221006,1.08794
32,26,original_vs_version1,50,5.78577,1.380326
32,26,original_vs_version2,50,5.692472,1.480709
32,26,original_vs_version3,50,5.686447,1.42753
32,26,version1_vs_version2,50,5.849227,1.392506
32,26,version1_vs_version3,50,5.860047,1.343233
32,26,version2_vs_version3,50,5.743488,1.449148
32,27,original_vs_version1,50,3.031761,1.033124
32,27,original_vs_version2,50,2.836243,0.93442
32,27,original_vs_version3,50,2.815561,0.938059
32,27,version1_vs_version2,50,3.036613,1.037758
32,27,version1_vs_version3,50,3.032095,1.038703
32,27,version2_vs_version3,50,2.815153,0.940038
32,28,original_vs_version1,50,3.372847,1.298079
32,28,original_vs_version2,50,3.290985,1.305344
32,28,original_vs_version3,50,3.274194,1.325078
32,28,version1_vs_version2,50,3.395839,1.314812
32,28,version1_vs_version3,50,3.394555,1.336951
32,28,version2_vs_version3,50,3.291911,1.349618
32,29,original_vs_version1,50,3.207438,0.757531
32,29,original_vs_version2,50,3.253856,0.785533
32,29,original_vs_version3,50,3.222046,0.807446
32,29,version1_vs_version2,50,3.165954,0.716435
32,29,version1_vs_version3,50,3.153389,0.760396
32,29,version2_vs_version3,50,3.176163,0.766355
32,30,original_vs_version1,50,4.298717,1.03394
32,30,original_vs_version2,50,3.823227,1.026847
32,30,original_vs_version3,50,3.783475,1.037525
32,30,version1_vs_version2,50,4.208188,0.993775
32,30,version1_vs_version3,50,4.173564,1.002258
32,30,version2_vs_version3,50,3.660209,0.994463
32,31,original_vs_version1,50,6.769331,0.734699
32,31,original_vs_version2,50,6.685747,0.764718
32,31,original_vs_version3,50,6.656411,0.752853
32,31,version1_vs_version2,50,6.616565,0.72066
32,31,version1_vs_version3,50,6.564351,0.705556
32,31,version2_vs_version3,50,6.455273,0.721867
32,32,original_vs_version1,50,3.483926,1.578172
32,32,original_vs_version2,50,3.31292,1.580015
32,32,original_vs_version3,50,3.2775,1.586376
32,32,version1_vs_version2,50,3.372597,1.531971
32,32,version1_vs_version3,50,3.349166,1.547411
32,32,version2_vs_version3,50,3.149851,1.529536
32,33,original_vs_version1,50,5.189967,0.56546
32,33,original_vs_version2,50,4.809346,0.6047
32,33,original_vs_version3,50,4.839409,0.586598
32,33,version1_vs_version2,50,5.168455,0.512767
32,33,version1_vs_version3,50,5.170946,0.528033
32,33,version2_vs_version3,50,4.771201,0.542627
32,34,original_vs_version1,50,4.468237,0.866575
32,34,original_vs_version2,50,4.602177,0.851195
32,34,original_vs_version3,50,4.575142,0.866126
32,34,version1_vs_version2,50,4.462329,0.922559
32,34,version1_vs_version3,50,4.444548,0.943038
32,34,version2_vs_version3,50,4.553456,0.937269
32,35,original_vs_version1,50,16.069856,1.789181
32,35,original_vs_version2,50,16.003584,1.844043
32,35,original_vs_version3,50,15.964467,1.86457
32,35,version1_vs_version2,50,15.989705,1.805537
32,35,version1_vs_version3,50,15.97224,1.838401
32,35,version2_vs_version3,50,15.874835,1.881003
32,36,original_vs_version1,50,13.871252,2.150586
32,36,original_vs_version2,50,13.627897,2.178478
32,36,original_vs_version3,50,13.511845,2.221979
32,36,version1_vs_version2,50,13.839944,2.170501
32,36,version1_vs_version3,50,13.778538,2.196806
32,36,version2_vs_version3,50,13.471901,2.245696
32,37,original_vs_version1,50,10.099577,1.593834
32,37,original_vs_version2,50,9.880256,1.605977
32,37,original_vs_version3,50,9.876063,1.615365
32,37,version1_vs_version2,50,10.036344,1.592387
32,37,version1_vs_version3,50,10.04706,1.601306
32,37,version2_vs_version3,50,9.799779,1.613684
32,38,original_vs_version1,50,10.342108,0.73904
32,38,original_vs_version2,50,10.244355,0.765716
32,38,original_vs_version3,50,10.223847,0.738389
32,38,version1_vs_version2,50,10.358633,0.748377
32,38,version1_vs_version3,50,10.364258,0.743747
32,38,version2_vs_version3,50,10.235938,0.750126
32,39,original_vs_version1,50,9.386145,1.291844
32,39,original_vs_version2,50,8.880761,1.249685
32,39,original_vs_version3,50,8.832362,1.212959
32,39,version1_vs_version2,50,9.353595,1.277206
32,39,version1_vs_version3,50,9.302595,1.263649
32,39,version2_vs_version3,50,8.794768,1.218894
33,0,original_vs_version1,50,3.911404,1.098867
33,0,original_vs_version2,50,3.84183,1.096316
33,0,original_vs_version3,50,3.762681,1.094995
33,0,version1_vs_version2,50,3.797086,1.049807
33,0,version1_vs_version3,50,3.740086,1.050846
33,0,version2_vs_version3,50,3.637826,1.047712
33,1,original_vs_version1,50,7.321524,0.97816
33,1,original_vs_version2,50,7.224019,0.956241
33,1,original_vs_version3,50,7.174136,0.93381
33,1,version1_vs_version2,50,7.54207,1.082395
33,1,version1_vs_version3,50,7.521638,1.089093
33,1,version2_vs_version3,50,7.373502,1.052429
33,2,original_vs_version1,50,2.675376,0.587915
33,2,original_vs_version2,50,2.509028,0.540481
33,2,original_vs_version3,50,2.470702,0.510154
33,2,version1_vs_version2,50,2.641043,0.576767
33,2,version1_vs_version3,50,2.602544,0.553351
33,2,version2_vs_version3,50,2.421203,0.497445
33,3,original_vs_version1,50,5.233056,0.678562
33,3,original_vs_version2,50,5.154185,0.69779
33,3,original_vs_version3,50,5.135443,0.652531
33,3,version1_vs_version2,50,5.228455,0.706605
33,3,version1_vs_version3,50,5.235378,0.669419
33,3,version2_vs_version3,50,5.121077,0.678299
33,4,original_vs_version1,50,1.433397,0.544163
33,4,original_vs_version2,50,1.33088,0.421156
33,4,original_vs_version3,50,1.287568,0.350446
33,4,version1_vs_version2,50,1.389522,0.534537
33,4,version1_vs_version3,50,1.345444,0.46424
33,4,version2_vs_version3,50,1.233558,0.343541
33,5,original_vs_version1,50,4.183902,1.408469
33,5,original_vs_version2,50,3.95299,1.350011
33,5,original_vs_version3,50,3.905898,1.376349
33,5,version1_vs_version2,50,4.196171,1.429318
33,5,version1_vs_version3,50,4.1741,1.456494
33,5,version2_vs_version3,50,3.913576,1.399724
33,6,original_vs_version1,50,4.412469,0.996655
33,6,original_vs_version2,50,4.355834,1.098059
33,6,original_vs_version3,50,4.300557,1.064935
33,6,version1_vs_version2,50,4.383608,0.983021
33,6,version1_vs_version3,50,4.350597,0.956431
33,6,version2_vs_version3,50,4.256405,1.063742
33,7,original_vs_version1,50,4.173277,1.150086
33,7,original_vs_version2,50,3.858768,1.07476
33,7,original_vs_version3,50,3.812007,1.061423
33,7,version1_vs_version2,50,4.17891,1.140359
33,7,version1_vs_version3,50,4.146904,1.175165
33,7,version2_vs_version3,50,3.805412,1.068487
33,8,original_vs_version1,50,3.617412,1.477097
33,8,original_vs_version2,50,3.486042,1.376106
33,8,original_vs_version3,50,3.459188,1.450363
33,8,version1_vs_version2,50,3.572297,1.397398
33,8,version1_vs_version3,50,3.570177,1.457416
33,8,version2_vs_version3,50,3.407059,1.389722
33,9,original_vs_version1,50,3.977811,1.216598
33,9,original_vs_version2,50,3.800392,1.131729
33,9,original_vs_version3,50,3.731375,1.154233
33,9,version1_vs_version2,50,3.95862,1.229809
33,9,version1_vs_version3,50,3.910508,1.269294
33,9,version2_vs_version3,50,3.70554,1.169802
33,10,original_vs_version1,50,8.562855,2.757996
33,10,original_vs_version2,50,8.281302,2.839651
33,10,original_vs_version3,50,8.18794,2.834366
33,10,version1_vs_version2,50,8.550861,2.779854
33,10,version1_vs_version3,50,8.531358,2.800482
33,10,version2_vs_version3,50,8.1638,2.867966
33,11,original_vs_version1,50,6.291687,0.970281
33,11,original_vs_version2,50,6.599181,0.983023
33,11,original_vs_version3,50,6.66416,1.018237
33,11,version1_vs_version2,50,6.280829,0.970025
33,11,version1_vs_version3,50,6.381885,0.993359
33,11,version2_vs_version3,50,6.642962,1.023159
33,12,original_vs_version1,50,9.392858,2.612523
33,12,original_vs_version2,50,9.488605,2.683452
33,12,original_vs_version3,50,9.416349,2.691329
33,12,version1_vs_version2,50,9.435857,2.694898
33,12,version1_vs_version3,50,9.449839,2.698305
33,12,version2_vs_version3,50,9.455506,2.776666
33,13,original_vs_version1,50,7.318572,2.106352
33,13,original_vs_version2,50,7.524027,2.231716
33,13,original_vs_version3,50,7.442594,2.259492
33,13,version1_vs_version2,50,7.530221,2.18129
33,13,version1_vs_version3,50,7.508334,2.210933
33,13,version2_vs_version3,50,7.647249,2.344334
33,14,original_vs_version1,50,5.851494,1.634255
33,14,original_vs_version2,50,6.491152,1.610172
33,14,original_vs_version3,50,6.466094,1.597303
33,14,version1_vs_version2,50,5.745134,1.589669
33,14,version1_vs_version3,50,5.674946,1.521534
33,14,version2_vs_version3,50,6.361681,1.560941
33,15,original_vs_version1,50,8.435011,1.330262
33,15,original_vs_version2,50,8.239081,1.348901
33,15,original_vs_version3,50,8.193446,1.366341
33,15,version1_vs_version2,50,8.427598,1.342428
33,15,version1_vs_version3,50,8.405455,1.367425
33,15,version2_vs_version3,50,8.181199,1.384606
33,16,original_vs_version1,50,7.18511,1.326985
33,16,original_vs_version2,50,7.38136,1.362386
33,16,original_vs_version3,50,7.431864,1.398674
33,16,version1_vs_version2,50,7.16861,1.367384
33,16,version1_vs_version3,50,7.213966,1.4171
33,16,version2_vs_version3,50,7.411309,1.439026
33,17,original_vs_version1,50,7.518097,1.179137
33,17,original_vs_version2,50,7.337588,1.155191
33,17,original_vs_version3,50,7.33123,1.165408
33,17,version1_vs_version2,50,7.472918,1.160766
33,17,version1_vs_version3,50,7.501518,1.182311
33,17,version2_vs_version3,50,7.280521,1.146386
33,18,original_vs_version1,50,12.284557,1.158436
33,18,original_vs_version2,50,12.265339,1.124603
33,18,original_vs_version3,50,12.274582,1.153545
33,18,version1_vs_version2,50,12.25405,1.195685
33,18,version1_vs_version3,50,12.31046,1.22082
33,18,version2_vs_version3,50,12.235379,1.19532
33,19,original_vs_version1,50,8.586172,1.321142
33,19,original_vs_version2,50,8.667803,1.361788
33,19,original_vs_version3,50,8.720009,1.382186
33,19,version1_vs_version2,50,8.564978,1.324587
33,19,version1_vs_version3,50,8.5993,1.35319
33,19,version2_vs_version3,50,8.693751,1.389279
33,20,original_vs_version1,50,9.448595,1.563347
33,20,original_vs_version2,50,9.696828,1.721237
33,20,original_vs_version3,50,9.687472,1.745366
33,20,version1_vs_version2,50,9.398465,1.624446
33,20,version1_vs_version3,50,9.401038,1.659276
33,20,version2_vs_version3,50,9.629081,1.811364
33,21,original_vs_version1,50,4.916761,0.851676
33,21,original_vs_version2,50,5.242416,0.985212
33,21,original_vs_version3,50,5.215452,0.99513
33,21,version1_vs_version2,50,4.841664,0.928959
33,21,version1_vs_version3,50,4.830825,0.970778
33,21,version2_vs_version3,50,5.142476,1.067955
33,22,original_vs_version1,50,8.168706,1.416699
33,22,original_vs_version2,50,8.357329,1.483178
33,22,original_vs_version3,50,8.31914,1.518356
33,22,version1_vs_version2,50,8.115995,1.429443
33,22,version1_vs_version3,50,8.117555,1.462523
33,22,version2_vs_version3,50,8.263015,1.526275
33,23,original_vs_version1,50,7.273528,1.004988
33,23,original_vs_version2,50,7.896761,1.252536
33,23,original_vs_version3,50,7.786358,1.2158
33,23,version1_vs_version2,50,7.179006,1.016878
33,23,version1_vs_version3,50,7.087287,0.984545
33,23,version2_vs_version3,50,7.691875,1.240406
33,24,original_vs_version1,50,9.026326,1.315288
33,24,original_vs_version2,50,9.363008,1.398402
33,24,original_vs_version3,50,9.303298,1.383334
33,24,version1_vs_version2,50,9.018718,1.363806
33,24,version1_vs_version3,50,8.975261,1.362566
33,24,version2_vs_version3,50,9.289943,1.437966
33,25,original_vs_version1,50,4.740864,1.151487
33,25,original_vs_version2,50,4.283181,1.100343
33,25,original_vs_version3,50,4.238216,1.007634
33,25,version1_vs_version2,50,4.663774,1.154763
33,25,version1_vs_version3,50,4.63513,1.111176
33,25,version2_vs_version3,50,4.150595,1.01389
33,26,original_vs_version1,50,5.283647,1.034953
33,26,original_vs_version2,50,5.043126,1.047512
33,26,original_vs_version3,50,5.088144,1.065596
33,26,version1_vs_version2,50,5.323015,1.070672
33,26,version1_vs_version3,50,5.343378,1.06379
33,26,version2_vs_version3,50,5.119551,1.110153
33,27,original_vs_version1,50,6.14688,1.316002
33,27,original_vs_version2,50,6.101066,1.442105
33,27,original_vs_version3,50,6.028782,1.461023
33,27,version1_vs_version2,50,6.199953,1.343723
33,27,version1_vs_version3,50,6.181597,1.373749
33,27,version2_vs_version3,50,6.07955,1.494386
33,28,original_vs_version1,50,2.877842,0.579119
33,28,original_vs_version2,50,3.315767,0.73397
33,28,original_vs_version3,50,3.44344,0.937313
33,28,version1_vs_version2,50,3.170225,0.705085
33,28,version1_vs_version3,50,3.315749,0.929861
33,28,version2_vs_version3,50,3.688831,1.069018
33,29,original_vs_version1,50,12.435198,2.253469
33,29,original_vs_version2,50,12.187954,2.217399
33,29,original_vs_version3,50,11.97138,2.242016
33,29,version1_vs_version2,50,12.495532,2.231466
33,29,version1_vs_version3,50,12.369643,2.238492
33,29,version2_vs_version3,50,12.028402,2.214876
33,30,original_vs_version1,50,4.342469,1.295424
33,30,original_vs_version2,50,4.039953,1.273683
33,30,original_vs_version3,50,4.064112,1.297907
33,30,version1_vs_version2,50,4.306448,1.308593
33,30,version1_vs_version3,50,4.334567,1.34539
33,30,version2_vs_version3,50,4.008307,1.315725
33,31,original_vs_version1,50,3.121118,1.185306
33,31,original_vs_version2,50,3.034626,1.227663
33,31,original_vs_version3,50,3.00596,1.208546
33,31,version1_vs_version2,50,3.09378,1.213816
33,31,version1_vs_version3,50,3.067455,1.196568
33,31,version2_vs_version3,50,2.963887,1.237589
33,32,original_vs_version1,50,2.999427,0.75337
33,32,original_vs_version2,50,2.788639,0.756866
33,32,original_vs_version3,50,2.75365,0.764057
33,32,version1_vs_version2,50,2.96625,0.760794
33,32,version1_vs_version3,50,2.937186,0.764942
33,32,version2_vs_version3,50,2.695481,0.761727
33,33,original_vs_version1,50,3.799761,0.713765
33,33,original_vs_version2,50,3.822785,0.720435
33,33,original_vs_version3,50,3.828232,0.718492
33,33,version1_vs_version2,50,3.769458,0.732447
33,33,version1_vs_version3,50,3.760111,0.72577
33,33,version2_vs_version3,50,3.77886,0.728671
33,34,original_vs_version1,50,5.229143,0.816434
33,34,original_vs_version2,50,5.074378,0.802496
33,34,original_vs_version3,50,5.075157,0.807766
33,34,version1_vs_version2,50,5.134396,0.82686
33,34,version1_vs_version3,50,5.114201,0.836213
33,34,version2_vs_version3,50,4.948828,0.816047
33,35,original_vs_version1,50,8.762453,1.330438
33,35,original_vs_version2,50,8.744724,1.375431
33,35,original_vs_version3,50,8.758803,1.374249
33,35,version1_vs_version2,50,8.667027,1.333552
33,35,version1_vs_version3,50,8.667271,1.347223
33,35,version2_vs_version3,50,8.655516,1.378564
33,36,original_vs_version1,50,5.269642,1.339218
33,36,original_vs_version2,50,5.349174,1.433707
33,36,original_vs_version3,50,5.305583,1.421141
33,36,version1_vs_version2,50,5.224339,1.334522
33,36,version1_vs_version3,50,5.203594,1.325804
33,36,version2_vs_version3,50,5.255629,1.415536
33,37,original_vs_version1,50,7.923984,2.277399
33,37,original_vs_version2,50,8.114175,2.19105
33,37,original_vs_version3,50,8.084264,2.152896
33,37,version1_vs_version2,50,7.885867,2.258621
33,37,version1_vs_version3,50,7.905109,2.227395
33,37,version2_vs_version3,50,8.040847,2.136202
33,38,original_vs_version1,50,7.797898,1.352534
33,38,original_vs_version2,50,7.686111,1.367418
33,38,original_vs_version3,50,7.637088,1.362273
33,38,version1_vs_version2,50,7.775746,1.335127
33,38,version1_vs_version3,50,7.772768,1.352
33,38,version2_vs_version3,50,7.610126,1.350915
33,39,original_vs_version1,50,4.242809,1.590835
33,39,original_vs_version2,50,4.11116,1.6273
33,39,original_vs_version3,50,4.097994,1.631723
33,39,version1_vs_version2,50,4.201228,1.595032
33,39,version1_vs_version3,50,4.213432,1.610692
33,39,version2_vs_version3,50,4.051003,1.632974
34,0,original_vs_version1,50,1.554078,0.288409
34,0,original_vs_version2,50,1.653609,0.312541
34,0,original_vs_version3,50,1.653558,0.325867
34,0,version1_vs_version2,50,1.57588,0.299355
34,0,version1_vs_version3,50,1.585515,0.320446
34,0,version2_vs_version3,50,1.66592,0.337392
34,1,original_vs_version1,50,4.431178,0.965059
34,1,original_vs_version2,50,4.39779,1.021565
34,1,original_vs_version3,50,4.493146,0.965625
34,1,version1_vs_version2,50,4.650413,1.033663
34,1,version1_vs_version3,50,4.722872,0.990118
34,1,version2_vs_version3,50,4.631322,1.036127
34,2,original_vs_version1,50,2.378676,0.370886
34,2,original_vs_version2,50,2.478815,0.361043
34,2,original_vs_version3,50,2.465064,0.37029
34,2,version1_vs_version2,50,2.390269,0.353951
34,2,version1_vs_version3,50,2.38881,0.383345
34,2,version2_vs_version3,50,2.469893,0.361092
34,3,original_vs_version1,50,1.986318,0.344026
34,3,original_vs_version2,50,2.018179,0.372459
34,3,original_vs_version3,50,2.005131,0.399031
34,3,version1_vs_version2,50,1.97014,0.344489
34,3,version1_vs_version3,50,1.962602,0.378047
34,3,version2_vs_version3,50,1.981325,0.391916
34,4,original_vs_version1,50,3.46122,0.817846
34,4,original_vs_version2,50,3.230547,0.74685
34,4,original_vs_version3,50,3.272051,0.785349
34,4,version1_vs_version2,50,3.553915,0.821344
34,4,version1_vs_version3,50,3.60227,0.842155
34,4,version2_vs_version3,50,3.320593,0.798858
34,5,original_vs_version1,50,7.426573,2.904049
34,5,original_vs_version2,50,6.875511,3.077235
34,5,original_vs_version3,50,6.767107,3.051507
34,5,version1_vs_version2,50,7.31558,2.94529
34,5,version1_vs_version3,50,7.262174,2.943443
34,5,version2_vs_version3,50,6.650539,3.09612
34,6,original_vs_version1,50,5.006083,1.790014
34,6,original_vs_version2,50,4.797965,1.777609
34,6,original_vs_version3,50,4.733967,1.798794
34,6,version1_vs_version2,50,5.030612,1.801646
34,6,version1_vs_version3,50,5.003425,1.838334
34,6,version2_vs_version3,50,4.756544,1.815145
34,7,original_vs_version1,50,3.605001,1.835417
34,7,original_vs_version2,50,3.38822,1.900762
34,7,original_vs_version3,50,3.360932,1.908353
34,7,version1_vs_version2,50,3.548101,1.871561
34,7,version1_vs_version3,50,3.55319,1.875637
34,7,version2_vs_version3,50,3.300071,1.954466
34,8,original_vs_version1,50,6.210026,2.154765
34,8,original_vs_version2,50,5.605182,2.21813
34,8,original_vs_version3,50,5.525689,2.2267
34,8,version1_vs_version2,50,6.147072,2.169788
34,8,version1_vs_version3,50,6.120994,2.172328
34,8,version2_vs_version3,50,5.458615,2.250329
34,9,original_vs_version1,50,3.012114,1.469261
34,9,original_vs_version2,50,2.881642,1.474707
34,9,original_vs_version3,50,2.80823,1.495005
34,9,version1_vs_version2,50,3.00613,1.467881
34,9,version1_vs_version3,50,2.946532,1.486678
34,9,version2_vs_version3,50,2.800422,1.498769
34,10,original_vs_version1,50,7.54992,1.953644
34,10,original_vs_version2,50,7.591086,2.119475
34,10,original_vs_version3,50,7.476493,2.123566
34,10,version1_vs_version2,50,7.494587,1.907371
34,10,version1_vs_version3,50,7.446981,1.906409
34,10,version2_vs_version3,50,7.420198,2.084196
34,11,original_vs_version1,50,6.859062,1.640821
34,11,original_vs_version2,50,6.671867,1.593518
34,11,original_vs_version3,50,6.616065,1.562839
34,11,version1_vs_version2,50,6.776152,1.713631
34,11,version1_vs_version3,50,6.771908,1.658591
34,11,version2_vs_version3,50,6.523542,1.634678
34,12,original_vs_version1,50,9.633039,2.194792
34,12,original_vs_version2,50,9.306028,2.256465
34,12,original_vs_version3,50,9.144559,2.278424
34,12,version1_vs_version2,50,9.697219,2.310283
34,12,version1_vs_version3,50,9.628992,2.320331
34,12,version2_vs_version3,50,9.207816,2.385881
34,13,original_vs_version1,50,9.435534,3.949909
34,13,original_vs_version2,50,8.837643,3.86634
34,13,original_vs_version3,50,8.723134,3.899051
34,13,version1_vs_version2,50,9.583118,4.019163
34,13,version1_vs_version3,50,9.543975,4.060723
34,13,version2_vs_version3,50,8.868485,3.978596
34,14,original_vs_version1,50,5.134884,2.963327
34,14,original_vs_version2,50,5.072875,3.048557
34,14,original_vs_version3,50,5.041517,3.108712
34,14,version1_vs_version2,50,5.407624,2.980792
34,14,version1_vs_version3,50,5.419694,3.037397
34,14,version2_vs_version3,50,5.309794,3.141668
34,15,original_vs_version1,50,4.405096,1.266768
34,15,original_vs_version2,50,4.141381,1.131888
34,15,original_vs_version3,50,4.112566,1.199667
34,15,version1_vs_version2,50,4.479922,1.180577
34,15,version1_vs_version3,50,4.472356,1.25534
34,15,version2_vs_version3,50,4.169086,1.138604
34,16,original_vs_version1,50,3.228984,0.789572
34,16,original_vs_version2,50,3.118499,0.80591
34,16,original_vs_version3,50,3.068918,0.791683
34,16,version1_vs_version2,50,3.237237,0.734431
34,16,version1_vs_version3,50,3.199751,0.718973
34,16,version2_vs_version3,50,3.044216,0.753802
34,17,original_vs_version1,50,3.217258,0.948891
34,17,original_vs_version2,50,3.178999,0.84705
34,17,original_vs_version3,50,3.152992,0.807857
34,17,version1_vs_version2,50,3.192419,0.972033
34,17,version1_vs_version3,50,3.183661,0.943498
34,17,version2_vs_version3,50,3.105792,0.81147
34,18,original_vs_version1,50,4.035517,1.178447
34,18,original_vs_version2,50,3.877862,1.163647
34,18,original_vs_version3,50,3.830738,1.125573
34,18,version1_vs_version2,50,3.978649,1.122442
34,18,version1_vs_version3,50,3.958411,1.068972
34,18,version2_vs_version3,50,3.748123,1.093591
34,19,original_vs_version1,50,5.382767,1.179466
34,19,original_vs_version2,50,5.493255,1.31501
34,19,original_vs_version3,50,5.519193,1.328922
34,19,version1_vs_version2,50,5.464951,1.194188
34,19,version1_vs_version3,50,5.496046,1.204505
34,19,version2_vs_version3,50,5.57882,1.348689
34,20,original_vs_version1,50,4.433252,1.86744
34,20,original_vs_version2,50,4.384275,1.818222
34,20,original_vs_version3,50,4.392081,1.80993
34,20,version1_vs_version2,50,4.457514,1.982584
34,20,version1_vs_version3,50,4.484864,1.983096
34,20,version2_vs_version3,50,4.410088,1.927827
34,21,original_vs_version1,50,7.238033,1.225042
34,21,original_vs_version2,50,6.989757,1.139141
34,21,original_vs_version3,50,7.002038,1.157822
34,21,version1_vs_version2,50,7.236707,1.227754
34,21,version1_vs_version3,50,7.279539,1.24819
34,21,version2_vs_version3,50,6.987883,1.168741
34,22,original_vs_version1,50,6.21536,1.320107
34,22,original_vs_version2,50,6.273723,1.299152
34,22,original_vs_version3,50,6.269578,1.303189
34,22,version1_vs_version2,50,6.077077,1.26725
34,22,version1_vs_version3,50,6.064305,1.276968
34,22,version2_vs_version3,50,6.122077,1.2489
34,23,original_vs_version1,50,8.572317,1.36513
34,23,original_vs_version2,50,8.668753,1.411996
34,23,original_vs_version3,50,8.616794,1.397048
34,23,version1_vs_version2,50,8.461443,1.354476
34,23,version1_vs_version3,50,8.459092,1.350223
34,23,version2_vs_version3,50,8.503188,1.393985
34,24,original_vs_version1,50,9.515162,2.399173
34,24,original_vs_version2,50,9.43899,2.411167
34,24,original_vs_version3,50,9.311928,2.415832
34,24,version1_vs_version2,50,9.291825,2.461511
34,24,version1_vs_version3,50,9.243218,2.459023
34,24,version2_vs_version3,50,9.083576,2.466956
34,25,original_vs_version1,50,10.918332,2.574664
34,25,original_vs_version2,50,11.117148,2.636163
34,25,original_vs_version3,50,11.059802,2.646671
34,25,version1_vs_version2,50,10.802236,2.552988
34,25,version1_vs_version3,50,10.808913,2.569161
34,25,version2_vs_version3,50,10.936151,2.641752
34,26,original_vs_version1,50,11.091458,3.042241
34,26,original_vs_version2,50,11.033473,3.110918
34,26,original_vs_version3,50,10.945222,3.095057
34,26,version1_vs_version2,50,11.055019,3.092535
34,26,version1_vs_version3,50,10.991961,3.075191
34,26,version2_vs_version3,50,10.902832,3.152105
34,27,original_vs_version1,50,17.995066,2.118327
34,27,original_vs_version2,50,17.814515,2.201068
34,27,original_vs_version3,50,17.796636,2.240291
34,27,version1_vs_version2,50,17.953031,2.147083
34,27,version1_vs_version3,50,17.980976,2.175046
34,27,version2_vs_version3,50,17.74223,2.270602
34,28,original_vs_version1,50,13.743911,1.342874
34,28,original_vs_version2,50,13.479779,1.45214
34,28,original_vs_version3,50,13.383838,1.43925
34,28,version1_vs_version2,50,13.589894,1.341948
34,28,version1_vs_version3,50,13.542574,1.343665
34,28,version2_vs_version3,50,13.214627,1.433767
34,29,original_vs_version1,50,15.708099,4.84856
34,29,original_vs_version2,50,15.124931,5.023397
34,29,original_vs_version3,50,14.92215,5.052199
34,29,version1_vs_version2,50,15.644514,4.986561
34,29,version1_vs_version3,50,15.548651,5.003314
34,29,version2_vs_version3,50,14.849119,5.193508
34,30,original_vs_version1,50,7.045389,1.053024
34,30,original_vs_version2,50,7.060017,1.120546
34,30,original_vs_version3,50,7.133054,1.083299
34,30,version1_vs_version2,50,7.048366,1.011292
34,30,version1_vs_version3,50,7.137749,1.009557
34,30,version2_vs_version3,50,7.123389,1.094053
34,31,original_vs_version1,50,5.687005,3.02837
34,31,original_vs_version2,50,5.768531,3.069861
34,31,original_vs_version3,50,5.738013,3.070403
34,31,version1_vs_version2,50,5.674366,3.092238
34,31,version1_vs_version3,50,5.675186,3.096616
34,31,version2_vs_version3,50,5.703488,3.133071
34,32,original_vs_version1,50,5.318547,1.636916
34,32,original_vs_version2,50,5.370797,1.716288
34,32,original_vs_version3,50,5.329317,1.685101
34,32,version1_vs_version2,50,5.317842,1.649336
34,32,version1_vs_version3,50,5.29572,1.615692
34,32,version2_vs_version3,50,5.318461,1.696882
34,33,original_vs_version1,50,2.656578,1.271647
34,33,original_vs_version2,50,2.703244,1.305451
34,33,original_vs_version3,50,2.661019,1.29015
34,33,version1_vs_version2,50,2.655988,1.268726
34,33,version1_vs_version3,50,2.623817,1.260073
34,33,version2_vs_version3,50,2.638127,1.2849
34,34,original_vs_version1,50,6.195862,1.808848
34,34,original_vs_version2,50,6.297362,1.844659
34,34,original_vs_version3,50,6.238805,1.854855
34,34,version1_vs_version2,50,6.549661,1.805325
34,34,version1_vs_version3,50,6.551429,1.84204
34,34,version2_vs_version3,50,6.579276,1.880544
34,35,original_vs_version1,50,7.921623,1.607196
34,35,original_vs_version2,50,7.886675,1.722766
34,35,original_vs_version3,50,7.771073,1.683678
34,35,version1_vs_version2,50,7.859098,1.64808
34,35,version1_vs_version3,50,7.805176,1.611557
34,35,version2_vs_version3,50,7.702085,1.728086
34,36,original_vs_version1,50,17.631003,4.72908
34,36,original_vs_version2,50,17.154377,4.799889
34,36,original_vs_version3,50,16.925685,4.814216
34,36,version1_vs_version2,50,17.748054,4.876716
34,36,version1_vs_version3,50,17.649195,4.888532
34,36,version2_vs_version3,50,17.040096,4.974365
34,37,original_vs_version1,50,8.637185,2.690551
34,37,original_vs_version2,50,8.147006,2.77731
34,37,original_vs_version3,50,8.023658,2.785611
34,37,version1_vs_version2,50,8.550622,2.745983
34,37,version1_vs_version3,50,8.490596,2.758589
34,37,version2_vs_version3,50,7.930245,2.864002
34,38,original_vs_version1,50,8.119384,1.888087
34,38,original_vs_version2,50,8.009892,1.914464
34,38,original_vs_version3,50,7.985383,1.909348
34,38,version1_vs_version2,50,8.143494,1.901362
34,38,version1_vs_version3,50,8.173417,1.895258
34,38,version2_vs_version3,50,8.001914,1.925303
34,39,original_vs_version1,50,6.935119,2.14388
34,39,original_vs_version2,50,6.747166,2.206024
34,39,original_vs_version3,50,6.645728,2.217007
34,39,version1_vs_version2,50,6.890115,2.20386
34,39,version1_vs_version3,50,6.821016,2.217984
34,39,version2_vs_version3,50,6.594418,2.278103
35,0,original_vs_version1,50,5.275629,1.811292
35,0,original_vs_version2,50,4.996149,1.771289
35,0,original_vs_version3,50,4.883028,1.736326
35,0,version1_vs_version2,50,5.322069,1.781778
35,0,version1_vs_version3,50,5.228588,1.749698
35,0,version2_vs_version3,50,4.922857,1.710699
35,1,original_vs_version1,50,4.58901,1.924473
35,1,original_vs_version2,50,4.408318,1.93586
35,1,original_vs_version3,50,4.382255,2.036868
35,1,version1_vs_version2,50,4.616486,1.845596
35,1,version1_vs_version3,50,4.610047,1.960772
35,1,version2_vs_version3,50,4.389635,1.958364
35,2,original_vs_version1,50,5.380385,1.906725
35,2,original_vs_version2,50,4.883526,1.796542
35,2,original_vs_version3,50,4.743347,1.731368
35,2,version1_vs_version2,50,5.413137,1.875338
35,2,version1_vs_version3,50,5.309717,1.821944
35,2,version2_vs_version3,50,4.782339,1.732867
35,3,original_vs_version1,50,4.724894,2.111363
35,3,original_vs_version2,50,4.581269,2.254128
35,3,original_vs_version3,50,4.433405,2.217966
35,3,version1_vs_version2,50,4.788196,2.205013
35,3,version1_vs_version3,50,4.664408,2.161904
35,3,version2_vs_version3,50,4.484944,2.305204
35,4,original_vs_version1,50,5.658764,1.471687
35,4,original_vs_version2,50,5.636124,1.637654
35,4,original_vs_version3,50,5.666173,1.607834
35,4,version1_vs_version2,50,5.799192,1.538588
35,4,version1_vs_version3,50,5.841192,1.499879
35,4,version2_vs_version3,50,5.791163,1.658154
35,5,original_vs_version1,50,4.538025,2.356537
35,5,original_vs_version2,50,4.158605,2.192728
35,5,original_vs_version3,50,4.102008,2.159926
35,5,version1_vs_version2,50,4.53716,2.37546
35,5,version1_vs_version3,50,4.512353,2.312124
35,5,version2_vs_version3,50,4.085806,2.179693
35,6,original_vs_version1,50,5.56397,1.173873
35,6,original_vs_version2,50,5.342722,1.122426
35,6,original_vs_version3,50,5.22932,1.130427
35,6,version1_vs_version2,50,5.563559,1.166546
35,6,version1_vs_version3,50,5.494975,1.179863
35,6,version2_vs_version3,50,5.197461,1.200347
35,7,original_vs_version1,50,7.155713,1.430104
35,7,original_vs_version2,50,6.724071,1.385559
35,7,original_vs_version3,50,6.586873,1.386737
35,7,version1_vs_version2,50,7.470941,1.489653
35,7,version1_vs_version3,50,7.399661,1.470659
35,7,version2_vs_version3,50,6.906334,1.424222
35,8,original_vs_version1,50,6.338101,1.374947
35,8,original_vs_version2,50,6.115745,1.314489
35,8,original_vs_version3,50,6.130104,1.324583
35,8,version1_vs_version2,50,6.290252,1.352203
35,8,version1_vs_version3,50,6.357317,1.404371
35,8,version2_vs_version3,50,6.071939,1.310283
35,9,original_vs_version1,50,5.874463,1.697294
35,9,original_vs_version2,50,5.797505,1.872079
35,9,original_vs_version3,50,5.716404,1.801132
35,9,version1_vs_version2,50,5.930536,1.702294
35,9,version1_vs_version3,50,5.89059,1.648519
35,9,version2_vs_version3,50,5.760219,1.80655
35,10,original_vs_version1,50,5.102421,1.859003
35,10,original_vs_version2,50,4.889948,1.76251
35,10,original_vs_version3,50,4.838863,1.78941
35,10,version1_vs_version2,50,5.146348,1.920692
35,10,version1_vs_version3,50,5.124148,1.978688
35,10,version2_vs_version3,50,4.848093,1.877324
35,11,original_vs_version1,50,6.058744,1.489994
35,11,original_vs_version2,50,6.179426,1.761521
35,11,original_vs_version3,50,6.073478,1.660729
35,11,version1_vs_version2,50,6.025865,1.44577
35,11,version1_vs_version3,50,5.940745,1.353468
35,11,version2_vs_version3,50,6.032221,1.595679
35,12,original_vs_version1,50,10.001083,2.138607
35,12,original_vs_version2,50,10.534676,2.553967
35,12,original_vs_version3,50,10.419891,2.493001
35,12,version1_vs_version2,50,9.897061,2.076204
35,12,version1_vs_version3,50,9.835872,2.017487
35,12,version2_vs_version3,50,10.314463,2.47044
35,13,original_vs_version1,50,5.235906,1.991845
35,13,original_vs_version2,50,5.029576,1.969401
35,13,original_vs_version3,50,5.006479,1.9786
35,13,version1_vs_version2,50,5.190634,1.941079
35,13,version1_vs_version3,50,5.204415,1.954467
35,13,version2_vs_version3,50,4.9579,1.937368
35,14,original_vs_version1,50,4.803134,1.681356
35,14,original_vs_version2,50,4.873724,1.738954
35,14,original_vs_version3,50,4.88329,1.752422
35,14,version1_vs_version2,50,4.688071,1.559435
35,14,version1_vs_version3,50,4.720007,1.571049
35,14,version2_vs_version3,50,4.761964,1.667835
35,15,original_vs_version1,50,5.973664,1.875015
35,15,original_vs_version2,50,5.670284,1.676498
35,15,original_vs_version3,50,5.509434,1.610748
35,15,version1_vs_version2,50,6.005789,1.984546
35,15,version1_vs_version3,50,5.884932,1.902012
35,15,version2_vs_version3,50,5.547434,1.701754
35,16,original_vs_version1,50,6.719169,2.355296
35,16,original_vs_version2,50,6.755764,2.414592
35,16,original_vs_version3,50,6.663212,2.446017
35,16,version1_vs_version2,50,6.700648,2.243698
35,16,version1_vs_version3,50,6.644292,2.266562
35,16,version2_vs_version3,50,6.637174,2.347777
35,17,original_vs_version1,50,6.51657,1.597249
35,17,original_vs_version2,50,6.280542,1.508582
35,17,original_vs_version3,50,6.135809,1.510043
35,17,version1_vs_version2,50,6.474163,1.649594
35,17,version1_vs_version3,50,6.385721,1.603862
35,17,version2_vs_version3,50,6.098242,1.481581
35,18,original_vs_version1,50,8.813106,2.288705
35,18,original_vs_version2,50,8.535287,2.276887
35,18,original_vs_version3,50,8.422538,2.299245
35,18,version1_vs_version2,50,8.865004,2.267465
35,18,version1_vs_version3,50,8.703672,2.247049
35,18,version2_vs_version3,50,8.46369,2.320999
35,19,original_vs_version1,50,4.179569,1.109932
35,19,original_vs_version2,50,4.079027,1.065317
35,19,original_vs_version3,50,4.064759,1.061203
35,19,version1_vs_version2,50,4.103395,1.115181
35,19,version1_vs_version3,50,4.108545,1.080079
35,19,version2_vs_version3,50,3.983827,1.06022
35,20,original_vs_version1,50,5.254682,1.095896
35,20,original_vs_version2,50,5.417252,1.158454
35,20,original_vs_version3,50,5.394996,1.154669
35,20,version1_vs_version2,50,5.264062,1.142153
35,20,version1_vs_version3,50,5.275639,1.16139
35,20,version2_vs_version3,50,5.393226,1.205816
35,21,original_vs_version1,50,4.896253,0.650702
35,21,original_vs_version2,50,4.982165,0.748658
35,21,original_vs_version3,50,4.929678,0.745757
35,21,version1_vs_version2,50,5.077321,0.737987
35,21,version1_vs_version3,50,5.046543,0.763851
35,21,version2_vs_version3,50,5.090174,0.839537
35,22,original_vs_version1,50,4.275839,1.248435
35,22,original_vs_version2,50,3.73408,1.14769
35,22,original_vs_version3,50,3.628189,1.151809
35,22,version1_vs_version2,50,4.15557,1.147212
35,22,version1_vs_version3,50,4.056368,1.141742
35,22,version2_vs_version3,50,3.482661,1.076277
35,23,original_vs_version1,50,6.0878,1.599147
35,23,original_vs_version2,50,5.727254,1.622511
35,23,original_vs_version3,50,5.691262,1.638154
35,23,version1_vs_version2,50,6.308456,1.649833
35,23,version1_vs_version3,50,6.303222,1.653096
35,23,version2_vs_version3,50,5.905008,1.702759
35,24,original_vs_version1,50,5.990228,1.442559
35,24,original_vs_version2,50,6.09017,1.494996
35,24,original_vs_version3,50,6.004517,1.37897
35,24,version1_vs_version2,50,6.289638,1.630267
35,24,version1_vs_version3,50,6.24041,1.585954
35,24,version2_vs_version3,50,6.26879,1.588923
35,25,original_vs_version1,50,6.062936,1.132303
35,25,original_vs_version2,50,4.196731,0.629158
35,25,original_vs_version3,50,4.340394,0.68855
35,25,version1_vs_version2,50,6.095315,1.143599
35,25,version1_vs_version3,50,6.176124,1.150898
35,25,version2_vs_version3,50,4.361193,0.753875
35,26,original_vs_version1,50,6.120585,1.277352
35,26,original_vs_version2,50,6.445619,1.363232
35,26,original_vs_version3,50,6.579323,1.375654
35,26,version1_vs_version2,50,6.079476,1.318432
35,26,version1_vs_version3,50,6.171663,1.357805
35,26,version2_vs_version3,50,6.536114,1.429958
35,27,original_vs_version1,50,10.978398,1.539209
35,27,original_vs_version2,50,11.627639,1.753058
35,27,original_vs_version3,50,11.612884,1.664419
35,27,version1_vs_version2,50,10.990622,1.595349
35,27,version1_vs_version3,50,10.973059,1.504672
35,27,version2_vs_version3,50,11.62499,1.730695
35,28,original_vs_version1,50,12.444516,1.309554
35,28,original_vs_version2,50,11.591114,1.178629
35,28,original_vs_version3,50,11.568481,1.177974
35,28,version1_vs_version2,50,12.237175,1.344536
35,28,version1_vs_version3,50,12.218637,1.346289
35,28,version2_vs_version3,50,11.339855,1.211953
35,29,original_vs_version1,50,5.838382,1.006755
35,29,original_vs_version2,50,6.361166,1.031839
35,29,original_vs_version3,50,6.45349,1.045366
35,29,version1_vs_version2,50,5.825549,1.057339
35,29,version1_vs_version3,50,5.914099,1.103847
35,29,version2_vs_version3,50,6.437303,1.122103
35,30,original_vs_version1,50,3.98271,1.228449
35,30,original_vs_version2,50,3.756673,0.966136
35,30,original_vs_version3,50,3.705779,1.002372
35,30,version1_vs_version2,50,3.92027,1.190986
35,30,version1_vs_version3,50,3.894252,1.181093
35,30,version2_vs_version3,50,3.632518,0.968559
35,31,original_vs_version1,50,4.500573,1.417865
35,31,original_vs_version2,50,4.443114,1.357484
35,31,original_vs_version3,50,4.251182,1.262841
35,31,version1_vs_version2,50,4.509373,1.404966
35,31,version1_vs_version3,50,4.324848,1.33942
35,31,version2_vs_version3,50,4.250559,1.2722
35,32,original_vs_version1,50,5.469535,2.234137
35,32,original_vs_version2,50,4.914663,1.584532
35,32,original_vs_version3,50,4.857994,1.62812
35,32,version1_vs_version2,50,5.458636,2.263818
35,32,version1_vs_version3,50,5.435178,2.293535
35,32,version2_vs_version3,50,4.838064,1.66
35,33,original_vs_version1,50,3.711239,1.805653
35,33,original_vs_version2,50,3.574401,1.929188
35,33,original_vs_version3,50,3.466013,1.759201
35,33,version1_vs_version2,50,3.693504,1.751726
35,33,version1_vs_version3,50,3.5918,1.566561
35,33,version2_vs_version3,50,3.441399,1.695928
35,34,original_vs_version1,50,4.288309,1.493027
35,34,original_vs_version2,50,4.204326,1.281292
35,34,original_vs_version3,50,4.101068,1.21431
35,34,version1_vs_version2,50,4.285261,1.521375
35,34,version1_vs_version3,50,4.212759,1.457704
35,34,version2_vs_version3,50,4.085346,1.291485
35,35,original_vs_version1,50,6.620457,1.20372
35,35,original_vs_version2,50,6.776261,1.258769
35,35,original_vs_version3,50,6.816619,1.29556
35,35,version1_vs_version2,50,6.606221,1.243811
35,35,version1_vs_version3,50,6.653916,1.286712
35,35,version2_vs_version3,50,6.775346,1.341357
35,36,original_vs_version1,50,12.983053,1.041992
35,36,original_vs_version2,50,12.331435,1.204361
35,36,original_vs_version3,50,12.330434,1.188985
35,36,version1_vs_version2,50,12.926729,1.086596
35,36,version1_vs_version3,50,12.936568,1.073916
35,36,version2_vs_version3,50,12.252666,1.240092
35,37,original_vs_version1,50,3.111286,0.683944
35,37,original_vs_version2,50,2.86757,0.624864
35,37,original_vs_version3,50,2.867235,0.614854
35,37,version1_vs_version2,50,3.074395,0.682818
35,37,version1_vs_version3,50,3.066032,0.672572
35,37,version2_vs_version3,50,2.82719,0.625116
35,38,original_vs_version1,50,5.529044,0.707582
35,38,original_vs_version2,50,5.808643,0.804373
35,38,original_vs_version3,50,5.714886,0.771406
35,38,version1_vs_version2,50,5.465942,0.709079
35,38,version1_vs_version3,50,5.398335,0.693987
35,38,version2_vs_version3,50,5.649427,0.785235
35,39,original_vs_version1,50,10.585243,0.909676
35,39,original_vs_version2,50,9.411445,0.805151
35,39,original_vs_version3,50,9.486342,0.817424
35,39,version1_vs_version2,50,10.555068,0.917466
35,39,version1_vs_version3,50,10.568439,0.914743
35,39,version2_vs_version3,50,9.416414,0.801991
36,0,original_vs_version1,50,8.146,3.193946
36,0,original_vs_version2,50,8.064451,3.222104
36,0,original_vs_version3,50,8.042337,3.253305
36,0,version1_vs_version2,50,8.208369,3.152447
36,0,version1_vs_version3,50,8.216792,3.216033
36,0,version2_vs_version3,50,8.099215,3.225725
36,1,original_vs_version1,50,12.289172,2.024023
36,1,original_vs_version2,50,12.104759,2.159999
36,1,original_vs_version3,50,12.071426,2.093423
36,1,version1_vs_version2,50,12.182058,1.969604
36,1,version1_vs_version3,50,12.164486,1.912571
36,1,version2_vs_version3,50,11.953002,2.035106
36,2,original_vs_version1,50,8.763414,2.005467
36,2,original_vs_version2,50,8.827605,2.104157
36,2,original_vs_version3,50,8.787186,2.052312
36,2,version1_vs_version2,50,8.681927,2.043413
36,2,version1_vs_version3,50,8.66285,2.003784
36,2,version2_vs_version3,50,8.699968,2.094243
36,3,original_vs_version1,50,7.67306,2.812726
36,3,original_vs_version2,50,7.698495,2.76633
36,3,original_vs_version3,50,7.664856,2.703517
36,3,version1_vs_version2,50,7.623132,2.72031
36,3,version1_vs_version3,50,7.610356,2.677681
36,3,version2_vs_version3,50,7.609183,2.613369
36,4,original_vs_version1,50,20.508967,1.636778
36,4,original_vs_version2,50,20.497839,1.607697
36,4,original_vs_version3,50,20.429502,1.624271
36,4,version1_vs_version2,50,20.351299,1.641251
36,4,version1_vs_version3,50,20.313964,1.669452
36,4,version2_vs_version3,50,20.249661,1.631782
36,5,original_vs_version1,50,3.252858,1.439122
36,5,original_vs_version2,50,3.234779,1.452713
36,5,original_vs_version3,50,3.197674,1.442189
36,5,version1_vs_version2,50,3.238142,1.473119
36,5,version1_vs_version3,50,3.214641,1.479644
36,5,version2_vs_version3,50,3.180692,1.475865
36,6,original_vs_version1,50,7.670196,2.013499
36,6,original_vs_version2,50,7.925673,2.092615
36,6,original_vs_version3,50,7.878606,2.077755
36,6,version1_vs_version2,50,7.703796,2.04577
36,6,version1_vs_version3,50,7.6982,2.056648
36,6,version2_vs_version3,50,7.907943,2.115168
36,7,original_vs_version1,50,6.134614,1.702539
36,7,original_vs_version2,50,4.95718,1.390047
36,7,original_vs_version3,50,4.956926,1.373825
36,7,version1_vs_version2,50,6.124012,1.688567
36,7,version1_vs_version3,50,6.086674,1.679775
36,7,version2_vs_version3,50,4.94204,1.481893
36,8,original_vs_version1,50,6.92782,2.566466
36,8,original_vs_version2,50,6.390967,2.651357
36,8,original_vs_version3,50,6.397108,2.670832
36,8,version1_vs_version2,50,6.956149,2.637669
36,8,version1_vs_version3,50,6.907215,2.646041
36,8,version2_vs_version3,50,6.423283,2.750791
36,9,original_vs_version1,50,8.080159,1.628401
36,9,original_vs_version2,50,8.16032,1.704627
36,9,original_vs_version3,50,8.099156,1.62552
36,9,version1_vs_version2,50,8.050038,1.594902
36,9,version1_vs_version3,50,8.01363,1.533893
36,9,version2_vs_version3,50,8.066662,1.594874
36,10,original_vs_version1,50,22.99706,5.645337
36,10,original_vs_version2,50,23.020024,5.816477
36,10,original_vs_version3,50,22.917067,5.79914
36,10,version1_vs_version2,50,22.94082,5.662945
36,10,version1_vs_version3,50,22.922477,5.708277
36,10,version2_vs_version3,50,22.837331,5.819602
36,11,original_vs_version1,50,23.820951,2.489602
36,11,original_vs_version2,50,23.778823,2.659274
36,11,original_vs_version3,50,23.715224,2.588073
36,11,version1_vs_version2,50,23.537249,2.564661
36,11,version1_vs_version3,50,23.523729,2.517955
36,11,version2_vs_version3,50,23.413074,2.676275
36,12,original_vs_version1,50,9.743287,5.341501
36,12,original_vs_version2,50,9.818614,5.440622
36,12,original_vs_version3,50,9.701248,5.369102
36,12,version1_vs_version2,50,9.70561,5.370568
36,12,version1_vs_version3,50,9.672727,5.333619
36,12,version2_vs_version3,50,9.655341,5.402471
36,13,original_vs_version1,50,4.807466,1.221502
36,13,original_vs_version2,50,5.115815,1.234923
36,13,original_vs_version3,50,5.112902,1.196781
36,13,version1_vs_version2,50,4.766723,1.217096
36,13,version1_vs_version3,50,4.746297,1.174551
36,13,version2_vs_version3,50,5.068718,1.200777
36,14,original_vs_version1,50,4.718025,2.126524
36,14,original_vs_version2,50,4.92556,2.250812
36,14,original_vs_version3,50,4.896017,2.229675
36,14,version1_vs_version2,50,4.725603,2.166858
36,14,version1_vs_version3,50,4.730681,2.168509
36,14,version2_vs_version3,50,4.894019,2.275242
36,15,original_vs_version1,50,27.53949,5.338632
36,15,original_vs_version2,50,26.383445,5.657297
36,15,original_vs_version3,50,26.291126,5.712534
36,15,version1_vs_version2,50,27.623803,5.479568
36,15,version1_vs_version3,50,27.63865,5.545023
36,15,version2_vs_version3,50,26.330644,5.87132
36,16,original_vs_version1,50,11.86444,2.90816
36,16,original_vs_version2,50,11.973432,3.042479
36,16,original_vs_version3,50,11.830488,3.075527
36,16,version1_vs_version2,50,11.906078,2.990167
36,16,version1_vs_version3,50,11.855901,3.02419
36,16,version2_vs_version3,50,11.866655,3.176456
36,17,original_vs_version1,50,13.223971,2.703173
36,17,original_vs_version2,50,13.075216,2.696369
36,17,original_vs_version3,50,12.90504,2.719588
36,17,version1_vs_version2,50,12.879936,2.619
36,17,version1_vs_version3,50,12.758518,2.639697
36,17,version2_vs_version3,50,12.545824,2.645427
36,18,original_vs_version1,50,17.067571,1.453233
36,18,original_vs_version2,50,16.816904,1.607837
36,18,original_vs_version3,50,16.743744,1.566023
36,18,version1_vs_version2,50,16.89815,1.339847
36,18,version1_vs_version3,50,16.905315,1.325311
36,18,version2_vs_version3,50,16.553906,1.466245
36,19,original_vs_version1,50,25.357083,4.364496
36,19,original_vs_version2,50,25.195673,4.467403
36,19,original_vs_version3,50,24.999471,4.524361
36,19,version1_vs_version2,50,25.382152,4.431104
36,19,version1_vs_version3,50,25.326897,4.513996
36,19,version2_vs_version3,50,25.002422,4.606259
36,20,original_vs_version1,50,1.300454,0.351781
36,20,original_vs_version2,50,1.228187,0.378117
36,20,original_vs_version3,50,1.250637,0.380129
36,20,version1_vs_version2,50,1.285076,0.367963
36,20,version1_vs_version3,50,1.280624,0.379644
36,20,version2_vs_version3,50,1.229875,0.395753
36,21,original_vs_version1,50,1.146862,0.329173
36,21,original_vs_version2,50,1.001538,0.29711
36,21,original_vs_version3,50,1.009538,0.299885
36,21,version1_vs_version2,50,1.169502,0.333109
36,21,version1_vs_version3,50,1.17279,0.334595
36,21,version2_vs_version3,50,1.028132,0.303316
36,22,original_vs_version1,50,17.896401,1.90686
36,22,original_vs_version2,50,17.890646,1.911948
36,22,original_vs_version3,50,17.824704,1.952536
36,22,version1_vs_version2,50,17.62193,1.95594
36,22,version1_vs_version3,50,17.557292,2.016342
36,22,version2_vs_version3,50,17.544631,2.034357
36,23,original_vs_version1,50,7.428474,1.115259
36,23,original_vs_version2,50,3.523692,1.044943
36,23,original_vs_version3,50,3.451629,0.977542
36,23,version1_vs_version2,50,7.324949,1.029513
36,23,version1_vs_version3,50,7.308549,1.045528
36,23,version2_vs_version3,50,3.279011,0.799629
36,24,original_vs_version1,50,3.190821,0.695951
36,24,original_vs_version2,50,3.418138,0.827581
36,24,original_vs_version3,50,3.408081,0.7819
36,24,version1_vs_version2,50,3.056585,0.694986
36,24,version1_vs_version3,50,3.034232,0.669812
36,24,version2_vs_version3,50,3.276872,0.785002
36,25,original_vs_version1,50,9.440872,2.37664
36,25,original_vs_version2,50,9.629484,2.506173
36,25,original_vs_version3,50,9.430092,2.464618
36,25,version1_vs_version2,50,9.272839,2.400506
36,25,version1_vs_version3,50,9.130792,2.363157
36,25,version2_vs_version3,50,9.25616,2.499934
36,26,original_vs_version1,50,6.112196,3.463979
36,26,original_vs_version2,50,5.693446,3.327942
36,26,original_vs_version3,50,5.620903,3.317588
36,26,version1_vs_version2,50,5.952576,3.507048
36,26,version1_vs_version3,50,5.896765,3.490966
36,26,version2_vs_version3,50,5.45318,3.366447
36,27,original_vs_version1,50,10.664589,2.212009
36,27,original_vs_version2,50,10.816957,2.683014
36,27,original_vs_version3,50,10.685912,2.642515
36,27,version1_vs_version2,50,10.4945,2.211794
36,27,version1_vs_version3,50,10.423406,2.155331
36,27,version2_vs_version3,50,10.518788,2.641052
36,28,original_vs_version1,50,6.678851,2.362501
36,28,original_vs_version2,50,6.480466,2.401137
36,28,original_vs_version3,50,6.370762,2.435391
36,28,version1_vs_version2,50,6.533539,2.148896
36,28,version1_vs_version3,50,6.467351,2.203696
36,28,version2_vs_version3,50,6.225691,2.217009
36,29,original_vs_version1,50,5.741043,3.090328
36,29,original_vs_version2,50,5.468726,3.088489
36,29,original_vs_version3,50,5.421637,3.135941
36,29,version1_vs_version2,50,5.624152,3.117655
36,29,version1_vs_version3,50,5.613839,3.187303
36,29,version2_vs_version3,50,5.286691,3.17185
36,30,original_vs_version1,50,6.923164,1.050363
36,30,original_vs_version2,50,6.680623,1.051291
36,30,original_vs_version3,50,6.712535,1.051498
36,30,version1_vs_version2,50,6.859122,1.033796
36,30,version1_vs_version3,50,6.87706,1.051193
36,30,version2_vs_version3,50,6.647594,1.03959
36,31,original_vs_version1,50,23.406718,2.411482
36,31,original_vs_version2,50,22.177203,2.073716
36,31,original_vs_version3,50,22.045144,1.976329
36,31,version1_vs_version2,50,23.131565,2.306297
36,31,version1_vs_version3,50,23.020034,2.246631
36,31,version2_vs_version3,50,21.741185,1.881335
36,32,original_vs_version1,50,15.427579,1.611158
36,32,original_vs_version2,50,15.311118,1.628634
36,32,original_vs_version3,50,15.193609,1.545885
36,32,version1_vs_version2,50,15.220111,1.582118
36,32,version1_vs_version3,50,15.153526,1.509031
36,32,version2_vs_version3,50,14.984129,1.532206
36,33,original_vs_version1,50,6.379742,1.339791
36,33,original_vs_version2,50,6.416444,1.367574
36,33,original_vs_version3,50,6.431865,1.401137
36,33,version1_vs_version2,50,6.379889,1.345826
36,33,version1_vs_version3,50,6.418608,1.399434
36,33,version2_vs_version3,50,6.427859,1.415266
36,34,original_vs_version1,50,12.468301,0.982545
36,34,original_vs_version2,50,12.556693,1.085889
36,34,original_vs_version3,50,12.584135,1.039283
36,34,version1_vs_version2,50,12.473131,1.078738
36,34,version1_vs_version3,50,12.53648,1.041297
36,34,version2_vs_version3,50,12.583021,1.16723
36,35,original_vs_version1,50,5.239027,1.993553
36,35,original_vs_version2,50,4.810281,1.864097
36,35,original_vs_version3,50,4.612641,1.81546
36,35,version1_vs_version2,50,5.205753,1.978198
36,35,version1_vs_version3,50,5.040378,1.978021
36,35,version2_vs_version3,50,4.572427,1.826857
36,36,original_vs_version1,50,1.645692,0.301602
36,36,original_vs_version2,50,1.649214,0.304067
36,36,original_vs_version3,50,1.710479,0.365307
36,36,version1_vs_version2,50,1.68213,0.29586
36,36,version1_vs_version3,50,1.746123,0.364545
36,36,version2_vs_version3,50,1.731261,0.37036
36,37,original_vs_version1,50,2.976505,0.540622
36,37,original_vs_version2,50,3.242045,0.726376
36,37,original_vs_version3,50,3.37773,0.768177
36,37,version1_vs_version2,50,3.080187,0.587979
36,37,version1_vs_version3,50,3.095279,0.66927
36,37,version2_vs_version3,50,3.427331,0.834956
36,38,original_vs_version1,50,9.626385,0.713845
36,38,original_vs_version2,50,9.69435,0.715461
36,38,original_vs_version3,50,9.631035,0.679879
36,38,version1_vs_version2,50,9.457429,0.716771
36,38,version1_vs_version3,50,9.408296,0.713834
36,38,version2_vs_version3,50,9.45807,0.70266
36,39,original_vs_version1,50,8.641092,4.055822
36,39,original_vs_version2,50,7.542846,4.062731
36,39,original_vs_version3,50,7.462412,4.077705
36,39,version1_vs_version2,50,8.429692,4.04235
36,39,version1_vs_version3,50,8.409127,4.057822
36,39,version2_vs_version3,50,7.229581,4.10615
37,0,original_vs_version1,50,9.89877,3.022697
37,0,original_vs_version2,50,9.942387,3.085908
37,0,original_vs_version3,50,9.942335,3.039736
37,0,version1_vs_version2,50,9.954496,2.903735
37,0,version1_vs_version3,50,9.993656,2.900228
37,0,version2_vs_version3,50,9.980767,2.955245
37,1,original_vs_version1,50,11.280618,1.975332
37,1,original_vs_version2,50,11.186774,1.984416
37,1,original_vs_version3,50,11.092739,1.922929
37,1,version1_vs_version2,50,11.306908,1.910655
37,1,version1_vs_version3,50,11.274891,1.896261
37,1,version2_vs_version3,50,11.10241,1.896088
37,2,original_vs_version1,50,11.808594,2.121438
37,2,original_vs_version2,50,11.854879,2.14538
37,2,original_vs_version3,50,11.841446,2.077605
37,2,version1_vs_version2,50,11.860395,2.096971
37,2,version1_vs_version3,50,11.941113,2.043811
37,2,version2_vs_version3,50,11.878651,2.05924
37,3,original_vs_version1,50,7.649577,2.100224
37,3,original_vs_version2,50,7.321092,2.057871
37,3,original_vs_version3,50,7.281719,2.123186
37,3,version1_vs_version2,50,7.663845,2.027314
37,3,version1_vs_version3,50,7.592506,2.084906
37,3,version2_vs_version3,50,7.291244,2.058462
37,4,original_vs_version1,50,12.71269,2.172901
37,4,original_vs_version2,50,12.393592,2.220826
37,4,original_vs_version3,50,12.33481,2.298055
37,4,version1_vs_version2,50,12.661454,2.135683
37,4,version1_vs_version3,50,12.674258,2.233726
37,4,version2_vs_version3,50,12.265433,2.324545
37,5,original_vs_version1,50,11.461947,1.847903
37,5,original_vs_version2,50,10.89612,2.082572
37,5,original_vs_version3,50,10.778318,2.007899
37,5,version1_vs_version2,50,11.414174,1.818982
37,5,version1_vs_version3,50,11.343693,1.789879
37,5,version2_vs_version3,50,10.714028,1.987727
37,6,original_vs_version1,50,11.349967,1.853776
37,6,original_vs_version2,50,11.088644,1.970576
37,6,original_vs_version3,50,11.054819,1.992368
37,6,version1_vs_version2,50,11.246795,1.844112
37,6,version1_vs_version3,50,11.274662,1.894316
37,6,version2_vs_version3,50,10.944939,1.979132
37,7,original_vs_version1,50,12.49994,3.317393
37,7,original_vs_version2,50,12.634166,3.501542
37,7,original_vs_version3,50,12.485917,3.373768
37,7,version1_vs_version2,50,12.345038,3.331014
37,7,version1_vs_version3,50,12.238399,3.232763
37,7,version2_vs_version3,50,12.330537,3.380694
37,8,original_vs_version1,50,10.36917,2.942131
37,8,original_vs_version2,50,10.11928,3.089638
37,8,original_vs_version3,50,10.030523,3.037774
37,8,version1_vs_version2,50,10.233108,2.949038
37,8,version1_vs_version3,50,10.224215,2.921535
37,8,version2_vs_version3,50,9.892494,3.066725
37,9,original_vs_version1,50,16.259798,2.894629
37,9,original_vs_version2,50,16.51386,2.920407
37,9,original_vs_version3,50,16.450063,2.904534
37,9,version1_vs_version2,50,16.209465,2.824518
37,9,version1_vs_version3,50,16.193795,2.838381
37,9,version2_vs_version3,50,16.381481,2.860153
37,10,original_vs_version1,50,23.617843,1.692074
37,10,original_vs_version2,50,23.543459,1.731895
37,10,original_vs_version3,50,23.564898,1.635954
37,10,version1_vs_version2,50,23.448594,1.688021
37,10,version1_vs_version3,50,23.50762,1.6492
37,10,version2_vs_version3,50,23.355778,1.627109
37,11,original_vs_version1,50,24.526442,2.578789
37,11,original_vs_version2,50,25.415253,2.436284
37,11,original_vs_version3,50,25.392746,2.386592
37,11,version1_vs_version2,50,24.495585,2.588375
37,11,version1_vs_version3,50,24.574239,2.593869
37,11,version2_vs_version3,50,25.324467,2.454021
37,12,original_vs_version1,50,21.793645,1.460555
37,12,original_vs_version2,50,21.811331,1.542544
37,12,original_vs_version3,50,21.780572,1.421914
37,12,version1_vs_version2,50,21.627235,1.448871
37,12,version1_vs_version3,50,21.635686,1.410731
37,12,version2_vs_version3,50,21.56396,1.440587
37,13,original_vs_version1,50,8.847783,2.652723
37,13,original_vs_version2,50,6.738003,3.281355
37,13,original_vs_version3,50,6.666231,3.26857
37,13,version1_vs_version2,50,8.924749,2.666032
37,13,version1_vs_version3,50,8.910665,2.700781
37,13,version2_vs_version3,50,6.735429,3.324399
37,14,original_vs_version1,50,20.503678,1.557097
37,14,original_vs_version2,50,20.134998,1.510389
37,14,original_vs_version3,50,20.020379,1.4512
37,14,version1_vs_version2,50,20.366526,1.527606
37,14,version1_vs_version3,50,20.283882,1.533224
37,14,version2_vs_version3,50,19.844258,1.44129
37,15,original_vs_version1,50,7.945468,2.43594
37,15,original_vs_version2,50,7.767741,2.253465
37,15,original_vs_version3,50,7.667459,2.197653
37,15,version1_vs_version2,50,7.738001,2.422272
37,15,version1_vs_version3,50,7.681206,2.332795
37,15,version2_vs_version3,50,7.42096,2.151067
37,16,original_vs_version1,50,11.590051,1.860993
37,16,original_vs_version2,50,11.426225,1.917869
37,16,original_vs_version3,50,11.370034,1.99501
37,16,version1_vs_version2,50,11.242848,1.84307
37,16,version1_vs_version3,50,11.25512,1.902802
37,16,version2_vs_version3,50,11.020471,1.942017
37,17,original_vs_version1,50,7.79662,1.837141
37,17,original_vs_version2,50,7.406556,1.653733
37,17,original_vs_version3,50,7.360724,1.763683
37,17,version1_vs_version2,50,7.690766,1.711169
37,17,version1_vs_version3,50,7.691075,1.785411
37,17,version2_vs_version3,50,7.245814,1.638973
37,18,original_vs_version1,50,9.021241,1.465715
37,18,original_vs_version2,50,8.789323,1.434981
37,18,original_vs_version3,50,8.69792,1.380617
37,18,version1_vs_version2,50,8.940812,1.514741
37,18,version1_vs_version3,50,8.886294,1.473199
37,18,version2_vs_version3,50,8.578608,1.430701
37,19,original_vs_version1,50,6.498894,1.868977
37,19,original_vs_version2,50,6.15454,2.050982
37,19,original_vs_version3,50,6.061515,1.925809
37,19,version1_vs_version2,50,6.560635,1.980311
37,19,version1_vs_version3,50,6.480009,1.800375
37,19,version2_vs_version3,50,6.098043,2.040327
37,20,original_vs_version1,50,2.626178,0.486069
37,20,original_vs_version2,50,2.721744,0.596402
37,20,original_vs_version3,50,2.78228,0.609145
37,20,version1_vs_version2,50,2.707093,0.529972
37,20,version1_vs_version3,50,2.75112,0.541412
37,20,version2_vs_version3,50,2.820545,0.644555
37,21,original_vs_version1,50,13.577096,1.702063
37,21,original_vs_version2,50,12.800685,1.50935
37,21,original_vs_version3,50,12.839578,1.526858
37,21,version1_vs_version2,50,13.31644,1.60882
37,21,version1_vs_version3,50,13.312165,1.609907
37,21,version2_vs_version3,50,12.50918,1.425145
37,22,original_vs_version1,50,10.179867,2.472644
37,22,original_vs_version2,50,10.7923,2.421471
37,22,original_vs_version3,50,10.725115,2.408305
37,22,version1_vs_version2,50,10.134812,2.493495
37,22,version1_vs_version3,50,10.125109,2.503242
37,22,version2_vs_version3,50,10.657325,2.43665
37,23,original_vs_version1,50,22.231236,2.226784
37,23,original_vs_version2,50,19.992244,1.786933
37,23,original_vs_version3,50,20.025846,1.772777
37,23,version1_vs_version2,50,21.971691,2.092286
37,23,version1_vs_version3,50,21.927664,2.058785
37,23,version2_vs_version3,50,19.601738,1.537151
37,24,original_vs_version1,50,19.717653,2.496492
37,24,original_vs_version2,50,18.422741,2.378239
37,24,original_vs_version3,50,18.55428,2.312527
37,24,version1_vs_version2,50,19.457617,2.468125
37,24,version1_vs_version3,50,19.48327,2.44494
37,24,version2_vs_version3,50,18.202527,2.272403
37,25,original_vs_version1,50,6.157955,1.251573
37,25,original_vs_version2,50,6.145411,1.366646
37,25,original_vs_version3,50,6.159969,1.423322
37,25,version1_vs_version2,50,6.123365,1.266196
37,25,version1_vs_version3,50,6.126231,1.338235
37,25,version2_vs_version3,50,6.091653,1.458968
37,26,original_vs_version1,50,11.906951,1.309355
37,26,original_vs_version2,50,11.222721,1.474752
37,26,original_vs_version3,50,11.385049,1.502284
37,26,version1_vs_version2,50,11.868137,1.319457
37,26,version1_vs_version3,50,11.890877,1.357538
37,26,version2_vs_version3,50,11.284181,1.521181
37,27,original_vs_version1,50,14.258181,3.059452
37,27,original_vs_version2,50,13.837856,3.175357
37,27,original_vs_version3,50,13.720213,3.14537
37,27,version1_vs_version2,50,14.12023,3.126703
37,27,version1_vs_version3,50,14.07912,3.106033
37,27,version2_vs_version3,50,13.549956,3.215194
37,28,original_vs_version1,50,8.583987,1.777645
37,28,original_vs_version2,50,7.769003,1.559362
37,28,original_vs_version3,50,7.701521,1.483906
37,28,version1_vs_version2,50,8.62261,1.806633
37,28,version1_vs_version3,50,8.584933,1.83579
37,28,version2_vs_version3,50,7.70991,1.5859
37,29,original_vs_version1,50,9.44066,1.384266
37,29,original_vs_version2,50,9.303653,1.357599
37,29,original_vs_version3,50,9.338774,1.243661
37,29,version1_vs_version2,50,9.492487,1.364504
37,29,version1_vs_version3,50,9.553314,1.255325
37,29,version2_vs_version3,50,9.369732,1.242138
37,30,original_vs_version1,50,6.602737,2.185701
37,30,original_vs_version2,50,6.314552,2.190065
37,30,original_vs_version3,50,6.275192,2.214841
37,30,version1_vs_version2,50,6.384428,2.063296
37,30,version1_vs_version3,50,6.343496,2.089395
37,30,version2_vs_version3,50,6.025123,2.110549
37,31,original_vs_version1,50,16.328139,4.816459
37,31,original_vs_version2,50,16.313085,4.917812
37,31,original_vs_version3,50,16.213434,4.94912
37,31,version1_vs_version2,50,16.271809,4.891299
37,31,version1_vs_version3,50,16.254706,4.961461
37,31,version2_vs_version3,50,16.155325,5.019883
37,32,original_vs_version1,50,2.93948,0.778358
37,32,original_vs_version2,50,2.564469,0.685401
37,32,original_vs_version3,50,2.562105,0.685969
37,32,version1_vs_version2,50,2.885282,0.781954
37,32,version1_vs_version3,50,2.896532,0.785651
37,32,version2_vs_version3,50,2.49876,0.657372
37,33,original_vs_version1,50,5.464978,1.152618
37,33,original_vs_version2,50,6.063795,1.18962
37,33,original_vs_version3,50,6.071574,1.169359
37,33,version1_vs_version2,50,5.36857,1.164982
37,33,version1_vs_version3,50,5.387678,1.173857
37,33,version2_vs_version3,50,5.973075,1.218444
37,34,original_vs_version1,50,4.862716,3.527489
37,34,original_vs_version2,50,5.13168,3.797336
37,34,original_vs_version3,50,5.104016,3.748277
37,34,version1_vs_version2,50,4.808038,3.545109
37,34,version1_vs_version3,50,4.825445,3.546139
37,34,version2_vs_version3,50,5.042626,3.76748
37,35,original_vs_version1,50,22.648501,3.622931
37,35,original_vs_version2,50,22.555555,3.811348
37,35,original_vs_version3,50,22.297795,3.764655
37,35,version1_vs_version2,50,22.50199,3.617574
37,35,version1_vs_version3,50,22.352441,3.582746
37,35,version2_vs_version3,50,22.134814,3.77995
37,36,original_vs_version1,50,16.793875,2.388881
37,36,original_vs_version2,50,16.781704,2.460122
37,36,original_vs_version3,50,16.715137,2.441424
37,36,version1_vs_version2,50,16.776351,2.382966
37,36,version1_vs_version3,50,16.795661,2.406671
37,36,version2_vs_version3,50,16.691752,2.44181
37,37,original_vs_version1,50,12.991179,1.819093
37,37,original_vs_version2,50,13.092708,1.890499
37,37,original_vs_version3,50,13.08124,1.811543
37,37,version1_vs_version2,50,12.950063,1.815299
37,37,version1_vs_version3,50,12.98183,1.775526
37,37,version2_vs_version3,50,13.033554,1.82727
37,38,original_vs_version1,50,10.611297,2.533216
37,38,original_vs_version2,50,11.146716,2.597129
37,38,original_vs_version3,50,11.128381,2.550532
37,38,version1_vs_version2,50,10.516732,2.573899
37,38,version1_vs_version3,50,10.491655,2.560638
37,38,version2_vs_version3,50,11.036833,2.586873
37,39,original_vs_version1,50,9.90967,3.240694
37,39,original_vs_version2,50,10.408116,3.174695
37,39,original_vs_version3,50,10.416295,3.085791
37,39,version1_vs_version2,50,9.801979,3.09546
37,39,version1_vs_version3,50,9.842261,3.022687
37,39,version2_vs_version3,50,10.308527,2.937766
38,0,original_vs_version1,50,39.980437,2.509886
38,0,original_vs_version2,50,39.196603,2.706316
38,0,original_vs_version3,50,39.16249,2.729547
38,0,version1_vs_version2,50,39.586374,2.56657
38,0,version1_vs_version3,50,39.55907,2.6331
38,0,version2_vs_version3,50,38.728035,2.770014
38,1,original_vs_version1,50,20.051055,4.738892
38,1,original_vs_version2,50,20.979778,4.796098
38,1,original_vs_version3,50,20.843386,4.876424
38,1,version1_vs_version2,50,19.890187,4.803755
38,1,version1_vs_version3,50,19.879772,4.915359
38,1,version2_vs_version3,50,20.68433,4.949793
38,2,original_vs_version1,50,17.509973,5.137672
38,2,original_vs_version2,50,18.477463,5.202859
38,2,original_vs_version3,50,18.399777,5.195961
38,2,version1_vs_version2,50,17.312679,5.224773
38,2,version1_vs_version3,50,17.326056,5.276717
38,2,version2_vs_version3,50,18.200144,5.305955
38,3,original_vs_version1,50,18.050234,3.7095
38,3,original_vs_version2,50,18.209888,3.566601
38,3,original_vs_version3,50,18.050446,3.476391
38,3,version1_vs_version2,50,17.8443,3.561492
38,3,version1_vs_version3,50,17.776691,3.490796
38,3,version2_vs_version3,50,17.84265,3.322556
38,4,original_vs_version1,50,18.476334,5.443765
38,4,original_vs_version2,50,19.113223,5.533215
38,4,original_vs_version3,50,18.924472,5.469843
38,4,version1_vs_version2,50,18.283223,5.410407
38,4,version1_vs_version3,50,18.238711,5.416071
38,4,version2_vs_version3,50,18.72979,5.471833
38,5,original_vs_version1,50,15.413037,3.380976
38,5,original_vs_version2,50,15.331032,3.564981
38,5,original_vs_version3,50,15.226366,3.493247
38,5,version1_vs_version2,50,15.419903,3.397785
38,5,version1_vs_version3,50,15.386162,3.313439
38,5,version2_vs_version3,50,15.220154,3.52207
38,6,original_vs_version1,50,11.166966,5.117793
38,6,original_vs_version2,50,11.220816,5.221746
38,6,original_vs_version3,50,11.162844,5.234833
38,6,version1_vs_version2,50,10.9986,5.077647
38,6,version1_vs_version3,50,11.040571,5.128488
38,6,version2_vs_version3,50,10.988991,5.193583
38,7,original_vs_version1,50,10.332866,3.093665
38,7,original_vs_version2,50,10.01313,3.14385
38,7,original_vs_version3,50,9.973435,3.15027
38,7,version1_vs_version2,50,10.322335,3.051081
38,7,version1_vs_version3,50,10.29125,3.05414
38,7,version2_vs_version3,50,9.959583,3.100703
38,8,original_vs_version1,50,12.361419,2.372389
38,8,original_vs_version2,50,12.268269,2.343362
38,8,original_vs_version3,50,12.159345,2.311937
38,8,version1_vs_version2,50,12.295502,2.395589
38,8,version1_vs_version3,50,12.254913,2.371864
38,8,version2_vs_version3,50,12.072698,2.358369
38,9,original_vs_version1,50,7.506384,3.107038
38,9,original_vs_version2,50,7.392774,3.016753
38,9,original_vs_version3,50,7.376905,3.075379
38,9,version1_vs_version2,50,7.463609,3.100259
38,9,version1_vs_version3,50,7.502001,3.185872
38,9,version2_vs_version3,50,7.322434,3.059468
38,10,original_vs_version1,50,2.432417,1.038576
38,10,original_vs_version2,50,2.300558,1.139233
38,10,original_vs_version3,50,2.291757,1.086433
38,10,version1_vs_version2,50,2.400076,1.022514
38,10,version1_vs_version3,50,2.361471,0.981297
38,10,version2_vs_version3,50,2.261039,1.065831
38,11,original_vs_version1,50,5.779937,2.161794
38,11,original_vs_version2,50,5.189258,1.950268
38,11,original_vs_version3,50,5.203982,2.000872
38,11,version1_vs_version2,50,5.700928,2.162112
38,11,version1_vs_version3,50,5.723137,2.19518
38,11,version2_vs_version3,50,5.114307,1.988261
38,12,original_vs_version1,50,3.647888,1.609875
38,12,original_vs_version2,50,3.392157,1.496717
38,12,original_vs_version3,50,3.432341,1.526633
38,12,version1_vs_version2,50,3.600695,1.595073
38,12,version1_vs_version3,50,3.648408,1.634154
38,12,version2_vs_version3,50,3.379489,1.513297
38,13,original_vs_version1,50,6.347948,1.755244
38,13,original_vs_version2,50,5.518072,1.533517
38,13,original_vs_version3,50,5.452746,1.471071
38,13,version1_vs_version2,50,6.388613,1.807254
38,13,version1_vs_version3,50,6.315455,1.775486
38,13,version2_vs_version3,50,5.48952,1.631094
38,14,original_vs_version1,50,4.530131,1.15809
38,14,original_vs_version2,50,4.563114,1.160972
38,14,original_vs_version3,50,4.579922,1.234069
38,14,version1_vs_version2,50,4.369596,1.114946
38,14,version1_vs_version3,50,4.364023,1.187654
38,14,version2_vs_version3,50,4.410221,1.205887
38,15,original_vs_version1,50,6.342825,3.411375
38,15,original_vs_version2,50,6.638932,3.460499
38,15,original_vs_version3,50,6.568039,3.443234
38,15,version1_vs_version2,50,6.375485,3.368846
38,15,version1_vs_version3,50,6.356112,3.375207
38,15,version2_vs_version3,50,6.598786,3.403228
38,16,original_vs_version1,50,35.009137,2.895001
38,16,original_vs_version2,50,33.946882,2.858151
38,16,original_vs_version3,50,33.79256,2.826529
38,16,version1_vs_version2,50,34.741329,2.885936
38,16,version1_vs_version3,50,34.657996,2.862365
38,16,version2_vs_version3,50,33.480194,2.818449
38,17,original_vs_version1,50,14.568865,4.729399
38,17,original_vs_version2,50,14.543209,4.752331
38,17,original_vs_version3,50,14.415484,4.825801
38,17,version1_vs_version2,50,14.299351,4.611414
38,17,version1_vs_version3,50,14.271583,4.690951
38,17,version2_vs_version3,50,14.140685,4.719068
38,18,original_vs_version1,50,23.356442,4.60462
38,18,original_vs_version2,50,23.011254,4.788377
38,18,original_vs_version3,50,23.081189,4.971725
38,18,version1_vs_version2,50,23.389477,4.65246
38,18,version1_vs_version3,50,23.508632,4.858095
38,18,version2_vs_version3,50,23.085585,5.037907
38,19,original_vs_version1,50,26.569655,4.041071
38,19,original_vs_version2,50,24.962946,4.457668
38,19,original_vs_version3,50,24.75545,4.482911
38,19,version1_vs_version2,50,26.402364,4.135069
38,19,version1_vs_version3,50,26.326651,4.172013
38,19,version2_vs_version3,50,24.541648,4.579378
38,20,original_vs_version1,50,43.635702,5.922575
38,20,original_vs_version2,50,43.323317,5.983267
38,20,original_vs_version3,50,43.139863,6.128109
38,20,version1_vs_version2,50,43.45558,5.976034
38,20,version1_vs_version3,50,43.398286,6.153745
38,20,version2_vs_version3,50,42.93889,6.191192
38,21,original_vs_version1,50,25.884562,4.538704
38,21,original_vs_version2,50,26.608682,4.908513
38,21,original_vs_version3,50,26.470649,4.977072
38,21,version1_vs_version2,50,25.412107,4.478254
38,21,version1_vs_version3,50,25.315629,4.604789
38,21,version2_vs_version3,50,25.999598,4.956019
38,22,original_vs_version1,50,42.515838,6.335768
38,22,original_vs_version2,50,41.391021,6.584285
38,22,original_vs_version3,50,41.193124,6.712322
38,22,version1_vs_version2,50,42.198841,6.232985
38,22,version1_vs_version3,50,42.146555,6.354883
38,22,version2_vs_version3,50,40.841641,6.590901
38,23,original_vs_version1,50,30.357029,4.471109
38,23,original_vs_version2,50,28.340922,4.369725
38,23,original_vs_version3,50,28.162892,4.391709
38,23,version1_vs_version2,50,30.063328,4.494197
38,23,version1_vs_version3,50,29.943581,4.498535
38,23,version2_vs_version3,50,27.837847,4.38505
38,24,original_vs_version1,50,32.386302,4.173898
38,24,original_vs_version2,50,32.659497,4.111649
38,24,original_vs_version3,50,32.522802,4.15195
38,24,version1_vs_version2,50,31.953873,4.089104
38,24,version1_vs_version3,50,31.87841,4.10803
38,24,version2_vs_version3,50,32.09539,4.056372
38,25,original_vs_version1,50,15.205283,0.920978
38,25,original_vs_version2,50,14.165064,1.024398
38,25,original_vs_version3,50,14.251461,0.988097
38,25,version1_vs_version2,50,15.126658,0.883542
38,25,version1_vs_version3,50,15.134646,0.875935
38,25,version2_vs_version3,50,14.035581,0.935093
38,26,original_vs_version1,50,8.551979,1.208896
38,26,original_vs_version2,50,8.285819,0.991099
38,26,original_vs_version3,50,8.48819,0.948788
38,26,version1_vs_version2,50,8.486335,1.1458
38,26,version1_vs_version3,50,8.523634,1.103885
38,26,version2_vs_version3,50,8.320848,0.887457
38,27,original_vs_version1,50,11.400783,1.791125
38,27,original_vs_version2,50,10.421211,1.943139
38,27,original_vs_version3,50,10.391074,1.956972
38,27,version1_vs_version2,50,11.320078,1.761637
38,27,version1_vs_version3,50,11.24733,1.812361
38,27,version2_vs_version3,50,10.275007,1.934328
38,28,original_vs_version1,50,22.994703,1.32961
38,28,original_vs_version2,50,22.011697,1.357981
38,28,original_vs_version3,50,22.058089,1.358327
38,28,version1_vs_version2,50,22.750839,1.408745
38,28,version1_vs_version3,50,22.807777,1.386406
38,28,version2_vs_version3,50,21.753319,1.420652
38,29,original_vs_version1,50,7.061226,1.107467
38,29,original_vs_version2,50,5.042622,0.984568
38,29,original_vs_version3,50,5.079185,0.966458
38,29,version1_vs_version2,50,7.016932,1.114709
38,29,version1_vs_version3,50,7.030221,1.125558
38,29,version2_vs_version3,50,4.996759,1.016112
38,30,original_vs_version1,50,19.918822,2.735368
38,30,original_vs_version2,50,19.776219,2.977119
38,30,original_vs_version3,50,19.667707,2.938466
38,30,version1_vs_version2,50,19.614181,2.818834
38,30,version1_vs_version3,50,19.607378,2.846958
38,30,version2_vs_version3,50,19.31496,2.987513
38,31,original_vs_version1,50,19.08132,1.893867
38,31,original_vs_version2,50,18.994797,1.988917
38,31,original_vs_version3,50,19.006462,2.013231
38,31,version1_vs_version2,50,19.064646,1.977378
38,31,version1_vs_version3,50,19.080223,2.05201
38,31,version2_vs_version3,50,18.844007,2.11727
38,32,original_vs_version1,50,9.702892,1.593975
38,32,original_vs_version2,50,9.724484,1.719551
38,32,original_vs_version3,50,9.759582,1.651405
38,32,version1_vs_version2,50,9.625128,1.643601
38,32,version1_vs_version3,50,9.644773,1.618206
38,32,version2_vs_version3,50,9.671035,1.69759
38,33,original_vs_version1,50,18.203959,1.558957
38,33,original_vs_version2,50,18.413829,1.637373
38,33,original_vs_version3,50,18.596388,1.582566
38,33,version1_vs_version2,50,18.145048,1.447932
38,33,version1_vs_version3,50,18.323844,1.378825
38,33,version2_vs_version3,50,18.48045,1.513112
38,34,original_vs_version1,50,16.927186,0.88347
38,34,original_vs_version2,50,15.445759,1.452839
38,34,original_vs_version3,50,15.606286,1.391322
38,34,version1_vs_version2,50,16.895848,0.882868
38,34,version1_vs_version3,50,16.923894,0.841674
38,34,version2_vs_version3,50,15.473311,1.379704
38,35,original_vs_version1,50,21.868697,5.243473
38,35,original_vs_version2,50,21.357449,5.342782
38,35,original_vs_version3,50,21.18297,5.404751
38,35,version1_vs_version2,50,21.705193,5.345207
38,35,version1_vs_version3,50,21.65478,5.442654
38,35,version2_vs_version3,50,21.012197,5.51213
38,36,original_vs_version1,50,17.857728,5.891324
38,36,original_vs_version2,50,17.17667,5.940666
38,36,original_vs_version3,50,17.038065,5.854459
38,36,version1_vs_version2,50,17.744995,5.991779
38,36,version1_vs_version3,50,17.70268,5.935375
38,36,version2_vs_version3,50,16.877799,5.942359
38,37,original_vs_version1,50,19.586431,6.114511
38,37,original_vs_version2,50,19.057023,6.073084
38,37,original_vs_version3,50,18.759605,6.120126
38,37,version1_vs_version2,50,19.243542,6.083541
38,37,version1_vs_version3,50,19.080389,6.153271
38,37,version2_vs_version3,50,18.395093,6.148321
38,38,original_vs_version1,50,15.527915,5.597319
38,38,original_vs_version2,50,15.654413,5.726318
38,38,original_vs_version3,50,15.577096,5.694838
38,38,version1_vs_version2,50,15.42794,5.598485
38,38,version1_vs_version3,50,15.41463,5.574731
38,38,version2_vs_version3,50,15.462592,5.693921
38,39,original_vs_version1,50,18.285478,4.185087
38,39,original_vs_version2,50,18.3846,4.335856
38,39,original_vs_version3,50,18.428154,4.427557
38,39,version1_vs_version2,50,18.236751,4.090442
38,39,version1_vs_version3,50,18.376031,4.229855
38,39,version2_vs_version3,50,18.35848,4.351281
39,0,original_vs_version1,50,4.191737,0.92945
39,0,original_vs_version2,50,4.051248,0.875438
39,0,original_vs_version3,50,4.050227,0.847454
39,0,version1_vs_version2,50,4.141331,0.955231
39,0,version1_vs_version3,50,4.136389,0.94015
39,0,version2_vs_version3,50,3.991281,0.873531
39,1,original_vs_version1,50,27.014731,1.207997
39,1,original_vs_version2,50,26.367593,1.045258
39,1,original_vs_version3,50,26.386335,1.056484
39,1,version1_vs_version2,50,26.840452,1.271264
39,1,version1_vs_version3,50,26.868889,1.272861
39,1,version2_vs_version3,50,26.173035,1.12534
39,2,original_vs_version1,50,7.64847,1.207519
39,2,original_vs_version2,50,7.606677,1.15976
39,2,original_vs_version3,50,7.755785,1.204949
39,2,version1_vs_version2,50,7.748138,1.273565
39,2,version1_vs_version3,50,7.773316,1.287056
39,2,version2_vs_version3,50,7.831353,1.287733
39,3,original_vs_version1,50,6.387103,1.638657
39,3,original_vs_version2,50,6.703932,1.64654
39,3,original_vs_version3,50,6.985504,1.797954
39,3,version1_vs_version2,50,6.414198,1.589018
39,3,version1_vs_version3,50,6.558,1.704839
39,3,version2_vs_version3,50,6.97662,1.764249
39,4,original_vs_version1,50,5.678518,0.6879
39,4,original_vs_version2,50,5.257111,0.683523
39,4,original_vs_version3,50,5.273174,0.726645
39,4,version1_vs_version2,50,5.653067,0.659537
39,4,version1_vs_version3,50,5.633541,0.695746
39,4,version2_vs_version3,50,5.215682,0.691665
39,5,original_vs_version1,50,26.526587,1.294539
39,5,original_vs_version2,50,25.638354,1.422975
39,5,original_vs_version3,50,25.61979,1.40002
39,5,version1_vs_version2,50,26.322978,1.301669
39,5,version1_vs_version3,50,26.359705,1.295967
39,5,version2_vs_version3,50,25.383409,1.384081
39,6,original_vs_version1,50,26.500121,2.356567
39,6,original_vs_version2,50,26.678937,2.405673
39,6,original_vs_version3,50,26.544963,2.397757
39,6,version1_vs_version2,50,26.281906,2.376012
39,6,version1_vs_version3,50,26.17746,2.437104
39,6,version2_vs_version3,50,26.31971,2.420552
39,7,original_vs_version1,50,5.888648,1.009415
39,7,original_vs_version2,50,4.346865,0.550023
39,7,original_vs_version3,50,4.340985,0.565418
39,7,version1_vs_version2,50,5.905309,1.053776
39,7,version1_vs_version3,50,5.910228,1.05159
39,7,version2_vs_version3,50,4.350063,0.741242
39,8,original_vs_version1,50,16.466096,1.767157
39,8,original_vs_version2,50,16.758896,1.718027
39,8,original_vs_version3,50,16.860988,1.750111
39,8,version1_vs_version2,50,16.486508,1.856958
39,8,version1_vs_version3,50,16.547722,1.867904
39,8,version2_vs_version3,50,16.867925,1.826821
39,9,original_vs_version1,50,11.794697,1.447417
39,9,original_vs_version2,50,12.354044,1.50839
39,9,original_vs_version3,50,12.332011,1.481985
39,9,version1_vs_version2,50,11.827883,1.513726
39,9,version1_vs_version3,50,11.837831,1.517437
39,9,version2_vs_version3,50,12.361489,1.530372
39,10,original_vs_version1,50,35.94688,6.88334
39,10,original_vs_version2,50,34.703721,7.324696
39,10,original_vs_version3,50,34.471308,7.440446
39,10,version1_vs_version2,50,35.694998,6.996027
39,10,version1_vs_version3,50,35.566987,7.16123
39,10,version2_vs_version3,50,34.175124,7.564139
39,11,original_vs_version1,50,47.259804,5.392026
39,11,original_vs_version2,50,47.054237,5.849222
39,11,original_vs_version3,50,46.75401,5.95271
39,11,version1_vs_version2,50,47.111579,5.446912
39,11,version1_vs_version3,50,47.038846,5.605165
39,11,version2_vs_version3,50,46.591571,5.998723
39,12,original_vs_version1,50,33.496788,3.484858
39,12,original_vs_version2,50,34.151068,3.617529
39,12,original_vs_version3,50,33.934237,3.631241
39,12,version1_vs_version2,50,33.115613,3.444365
39,12,version1_vs_version3,50,33.055623,3.452177
39,12,version2_vs_version3,50,33.542196,3.631372
39,13,original_vs_version1,50,36.232459,6.776429
39,13,original_vs_version2,50,35.222075,6.88448
39,13,original_vs_version3,50,34.958225,7.041446
39,13,version1_vs_version2,50,36.009162,6.856788
39,13,version1_vs_version3,50,35.897582,7.005284
39,13,version2_vs_version3,50,34.703671,7.140005
39,14,original_vs_version1,50,31.875284,6.494703
39,14,original_vs_version2,50,30.934889,7.047946
39,14,original_vs_version3,50,30.643102,7.102943
39,14,version1_vs_version2,50,31.621735,6.55725
39,14,version1_vs_version3,50,31.508409,6.639798
39,14,version2_vs_version3,50,30.360004,7.173972
39,15,original_vs_version1,50,10.688681,1.64126
39,15,original_vs_version2,50,10.288627,1.513619
39,15,original_vs_version3,50,10.301029,1.522337
39,15,version1_vs_version2,50,10.635618,1.576115
39,15,version1_vs_version3,50,10.622304,1.603564
39,15,version2_vs_version3,50,10.218776,1.466863
39,16,original_vs_version1,50,6.788253,1.951187
39,16,original_vs_version2,50,6.602472,1.944817
39,16,original_vs_version3,50,6.604594,1.915772
39,16,version1_vs_version2,50,6.638652,1.947866
39,16,version1_vs_version3,50,6.641001,1.948777
39,16,version2_vs_version3,50,6.433077,1.909996
39,17,original_vs_version1,50,8.586249,1.811483
39,17,original_vs_version2,50,8.614592,1.836708
39,17,original_vs_version3,50,8.594752,1.886886
39,17,version1_vs_version2,50,8.630222,1.790266
39,17,version1_vs_version3,50,8.650612,1.842463
39,17,version2_vs_version3,50,8.629042,1.878769
39,18,original_vs_version1,50,12.992242,3.891204
39,18,original_vs_version2,50,12.538795,3.983079
39,18,original_vs_version3,50,12.415056,4.02724
39,18,version1_vs_version2,50,13.095274,3.945385
39,18,version1_vs_version3,50,13.061946,4.017752
39,18,version2_vs_version3,50,12.501031,4.08132
39,19,original_vs_version1,50,20.421476,2.889481
39,19,original_vs_version2,50,19.241592,3.232618
39,19,original_vs_version3,50,19.101335,3.225155
39,19,version1_vs_version2,50,20.308885,2.922445
39,19,version1_vs_version3,50,20.297819,2.941887
39,19,version2_vs_version3,50,18.960491,3.271867
39,20,original_vs_version1,50,17.780448,2.070506
39,20,original_vs_version2,50,17.741846,2.092887
39,20,original_vs_version3,50,17.805898,2.228922
39,20,version1_vs_version2,50,17.866744,2.129984
39,20,version1_vs_version3,50,17.936439,2.286903
39,20,version2_vs_version3,50,17.869211,2.287702
39,21,original_vs_version1,50,21.948236,1.182078
39,21,original_vs_version2,50,20.54839,0.954965
39,21,original_vs_version3,50,20.5859,0.972003
39,21,version1_vs_version2,50,21.848034,1.16296
39,21,version1_vs_version3,50,21.877903,1.186769
39,21,version2_vs_version3,50,20.433733,0.936345
39,22,original_vs_version1,50,23.077489,1.497844
39,22,original_vs_version2,50,22.149208,1.442316
39,22,original_vs_version3,50,22.150603,1.455495
39,22,version1_vs_version2,50,22.935296,1.568732
39,22,version1_vs_version3,50,22.941443,1.590011
39,22,version2_vs_version3,50,21.970994,1.526698
39,23,original_vs_version1,50,8.006277,1.1846
39,23,original_vs_version2,50,7.968273,1.195076
39,23,original_vs_version3,50,7.980848,1.233699
39,23,version1_vs_version2,50,8.038018,1.148239
39,23,version1_vs_version3,50,8.046454,1.223421
39,23,version2_vs_version3,50,8.000572,1.216284
39,24,original_vs_version1,50,23.218497,1.669687
39,24,original_vs_version2,50,23.03281,1.627838
39,24,original_vs_version3,50,23.031022,1.576636
39,24,version1_vs_version2,50,23.043684,1.758514
39,24,version1_vs_version3,50,23.086537,1.747816
39,24,version2_vs_version3,50,22.845305,1.683035
39,25,original_vs_version1,50,33.059679,4.955155
39,25,original_vs_version2,50,31.01396,5.677485
39,25,original_vs_version3,50,30.759669,5.704057
39,25,version1_vs_version2,50,33.003165,4.983421
39,25,version1_vs_version3,50,32.8889,5.016125
39,25,version2_vs_version3,50,30.679117,5.745031
39,26,original_vs_version1,50,6.374033,1.313319
39,26,original_vs_version2,50,6.242965,1.434742
39,26,original_vs_version3,50,6.251446,1.459374
39,26,version1_vs_version2,50,6.374248,1.369095
39,26,version1_vs_version3,50,6.380866,1.401691
39,26,version2_vs_version3,50,6.240249,1.514227
39,27,original_vs_version1,50,36.227612,4.578898
39,27,original_vs_version2,50,36.386871,4.538346
39,27,original_vs_version3,50,36.434044,4.686099
39,27,version1_vs_version2,50,36.136856,4.478138
39,27,version1_vs_version3,50,36.106261,4.676854
39,27,version2_vs_version3,50,36.31261,4.606418
39,28,original_vs_version1,50,8.217264,2.669684
39,28,original_vs_version2,50,8.345522,2.845937
39,28,original_vs_version3,50,8.343889,2.884254
39,28,version1_vs_version2,50,8.108299,2.692516
39,28,version1_vs_version3,50,8.148994,2.769802
39,28,version2_vs_version3,50,8.229295,2.903299
39,29,original_vs_version1,50,34.81525,3.974505
39,29,original_vs_version2,50,34.240806,4.336474
39,29,original_vs_version3,50,34.17445,4.410364
39,29,version1_vs_version2,50,34.58708,3.877446
39,29,version1_vs_version3,50,34.597936,3.95878
39,29,version2_vs_version3,50,33.919844,4.314199
39,30,original_vs_version1,50,2.720366,0.538918
39,30,original_vs_version2,50,2.487842,0.357993
39,30,original_vs_version3,50,2.535436,0.376674
39,30,version1_vs_version2,50,2.663035,0.530895
39,30,version1_vs_version3,50,2.69689,0.535744
39,30,version2_vs_version3,50,2.471333,0.354581
39,31,original_vs_version1,50,24.661002,1.277088
39,31,original_vs_version2,50,24.211736,1.359632
39,31,original_vs_version3,50,24.206267,1.37215
39,31,version1_vs_version2,50,24.508555,1.236855
39,31,version1_vs_version3,50,24.563399,1.268163
39,31,version2_vs_version3,50,24.022642,1.325367
39,32,original_vs_version1,50,3.246676,0.697721
39,32,original_vs_version2,50,3.181667,0.690111
39,32,original_vs_version3,50,3.249909,0.70129
39,32,version1_vs_version2,50,3.267179,0.695455
39,32,version1_vs_version3,50,3.264013,0.711177
39,32,version2_vs_version3,50,3.260567,0.695599
39,33,original_vs_version1,50,2.333276,0.336928
39,33,original_vs_version2,50,2.165187,0.268984
39,33,original_vs_version3,50,2.1963,0.300189
39,33,version1_vs_version2,50,2.316012,0.322926
39,33,version1_vs_version3,50,2.333161,0.352289
39,33,version2_vs_version3,50,2.164227,0.284994
39,34,original_vs_version1,50,8.886772,1.045138
39,34,original_vs_version2,50,8.722109,1.201027
39,34,original_vs_version3,50,8.717439,1.200941
39,34,version1_vs_version2,50,8.858904,1.078381
39,34,version1_vs_version3,50,8.8567,1.099738
39,34,version2_vs_version3,50,8.675103,1.234589
39,35,original_vs_version1,50,21.958209,0.867807
39,35,original_vs_version2,50,19.746042,1.237649
39,35,original_vs_version3,50,19.856827,1.190199
39,35,version1_vs_version2,50,21.810805,0.90557
39,35,version1_vs_version3,50,21.761076,0.89936
39,35,version2_vs_version3,50,19.696334,1.192883
39,36,original_vs_version1,50,24.011785,1.041352
39,36,original_vs_version2,50,22.03109,1.356604
39,36,original_vs_version3,50,22.155981,1.373201
39,36,version1_vs_version2,50,23.74385,1.018676
39,36,version1_vs_version3,50,23.758273,1.064252
39,36,version2_vs_version3,50,21.874086,1.321806
39,37,original_vs_version1,50,20.75029,1.764054
39,37,original_vs_version2,50,18.305095,2.287487
39,37,original_vs_version3,50,18.548996,2.293837
39,37,version1_vs_version2,50,20.588053,1.678884
39,37,version1_vs_version3,50,20.610314,1.774695
39,37,version2_vs_version3,50,18.386423,2.233828
39,38,original_vs_version1,50,11.789696,1.431481
39,38,original_vs_version2,50,8.783679,1.191416
39,38,original_vs_version3,50,9.11436,1.153551
39,38,version1_vs_version2,50,11.549558,1.288749
39,38,version1_vs_version3,50,11.543999,1.199588
39,38,version2_vs_version3,50,8.796105,0.798583
39,39,original_vs_version1,50,12.29587,1.064994
39,39,original_vs_version2,50,10.47059,1.266027
39,39,original_vs_version3,50,10.672882,1.30619
39,39,version1_vs_version2,50,12.083666,0.985816
39,39,version1_vs_version3,50,12.099777,1.055476
39,39,version2_vs_version3,50,10.421326,1.17774
