case_idx,exec_idx,step,layer,overlap_top1,overlap_top2
0,0,0,0,0.0,0.0
0,0,0,1,0.0,0.0
0,0,0,2,0.0,0.1
0,0,0,3,0.0,0.1
0,0,0,4,0.0,0.0
0,0,0,5,0.0,0.0
0,0,0,6,0.0,0.0
0,0,0,7,0.0,0.0
0,0,0,8,0.0,0.0
0,0,0,9,0.0,0.0
0,0,0,10,0.0,0.0
0,0,0,11,0.0,0.0
0,0,0,12,0.0,0.0
0,0,0,13,0.0,0.0
0,0,0,14,0.0,0.0
0,0,0,15,0.0,0.0
0,0,0,16,0.0,0.0
0,0,0,17,0.0,0.0
0,0,0,18,0.0,0.0
0,0,0,19,0.0,0.0
0,0,0,20,0.0,0.0
0,0,0,21,0.0,0.0
0,0,0,22,0.0,0.0
0,0,0,23,0.0,0.0
0,0,0,24,0.0,0.0
0,0,0,25,0.0,0.0
0,0,0,26,0.0,0.0
0,0,0,27,0.0,0.0
0,0,0,28,0.0,0.0
0,0,0,29,0.0,0.0
0,0,0,30,0.0,0.0
0,0,0,31,0.0,0.0
0,0,0,32,0.0,0.0
0,0,0,33,0.0,0.0
0,0,0,34,0.0,0.0
0,0,0,35,0.0,0.0
0,0,0,36,0.0,0.0
0,0,0,37,0.0,0.0
0,0,0,38,0.0,0.0
0,0,0,39,0.3,0.2
0,0,20,0,0.0,0.0
0,0,20,1,0.0,0.0
0,0,20,2,0.0,0.0
0,0,20,3,0.0,0.0
0,0,20,4,0.0,0.0
0,0,20,5,0.0,0.0
0,0,20,6,0.8,0.8
0,0,20,7,0.7,0.7
0,0,20,8,0.8,0.7
0,0,20,9,0.8,0.7
0,0,20,10,0.8,0.7
0,0,20,11,0.7,0.7
0,0,20,12,0.7,0.7
0,0,20,13,0.7,0.7
0,0,20,14,0.7,0.7
0,0,20,15,0.7,0.7
0,0,20,16,0.7,0.7
0,0,20,17,0.7,0.7
0,0,20,18,0.7,0.7
0,0,20,19,0.6,0.6
0,0,20,20,0.7,0.7
0,0,20,21,0.6,0.6
0,0,20,22,0.6,0.6
0,0,20,23,0.6,0.6
0,0,20,24,0.6,0.6
0,0,20,25,0.6,0.6
0,0,20,26,0.6,0.6
0,0,20,27,0.6,0.6
0,0,20,28,0.6,0.6
0,0,20,29,0.6,0.6
0,0,20,30,0.6,0.6
0,0,20,31,0.6,0.6
0,0,20,32,0.6,0.6
0,0,20,33,0.6,0.6
0,0,20,34,0.7,0.7
0,0,20,35,0.7,0.7
0,0,20,36,0.7,0.6
0,0,20,37,0.6,0.6
0,0,20,38,0.3,0.3
0,0,20,39,0.3,0.2
0,0,40,0,0.0,0.0
0,0,40,1,0.0,0.0
0,0,40,2,0.0,0.0
0,0,40,3,0.0,0.0
0,0,40,4,0.0,0.0
0,0,40,5,0.0,0.0
0,0,40,6,0.8,0.8
0,0,40,7,0.9,0.8
0,0,40,8,0.9,0.8
0,0,40,9,0.9,0.8
0,0,40,10,0.8,0.7
0,0,40,11,0.8,0.7
0,0,40,12,0.8,0.7
0,0,40,13,0.8,0.7
0,0,40,14,0.8,0.7
0,0,40,15,0.8,0.7
0,0,40,16,0.8,0.7
0,0,40,17,0.8,0.7
0,0,40,18,0.8,0.7
0,0,40,19,0.7,0.7
0,0,40,20,0.7,0.7
0,0,40,21,0.7,0.7
0,0,40,22,0.7,0.7
0,0,40,23,0.7,0.7
0,0,40,24,0.7,0.7
0,0,40,25,0.7,0.7
0,0,40,26,0.7,0.7
0,0,40,27,0.7,0.7
0,0,40,28,0.7,0.7
0,0,40,29,0.6,0.7
0,0,40,30,0.7,0.7
0,0,40,31,0.7,0.7
0,0,40,32,0.7,0.7
0,0,40,33,0.7,0.7
0,0,40,34,0.7,0.6
0,0,40,35,0.7,0.6
0,0,40,36,0.7,0.6
0,0,40,37,0.7,0.6
0,0,40,38,0.7,0.6
0,0,40,39,0.4,0.2
0,1,0,0,0.0,0.0
0,1,0,1,0.0,0.0
0,1,0,2,0.0,0.0
0,1,0,3,0.0,0.0
0,1,0,4,0.0,0.0
0,1,0,5,0.0,0.0
0,1,0,6,0.0,0.0
0,1,0,7,0.0,0.0
0,1,0,8,0.0,0.0
0,1,0,9,0.0,0.0
0,1,0,10,0.0,0.0
0,1,0,11,0.0,0.0
0,1,0,12,0.0,0.0
0,1,0,13,0.0,0.0
0,1,0,14,0.0,0.0
0,1,0,15,0.0,0.0
0,1,0,16,0.0,0.0
0,1,0,17,0.0,0.0
0,1,0,18,0.0,0.0
0,1,0,19,0.0,0.0
0,1,0,20,0.0,0.0
0,1,0,21,0.0,0.0
0,1,0,22,0.0,0.0
0,1,0,23,0.0,0.0
0,1,0,24,0.0,0.0
0,1,0,25,0.0,0.0
0,1,0,26,0.0,0.0
0,1,0,27,0.0,0.0
0,1,0,28,0.0,0.0
0,1,0,29,0.0,0.0
0,1,0,30,0.0,0.0
0,1,0,31,0.0,0.0
0,1,0,32,0.0,0.0
0,1,0,33,0.0,0.0
0,1,0,34,0.0,0.0
0,1,0,35,0.0,0.0
0,1,0,36,0.0,0.0
0,1,0,37,0.0,0.0
0,1,0,38,0.0,0.0
0,1,0,39,0.2,0.2
0,1,20,0,0.0,0.0
0,1,20,1,0.0,0.0
0,1,20,2,0.1,0.0
0,1,20,3,0.0,0.0
0,1,20,4,0.0,0.0
0,1,20,5,0.0,0.0
0,1,20,6,0.3,0.0
0,1,20,7,0.3,0.0
0,1,20,8,0.3,0.0
0,1,20,9,0.3,0.0
0,1,20,10,0.3,0.0
0,1,20,11,0.3,0.0
0,1,20,12,0.3,0.0
0,1,20,13,0.3,0.0
0,1,20,14,0.3,0.0
0,1,20,15,0.3,0.0
0,1,20,16,0.3,0.0
0,1,20,17,0.3,0.0
0,1,20,18,0.3,0.0
0,1,20,19,0.2,0.0
0,1,20,20,0.1,0.0
0,1,20,21,0.1,0.0
0,1,20,22,0.2,0.0
0,1,20,23,0.2,0.0
0,1,20,24,0.2,0.0
0,1,20,25,0.2,0.0
0,1,20,26,0.2,0.0
0,1,20,27,0.1,0.0
0,1,20,28,0.1,0.0
0,1,20,29,0.1,0.0
0,1,20,30,0.1,0.0
0,1,20,31,0.1,0.0
0,1,20,32,0.1,0.0
0,1,20,33,0.1,0.0
0,1,20,34,0.1,0.0
0,1,20,35,0.1,0.0
0,1,20,36,0.1,0.0
0,1,20,37,0.0,0.0
0,1,20,38,0.0,0.0
0,1,20,39,0.2,0.8
0,1,40,0,0.0,0.0
0,1,40,1,0.0,0.0
0,1,40,2,0.0,0.0
0,1,40,3,0.0,0.0
0,1,40,4,0.0,0.0
0,1,40,5,0.0,0.0
0,1,40,6,0.0,0.0
0,1,40,7,0.0,0.0
0,1,40,8,0.0,0.0
0,1,40,9,0.0,0.0
0,1,40,10,0.0,0.0
0,1,40,11,0.0,0.0
0,1,40,12,0.0,0.0
0,1,40,13,0.0,0.0
0,1,40,14,0.0,0.0
0,1,40,15,0.0,0.0
0,1,40,16,0.0,0.0
0,1,40,17,0.0,0.0
0,1,40,18,0.0,0.0
0,1,40,19,0.0,0.0
0,1,40,20,0.0,0.0
0,1,40,21,0.0,0.0
0,1,40,22,0.0,0.0
0,1,40,23,0.0,0.0
0,1,40,24,0.0,0.0
0,1,40,25,0.0,0.0
0,1,40,26,0.0,0.0
0,1,40,27,0.0,0.0
0,1,40,28,0.0,0.0
0,1,40,29,0.0,0.0
0,1,40,30,0.0,0.0
0,1,40,31,0.0,0.0
0,1,40,32,0.0,0.0
0,1,40,33,0.0,0.0
0,1,40,34,0.0,0.0
0,1,40,35,0.0,0.0
0,1,40,36,0.0,0.0
0,1,40,37,0.0,0.0
0,1,40,38,0.0,0.0
0,1,40,39,0.3,0.2
0,2,0,0,0.0,0.2
0,2,0,1,0.1,0.0
0,2,0,2,0.1,0.0
0,2,0,3,0.1,0.0
0,2,0,4,0.1,0.0
0,2,0,5,0.0,0.0
0,2,0,6,0.6,0.6
0,2,0,7,0.6,0.6
0,2,0,8,0.6,0.6
0,2,0,9,0.5,0.5
0,2,0,10,0.5,0.5
0,2,0,11,0.5,0.5
0,2,0,12,0.5,0.5
0,2,0,13,0.5,0.5
0,2,0,14,0.5,0.5
0,2,0,15,0.5,0.5
0,2,0,16,0.5,0.5
0,2,0,17,0.5,0.5
0,2,0,18,0.5,0.5
0,2,0,19,0.5,0.5
0,2,0,20,0.5,0.5
0,2,0,21,0.5,0.5
0,2,0,22,0.5,0.5
0,2,0,23,0.5,0.5
0,2,0,24,0.5,0.5
0,2,0,25,0.5,0.5
0,2,0,26,0.5,0.5
0,2,0,27,0.5,0.5
0,2,0,28,0.5,0.5
0,2,0,29,0.5,0.5
0,2,0,30,0.5,0.5
0,2,0,31,0.5,0.5
0,2,0,32,0.5,0.5
0,2,0,33,0.5,0.5
0,2,0,34,0.5,0.5
0,2,0,35,0.5,0.5
0,2,0,36,0.5,0.5
0,2,0,37,0.5,0.5
0,2,0,38,0.0,0.0
0,2,0,39,0.1,0.1
0,2,20,0,0.0,0.0
0,2,20,1,0.0,0.0
0,2,20,2,0.0,0.0
0,2,20,3,0.0,0.0
0,2,20,4,0.0,0.0
0,2,20,5,0.0,0.0
0,2,20,6,0.0,0.0
0,2,20,7,0.0,0.0
0,2,20,8,0.0,0.0
0,2,20,9,0.0,0.0
0,2,20,10,0.0,0.0
0,2,20,11,0.0,0.0
0,2,20,12,0.0,0.0
0,2,20,13,0.0,0.0
0,2,20,14,0.0,0.0
0,2,20,15,0.0,0.0
0,2,20,16,0.0,0.0
0,2,20,17,0.0,0.0
0,2,20,18,0.0,0.0
0,2,20,19,0.0,0.0
0,2,20,20,0.0,0.0
0,2,20,21,0.0,0.0
0,2,20,22,0.0,0.0
0,2,20,23,0.0,0.0
0,2,20,24,0.0,0.0
0,2,20,25,0.0,0.0
0,2,20,26,0.0,0.0
0,2,20,27,0.0,0.0
0,2,20,28,0.0,0.0
0,2,20,29,0.0,0.0
0,2,20,30,0.0,0.0
0,2,20,31,0.0,0.0
0,2,20,32,0.0,0.0
0,2,20,33,0.0,0.0
0,2,20,34,0.0,0.0
0,2,20,35,0.0,0.0
0,2,20,36,0.0,0.0
0,2,20,37,0.0,0.0
0,2,20,38,0.0,0.0
0,2,20,39,0.1,0.1
0,2,40,0,0.0,0.0
0,2,40,1,0.0,0.0
0,2,40,2,0.0,0.0
0,2,40,3,0.0,0.0
0,2,40,4,0.0,0.0
0,2,40,5,0.0,0.0
0,2,40,6,0.0,0.0
0,2,40,7,0.0,0.0
0,2,40,8,0.0,0.0
0,2,40,9,0.0,0.0
0,2,40,10,0.0,0.0
0,2,40,11,0.0,0.0
0,2,40,12,0.0,0.0
0,2,40,13,0.0,0.0
0,2,40,14,0.0,0.0
0,2,40,15,0.0,0.0
0,2,40,16,0.0,0.0
0,2,40,17,0.0,0.0
0,2,40,18,0.0,0.0
0,2,40,19,0.0,0.0
0,2,40,20,0.0,0.0
0,2,40,21,0.0,0.0
0,2,40,22,0.0,0.0
0,2,40,23,0.0,0.0
0,2,40,24,0.0,0.0
0,2,40,25,0.0,0.0
0,2,40,26,0.0,0.0
0,2,40,27,0.0,0.0
0,2,40,28,0.0,0.0
0,2,40,29,0.0,0.0
0,2,40,30,0.0,0.0
0,2,40,31,0.0,0.0
0,2,40,32,0.0,0.0
0,2,40,33,0.0,0.0
0,2,40,34,0.0,0.0
0,2,40,35,0.0,0.0
0,2,40,36,0.0,0.0
0,2,40,37,0.0,0.0
0,2,40,38,0.0,0.0
0,2,40,39,0.1,0.1
1,0,0,0,0.0,0.0
1,0,0,1,0.0,0.0
1,0,0,2,0.0,0.1
1,0,0,3,0.0,0.1
1,0,0,4,0.0,0.0
1,0,0,5,0.0,0.0
1,0,0,6,0.0,0.0
1,0,0,7,0.0,0.0
1,0,0,8,0.0,0.0
1,0,0,9,0.0,0.0
1,0,0,10,0.0,0.0
1,0,0,11,0.0,0.0
1,0,0,12,0.0,0.0
1,0,0,13,0.0,0.0
1,0,0,14,0.0,0.0
1,0,0,15,0.0,0.0
1,0,0,16,0.0,0.0
1,0,0,17,0.0,0.0
1,0,0,18,0.0,0.0
1,0,0,19,0.0,0.0
1,0,0,20,0.0,0.0
1,0,0,21,0.0,0.0
1,0,0,22,0.0,0.0
1,0,0,23,0.0,0.0
1,0,0,24,0.0,0.0
1,0,0,25,0.0,0.0
1,0,0,26,0.0,0.0
1,0,0,27,0.0,0.0
1,0,0,28,0.0,0.0
1,0,0,29,0.0,0.0
1,0,0,30,0.0,0.0
1,0,0,31,0.0,0.0
1,0,0,32,0.0,0.0
1,0,0,33,0.0,0.0
1,0,0,34,0.0,0.0
1,0,0,35,0.0,0.0
1,0,0,36,0.0,0.0
1,0,0,37,0.0,0.0
1,0,0,38,0.0,0.0
1,0,0,39,0.2,0.1
1,0,20,0,0.0,0.0
1,0,20,1,0.4,0.0
1,0,20,2,0.5,0.3
1,0,20,3,0.4,0.2
1,0,20,4,0.0,0.0
1,0,20,5,0.3,0.2
1,0,20,6,0.8,0.8
1,0,20,7,0.9,0.8
1,0,20,8,0.8,0.8
1,0,20,9,0.7,0.7
1,0,20,10,0.8,0.7
1,0,20,11,0.7,0.7
1,0,20,12,0.7,0.7
1,0,20,13,0.7,0.7
1,0,20,14,0.7,0.7
1,0,20,15,0.7,0.7
1,0,20,16,0.7,0.7
1,0,20,17,0.7,0.7
1,0,20,18,0.8,0.7
1,0,20,19,0.6,0.6
1,0,20,20,0.6,0.6
1,0,20,21,0.6,0.6
1,0,20,22,0.6,0.6
1,0,20,23,0.6,0.6
1,0,20,24,0.6,0.6
1,0,20,25,0.6,0.6
1,0,20,26,0.6,0.6
1,0,20,27,0.6,0.6
1,0,20,28,0.6,0.6
1,0,20,29,0.6,0.6
1,0,20,30,0.6,0.6
1,0,20,31,0.6,0.6
1,0,20,32,0.6,0.6
1,0,20,33,0.6,0.6
1,0,20,34,0.6,0.6
1,0,20,35,0.7,0.7
1,0,20,36,0.7,0.6
1,0,20,37,0.7,0.6
1,0,20,38,0.4,0.3
1,0,20,39,0.5,0.5
1,0,40,0,0.0,0.0
1,0,40,1,0.0,0.0
1,0,40,2,0.0,0.0
1,0,40,3,0.0,0.0
1,0,40,4,0.0,0.0
1,0,40,5,0.0,0.0
1,0,40,6,0.0,0.0
1,0,40,7,0.0,0.0
1,0,40,8,0.0,0.0
1,0,40,9,0.0,0.0
1,0,40,10,0.0,0.0
1,0,40,11,0.0,0.0
1,0,40,12,0.0,0.0
1,0,40,13,0.0,0.0
1,0,40,14,0.0,0.0
1,0,40,15,0.0,0.0
1,0,40,16,0.0,0.0
1,0,40,17,0.0,0.0
1,0,40,18,0.0,0.0
1,0,40,19,0.0,0.0
1,0,40,20,0.0,0.0
1,0,40,21,0.0,0.0
1,0,40,22,0.0,0.0
1,0,40,23,0.0,0.0
1,0,40,24,0.0,0.0
1,0,40,25,0.0,0.0
1,0,40,26,0.0,0.0
1,0,40,27,0.0,0.0
1,0,40,28,0.0,0.0
1,0,40,29,0.0,0.0
1,0,40,30,0.0,0.0
1,0,40,31,0.0,0.0
1,0,40,32,0.0,0.0
1,0,40,33,0.0,0.0
1,0,40,34,0.0,0.0
1,0,40,35,0.0,0.0
1,0,40,36,0.0,0.0
1,0,40,37,0.0,0.0
1,0,40,38,0.0,0.0
1,0,40,39,0.8,0.2
1,1,0,0,0.0,0.0
1,1,0,1,0.0,0.0
1,1,0,2,0.0,0.0
1,1,0,3,0.0,0.0
1,1,0,4,0.0,0.0
1,1,0,5,0.0,0.0
1,1,0,6,0.8,0.8
1,1,0,7,0.8,0.8
1,1,0,8,0.8,0.8
1,1,0,9,0.8,0.8
1,1,0,10,0.8,0.8
1,1,0,11,0.8,0.8
1,1,0,12,0.8,0.8
1,1,0,13,0.8,0.8
1,1,0,14,0.8,0.8
1,1,0,15,0.8,0.8
1,1,0,16,0.8,0.8
1,1,0,17,0.8,0.8
1,1,0,18,0.8,0.8
1,1,0,19,0.7,0.7
1,1,0,20,0.7,0.7
1,1,0,21,0.8,0.8
1,1,0,22,0.8,0.8
1,1,0,23,0.8,0.8
1,1,0,24,0.7,0.7
1,1,0,25,0.7,0.7
1,1,0,26,0.7,0.7
1,1,0,27,0.7,0.7
1,1,0,28,0.7,0.7
1,1,0,29,0.7,0.7
1,1,0,30,0.7,0.7
1,1,0,31,0.7,0.7
1,1,0,32,0.6,0.6
1,1,0,33,0.6,0.6
1,1,0,34,0.6,0.6
1,1,0,35,0.6,0.6
1,1,0,36,0.6,0.6
1,1,0,37,0.7,0.7
1,1,0,38,0.5,0.5
1,1,0,39,0.3,0.2
1,1,20,0,0.0,0.2
1,1,20,1,0.0,0.0
1,1,20,2,0.0,0.0
1,1,20,3,0.0,0.0
1,1,20,4,0.0,0.0
1,1,20,5,0.0,0.0
1,1,20,6,0.0,0.0
1,1,20,7,0.0,0.0
1,1,20,8,0.0,0.0
1,1,20,9,0.0,0.0
1,1,20,10,0.0,0.0
1,1,20,11,0.0,0.0
1,1,20,12,0.0,0.0
1,1,20,13,0.0,0.0
1,1,20,14,0.0,0.0
1,1,20,15,0.0,0.0
1,1,20,16,0.0,0.0
1,1,20,17,0.0,0.0
1,1,20,18,0.0,0.0
1,1,20,19,0.0,0.0
1,1,20,20,0.0,0.0
1,1,20,21,0.0,0.0
1,1,20,22,0.0,0.0
1,1,20,23,0.0,0.0
1,1,20,24,0.0,0.0
1,1,20,25,0.0,0.0
1,1,20,26,0.0,0.0
1,1,20,27,0.0,0.0
1,1,20,28,0.0,0.0
1,1,20,29,0.0,0.0
1,1,20,30,0.0,0.0
1,1,20,31,0.0,0.0
1,1,20,32,0.0,0.0
1,1,20,33,0.0,0.0
1,1,20,34,0.0,0.0
1,1,20,35,0.0,0.0
1,1,20,36,0.0,0.0
1,1,20,37,0.0,0.0
1,1,20,38,0.0,0.0
1,1,20,39,0.1,0.1
1,1,40,0,0.0,0.0
1,1,40,1,0.0,0.0
1,1,40,2,0.0,0.0
1,1,40,3,0.0,0.0
1,1,40,4,0.0,0.0
1,1,40,5,0.0,0.0
1,1,40,6,0.0,0.0
1,1,40,7,0.0,0.0
1,1,40,8,0.0,0.0
1,1,40,9,0.0,0.0
1,1,40,10,0.0,0.0
1,1,40,11,0.0,0.0
1,1,40,12,0.0,0.0
1,1,40,13,0.0,0.0
1,1,40,14,0.0,0.0
1,1,40,15,0.0,0.0
1,1,40,16,0.0,0.0
1,1,40,17,0.0,0.0
1,1,40,18,0.0,0.0
1,1,40,19,0.0,0.0
1,1,40,20,0.0,0.0
1,1,40,21,0.0,0.0
1,1,40,22,0.0,0.0
1,1,40,23,0.0,0.0
1,1,40,24,0.0,0.0
1,1,40,25,0.0,0.0
1,1,40,26,0.0,0.0
1,1,40,27,0.0,0.0
1,1,40,28,0.0,0.0
1,1,40,29,0.0,0.0
1,1,40,30,0.0,0.0
1,1,40,31,0.0,0.0
1,1,40,32,0.0,0.0
1,1,40,33,0.0,0.0
1,1,40,34,0.0,0.0
1,1,40,35,0.0,0.0
1,1,40,36,0.0,0.0
1,1,40,37,0.0,0.0
1,1,40,38,0.0,0.0
1,1,40,39,0.1,0.0
1,2,0,0,0.0,0.1
1,2,0,1,0.0,0.0
1,2,0,2,0.1,0.0
1,2,0,3,0.1,0.0
1,2,0,4,0.1,0.0
1,2,0,5,0.1,0.0
1,2,0,6,0.7,0.7
1,2,0,7,0.7,0.7
1,2,0,8,0.7,0.7
1,2,0,9,0.7,0.7
1,2,0,10,0.7,0.7
1,2,0,11,0.7,0.7
1,2,0,12,0.7,0.7
1,2,0,13,0.7,0.7
1,2,0,14,0.6,0.6
1,2,0,15,0.6,0.6
1,2,0,16,0.6,0.6
1,2,0,17,0.6,0.6
1,2,0,18,0.6,0.6
1,2,0,19,0.5,0.5
1,2,0,20,0.5,0.5
1,2,0,21,0.5,0.5
1,2,0,22,0.5,0.5
1,2,0,23,0.5,0.5
1,2,0,24,0.5,0.5
1,2,0,25,0.5,0.5
1,2,0,26,0.5,0.5
1,2,0,27,0.5,0.5
1,2,0,28,0.5,0.5
1,2,0,29,0.5,0.5
1,2,0,30,0.5,0.5
1,2,0,31,0.5,0.5
1,2,0,32,0.6,0.5
1,2,0,33,0.6,0.5
1,2,0,34,0.6,0.5
1,2,0,35,0.6,0.5
1,2,0,36,0.6,0.5
1,2,0,37,0.6,0.6
1,2,0,38,0.0,0.0
1,2,0,39,0.3,0.2
1,2,20,0,0.0,0.0
1,2,20,1,0.0,0.0
1,2,20,2,0.0,0.0
1,2,20,3,0.0,0.0
1,2,20,4,0.0,0.0
1,2,20,5,0.0,0.0
1,2,20,6,0.0,0.0
1,2,20,7,0.0,0.0
1,2,20,8,0.0,0.0
1,2,20,9,0.0,0.0
1,2,20,10,0.0,0.0
1,2,20,11,0.0,0.0
1,2,20,12,0.0,0.0
1,2,20,13,0.0,0.0
1,2,20,14,0.0,0.0
1,2,20,15,0.0,0.0
1,2,20,16,0.0,0.0
1,2,20,17,0.0,0.0
1,2,20,18,0.0,0.0
1,2,20,19,0.0,0.0
1,2,20,20,0.0,0.0
1,2,20,21,0.0,0.0
1,2,20,22,0.0,0.0
1,2,20,23,0.0,0.0
1,2,20,24,0.0,0.0
1,2,20,25,0.0,0.0
1,2,20,26,0.0,0.0
1,2,20,27,0.0,0.0
1,2,20,28,0.0,0.0
1,2,20,29,0.0,0.0
1,2,20,30,0.0,0.0
1,2,20,31,0.0,0.0
1,2,20,32,0.0,0.0
1,2,20,33,0.0,0.0
1,2,20,34,0.0,0.0
1,2,20,35,0.0,0.0
1,2,20,36,0.0,0.0
1,2,20,37,0.0,0.0
1,2,20,38,0.0,0.0
1,2,20,39,0.1,0.0
1,2,40,0,0.0,0.0
1,2,40,1,0.0,0.0
1,2,40,2,0.0,0.0
1,2,40,3,0.0,0.0
1,2,40,4,0.0,0.0
1,2,40,5,0.0,0.0
1,2,40,6,0.0,0.0
1,2,40,7,0.0,0.0
1,2,40,8,0.0,0.0
1,2,40,9,0.0,0.0
1,2,40,10,0.0,0.0
1,2,40,11,0.0,0.0
1,2,40,12,0.0,0.0
1,2,40,13,0.0,0.0
1,2,40,14,0.0,0.0
1,2,40,15,0.0,0.0
1,2,40,16,0.0,0.0
1,2,40,17,0.0,0.0
1,2,40,18,0.0,0.0
1,2,40,19,0.0,0.0
1,2,40,20,0.0,0.0
1,2,40,21,0.0,0.0
1,2,40,22,0.0,0.0
1,2,40,23,0.0,0.0
1,2,40,24,0.0,0.0
1,2,40,25,0.0,0.0
1,2,40,26,0.0,0.0
1,2,40,27,0.0,0.0
1,2,40,28,0.0,0.0
1,2,40,29,0.0,0.0
1,2,40,30,0.0,0.0
1,2,40,31,0.0,0.0
1,2,40,32,0.0,0.0
1,2,40,33,0.0,0.0
1,2,40,34,0.0,0.0
1,2,40,35,0.0,0.0
1,2,40,36,0.0,0.0
1,2,40,37,0.0,0.0
1,2,40,38,0.0,0.0
1,2,40,39,0.0,0.1
2,0,0,0,0.0,0.0
2,0,0,1,0.0,0.0
2,0,0,2,0.0,0.0
2,0,0,3,0.0,0.0
2,0,0,4,0.0,0.0
2,0,0,5,0.0,0.0
2,0,0,6,0.0,0.0
2,0,0,7,0.0,0.0
2,0,0,8,0.0,0.0
2,0,0,9,0.0,0.0
2,0,0,10,0.0,0.0
2,0,0,11,0.0,0.0
2,0,0,12,0.0,0.0
2,0,0,13,0.0,0.0
2,0,0,14,0.0,0.0
2,0,0,15,0.0,0.0
2,0,0,16,0.0,0.0
2,0,0,17,0.0,0.0
2,0,0,18,0.0,0.0
2,0,0,19,0.0,0.0
2,0,0,20,0.0,0.0
2,0,0,21,0.0,0.0
2,0,0,22,0.0,0.0
2,0,0,23,0.0,0.0
2,0,0,24,0.0,0.0
2,0,0,25,0.0,0.0
2,0,0,26,0.0,0.0
2,0,0,27,0.0,0.0
2,0,0,28,0.0,0.0
2,0,0,29,0.0,0.0
2,0,0,30,0.0,0.0
2,0,0,31,0.0,0.0
2,0,0,32,0.0,0.0
2,0,0,33,0.0,0.0
2,0,0,34,0.0,0.0
2,0,0,35,0.0,0.0
2,0,0,36,0.0,0.0
2,0,0,37,0.0,0.0
2,0,0,38,0.0,0.0
2,0,0,39,0.3,0.2
2,0,20,0,0.0,0.0
2,0,20,1,0.0,0.0
2,0,20,2,0.0,0.0
2,0,20,3,0.0,0.0
2,0,20,4,0.0,0.0
2,0,20,5,0.0,0.0
2,0,20,6,0.0,0.0
2,0,20,7,0.0,0.0
2,0,20,8,0.0,0.0
2,0,20,9,0.0,0.0
2,0,20,10,0.0,0.0
2,0,20,11,0.0,0.0
2,0,20,12,0.0,0.0
2,0,20,13,0.0,0.0
2,0,20,14,0.0,0.0
2,0,20,15,0.0,0.0
2,0,20,16,0.0,0.0
2,0,20,17,0.0,0.0
2,0,20,18,0.0,0.0
2,0,20,19,0.0,0.0
2,0,20,20,0.0,0.0
2,0,20,21,0.0,0.0
2,0,20,22,0.0,0.0
2,0,20,23,0.0,0.0
2,0,20,24,0.0,0.0
2,0,20,25,0.0,0.0
2,0,20,26,0.0,0.0
2,0,20,27,0.0,0.0
2,0,20,28,0.0,0.0
2,0,20,29,0.0,0.0
2,0,20,30,0.0,0.0
2,0,20,31,0.0,0.0
2,0,20,32,0.0,0.0
2,0,20,33,0.0,0.0
2,0,20,34,0.0,0.0
2,0,20,35,0.0,0.0
2,0,20,36,0.0,0.0
2,0,20,37,0.0,0.0
2,0,20,38,0.0,0.0
2,0,20,39,0.2,0.1
2,0,40,0,0.0,0.0
2,0,40,1,0.0,0.0
2,0,40,2,0.0,0.0
2,0,40,3,0.0,0.0
2,0,40,4,0.0,0.0
2,0,40,5,0.0,0.0
2,0,40,6,0.0,0.0
2,0,40,7,0.0,0.0
2,0,40,8,0.0,0.0
2,0,40,9,0.0,0.0
2,0,40,10,0.0,0.0
2,0,40,11,0.0,0.0
2,0,40,12,0.0,0.0
2,0,40,13,0.0,0.0
2,0,40,14,0.0,0.1
2,0,40,15,0.0,0.1
2,0,40,16,0.0,0.1
2,0,40,17,0.0,0.1
2,0,40,18,0.0,0.1
2,0,40,19,0.0,0.1
2,0,40,20,0.0,0.1
2,0,40,21,0.0,0.2
2,0,40,22,0.0,0.1
2,0,40,23,0.0,0.1
2,0,40,24,0.0,0.1
2,0,40,25,0.0,0.0
2,0,40,26,0.0,0.0
2,0,40,27,0.0,0.0
2,0,40,28,0.0,0.1
2,0,40,29,0.0,0.0
2,0,40,30,0.0,0.0
2,0,40,31,0.0,0.0
2,0,40,32,0.0,0.1
2,0,40,33,0.0,0.0
2,0,40,34,0.0,0.0
2,0,40,35,0.0,0.0
2,0,40,36,0.0,0.0
2,0,40,37,0.0,0.0
2,0,40,38,0.0,0.0
2,0,40,39,0.2,0.4
2,1,0,0,0.0,0.0
2,1,0,1,0.0,0.0
2,1,0,2,0.0,0.0
2,1,0,3,0.0,0.0
2,1,0,4,0.0,0.0
2,1,0,5,0.0,0.0
2,1,0,6,0.8,0.8
2,1,0,7,0.8,0.8
2,1,0,8,0.8,0.8
2,1,0,9,0.8,0.8
2,1,0,10,0.8,0.8
2,1,0,11,0.8,0.8
2,1,0,12,0.7,0.7
2,1,0,13,0.7,0.7
2,1,0,14,0.7,0.7
2,1,0,15,0.7,0.7
2,1,0,16,0.7,0.7
2,1,0,17,0.8,0.8
2,1,0,18,0.8,0.8
2,1,0,19,0.7,0.7
2,1,0,20,0.7,0.7
2,1,0,21,0.7,0.7
2,1,0,22,0.6,0.6
2,1,0,23,0.6,0.6
2,1,0,24,0.6,0.6
2,1,0,25,0.6,0.6
2,1,0,26,0.6,0.6
2,1,0,27,0.6,0.6
2,1,0,28,0.6,0.6
2,1,0,29,0.6,0.6
2,1,0,30,0.6,0.6
2,1,0,31,0.5,0.5
2,1,0,32,0.5,0.5
2,1,0,33,0.5,0.5
2,1,0,34,0.5,0.5
2,1,0,35,0.5,0.5
2,1,0,36,0.5,0.5
2,1,0,37,0.7,0.7
2,1,0,38,0.5,0.5
2,1,0,39,0.2,0.3
2,1,20,0,0.0,0.2
2,1,20,1,0.0,0.0
2,1,20,2,0.0,0.0
2,1,20,3,0.0,0.0
2,1,20,4,0.1,0.0
2,1,20,5,0.0,0.0
2,1,20,6,0.3,0.2
2,1,20,7,0.3,0.2
2,1,20,8,0.3,0.2
2,1,20,9,0.3,0.2
2,1,20,10,0.3,0.2
2,1,20,11,0.3,0.2
2,1,20,12,0.3,0.2
2,1,20,13,0.3,0.2
2,1,20,14,0.3,0.2
2,1,20,15,0.3,0.2
2,1,20,16,0.3,0.2
2,1,20,17,0.3,0.3
2,1,20,18,0.3,0.3
2,1,20,19,0.3,0.2
2,1,20,20,0.2,0.2
2,1,20,21,0.2,0.2
2,1,20,22,0.3,0.2
2,1,20,23,0.2,0.2
2,1,20,24,0.2,0.2
2,1,20,25,0.2,0.2
2,1,20,26,0.2,0.2
2,1,20,27,0.3,0.2
2,1,20,28,0.3,0.2
2,1,20,29,0.3,0.3
2,1,20,30,0.3,0.3
2,1,20,31,0.3,0.3
2,1,20,32,0.3,0.3
2,1,20,33,0.3,0.3
2,1,20,34,0.2,0.2
2,1,20,35,0.2,0.2
2,1,20,36,0.2,0.2
2,1,20,37,0.1,0.2
2,1,20,38,0.0,0.0
2,1,20,39,0.2,0.2
2,1,40,0,0.0,0.1
2,1,40,1,0.0,0.0
2,1,40,2,0.0,0.0
2,1,40,3,0.0,0.0
2,1,40,4,0.0,0.0
2,1,40,5,0.0,0.0
2,1,40,6,0.0,0.0
2,1,40,7,0.0,0.0
2,1,40,8,0.0,0.0
2,1,40,9,0.0,0.0
2,1,40,10,0.0,0.0
2,1,40,11,0.0,0.0
2,1,40,12,0.0,0.0
2,1,40,13,0.0,0.0
2,1,40,14,0.0,0.0
2,1,40,15,0.0,0.0
2,1,40,16,0.0,0.0
2,1,40,17,0.0,0.0
2,1,40,18,0.0,0.0
2,1,40,19,0.0,0.0
2,1,40,20,0.0,0.0
2,1,40,21,0.0,0.0
2,1,40,22,0.0,0.0
2,1,40,23,0.0,0.0
2,1,40,24,0.0,0.0
2,1,40,25,0.0,0.0
2,1,40,26,0.0,0.0
2,1,40,27,0.0,0.0
2,1,40,28,0.0,0.0
2,1,40,29,0.0,0.0
2,1,40,30,0.0,0.0
2,1,40,31,0.0,0.0
2,1,40,32,0.0,0.0
2,1,40,33,0.0,0.0
2,1,40,34,0.0,0.0
2,1,40,35,0.0,0.0
2,1,40,36,0.0,0.0
2,1,40,37,0.0,0.0
2,1,40,38,0.0,0.0
2,1,40,39,0.1,0.1
2,2,0,0,0.0,0.0
2,2,0,1,0.0,0.0
2,2,0,2,0.0,0.0
2,2,0,3,0.0,0.0
2,2,0,4,0.0,0.0
2,2,0,5,0.0,0.0
2,2,0,6,0.6,0.6
2,2,0,7,0.6,0.6
2,2,0,8,0.6,0.6
2,2,0,9,0.6,0.6
2,2,0,10,0.6,0.6
2,2,0,11,0.6,0.6
2,2,0,12,0.6,0.6
2,2,0,13,0.6,0.6
2,2,0,14,0.6,0.6
2,2,0,15,0.6,0.6
2,2,0,16,0.6,0.6
2,2,0,17,0.6,0.6
2,2,0,18,0.6,0.6
2,2,0,19,0.5,0.5
2,2,0,20,0.5,0.5
2,2,0,21,0.5,0.5
2,2,0,22,0.5,0.5
2,2,0,23,0.5,0.5
2,2,0,24,0.5,0.5
2,2,0,25,0.5,0.5
2,2,0,26,0.5,0.5
2,2,0,27,0.5,0.5
2,2,0,28,0.5,0.5
2,2,0,29,0.5,0.5
2,2,0,30,0.5,0.5
2,2,0,31,0.5,0.5
2,2,0,32,0.5,0.5
2,2,0,33,0.5,0.5
2,2,0,34,0.5,0.5
2,2,0,35,0.5,0.5
2,2,0,36,0.5,0.5
2,2,0,37,0.6,0.6
2,2,0,38,0.1,0.1
2,2,0,39,0.3,0.2
2,2,20,0,0.0,0.0
2,2,20,1,0.0,0.0
2,2,20,2,0.0,0.0
2,2,20,3,0.0,0.0
2,2,20,4,0.0,0.0
2,2,20,5,0.0,0.0
2,2,20,6,0.0,0.0
2,2,20,7,0.0,0.0
2,2,20,8,0.0,0.0
2,2,20,9,0.0,0.0
2,2,20,10,0.0,0.0
2,2,20,11,0.0,0.0
2,2,20,12,0.0,0.0
2,2,20,13,0.0,0.0
2,2,20,14,0.0,0.0
2,2,20,15,0.0,0.0
2,2,20,16,0.0,0.0
2,2,20,17,0.0,0.0
2,2,20,18,0.0,0.0
2,2,20,19,0.0,0.0
2,2,20,20,0.0,0.0
2,2,20,21,0.0,0.0
2,2,20,22,0.0,0.0
2,2,20,23,0.0,0.0
2,2,20,24,0.0,0.0
2,2,20,25,0.0,0.0
2,2,20,26,0.0,0.0
2,2,20,27,0.0,0.0
2,2,20,28,0.0,0.0
2,2,20,29,0.0,0.0
2,2,20,30,0.0,0.0
2,2,20,31,0.0,0.0
2,2,20,32,0.0,0.0
2,2,20,33,0.0,0.0
2,2,20,34,0.0,0.0
2,2,20,35,0.0,0.0
2,2,20,36,0.0,0.0
2,2,20,37,0.0,0.0
2,2,20,38,0.0,0.0
2,2,20,39,0.2,0.2
2,2,40,0,0.0,0.0
2,2,40,1,0.0,0.0
2,2,40,2,0.0,0.0
2,2,40,3,0.0,0.0
2,2,40,4,0.0,0.0
2,2,40,5,0.0,0.0
2,2,40,6,0.0,0.0
2,2,40,7,0.0,0.0
2,2,40,8,0.0,0.0
2,2,40,9,0.0,0.0
2,2,40,10,0.0,0.0
2,2,40,11,0.0,0.0
2,2,40,12,0.0,0.0
2,2,40,13,0.0,0.0
2,2,40,14,0.0,0.0
2,2,40,15,0.0,0.0
2,2,40,16,0.0,0.0
2,2,40,17,0.0,0.0
2,2,40,18,0.0,0.0
2,2,40,19,0.0,0.0
2,2,40,20,0.0,0.0
2,2,40,21,0.0,0.0
2,2,40,22,0.0,0.0
2,2,40,23,0.0,0.0
2,2,40,24,0.0,0.0
2,2,40,25,0.0,0.0
2,2,40,26,0.0,0.0
2,2,40,27,0.0,0.0
2,2,40,28,0.0,0.0
2,2,40,29,0.0,0.0
2,2,40,30,0.0,0.0
2,2,40,31,0.0,0.0
2,2,40,32,0.0,0.0
2,2,40,33,0.0,0.0
2,2,40,34,0.0,0.0
2,2,40,35,0.0,0.0
2,2,40,36,0.0,0.0
2,2,40,37,0.0,0.0
2,2,40,38,0.0,0.0
2,2,40,39,0.3,0.3
3,0,0,0,0.0,0.0
3,0,0,1,0.0,0.0
3,0,0,2,0.0,0.1
3,0,0,3,0.0,0.1
3,0,0,4,0.0,0.0
3,0,0,5,0.0,0.0
3,0,0,6,0.0,0.0
3,0,0,7,0.0,0.0
3,0,0,8,0.0,0.0
3,0,0,9,0.0,0.0
3,0,0,10,0.0,0.0
3,0,0,11,0.0,0.0
3,0,0,12,0.0,0.0
3,0,0,13,0.0,0.0
3,0,0,14,0.0,0.0
3,0,0,15,0.0,0.0
3,0,0,16,0.0,0.0
3,0,0,17,0.0,0.0
3,0,0,18,0.0,0.0
3,0,0,19,0.0,0.0
3,0,0,20,0.0,0.0
3,0,0,21,0.0,0.0
3,0,0,22,0.0,0.0
3,0,0,23,0.0,0.0
3,0,0,24,0.0,0.0
3,0,0,25,0.0,0.0
3,0,0,26,0.0,0.0
3,0,0,27,0.0,0.0
3,0,0,28,0.0,0.0
3,0,0,29,0.0,0.0
3,0,0,30,0.0,0.0
3,0,0,31,0.0,0.0
3,0,0,32,0.0,0.0
3,0,0,33,0.0,0.0
3,0,0,34,0.0,0.0
3,0,0,35,0.0,0.0
3,0,0,36,0.0,0.0
3,0,0,37,0.0,0.0
3,0,0,38,0.0,0.0
3,0,0,39,0.2,0.1
3,0,20,0,0.0,0.0
3,0,20,1,0.0,0.0
3,0,20,2,0.0,0.0
3,0,20,3,0.0,0.0
3,0,20,4,0.0,0.0
3,0,20,5,0.0,0.0
3,0,20,6,0.8,0.8
3,0,20,7,0.7,0.7
3,0,20,8,0.8,0.7
3,0,20,9,0.8,0.7
3,0,20,10,0.8,0.7
3,0,20,11,0.7,0.7
3,0,20,12,0.7,0.7
3,0,20,13,0.7,0.7
3,0,20,14,0.7,0.7
3,0,20,15,0.7,0.7
3,0,20,16,0.7,0.7
3,0,20,17,0.7,0.7
3,0,20,18,0.7,0.7
3,0,20,19,0.6,0.6
3,0,20,20,0.6,0.6
3,0,20,21,0.6,0.6
3,0,20,22,0.5,0.5
3,0,20,23,0.5,0.5
3,0,20,24,0.5,0.5
3,0,20,25,0.6,0.6
3,0,20,26,0.6,0.6
3,0,20,27,0.6,0.6
3,0,20,28,0.6,0.6
3,0,20,29,0.6,0.6
3,0,20,30,0.6,0.6
3,0,20,31,0.6,0.6
3,0,20,32,0.6,0.6
3,0,20,33,0.6,0.6
3,0,20,34,0.6,0.6
3,0,20,35,0.6,0.6
3,0,20,36,0.7,0.6
3,0,20,37,0.6,0.6
3,0,20,38,0.3,0.3
3,0,20,39,0.4,0.3
3,0,40,0,0.0,0.0
3,0,40,1,0.0,0.0
3,0,40,2,0.0,0.0
3,0,40,3,0.0,0.0
3,0,40,4,0.0,0.0
3,0,40,5,0.0,0.0
3,0,40,6,0.0,0.0
3,0,40,7,0.0,0.0
3,0,40,8,0.0,0.0
3,0,40,9,0.0,0.0
3,0,40,10,0.0,0.0
3,0,40,11,0.0,0.0
3,0,40,12,0.0,0.0
3,0,40,13,0.0,0.0
3,0,40,14,0.0,0.0
3,0,40,15,0.0,0.0
3,0,40,16,0.0,0.0
3,0,40,17,0.0,0.0
3,0,40,18,0.0,0.0
3,0,40,19,0.0,0.0
3,0,40,20,0.0,0.0
3,0,40,21,0.0,0.0
3,0,40,22,0.0,0.0
3,0,40,23,0.0,0.0
3,0,40,24,0.0,0.0
3,0,40,25,0.0,0.0
3,0,40,26,0.0,0.0
3,0,40,27,0.0,0.0
3,0,40,28,0.0,0.0
3,0,40,29,0.0,0.0
3,0,40,30,0.0,0.0
3,0,40,31,0.0,0.0
3,0,40,32,0.0,0.0
3,0,40,33,0.0,0.0
3,0,40,34,0.0,0.0
3,0,40,35,0.0,0.0
3,0,40,36,0.0,0.0
3,0,40,37,0.0,0.0
3,0,40,38,0.0,0.0
3,0,40,39,0.2,0.3
3,1,0,0,0.0,0.0
3,1,0,1,0.0,0.0
3,1,0,2,0.0,0.0
3,1,0,3,0.0,0.0
3,1,0,4,0.0,0.0
3,1,0,5,0.0,0.0
3,1,0,6,0.7,0.7
3,1,0,7,0.6,0.6
3,1,0,8,0.6,0.6
3,1,0,9,0.6,0.6
3,1,0,10,0.6,0.6
3,1,0,11,0.6,0.6
3,1,0,12,0.6,0.6
3,1,0,13,0.6,0.6
3,1,0,14,0.6,0.6
3,1,0,15,0.6,0.6
3,1,0,16,0.5,0.5
3,1,0,17,0.5,0.5
3,1,0,18,0.5,0.5
3,1,0,19,0.5,0.5
3,1,0,20,0.5,0.5
3,1,0,21,0.5,0.5
3,1,0,22,0.5,0.5
3,1,0,23,0.5,0.5
3,1,0,24,0.5,0.5
3,1,0,25,0.5,0.5
3,1,0,26,0.5,0.5
3,1,0,27,0.5,0.5
3,1,0,28,0.5,0.5
3,1,0,29,0.5,0.5
3,1,0,30,0.5,0.5
3,1,0,31,0.5,0.5
3,1,0,32,0.5,0.5
3,1,0,33,0.5,0.5
3,1,0,34,0.5,0.5
3,1,0,35,0.5,0.5
3,1,0,36,0.5,0.5
3,1,0,37,0.4,0.4
3,1,0,38,0.0,0.0
3,1,0,39,0.4,0.4
3,1,20,0,0.0,0.0
3,1,20,1,0.2,0.0
3,1,20,2,0.2,0.0
3,1,20,3,0.2,0.0
3,1,20,4,0.1,0.0
3,1,20,5,0.0,0.0
3,1,20,6,0.7,0.0
3,1,20,7,0.7,0.0
3,1,20,8,0.7,0.0
3,1,20,9,0.6,0.0
3,1,20,10,0.6,0.0
3,1,20,11,0.6,0.0
3,1,20,12,0.6,0.0
3,1,20,13,0.6,0.0
3,1,20,14,0.6,0.0
3,1,20,15,0.6,0.0
3,1,20,16,0.5,0.0
3,1,20,17,0.5,0.0
3,1,20,18,0.6,0.0
3,1,20,19,0.4,0.0
3,1,20,20,0.2,0.0
3,1,20,21,0.2,0.0
3,1,20,22,0.4,0.0
3,1,20,23,0.2,0.0
3,1,20,24,0.3,0.0
3,1,20,25,0.3,0.0
3,1,20,26,0.3,0.0
3,1,20,27,0.4,0.0
3,1,20,28,0.5,0.0
3,1,20,29,0.4,0.0
3,1,20,30,0.4,0.0
3,1,20,31,0.4,0.0
3,1,20,32,0.4,0.0
3,1,20,33,0.4,0.0
3,1,20,34,0.4,0.0
3,1,20,35,0.3,0.0
3,1,20,36,0.4,0.0
3,1,20,37,0.3,0.0
3,1,20,38,0.0,0.0
3,1,20,39,0.3,0.5
3,1,40,0,0.0,0.0
3,1,40,1,0.0,0.0
3,1,40,2,0.0,0.0
3,1,40,3,0.0,0.0
3,1,40,4,0.0,0.0
3,1,40,5,0.0,0.0
3,1,40,6,0.0,0.0
3,1,40,7,0.0,0.0
3,1,40,8,0.0,0.0
3,1,40,9,0.0,0.0
3,1,40,10,0.0,0.0
3,1,40,11,0.0,0.0
3,1,40,12,0.0,0.0
3,1,40,13,0.0,0.0
3,1,40,14,0.0,0.0
3,1,40,15,0.0,0.0
3,1,40,16,0.0,0.0
3,1,40,17,0.0,0.0
3,1,40,18,0.0,0.0
3,1,40,19,0.0,0.0
3,1,40,20,0.0,0.0
3,1,40,21,0.0,0.0
3,1,40,22,0.0,0.0
3,1,40,23,0.0,0.0
3,1,40,24,0.0,0.0
3,1,40,25,0.0,0.0
3,1,40,26,0.0,0.0
3,1,40,27,0.0,0.0
3,1,40,28,0.0,0.0
3,1,40,29,0.0,0.0
3,1,40,30,0.0,0.0
3,1,40,31,0.0,0.0
3,1,40,32,0.0,0.0
3,1,40,33,0.0,0.0
3,1,40,34,0.0,0.0
3,1,40,35,0.0,0.0
3,1,40,36,0.0,0.0
3,1,40,37,0.0,0.0
3,1,40,38,0.0,0.0
3,1,40,39,0.6,0.3
3,2,0,0,0.0,0.0
3,2,0,1,0.0,0.0
3,2,0,2,0.0,0.0
3,2,0,3,0.0,0.0
3,2,0,4,0.0,0.0
3,2,0,5,0.0,0.0
3,2,0,6,0.6,0.6
3,2,0,7,0.6,0.6
3,2,0,8,0.6,0.6
3,2,0,9,0.6,0.6
3,2,0,10,0.6,0.6
3,2,0,11,0.6,0.6
3,2,0,12,0.6,0.6
3,2,0,13,0.6,0.6
3,2,0,14,0.6,0.6
3,2,0,15,0.6,0.6
3,2,0,16,0.6,0.6
3,2,0,17,0.6,0.6
3,2,0,18,0.6,0.6
3,2,0,19,0.5,0.5
3,2,0,20,0.5,0.5
3,2,0,21,0.5,0.5
3,2,0,22,0.5,0.5
3,2,0,23,0.5,0.5
3,2,0,24,0.5,0.5
3,2,0,25,0.5,0.5
3,2,0,26,0.5,0.5
3,2,0,27,0.5,0.5
3,2,0,28,0.5,0.5
3,2,0,29,0.5,0.5
3,2,0,30,0.5,0.5
3,2,0,31,0.5,0.5
3,2,0,32,0.5,0.5
3,2,0,33,0.5,0.5
3,2,0,34,0.5,0.5
3,2,0,35,0.5,0.5
3,2,0,36,0.5,0.5
3,2,0,37,0.5,0.5
3,2,0,38,0.0,0.0
3,2,0,39,0.2,0.3
3,2,20,0,0.0,0.0
3,2,20,1,0.1,0.0
3,2,20,2,0.1,0.0
3,2,20,3,0.1,0.0
3,2,20,4,0.0,0.0
3,2,20,5,0.0,0.0
3,2,20,6,0.2,0.3
3,2,20,7,0.1,0.1
3,2,20,8,0.1,0.1
3,2,20,9,0.1,0.1
3,2,20,10,0.1,0.1
3,2,20,11,0.1,0.2
3,2,20,12,0.2,0.2
3,2,20,13,0.2,0.2
3,2,20,14,0.1,0.1
3,2,20,15,0.1,0.1
3,2,20,16,0.1,0.1
3,2,20,17,0.1,0.1
3,2,20,18,0.1,0.1
3,2,20,19,0.1,0.1
3,2,20,20,0.1,0.1
3,2,20,21,0.1,0.1
3,2,20,22,0.1,0.1
3,2,20,23,0.1,0.1
3,2,20,24,0.1,0.1
3,2,20,25,0.1,0.1
3,2,20,26,0.0,0.0
3,2,20,27,0.0,0.0
3,2,20,28,0.0,0.0
3,2,20,29,0.0,0.0
3,2,20,30,0.0,0.0
3,2,20,31,0.0,0.0
3,2,20,32,0.0,0.0
3,2,20,33,0.0,0.0
3,2,20,34,0.0,0.0
3,2,20,35,0.0,0.0
3,2,20,36,0.0,0.0
3,2,20,37,0.0,0.0
3,2,20,38,0.0,0.0
3,2,20,39,0.0,0.0
3,2,40,0,0.2,0.0
3,2,40,1,0.3,0.1
3,2,40,2,0.3,0.1
3,2,40,3,0.4,0.2
3,2,40,4,0.3,0.3
3,2,40,5,0.3,0.3
3,2,40,6,0.0,0.0
3,2,40,7,0.0,0.0
3,2,40,8,0.0,0.0
3,2,40,9,0.0,0.0
3,2,40,10,0.0,0.0
3,2,40,11,0.0,0.0
3,2,40,12,0.0,0.0
3,2,40,13,0.0,0.0
3,2,40,14,0.0,0.0
3,2,40,15,0.0,0.0
3,2,40,16,0.0,0.0
3,2,40,17,0.0,0.0
3,2,40,18,0.0,0.0
3,2,40,19,0.0,0.0
3,2,40,20,0.0,0.0
3,2,40,21,0.0,0.0
3,2,40,22,0.0,0.0
3,2,40,23,0.0,0.0
3,2,40,24,0.0,0.0
3,2,40,25,0.0,0.0
3,2,40,26,0.0,0.0
3,2,40,27,0.0,0.0
3,2,40,28,0.0,0.0
3,2,40,29,0.0,0.0
3,2,40,30,0.0,0.0
3,2,40,31,0.0,0.0
3,2,40,32,0.0,0.0
3,2,40,33,0.0,0.0
3,2,40,34,0.0,0.0
3,2,40,35,0.0,0.0
3,2,40,36,0.0,0.0
3,2,40,37,0.0,0.0
3,2,40,38,0.0,0.0
3,2,40,39,0.1,0.0
4,0,0,0,0.0,0.0
4,0,0,1,0.0,0.0
4,0,0,2,0.0,0.1
4,0,0,3,0.0,0.1
4,0,0,4,0.0,0.0
4,0,0,5,0.0,0.0
4,0,0,6,0.0,0.0
4,0,0,7,0.0,0.0
4,0,0,8,0.0,0.0
4,0,0,9,0.0,0.0
4,0,0,10,0.0,0.0
4,0,0,11,0.0,0.0
4,0,0,12,0.0,0.0
4,0,0,13,0.0,0.0
4,0,0,14,0.0,0.0
4,0,0,15,0.0,0.0
4,0,0,16,0.0,0.0
4,0,0,17,0.0,0.0
4,0,0,18,0.0,0.0
4,0,0,19,0.0,0.0
4,0,0,20,0.0,0.0
4,0,0,21,0.0,0.0
4,0,0,22,0.0,0.0
4,0,0,23,0.0,0.0
4,0,0,24,0.0,0.0
4,0,0,25,0.0,0.0
4,0,0,26,0.0,0.0
4,0,0,27,0.0,0.0
4,0,0,28,0.0,0.0
4,0,0,29,0.0,0.0
4,0,0,30,0.0,0.0
4,0,0,31,0.0,0.0
4,0,0,32,0.0,0.0
4,0,0,33,0.0,0.0
4,0,0,34,0.0,0.0
4,0,0,35,0.0,0.0
4,0,0,36,0.0,0.0
4,0,0,37,0.0,0.0
4,0,0,38,0.0,0.0
4,0,0,39,0.3,0.2
4,0,20,0,0.0,0.0
4,0,20,1,0.0,0.0
4,0,20,2,0.0,0.0
4,0,20,3,0.0,0.0
4,0,20,4,0.0,0.0
4,0,20,5,0.0,0.0
4,0,20,6,0.0,0.0
4,0,20,7,0.0,0.0
4,0,20,8,0.0,0.0
4,0,20,9,0.0,0.0
4,0,20,10,0.0,0.0
4,0,20,11,0.0,0.0
4,0,20,12,0.0,0.0
4,0,20,13,0.0,0.0
4,0,20,14,0.0,0.0
4,0,20,15,0.0,0.0
4,0,20,16,0.0,0.0
4,0,20,17,0.0,0.0
4,0,20,18,0.0,0.0
4,0,20,19,0.1,0.0
4,0,20,20,0.0,0.0
4,0,20,21,0.0,0.0
4,0,20,22,0.0,0.0
4,0,20,23,0.0,0.0
4,0,20,24,0.0,0.0
4,0,20,25,0.0,0.0
4,0,20,26,0.0,0.0
4,0,20,27,0.0,0.0
4,0,20,28,0.0,0.0
4,0,20,29,0.0,0.0
4,0,20,30,0.0,0.0
4,0,20,31,0.0,0.0
4,0,20,32,0.0,0.0
4,0,20,33,0.0,0.0
4,0,20,34,0.0,0.0
4,0,20,35,0.0,0.0
4,0,20,36,0.0,0.0
4,0,20,37,0.0,0.0
4,0,20,38,0.0,0.0
4,0,20,39,0.1,0.0
4,0,40,0,0.0,0.0
4,0,40,1,0.0,0.0
4,0,40,2,0.0,0.0
4,0,40,3,0.0,0.0
4,0,40,4,0.0,0.0
4,0,40,5,0.0,0.0
4,0,40,6,0.0,0.0
4,0,40,7,0.0,0.0
4,0,40,8,0.0,0.0
4,0,40,9,0.0,0.0
4,0,40,10,0.0,0.0
4,0,40,11,0.0,0.0
4,0,40,12,0.0,0.0
4,0,40,13,0.0,0.0
4,0,40,14,0.0,0.0
4,0,40,15,0.0,0.0
4,0,40,16,0.0,0.1
4,0,40,17,0.0,0.1
4,0,40,18,0.0,0.1
4,0,40,19,0.0,0.1
4,0,40,20,0.0,0.1
4,0,40,21,0.0,0.1
4,0,40,22,0.0,0.1
4,0,40,23,0.0,0.1
4,0,40,24,0.0,0.1
4,0,40,25,0.0,0.0
4,0,40,26,0.0,0.0
4,0,40,27,0.0,0.0
4,0,40,28,0.0,0.1
4,0,40,29,0.0,0.1
4,0,40,30,0.0,0.1
4,0,40,31,0.0,0.0
4,0,40,32,0.0,0.0
4,0,40,33,0.0,0.0
4,0,40,34,0.0,0.0
4,0,40,35,0.0,0.0
4,0,40,36,0.0,0.0
4,0,40,37,0.0,0.0
4,0,40,38,0.0,0.1
4,0,40,39,0.2,0.6
4,1,0,0,0.0,0.0
4,1,0,1,0.0,0.1
4,1,0,2,0.0,0.1
4,1,0,3,0.0,0.1
4,1,0,4,0.0,0.0
4,1,0,5,0.0,0.0
4,1,0,6,0.8,0.8
4,1,0,7,0.7,0.7
4,1,0,8,0.7,0.7
4,1,0,9,0.7,0.7
4,1,0,10,0.7,0.7
4,1,0,11,0.7,0.7
4,1,0,12,0.7,0.7
4,1,0,13,0.7,0.7
4,1,0,14,0.7,0.7
4,1,0,15,0.6,0.6
4,1,0,16,0.6,0.6
4,1,0,17,0.6,0.6
4,1,0,18,0.6,0.6
4,1,0,19,0.7,0.7
4,1,0,20,0.7,0.7
4,1,0,21,0.7,0.7
4,1,0,22,0.7,0.7
4,1,0,23,0.7,0.7
4,1,0,24,0.6,0.6
4,1,0,25,0.6,0.6
4,1,0,26,0.6,0.6
4,1,0,27,0.6,0.6
4,1,0,28,0.6,0.6
4,1,0,29,0.6,0.6
4,1,0,30,0.6,0.6
4,1,0,31,0.6,0.6
4,1,0,32,0.5,0.5
4,1,0,33,0.5,0.5
4,1,0,34,0.5,0.5
4,1,0,35,0.5,0.5
4,1,0,36,0.5,0.5
4,1,0,37,0.6,0.6
4,1,0,38,0.3,0.3
4,1,0,39,0.3,0.2
4,1,20,0,0.0,0.0
4,1,20,1,0.0,0.0
4,1,20,2,0.0,0.0
4,1,20,3,0.0,0.0
4,1,20,4,0.0,0.0
4,1,20,5,0.0,0.0
4,1,20,6,0.0,0.0
4,1,20,7,0.0,0.0
4,1,20,8,0.0,0.0
4,1,20,9,0.0,0.0
4,1,20,10,0.0,0.0
4,1,20,11,0.0,0.0
4,1,20,12,0.0,0.0
4,1,20,13,0.0,0.0
4,1,20,14,0.0,0.0
4,1,20,15,0.0,0.0
4,1,20,16,0.0,0.0
4,1,20,17,0.0,0.0
4,1,20,18,0.0,0.0
4,1,20,19,0.0,0.0
4,1,20,20,0.0,0.0
4,1,20,21,0.0,0.0
4,1,20,22,0.0,0.0
4,1,20,23,0.0,0.0
4,1,20,24,0.0,0.0
4,1,20,25,0.0,0.0
4,1,20,26,0.0,0.0
4,1,20,27,0.0,0.0
4,1,20,28,0.0,0.0
4,1,20,29,0.0,0.0
4,1,20,30,0.0,0.0
4,1,20,31,0.0,0.0
4,1,20,32,0.0,0.0
4,1,20,33,0.0,0.0
4,1,20,34,0.0,0.0
4,1,20,35,0.0,0.0
4,1,20,36,0.0,0.0
4,1,20,37,0.0,0.0
4,1,20,38,0.0,0.0
4,1,20,39,0.1,0.1
4,1,40,0,0.0,0.0
4,1,40,1,0.0,0.0
4,1,40,2,0.0,0.0
4,1,40,3,0.0,0.0
4,1,40,4,0.0,0.0
4,1,40,5,0.0,0.0
4,1,40,6,0.0,0.0
4,1,40,7,0.0,0.0
4,1,40,8,0.0,0.0
4,1,40,9,0.0,0.0
4,1,40,10,0.0,0.0
4,1,40,11,0.0,0.0
4,1,40,12,0.0,0.0
4,1,40,13,0.0,0.0
4,1,40,14,0.0,0.0
4,1,40,15,0.0,0.0
4,1,40,16,0.0,0.0
4,1,40,17,0.0,0.0
4,1,40,18,0.0,0.0
4,1,40,19,0.0,0.0
4,1,40,20,0.0,0.0
4,1,40,21,0.0,0.0
4,1,40,22,0.0,0.0
4,1,40,23,0.0,0.0
4,1,40,24,0.0,0.0
4,1,40,25,0.0,0.0
4,1,40,26,0.0,0.0
4,1,40,27,0.0,0.0
4,1,40,28,0.0,0.0
4,1,40,29,0.0,0.0
4,1,40,30,0.0,0.0
4,1,40,31,0.0,0.0
4,1,40,32,0.0,0.0
4,1,40,33,0.0,0.0
4,1,40,34,0.0,0.0
4,1,40,35,0.0,0.0
4,1,40,36,0.0,0.0
4,1,40,37,0.0,0.0
4,1,40,38,0.0,0.0
4,1,40,39,0.1,0.1
4,2,0,0,0.0,0.0
4,2,0,1,0.0,0.0
4,2,0,2,0.0,0.0
4,2,0,3,0.0,0.0
4,2,0,4,0.0,0.0
4,2,0,5,0.0,0.0
4,2,0,6,0.8,0.8
4,2,0,7,0.8,0.8
4,2,0,8,0.8,0.8
4,2,0,9,0.8,0.8
4,2,0,10,0.8,0.8
4,2,0,11,0.8,0.8
4,2,0,12,0.8,0.8
4,2,0,13,0.8,0.8
4,2,0,14,0.8,0.8
4,2,0,15,0.8,0.8
4,2,0,16,0.8,0.8
4,2,0,17,0.8,0.8
4,2,0,18,0.8,0.8
4,2,0,19,0.6,0.6
4,2,0,20,0.6,0.6
4,2,0,21,0.6,0.6
4,2,0,22,0.6,0.6
4,2,0,23,0.6,0.6
4,2,0,24,0.6,0.6
4,2,0,25,0.6,0.6
4,2,0,26,0.6,0.6
4,2,0,27,0.6,0.6
4,2,0,28,0.6,0.6
4,2,0,29,0.6,0.6
4,2,0,30,0.6,0.6
4,2,0,31,0.6,0.6
4,2,0,32,0.6,0.6
4,2,0,33,0.6,0.6
4,2,0,34,0.5,0.5
4,2,0,35,0.5,0.5
4,2,0,36,0.5,0.5
4,2,0,37,0.7,0.7
4,2,0,38,0.5,0.5
4,2,0,39,0.4,0.3
4,2,20,0,0.0,0.0
4,2,20,1,0.0,0.0
4,2,20,2,0.0,0.0
4,2,20,3,0.0,0.0
4,2,20,4,0.0,0.0
4,2,20,5,0.0,0.0
4,2,20,6,0.0,0.0
4,2,20,7,0.0,0.0
4,2,20,8,0.0,0.0
4,2,20,9,0.0,0.0
4,2,20,10,0.0,0.0
4,2,20,11,0.0,0.0
4,2,20,12,0.0,0.0
4,2,20,13,0.0,0.0
4,2,20,14,0.0,0.0
4,2,20,15,0.0,0.0
4,2,20,16,0.0,0.0
4,2,20,17,0.0,0.0
4,2,20,18,0.0,0.0
4,2,20,19,0.0,0.0
4,2,20,20,0.0,0.0
4,2,20,21,0.0,0.0
4,2,20,22,0.0,0.0
4,2,20,23,0.0,0.0
4,2,20,24,0.0,0.0
4,2,20,25,0.0,0.0
4,2,20,26,0.0,0.0
4,2,20,27,0.0,0.0
4,2,20,28,0.0,0.0
4,2,20,29,0.0,0.0
4,2,20,30,0.0,0.0
4,2,20,31,0.0,0.0
4,2,20,32,0.0,0.0
4,2,20,33,0.0,0.0
4,2,20,34,0.0,0.0
4,2,20,35,0.0,0.0
4,2,20,36,0.0,0.0
4,2,20,37,0.0,0.0
4,2,20,38,0.0,0.0
4,2,20,39,0.0,0.1
4,2,40,0,0.0,0.0
4,2,40,1,0.1,0.0
4,2,40,2,0.1,0.0
4,2,40,3,0.0,0.0
4,2,40,4,0.0,0.0
4,2,40,5,0.0,0.0
4,2,40,6,0.2,0.1
4,2,40,7,0.1,0.1
4,2,40,8,0.1,0.1
4,2,40,9,0.1,0.1
4,2,40,10,0.1,0.1
4,2,40,11,0.1,0.1
4,2,40,12,0.1,0.1
4,2,40,13,0.1,0.1
4,2,40,14,0.1,0.1
4,2,40,15,0.0,0.0
4,2,40,16,0.0,0.0
4,2,40,17,0.0,0.0
4,2,40,18,0.0,0.0
4,2,40,19,0.1,0.1
4,2,40,20,0.1,0.1
4,2,40,21,0.1,0.1
4,2,40,22,0.0,0.0
4,2,40,23,0.0,0.0
4,2,40,24,0.0,0.0
4,2,40,25,0.0,0.0
4,2,40,26,0.0,0.0
4,2,40,27,0.0,0.0
4,2,40,28,0.0,0.0
4,2,40,29,0.0,0.0
4,2,40,30,0.0,0.0
4,2,40,31,0.0,0.0
4,2,40,32,0.0,0.0
4,2,40,33,0.0,0.0
4,2,40,34,0.0,0.0
4,2,40,35,0.0,0.0
4,2,40,36,0.0,0.0
4,2,40,37,0.0,0.0
4,2,40,38,0.0,0.0
4,2,40,39,0.1,0.0
5,0,0,0,0.0,0.0
5,0,0,1,0.0,0.0
5,0,0,2,0.0,0.1
5,0,0,3,0.0,0.1
5,0,0,4,0.0,0.0
5,0,0,5,0.0,0.0
5,0,0,6,0.0,0.0
5,0,0,7,0.0,0.0
5,0,0,8,0.0,0.0
5,0,0,9,0.0,0.0
5,0,0,10,0.0,0.0
5,0,0,11,0.0,0.0
5,0,0,12,0.0,0.0
5,0,0,13,0.0,0.0
5,0,0,14,0.0,0.0
5,0,0,15,0.0,0.0
5,0,0,16,0.0,0.0
5,0,0,17,0.0,0.0
5,0,0,18,0.0,0.0
5,0,0,19,0.0,0.0
5,0,0,20,0.0,0.0
5,0,0,21,0.0,0.0
5,0,0,22,0.0,0.0
5,0,0,23,0.0,0.0
5,0,0,24,0.0,0.0
5,0,0,25,0.0,0.0
5,0,0,26,0.0,0.0
5,0,0,27,0.0,0.0
5,0,0,28,0.0,0.0
5,0,0,29,0.0,0.0
5,0,0,30,0.0,0.0
5,0,0,31,0.0,0.0
5,0,0,32,0.0,0.0
5,0,0,33,0.0,0.0
5,0,0,34,0.0,0.0
5,0,0,35,0.0,0.0
5,0,0,36,0.0,0.0
5,0,0,37,0.0,0.0
5,0,0,38,0.0,0.0
5,0,0,39,0.2,0.1
5,0,20,0,0.0,0.0
5,0,20,1,0.1,0.0
5,0,20,2,0.1,0.0
5,0,20,3,0.0,0.0
5,0,20,4,0.0,0.0
5,0,20,5,0.0,0.0
5,0,20,6,0.3,0.0
5,0,20,7,0.3,0.0
5,0,20,8,0.3,0.0
5,0,20,9,0.3,0.0
5,0,20,10,0.3,0.0
5,0,20,11,0.3,0.0
5,0,20,12,0.3,0.0
5,0,20,13,0.3,0.0
5,0,20,14,0.3,0.0
5,0,20,15,0.3,0.0
5,0,20,16,0.3,0.0
5,0,20,17,0.3,0.0
5,0,20,18,0.3,0.0
5,0,20,19,0.3,0.0
5,0,20,20,0.2,0.0
5,0,20,21,0.2,0.0
5,0,20,22,0.3,0.0
5,0,20,23,0.2,0.0
5,0,20,24,0.2,0.0
5,0,20,25,0.2,0.0
5,0,20,26,0.2,0.0
5,0,20,27,0.3,0.0
5,0,20,28,0.3,0.0
5,0,20,29,0.3,0.0
5,0,20,30,0.3,0.0
5,0,20,31,0.2,0.0
5,0,20,32,0.2,0.0
5,0,20,33,0.2,0.0
5,0,20,34,0.2,0.0
5,0,20,35,0.2,0.0
5,0,20,36,0.2,0.0
5,0,20,37,0.1,0.0
5,0,20,38,0.0,0.0
5,0,20,39,0.2,0.8
5,0,40,0,0.0,0.0
5,0,40,1,0.0,0.0
5,0,40,2,0.0,0.0
5,0,40,3,0.0,0.0
5,0,40,4,0.0,0.0
5,0,40,5,0.0,0.0
5,0,40,6,0.0,0.0
5,0,40,7,0.0,0.0
5,0,40,8,0.0,0.0
5,0,40,9,0.0,0.0
5,0,40,10,0.0,0.0
5,0,40,11,0.0,0.0
5,0,40,12,0.0,0.0
5,0,40,13,0.0,0.0
5,0,40,14,0.0,0.0
5,0,40,15,0.0,0.0
5,0,40,16,0.0,0.0
5,0,40,17,0.0,0.0
5,0,40,18,0.0,0.0
5,0,40,19,0.0,0.0
5,0,40,20,0.0,0.0
5,0,40,21,0.0,0.0
5,0,40,22,0.0,0.0
5,0,40,23,0.0,0.0
5,0,40,24,0.0,0.0
5,0,40,25,0.0,0.0
5,0,40,26,0.0,0.0
5,0,40,27,0.0,0.0
5,0,40,28,0.0,0.0
5,0,40,29,0.0,0.0
5,0,40,30,0.0,0.0
5,0,40,31,0.0,0.0
5,0,40,32,0.0,0.0
5,0,40,33,0.0,0.0
5,0,40,34,0.0,0.0
5,0,40,35,0.0,0.0
5,0,40,36,0.0,0.0
5,0,40,37,0.0,0.0
5,0,40,38,0.0,0.0
5,0,40,39,0.3,0.3
5,1,0,0,0.0,0.0
5,1,0,1,0.0,0.0
5,1,0,2,0.0,0.0
5,1,0,3,0.0,0.0
5,1,0,4,0.0,0.0
5,1,0,5,0.0,0.0
5,1,0,6,0.6,0.6
5,1,0,7,0.6,0.6
5,1,0,8,0.6,0.6
5,1,0,9,0.6,0.6
5,1,0,10,0.6,0.6
5,1,0,11,0.6,0.6
5,1,0,12,0.6,0.6
5,1,0,13,0.6,0.6
5,1,0,14,0.6,0.6
5,1,0,15,0.6,0.6
5,1,0,16,0.6,0.6
5,1,0,17,0.6,0.6
5,1,0,18,0.6,0.6
5,1,0,19,0.6,0.6
5,1,0,20,0.6,0.6
5,1,0,21,0.7,0.7
5,1,0,22,0.7,0.7
5,1,0,23,0.6,0.6
5,1,0,24,0.6,0.6
5,1,0,25,0.6,0.6
5,1,0,26,0.6,0.6
5,1,0,27,0.6,0.6
5,1,0,28,0.6,0.6
5,1,0,29,0.6,0.6
5,1,0,30,0.5,0.5
5,1,0,31,0.5,0.6
5,1,0,32,0.5,0.6
5,1,0,33,0.5,0.6
5,1,0,34,0.5,0.6
5,1,0,35,0.5,0.6
5,1,0,36,0.5,0.6
5,1,0,37,0.6,0.6
5,1,0,38,0.0,0.0
5,1,0,39,0.4,0.5
5,1,20,0,0.0,0.1
5,1,20,1,0.0,0.0
5,1,20,2,0.0,0.0
5,1,20,3,0.0,0.0
5,1,20,4,0.0,0.0
5,1,20,5,0.0,0.0
5,1,20,6,0.1,0.0
5,1,20,7,0.1,0.0
5,1,20,8,0.1,0.0
5,1,20,9,0.1,0.0
5,1,20,10,0.1,0.0
5,1,20,11,0.1,0.0
5,1,20,12,0.0,0.0
5,1,20,13,0.0,0.0
5,1,20,14,0.0,0.0
5,1,20,15,0.0,0.0
5,1,20,16,0.0,0.0
5,1,20,17,0.0,0.0
5,1,20,18,0.0,0.0
5,1,20,19,0.0,0.0
5,1,20,20,0.0,0.0
5,1,20,21,0.0,0.0
5,1,20,22,0.0,0.0
5,1,20,23,0.0,0.0
5,1,20,24,0.0,0.0
5,1,20,25,0.0,0.0
5,1,20,26,0.0,0.0
5,1,20,27,0.0,0.0
5,1,20,28,0.0,0.0
5,1,20,29,0.0,0.0
5,1,20,30,0.0,0.0
5,1,20,31,0.0,0.0
5,1,20,32,0.0,0.0
5,1,20,33,0.0,0.0
5,1,20,34,0.0,0.0
5,1,20,35,0.0,0.0
5,1,20,36,0.0,0.0
5,1,20,37,0.0,0.0
5,1,20,38,0.0,0.0
5,1,20,39,0.1,0.0
5,1,40,0,0.0,0.0
5,1,40,1,0.0,0.0
5,1,40,2,0.0,0.0
5,1,40,3,0.0,0.0
5,1,40,4,0.0,0.0
5,1,40,5,0.0,0.0
5,1,40,6,0.0,0.0
5,1,40,7,0.0,0.0
5,1,40,8,0.0,0.0
5,1,40,9,0.0,0.0
5,1,40,10,0.0,0.0
5,1,40,11,0.0,0.0
5,1,40,12,0.0,0.0
5,1,40,13,0.0,0.0
5,1,40,14,0.0,0.0
5,1,40,15,0.0,0.0
5,1,40,16,0.0,0.0
5,1,40,17,0.0,0.0
5,1,40,18,0.0,0.0
5,1,40,19,0.0,0.0
5,1,40,20,0.0,0.0
5,1,40,21,0.0,0.0
5,1,40,22,0.0,0.0
5,1,40,23,0.0,0.0
5,1,40,24,0.0,0.0
5,1,40,25,0.0,0.0
5,1,40,26,0.0,0.0
5,1,40,27,0.0,0.0
5,1,40,28,0.0,0.0
5,1,40,29,0.0,0.0
5,1,40,30,0.0,0.0
5,1,40,31,0.0,0.0
5,1,40,32,0.0,0.0
5,1,40,33,0.0,0.0
5,1,40,34,0.0,0.0
5,1,40,35,0.0,0.0
5,1,40,36,0.0,0.0
5,1,40,37,0.0,0.0
5,1,40,38,0.0,0.0
5,1,40,39,0.3,0.4
5,2,0,0,0.0,0.0
5,2,0,1,0.0,0.0
5,2,0,2,0.0,0.0
5,2,0,3,0.0,0.0
5,2,0,4,0.0,0.0
5,2,0,5,0.0,0.0
5,2,0,6,0.6,0.6
5,2,0,7,0.6,0.6
5,2,0,8,0.6,0.6
5,2,0,9,0.6,0.6
5,2,0,10,0.6,0.6
5,2,0,11,0.6,0.6
5,2,0,12,0.6,0.6
5,2,0,13,0.6,0.6
5,2,0,14,0.6,0.6
5,2,0,15,0.6,0.6
5,2,0,16,0.6,0.6
5,2,0,17,0.6,0.6
5,2,0,18,0.6,0.6
5,2,0,19,0.6,0.6
5,2,0,20,0.6,0.6
5,2,0,21,0.6,0.6
5,2,0,22,0.6,0.6
5,2,0,23,0.6,0.6
5,2,0,24,0.6,0.6
5,2,0,25,0.6,0.6
5,2,0,26,0.6,0.6
5,2,0,27,0.6,0.6
5,2,0,28,0.5,0.5
5,2,0,29,0.5,0.5
5,2,0,30,0.5,0.5
5,2,0,31,0.5,0.5
5,2,0,32,0.5,0.5
5,2,0,33,0.5,0.5
5,2,0,34,0.5,0.5
5,2,0,35,0.5,0.5
5,2,0,36,0.5,0.5
5,2,0,37,0.6,0.6
5,2,0,38,0.0,0.0
5,2,0,39,0.3,0.2
5,2,20,0,0.0,0.0
5,2,20,1,0.0,0.0
5,2,20,2,0.0,0.0
5,2,20,3,0.0,0.0
5,2,20,4,0.0,0.0
5,2,20,5,0.0,0.0
5,2,20,6,0.8,0.8
5,2,20,7,0.8,0.9
5,2,20,8,0.7,0.8
5,2,20,9,0.7,0.8
5,2,20,10,0.7,0.8
5,2,20,11,0.7,0.8
5,2,20,12,0.7,0.8
5,2,20,13,0.7,0.8
5,2,20,14,0.7,0.8
5,2,20,15,0.7,0.8
5,2,20,16,0.7,0.8
5,2,20,17,0.7,0.8
5,2,20,18,0.7,0.8
5,2,20,19,0.4,0.5
5,2,20,20,0.5,0.5
5,2,20,21,0.5,0.5
5,2,20,22,0.5,0.5
5,2,20,23,0.5,0.5
5,2,20,24,0.5,0.5
5,2,20,25,0.5,0.5
5,2,20,26,0.5,0.5
5,2,20,27,0.5,0.5
5,2,20,28,0.5,0.5
5,2,20,29,0.5,0.5
5,2,20,30,0.5,0.4
5,2,20,31,0.5,0.5
5,2,20,32,0.5,0.5
5,2,20,33,0.5,0.5
5,2,20,34,0.5,0.5
5,2,20,35,0.6,0.6
5,2,20,36,0.6,0.6
5,2,20,37,0.6,0.7
5,2,20,38,0.3,0.4
5,2,20,39,0.7,0.5
5,2,40,0,0.0,0.3
5,2,40,1,0.0,0.1
5,2,40,2,0.0,0.1
5,2,40,3,0.0,0.2
5,2,40,4,0.0,0.0
5,2,40,5,0.0,0.0
5,2,40,6,0.1,0.1
5,2,40,7,0.1,0.1
5,2,40,8,0.1,0.1
5,2,40,9,0.1,0.1
5,2,40,10,0.1,0.1
5,2,40,11,0.1,0.1
5,2,40,12,0.1,0.1
5,2,40,13,0.1,0.1
5,2,40,14,0.1,0.1
5,2,40,15,0.1,0.1
5,2,40,16,0.1,0.1
5,2,40,17,0.0,0.0
5,2,40,18,0.0,0.0
5,2,40,19,0.2,0.2
5,2,40,20,0.2,0.2
5,2,40,21,0.2,0.2
5,2,40,22,0.1,0.1
5,2,40,23,0.1,0.1
5,2,40,24,0.1,0.1
5,2,40,25,0.1,0.1
5,2,40,26,0.1,0.1
5,2,40,27,0.0,0.0
5,2,40,28,0.1,0.0
5,2,40,29,0.1,0.1
5,2,40,30,0.0,0.0
5,2,40,31,0.0,0.0
5,2,40,32,0.0,0.0
5,2,40,33,0.0,0.0
5,2,40,34,0.0,0.0
5,2,40,35,0.0,0.0
5,2,40,36,0.0,0.0
5,2,40,37,0.0,0.0
5,2,40,38,0.0,0.0
5,2,40,39,0.1,0.1
6,0,0,0,0.0,0.0
6,0,0,1,0.0,0.0
6,0,0,2,0.0,0.1
6,0,0,3,0.0,0.1
6,0,0,4,0.0,0.0
6,0,0,5,0.0,0.0
6,0,0,6,0.0,0.0
6,0,0,7,0.0,0.0
6,0,0,8,0.0,0.0
6,0,0,9,0.0,0.0
6,0,0,10,0.0,0.0
6,0,0,11,0.0,0.0
6,0,0,12,0.0,0.0
6,0,0,13,0.0,0.0
6,0,0,14,0.0,0.0
6,0,0,15,0.0,0.0
6,0,0,16,0.0,0.0
6,0,0,17,0.0,0.0
6,0,0,18,0.0,0.0
6,0,0,19,0.0,0.0
6,0,0,20,0.0,0.0
6,0,0,21,0.0,0.0
6,0,0,22,0.0,0.0
6,0,0,23,0.0,0.0
6,0,0,24,0.0,0.0
6,0,0,25,0.0,0.0
6,0,0,26,0.0,0.0
6,0,0,27,0.0,0.0
6,0,0,28,0.0,0.0
6,0,0,29,0.0,0.0
6,0,0,30,0.0,0.0
6,0,0,31,0.0,0.0
6,0,0,32,0.0,0.0
6,0,0,33,0.0,0.0
6,0,0,34,0.0,0.0
6,0,0,35,0.0,0.0
6,0,0,36,0.0,0.0
6,0,0,37,0.0,0.0
6,0,0,38,0.0,0.0
6,0,0,39,0.2,0.1
6,0,20,0,0.0,0.0
6,0,20,1,0.1,0.0
6,0,20,2,0.1,0.0
6,0,20,3,0.0,0.0
6,0,20,4,0.0,0.0
6,0,20,5,0.0,0.0
6,0,20,6,0.0,0.0
6,0,20,7,0.0,0.0
6,0,20,8,0.0,0.0
6,0,20,9,0.0,0.0
6,0,20,10,0.0,0.0
6,0,20,11,0.0,0.0
6,0,20,12,0.0,0.0
6,0,20,13,0.0,0.0
6,0,20,14,0.0,0.1
6,0,20,15,0.0,0.1
6,0,20,16,0.0,0.1
6,0,20,17,0.0,0.2
6,0,20,18,0.0,0.2
6,0,20,19,0.0,0.1
6,0,20,20,0.0,0.1
6,0,20,21,0.0,0.2
6,0,20,22,0.0,0.0
6,0,20,23,0.0,0.1
6,0,20,24,0.0,0.1
6,0,20,25,0.0,0.1
6,0,20,26,0.0,0.1
6,0,20,27,0.0,0.1
6,0,20,28,0.0,0.0
6,0,20,29,0.0,0.0
6,0,20,30,0.0,0.0
6,0,20,31,0.0,0.0
6,0,20,32,0.0,0.0
6,0,20,33,0.0,0.0
6,0,20,34,0.0,0.0
6,0,20,35,0.0,0.0
6,0,20,36,0.0,0.0
6,0,20,37,0.0,0.0
6,0,20,38,0.0,0.0
6,0,20,39,0.0,0.0
6,0,40,0,0.0,0.0
6,0,40,1,0.0,0.0
6,0,40,2,0.0,0.0
6,0,40,3,0.0,0.0
6,0,40,4,0.0,0.0
6,0,40,5,0.0,0.0
6,0,40,6,0.6,0.0
6,0,40,7,0.6,0.0
6,0,40,8,0.5,0.0
6,0,40,9,0.5,0.0
6,0,40,10,0.4,0.0
6,0,40,11,0.4,0.0
6,0,40,12,0.4,0.0
6,0,40,13,0.3,0.0
6,0,40,14,0.3,0.0
6,0,40,15,0.3,0.0
6,0,40,16,0.3,0.0
6,0,40,17,0.3,0.0
6,0,40,18,0.3,0.0
6,0,40,19,0.4,0.0
6,0,40,20,0.3,0.0
6,0,40,21,0.3,0.0
6,0,40,22,0.4,0.0
6,0,40,23,0.3,0.0
6,0,40,24,0.2,0.0
6,0,40,25,0.3,0.0
6,0,40,26,0.3,0.0
6,0,40,27,0.4,0.0
6,0,40,28,0.4,0.0
6,0,40,29,0.4,0.0
6,0,40,30,0.4,0.0
6,0,40,31,0.4,0.0
6,0,40,32,0.4,0.0
6,0,40,33,0.4,0.0
6,0,40,34,0.3,0.0
6,0,40,35,0.3,0.0
6,0,40,36,0.2,0.0
6,0,40,37,0.2,0.0
6,0,40,38,0.0,0.0
6,0,40,39,0.2,0.8
6,1,0,0,0.0,0.0
6,1,0,1,0.0,0.0
6,1,0,2,0.0,0.0
6,1,0,3,0.0,0.0
6,1,0,4,0.0,0.0
6,1,0,5,0.0,0.0
6,1,0,6,0.7,0.7
6,1,0,7,0.8,0.8
6,1,0,8,0.7,0.7
6,1,0,9,0.8,0.8
6,1,0,10,0.8,0.8
6,1,0,11,0.7,0.7
6,1,0,12,0.7,0.7
6,1,0,13,0.7,0.7
6,1,0,14,0.7,0.7
6,1,0,15,0.7,0.7
6,1,0,16,0.7,0.7
6,1,0,17,0.7,0.7
6,1,0,18,0.7,0.7
6,1,0,19,0.7,0.7
6,1,0,20,0.7,0.7
6,1,0,21,0.7,0.7
6,1,0,22,0.7,0.7
6,1,0,23,0.7,0.7
6,1,0,24,0.7,0.7
6,1,0,25,0.7,0.7
6,1,0,26,0.7,0.7
6,1,0,27,0.7,0.7
6,1,0,28,0.7,0.7
6,1,0,29,0.6,0.6
6,1,0,30,0.6,0.6
6,1,0,31,0.6,0.6
6,1,0,32,0.5,0.5
6,1,0,33,0.5,0.5
6,1,0,34,0.5,0.5
6,1,0,35,0.5,0.5
6,1,0,36,0.5,0.5
6,1,0,37,0.6,0.6
6,1,0,38,0.2,0.2
6,1,0,39,0.4,0.3
6,1,20,0,0.0,0.0
6,1,20,1,0.0,0.0
6,1,20,2,0.0,0.0
6,1,20,3,0.0,0.0
6,1,20,4,0.0,0.0
6,1,20,5,0.0,0.0
6,1,20,6,0.6,0.0
6,1,20,7,0.5,0.0
6,1,20,8,0.5,0.0
6,1,20,9,0.5,0.0
6,1,20,10,0.5,0.0
6,1,20,11,0.5,0.0
6,1,20,12,0.5,0.0
6,1,20,13,0.4,0.0
6,1,20,14,0.4,0.0
6,1,20,15,0.4,0.0
6,1,20,16,0.4,0.0
6,1,20,17,0.3,0.0
6,1,20,18,0.3,0.0
6,1,20,19,0.4,0.0
6,1,20,20,0.3,0.0
6,1,20,21,0.3,0.0
6,1,20,22,0.4,0.0
6,1,20,23,0.3,0.0
6,1,20,24,0.3,0.0
6,1,20,25,0.3,0.0
6,1,20,26,0.3,0.0
6,1,20,27,0.4,0.0
6,1,20,28,0.4,0.0
6,1,20,29,0.4,0.0
6,1,20,30,0.4,0.0
6,1,20,31,0.4,0.0
6,1,20,32,0.4,0.0
6,1,20,33,0.3,0.0
6,1,20,34,0.3,0.0
6,1,20,35,0.2,0.0
6,1,20,36,0.2,0.0
6,1,20,37,0.1,0.0
6,1,20,38,0.0,0.0
6,1,20,39,0.2,0.8
6,1,40,0,0.0,0.0
6,1,40,1,0.0,0.0
6,1,40,2,0.0,0.0
6,1,40,3,0.0,0.0
6,1,40,4,0.0,0.0
6,1,40,5,0.0,0.0
6,1,40,6,0.0,0.0
6,1,40,7,0.0,0.0
6,1,40,8,0.0,0.0
6,1,40,9,0.0,0.0
6,1,40,10,0.0,0.0
6,1,40,11,0.0,0.0
6,1,40,12,0.0,0.0
6,1,40,13,0.0,0.0
6,1,40,14,0.0,0.0
6,1,40,15,0.0,0.0
6,1,40,16,0.0,0.0
6,1,40,17,0.0,0.0
6,1,40,18,0.0,0.0
6,1,40,19,0.0,0.0
6,1,40,20,0.0,0.0
6,1,40,21,0.0,0.0
6,1,40,22,0.0,0.0
6,1,40,23,0.0,0.0
6,1,40,24,0.0,0.0
6,1,40,25,0.0,0.0
6,1,40,26,0.0,0.0
6,1,40,27,0.0,0.0
6,1,40,28,0.0,0.0
6,1,40,29,0.0,0.0
6,1,40,30,0.0,0.0
6,1,40,31,0.0,0.0
6,1,40,32,0.0,0.0
6,1,40,33,0.0,0.0
6,1,40,34,0.0,0.0
6,1,40,35,0.0,0.0
6,1,40,36,0.0,0.0
6,1,40,37,0.0,0.0
6,1,40,38,0.0,0.0
6,1,40,39,0.1,0.1
6,2,0,0,0.0,0.0
6,2,0,1,0.0,0.0
6,2,0,2,0.0,0.0
6,2,0,3,0.0,0.0
6,2,0,4,0.0,0.0
6,2,0,5,0.0,0.0
6,2,0,6,0.8,0.8
6,2,0,7,0.8,0.8
6,2,0,8,0.8,0.8
6,2,0,9,0.8,0.8
6,2,0,10,0.8,0.8
6,2,0,11,0.8,0.8
6,2,0,12,0.8,0.8
6,2,0,13,0.8,0.8
6,2,0,14,0.8,0.8
6,2,0,15,0.8,0.8
6,2,0,16,0.8,0.8
6,2,0,17,0.7,0.7
6,2,0,18,0.8,0.8
6,2,0,19,0.6,0.6
6,2,0,20,0.6,0.6
6,2,0,21,0.6,0.6
6,2,0,22,0.6,0.6
6,2,0,23,0.6,0.6
6,2,0,24,0.6,0.6
6,2,0,25,0.6,0.6
6,2,0,26,0.6,0.6
6,2,0,27,0.6,0.6
6,2,0,28,0.6,0.6
6,2,0,29,0.6,0.6
6,2,0,30,0.6,0.6
6,2,0,31,0.5,0.5
6,2,0,32,0.5,0.5
6,2,0,33,0.5,0.5
6,2,0,34,0.5,0.5
6,2,0,35,0.5,0.5
6,2,0,36,0.5,0.5
6,2,0,37,0.6,0.6
6,2,0,38,0.5,0.5
6,2,0,39,0.4,0.3
6,2,20,0,0.0,0.0
6,2,20,1,0.0,0.0
6,2,20,2,0.0,0.0
6,2,20,3,0.0,0.1
6,2,20,4,0.2,0.1
6,2,20,5,0.1,0.1
6,2,20,6,0.2,0.0
6,2,20,7,0.1,0.0
6,2,20,8,0.0,0.0
6,2,20,9,0.0,0.0
6,2,20,10,0.0,0.0
6,2,20,11,0.0,0.0
6,2,20,12,0.0,0.0
6,2,20,13,0.0,0.0
6,2,20,14,0.0,0.0
6,2,20,15,0.0,0.0
6,2,20,16,0.0,0.0
6,2,20,17,0.0,0.0
6,2,20,18,0.0,0.0
6,2,20,19,0.2,0.0
6,2,20,20,0.1,0.0
6,2,20,21,0.1,0.0
6,2,20,22,0.1,0.0
6,2,20,23,0.1,0.0
6,2,20,24,0.1,0.0
6,2,20,25,0.1,0.0
6,2,20,26,0.1,0.0
6,2,20,27,0.1,0.0
6,2,20,28,0.1,0.0
6,2,20,29,0.1,0.0
6,2,20,30,0.1,0.0
6,2,20,31,0.1,0.0
6,2,20,32,0.1,0.0
6,2,20,33,0.1,0.0
6,2,20,34,0.0,0.0
6,2,20,35,0.0,0.0
6,2,20,36,0.0,0.0
6,2,20,37,0.0,0.0
6,2,20,38,0.0,0.0
6,2,20,39,0.4,0.2
6,2,40,0,0.0,0.1
6,2,40,1,0.1,0.0
6,2,40,2,0.1,0.0
6,2,40,3,0.0,0.0
6,2,40,4,0.0,0.0
6,2,40,5,0.0,0.0
6,2,40,6,0.2,0.2
6,2,40,7,0.2,0.1
6,2,40,8,0.2,0.1
6,2,40,9,0.2,0.1
6,2,40,10,0.2,0.1
6,2,40,11,0.2,0.1
6,2,40,12,0.2,0.1
6,2,40,13,0.2,0.1
6,2,40,14,0.1,0.1
6,2,40,15,0.1,0.1
6,2,40,16,0.1,0.1
6,2,40,17,0.1,0.1
6,2,40,18,0.1,0.1
6,2,40,19,0.2,0.1
6,2,40,20,0.1,0.1
6,2,40,21,0.1,0.1
6,2,40,22,0.0,0.0
6,2,40,23,0.0,0.0
6,2,40,24,0.0,0.0
6,2,40,25,0.0,0.0
6,2,40,26,0.0,0.0
6,2,40,27,0.0,0.1
6,2,40,28,0.0,0.1
6,2,40,29,0.0,0.0
6,2,40,30,0.0,0.0
6,2,40,31,0.0,0.0
6,2,40,32,0.0,0.0
6,2,40,33,0.0,0.0
6,2,40,34,0.0,0.0
6,2,40,35,0.0,0.0
6,2,40,36,0.0,0.0
6,2,40,37,0.0,0.0
6,2,40,38,0.0,0.0
6,2,40,39,0.1,0.4
7,0,0,0,0.0,0.0
7,0,0,1,0.0,0.0
7,0,0,2,0.0,0.1
7,0,0,3,0.0,0.1
7,0,0,4,0.0,0.0
7,0,0,5,0.0,0.0
7,0,0,6,0.0,0.0
7,0,0,7,0.0,0.0
7,0,0,8,0.0,0.0
7,0,0,9,0.0,0.0
7,0,0,10,0.0,0.0
7,0,0,11,0.0,0.0
7,0,0,12,0.0,0.0
7,0,0,13,0.0,0.0
7,0,0,14,0.0,0.0
7,0,0,15,0.0,0.0
7,0,0,16,0.0,0.0
7,0,0,17,0.0,0.0
7,0,0,18,0.0,0.0
7,0,0,19,0.0,0.0
7,0,0,20,0.0,0.0
7,0,0,21,0.0,0.0
7,0,0,22,0.0,0.0
7,0,0,23,0.0,0.0
7,0,0,24,0.0,0.0
7,0,0,25,0.0,0.0
7,0,0,26,0.0,0.0
7,0,0,27,0.0,0.0
7,0,0,28,0.0,0.0
7,0,0,29,0.0,0.0
7,0,0,30,0.0,0.0
7,0,0,31,0.0,0.0
7,0,0,32,0.0,0.0
7,0,0,33,0.0,0.0
7,0,0,34,0.0,0.0
7,0,0,35,0.0,0.0
7,0,0,36,0.0,0.0
7,0,0,37,0.0,0.0
7,0,0,38,0.0,0.0
7,0,0,39,0.3,0.2
7,0,20,0,0.0,0.0
7,0,20,1,0.0,0.0
7,0,20,2,0.0,0.0
7,0,20,3,0.0,0.0
7,0,20,4,0.0,0.0
7,0,20,5,0.0,0.0
7,0,20,6,0.0,0.0
7,0,20,7,0.0,0.0
7,0,20,8,0.0,0.0
7,0,20,9,0.0,0.0
7,0,20,10,0.0,0.0
7,0,20,11,0.0,0.0
7,0,20,12,0.0,0.0
7,0,20,13,0.0,0.0
7,0,20,14,0.0,0.0
7,0,20,15,0.0,0.0
7,0,20,16,0.0,0.1
7,0,20,17,0.1,0.0
7,0,20,18,0.0,0.0
7,0,20,19,0.1,0.0
7,0,20,20,0.1,0.0
7,0,20,21,0.0,0.0
7,0,20,22,0.0,0.0
7,0,20,23,0.0,0.0
7,0,20,24,0.0,0.0
7,0,20,25,0.0,0.0
7,0,20,26,0.0,0.0
7,0,20,27,0.0,0.0
7,0,20,28,0.0,0.0
7,0,20,29,0.0,0.0
7,0,20,30,0.0,0.0
7,0,20,31,0.0,0.0
7,0,20,32,0.0,0.0
7,0,20,33,0.0,0.0
7,0,20,34,0.0,0.0
7,0,20,35,0.0,0.0
7,0,20,36,0.0,0.0
7,0,20,37,0.0,0.0
7,0,20,38,0.0,0.0
7,0,20,39,0.2,0.3
7,0,40,0,0.0,0.0
7,0,40,1,0.0,0.0
7,0,40,2,0.0,0.0
7,0,40,3,0.0,0.0
7,0,40,4,0.0,0.0
7,0,40,5,0.0,0.0
7,0,40,6,0.0,0.0
7,0,40,7,0.0,0.0
7,0,40,8,0.0,0.0
7,0,40,9,0.0,0.0
7,0,40,10,0.0,0.0
7,0,40,11,0.0,0.0
7,0,40,12,0.0,0.0
7,0,40,13,0.0,0.0
7,0,40,14,0.0,0.1
7,0,40,15,0.0,0.1
7,0,40,16,0.0,0.1
7,0,40,17,0.0,0.1
7,0,40,18,0.0,0.1
7,0,40,19,0.0,0.1
7,0,40,20,0.0,0.1
7,0,40,21,0.0,0.2
7,0,40,22,0.0,0.1
7,0,40,23,0.0,0.1
7,0,40,24,0.0,0.1
7,0,40,25,0.0,0.0
7,0,40,26,0.0,0.0
7,0,40,27,0.0,0.0
7,0,40,28,0.0,0.1
7,0,40,29,0.0,0.0
7,0,40,30,0.0,0.0
7,0,40,31,0.0,0.0
7,0,40,32,0.0,0.1
7,0,40,33,0.0,0.0
7,0,40,34,0.0,0.0
7,0,40,35,0.0,0.0
7,0,40,36,0.0,0.0
7,0,40,37,0.0,0.0
7,0,40,38,0.0,0.0
7,0,40,39,0.2,0.6
7,1,0,0,0.0,0.0
7,1,0,1,0.0,0.0
7,1,0,2,0.0,0.0
7,1,0,3,0.0,0.0
7,1,0,4,0.0,0.0
7,1,0,5,0.0,0.0
7,1,0,6,0.6,0.6
7,1,0,7,0.6,0.6
7,1,0,8,0.6,0.6
7,1,0,9,0.5,0.5
7,1,0,10,0.5,0.5
7,1,0,11,0.5,0.5
7,1,0,12,0.5,0.5
7,1,0,13,0.5,0.5
7,1,0,14,0.5,0.5
7,1,0,15,0.5,0.5
7,1,0,16,0.5,0.5
7,1,0,17,0.5,0.5
7,1,0,18,0.5,0.5
7,1,0,19,0.5,0.5
7,1,0,20,0.5,0.5
7,1,0,21,0.5,0.5
7,1,0,22,0.5,0.5
7,1,0,23,0.5,0.5
7,1,0,24,0.5,0.5
7,1,0,25,0.5,0.5
7,1,0,26,0.5,0.5
7,1,0,27,0.5,0.5
7,1,0,28,0.5,0.5
7,1,0,29,0.5,0.5
7,1,0,30,0.5,0.5
7,1,0,31,0.5,0.5
7,1,0,32,0.5,0.5
7,1,0,33,0.5,0.5
7,1,0,34,0.5,0.5
7,1,0,35,0.5,0.5
7,1,0,36,0.5,0.5
7,1,0,37,0.5,0.5
7,1,0,38,0.0,0.0
7,1,0,39,0.2,0.3
7,1,20,0,0.0,0.0
7,1,20,1,0.0,0.1
7,1,20,2,0.0,0.1
7,1,20,3,0.0,0.0
7,1,20,4,0.0,0.0
7,1,20,5,0.0,0.0
7,1,20,6,0.0,0.0
7,1,20,7,0.0,0.0
7,1,20,8,0.0,0.0
7,1,20,9,0.0,0.0
7,1,20,10,0.0,0.0
7,1,20,11,0.0,0.0
7,1,20,12,0.0,0.0
7,1,20,13,0.0,0.0
7,1,20,14,0.0,0.0
7,1,20,15,0.0,0.0
7,1,20,16,0.0,0.0
7,1,20,17,0.0,0.0
7,1,20,18,0.0,0.0
7,1,20,19,0.0,0.0
7,1,20,20,0.0,0.0
7,1,20,21,0.0,0.0
7,1,20,22,0.0,0.0
7,1,20,23,0.0,0.0
7,1,20,24,0.0,0.0
7,1,20,25,0.0,0.0
7,1,20,26,0.0,0.0
7,1,20,27,0.0,0.0
7,1,20,28,0.0,0.0
7,1,20,29,0.0,0.0
7,1,20,30,0.0,0.0
7,1,20,31,0.0,0.0
7,1,20,32,0.0,0.0
7,1,20,33,0.0,0.0
7,1,20,34,0.0,0.0
7,1,20,35,0.0,0.0
7,1,20,36,0.0,0.0
7,1,20,37,0.0,0.0
7,1,20,38,0.0,0.0
7,1,20,39,0.0,0.2
7,1,40,0,0.0,0.0
7,1,40,1,0.0,0.0
7,1,40,2,0.0,0.0
7,1,40,3,0.0,0.0
7,1,40,4,0.0,0.0
7,1,40,5,0.0,0.0
7,1,40,6,0.0,0.0
7,1,40,7,0.0,0.0
7,1,40,8,0.0,0.0
7,1,40,9,0.0,0.0
7,1,40,10,0.0,0.0
7,1,40,11,0.0,0.0
7,1,40,12,0.0,0.0
7,1,40,13,0.0,0.0
7,1,40,14,0.0,0.0
7,1,40,15,0.0,0.0
7,1,40,16,0.0,0.0
7,1,40,17,0.0,0.0
7,1,40,18,0.0,0.0
7,1,40,19,0.0,0.0
7,1,40,20,0.0,0.0
7,1,40,21,0.0,0.0
7,1,40,22,0.0,0.0
7,1,40,23,0.0,0.0
7,1,40,24,0.0,0.0
7,1,40,25,0.0,0.0
7,1,40,26,0.0,0.0
7,1,40,27,0.0,0.0
7,1,40,28,0.0,0.0
7,1,40,29,0.0,0.0
7,1,40,30,0.0,0.0
7,1,40,31,0.0,0.0
7,1,40,32,0.0,0.0
7,1,40,33,0.0,0.0
7,1,40,34,0.0,0.0
7,1,40,35,0.0,0.0
7,1,40,36,0.0,0.0
7,1,40,37,0.0,0.0
7,1,40,38,0.0,0.0
7,1,40,39,0.0,0.2
7,2,0,0,0.0,0.0
7,2,0,1,0.0,0.0
7,2,0,2,0.0,0.0
7,2,0,3,0.0,0.0
7,2,0,4,0.0,0.0
7,2,0,5,0.0,0.0
7,2,0,6,0.6,0.6
7,2,0,7,0.6,0.6
7,2,0,8,0.6,0.6
7,2,0,9,0.6,0.6
7,2,0,10,0.6,0.6
7,2,0,11,0.6,0.6
7,2,0,12,0.6,0.6
7,2,0,13,0.6,0.6
7,2,0,14,0.6,0.6
7,2,0,15,0.6,0.6
7,2,0,16,0.6,0.6
7,2,0,17,0.6,0.6
7,2,0,18,0.6,0.6
7,2,0,19,0.5,0.5
7,2,0,20,0.5,0.5
7,2,0,21,0.5,0.5
7,2,0,22,0.5,0.5
7,2,0,23,0.5,0.5
7,2,0,24,0.5,0.5
7,2,0,25,0.5,0.5
7,2,0,26,0.5,0.5
7,2,0,27,0.5,0.5
7,2,0,28,0.5,0.5
7,2,0,29,0.5,0.5
7,2,0,30,0.5,0.5
7,2,0,31,0.5,0.5
7,2,0,32,0.5,0.5
7,2,0,33,0.5,0.5
7,2,0,34,0.5,0.5
7,2,0,35,0.5,0.5
7,2,0,36,0.5,0.5
7,2,0,37,0.6,0.6
7,2,0,38,0.0,0.0
7,2,0,39,0.3,0.2
7,2,20,0,0.0,0.0
7,2,20,1,0.0,0.0
7,2,20,2,0.0,0.0
7,2,20,3,0.0,0.0
7,2,20,4,0.0,0.0
7,2,20,5,0.0,0.0
7,2,20,6,0.0,0.0
7,2,20,7,0.0,0.0
7,2,20,8,0.0,0.0
7,2,20,9,0.0,0.0
7,2,20,10,0.0,0.0
7,2,20,11,0.0,0.0
7,2,20,12,0.0,0.0
7,2,20,13,0.0,0.0
7,2,20,14,0.0,0.0
7,2,20,15,0.0,0.0
7,2,20,16,0.0,0.0
7,2,20,17,0.0,0.0
7,2,20,18,0.0,0.0
7,2,20,19,0.0,0.0
7,2,20,20,0.0,0.0
7,2,20,21,0.0,0.0
7,2,20,22,0.0,0.0
7,2,20,23,0.0,0.0
7,2,20,24,0.0,0.0
7,2,20,25,0.0,0.0
7,2,20,26,0.0,0.0
7,2,20,27,0.0,0.0
7,2,20,28,0.0,0.0
7,2,20,29,0.0,0.0
7,2,20,30,0.0,0.0
7,2,20,31,0.0,0.0
7,2,20,32,0.0,0.0
7,2,20,33,0.0,0.0
7,2,20,34,0.0,0.0
7,2,20,35,0.0,0.0
7,2,20,36,0.0,0.0
7,2,20,37,0.0,0.0
7,2,20,38,0.0,0.0
7,2,20,39,0.0,0.1
7,2,40,0,0.0,0.0
7,2,40,1,0.0,0.1
7,2,40,2,0.0,0.1
7,2,40,3,0.0,0.0
7,2,40,4,0.0,0.0
7,2,40,5,0.0,0.0
7,2,40,6,0.1,0.2
7,2,40,7,0.1,0.1
7,2,40,8,0.1,0.1
7,2,40,9,0.1,0.2
7,2,40,10,0.1,0.1
7,2,40,11,0.1,0.2
7,2,40,12,0.1,0.2
7,2,40,13,0.1,0.2
7,2,40,14,0.1,0.1
7,2,40,15,0.1,0.1
7,2,40,16,0.1,0.1
7,2,40,17,0.1,0.1
7,2,40,18,0.1,0.1
7,2,40,19,0.1,0.1
7,2,40,20,0.1,0.1
7,2,40,21,0.1,0.1
7,2,40,22,0.0,0.0
7,2,40,23,0.0,0.0
7,2,40,24,0.0,0.0
7,2,40,25,0.0,0.0
7,2,40,26,0.0,0.0
7,2,40,27,0.0,0.0
7,2,40,28,0.0,0.0
7,2,40,29,0.0,0.0
7,2,40,30,0.0,0.0
7,2,40,31,0.0,0.0
7,2,40,32,0.0,0.0
7,2,40,33,0.0,0.0
7,2,40,34,0.0,0.0
7,2,40,35,0.0,0.0
7,2,40,36,0.0,0.0
7,2,40,37,0.0,0.0
7,2,40,38,0.0,0.0
7,2,40,39,0.0,0.1
8,0,0,0,0.0,0.0
8,0,0,1,0.0,0.0
8,0,0,2,0.0,0.1
8,0,0,3,0.0,0.1
8,0,0,4,0.0,0.0
8,0,0,5,0.0,0.0
8,0,0,6,0.0,0.0
8,0,0,7,0.0,0.0
8,0,0,8,0.0,0.0
8,0,0,9,0.0,0.0
8,0,0,10,0.0,0.0
8,0,0,11,0.0,0.0
8,0,0,12,0.0,0.0
8,0,0,13,0.0,0.0
8,0,0,14,0.0,0.0
8,0,0,15,0.0,0.0
8,0,0,16,0.0,0.0
8,0,0,17,0.0,0.0
8,0,0,18,0.0,0.0
8,0,0,19,0.0,0.0
8,0,0,20,0.0,0.0
8,0,0,21,0.0,0.0
8,0,0,22,0.0,0.0
8,0,0,23,0.0,0.0
8,0,0,24,0.0,0.0
8,0,0,25,0.0,0.0
8,0,0,26,0.0,0.0
8,0,0,27,0.0,0.0
8,0,0,28,0.0,0.0
8,0,0,29,0.0,0.0
8,0,0,30,0.0,0.0
8,0,0,31,0.0,0.0
8,0,0,32,0.0,0.0
8,0,0,33,0.0,0.0
8,0,0,34,0.0,0.0
8,0,0,35,0.0,0.0
8,0,0,36,0.0,0.0
8,0,0,37,0.0,0.0
8,0,0,38,0.0,0.0
8,0,0,39,0.2,0.1
8,0,20,0,0.0,0.0
8,0,20,1,0.0,0.0
8,0,20,2,0.0,0.0
8,0,20,3,0.0,0.0
8,0,20,4,0.0,0.0
8,0,20,5,0.0,0.0
8,0,20,6,0.0,0.0
8,0,20,7,0.0,0.0
8,0,20,8,0.0,0.0
8,0,20,9,0.0,0.0
8,0,20,10,0.0,0.0
8,0,20,11,0.0,0.0
8,0,20,12,0.0,0.0
8,0,20,13,0.0,0.0
8,0,20,14,0.0,0.1
8,0,20,15,0.0,0.1
8,0,20,16,0.0,0.1
8,0,20,17,0.0,0.1
8,0,20,18,0.0,0.1
8,0,20,19,0.0,0.1
8,0,20,20,0.0,0.1
8,0,20,21,0.0,0.2
8,0,20,22,0.0,0.1
8,0,20,23,0.0,0.1
8,0,20,24,0.0,0.2
8,0,20,25,0.0,0.1
8,0,20,26,0.0,0.1
8,0,20,27,0.0,0.1
8,0,20,28,0.0,0.1
8,0,20,29,0.0,0.0
8,0,20,30,0.0,0.0
8,0,20,31,0.0,0.0
8,0,20,32,0.0,0.0
8,0,20,33,0.0,0.0
8,0,20,34,0.0,0.0
8,0,20,35,0.0,0.0
8,0,20,36,0.0,0.0
8,0,20,37,0.0,0.0
8,0,20,38,0.0,0.0
8,0,20,39,0.1,0.5
8,0,40,0,0.0,0.0
8,0,40,1,0.0,0.0
8,0,40,2,0.0,0.0
8,0,40,3,0.0,0.0
8,0,40,4,0.0,0.0
8,0,40,5,0.0,0.0
8,0,40,6,0.0,0.0
8,0,40,7,0.0,0.0
8,0,40,8,0.0,0.0
8,0,40,9,0.0,0.0
8,0,40,10,0.0,0.0
8,0,40,11,0.0,0.0
8,0,40,12,0.0,0.0
8,0,40,13,0.0,0.0
8,0,40,14,0.0,0.0
8,0,40,15,0.0,0.0
8,0,40,16,0.0,0.0
8,0,40,17,0.2,0.0
8,0,40,18,0.1,0.0
8,0,40,19,0.1,0.0
8,0,40,20,0.0,0.0
8,0,40,21,0.2,0.0
8,0,40,22,0.0,0.0
8,0,40,23,0.1,0.0
8,0,40,24,0.1,0.0
8,0,40,25,0.1,0.0
8,0,40,26,0.1,0.0
8,0,40,27,0.1,0.0
8,0,40,28,0.0,0.0
8,0,40,29,0.0,0.0
8,0,40,30,0.0,0.0
8,0,40,31,0.0,0.0
8,0,40,32,0.0,0.0
8,0,40,33,0.0,0.0
8,0,40,34,0.0,0.0
8,0,40,35,0.0,0.0
8,0,40,36,0.0,0.0
8,0,40,37,0.0,0.0
8,0,40,38,0.0,0.0
8,0,40,39,0.3,0.2
8,1,0,0,0.0,0.1
8,1,0,1,0.0,0.1
8,1,0,2,0.0,0.1
8,1,0,3,0.0,0.1
8,1,0,4,0.1,0.0
8,1,0,5,0.0,0.0
8,1,0,6,0.8,0.8
8,1,0,7,0.8,0.8
8,1,0,8,0.8,0.8
8,1,0,9,0.8,0.8
8,1,0,10,0.8,0.8
8,1,0,11,0.8,0.8
8,1,0,12,0.8,0.8
8,1,0,13,0.8,0.8
8,1,0,14,0.8,0.8
8,1,0,15,0.8,0.8
8,1,0,16,0.8,0.8
8,1,0,17,0.8,0.8
8,1,0,18,0.8,0.8
8,1,0,19,0.9,0.9
8,1,0,20,0.9,0.9
8,1,0,21,0.9,0.9
8,1,0,22,0.9,0.9
8,1,0,23,0.9,0.9
8,1,0,24,0.9,0.9
8,1,0,25,0.9,0.9
8,1,0,26,0.8,0.8
8,1,0,27,0.8,0.8
8,1,0,28,0.8,0.8
8,1,0,29,0.8,0.8
8,1,0,30,0.8,0.8
8,1,0,31,0.8,0.8
8,1,0,32,0.8,0.7
8,1,0,33,0.8,0.7
8,1,0,34,0.8,0.7
8,1,0,35,0.8,0.7
8,1,0,36,0.8,0.7
8,1,0,37,0.8,0.8
8,1,0,38,0.8,0.7
8,1,0,39,0.5,0.3
8,1,20,0,0.0,0.0
8,1,20,1,0.0,0.0
8,1,20,2,0.0,0.0
8,1,20,3,0.0,0.0
8,1,20,4,0.0,0.0
8,1,20,5,0.0,0.0
8,1,20,6,0.0,0.0
8,1,20,7,0.0,0.0
8,1,20,8,0.0,0.0
8,1,20,9,0.0,0.0
8,1,20,10,0.0,0.0
8,1,20,11,0.0,0.0
8,1,20,12,0.0,0.0
8,1,20,13,0.0,0.0
8,1,20,14,0.0,0.1
8,1,20,15,0.0,0.1
8,1,20,16,0.0,0.1
8,1,20,17,0.0,0.1
8,1,20,18,0.0,0.1
8,1,20,19,0.0,0.1
8,1,20,20,0.0,0.1
8,1,20,21,0.0,0.2
8,1,20,22,0.0,0.1
8,1,20,23,0.0,0.1
8,1,20,24,0.0,0.1
8,1,20,25,0.0,0.0
8,1,20,26,0.0,0.0
8,1,20,27,0.0,0.0
8,1,20,28,0.0,0.1
8,1,20,29,0.0,0.0
8,1,20,30,0.0,0.0
8,1,20,31,0.0,0.0
8,1,20,32,0.0,0.0
8,1,20,33,0.0,0.0
8,1,20,34,0.0,0.0
8,1,20,35,0.0,0.0
8,1,20,36,0.0,0.0
8,1,20,37,0.0,0.0
8,1,20,38,0.0,0.0
8,1,20,39,0.0,0.0
8,1,40,0,0.0,0.0
8,1,40,1,0.0,0.0
8,1,40,2,0.0,0.0
8,1,40,3,0.0,0.0
8,1,40,4,0.0,0.0
8,1,40,5,0.0,0.0
8,1,40,6,0.0,0.0
8,1,40,7,0.0,0.0
8,1,40,8,0.0,0.0
8,1,40,9,0.0,0.0
8,1,40,10,0.0,0.0
8,1,40,11,0.0,0.0
8,1,40,12,0.0,0.0
8,1,40,13,0.0,0.0
8,1,40,14,0.0,0.0
8,1,40,15,0.0,0.0
8,1,40,16,0.0,0.0
8,1,40,17,0.0,0.0
8,1,40,18,0.0,0.0
8,1,40,19,0.0,0.0
8,1,40,20,0.0,0.0
8,1,40,21,0.0,0.0
8,1,40,22,0.0,0.0
8,1,40,23,0.0,0.0
8,1,40,24,0.0,0.0
8,1,40,25,0.0,0.0
8,1,40,26,0.0,0.0
8,1,40,27,0.0,0.0
8,1,40,28,0.0,0.0
8,1,40,29,0.0,0.0
8,1,40,30,0.0,0.0
8,1,40,31,0.0,0.0
8,1,40,32,0.0,0.0
8,1,40,33,0.0,0.0
8,1,40,34,0.0,0.0
8,1,40,35,0.0,0.0
8,1,40,36,0.0,0.0
8,1,40,37,0.0,0.0
8,1,40,38,0.0,0.0
8,1,40,39,0.1,0.0
8,2,0,0,0.0,0.0
8,2,0,1,0.0,0.0
8,2,0,2,0.0,0.0
8,2,0,3,0.0,0.0
8,2,0,4,0.0,0.0
8,2,0,5,0.0,0.0
8,2,0,6,0.8,0.8
8,2,0,7,0.8,0.8
8,2,0,8,0.8,0.8
8,2,0,9,0.8,0.8
8,2,0,10,0.8,0.8
8,2,0,11,0.8,0.8
8,2,0,12,0.8,0.8
8,2,0,13,0.8,0.8
8,2,0,14,0.8,0.8
8,2,0,15,0.8,0.8
8,2,0,16,0.8,0.8
8,2,0,17,0.8,0.8
8,2,0,18,0.8,0.8
8,2,0,19,0.7,0.7
8,2,0,20,0.7,0.7
8,2,0,21,0.7,0.7
8,2,0,22,0.7,0.7
8,2,0,23,0.6,0.6
8,2,0,24,0.6,0.6
8,2,0,25,0.6,0.6
8,2,0,26,0.6,0.6
8,2,0,27,0.6,0.6
8,2,0,28,0.6,0.6
8,2,0,29,0.6,0.6
8,2,0,30,0.6,0.6
8,2,0,31,0.6,0.6
8,2,0,32,0.6,0.6
8,2,0,33,0.6,0.6
8,2,0,34,0.6,0.6
8,2,0,35,0.6,0.6
8,2,0,36,0.6,0.6
8,2,0,37,0.7,0.7
8,2,0,38,0.5,0.5
8,2,0,39,0.3,0.2
8,2,20,0,0.0,0.0
8,2,20,1,0.0,0.0
8,2,20,2,0.0,0.0
8,2,20,3,0.0,0.0
8,2,20,4,0.0,0.0
8,2,20,5,0.0,0.0
8,2,20,6,0.0,0.1
8,2,20,7,0.0,0.0
8,2,20,8,0.0,0.0
8,2,20,9,0.0,0.0
8,2,20,10,0.0,0.0
8,2,20,11,0.0,0.0
8,2,20,12,0.0,0.0
8,2,20,13,0.0,0.0
8,2,20,14,0.0,0.0
8,2,20,15,0.0,0.0
8,2,20,16,0.0,0.0
8,2,20,17,0.0,0.0
8,2,20,18,0.0,0.0
8,2,20,19,0.0,0.0
8,2,20,20,0.0,0.0
8,2,20,21,0.0,0.0
8,2,20,22,0.0,0.0
8,2,20,23,0.0,0.0
8,2,20,24,0.0,0.0
8,2,20,25,0.0,0.0
8,2,20,26,0.0,0.0
8,2,20,27,0.0,0.0
8,2,20,28,0.0,0.0
8,2,20,29,0.0,0.0
8,2,20,30,0.0,0.0
8,2,20,31,0.0,0.0
8,2,20,32,0.0,0.0
8,2,20,33,0.0,0.0
8,2,20,34,0.0,0.0
8,2,20,35,0.0,0.0
8,2,20,36,0.0,0.0
8,2,20,37,0.0,0.0
8,2,20,38,0.0,0.0
8,2,20,39,0.0,0.1
8,2,40,0,0.0,0.0
8,2,40,1,0.0,0.0
8,2,40,2,0.0,0.0
8,2,40,3,0.0,0.0
8,2,40,4,0.0,0.0
8,2,40,5,0.0,0.0
8,2,40,6,0.1,0.0
8,2,40,7,0.0,0.0
8,2,40,8,0.0,0.0
8,2,40,9,0.0,0.0
8,2,40,10,0.0,0.0
8,2,40,11,0.0,0.0
8,2,40,12,0.0,0.0
8,2,40,13,0.0,0.0
8,2,40,14,0.0,0.0
8,2,40,15,0.0,0.0
8,2,40,16,0.0,0.0
8,2,40,17,0.0,0.0
8,2,40,18,0.0,0.0
8,2,40,19,0.0,0.0
8,2,40,20,0.0,0.0
8,2,40,21,0.0,0.0
8,2,40,22,0.0,0.0
8,2,40,23,0.0,0.0
8,2,40,24,0.0,0.0
8,2,40,25,0.0,0.0
8,2,40,26,0.0,0.0
8,2,40,27,0.0,0.0
8,2,40,28,0.0,0.0
8,2,40,29,0.0,0.0
8,2,40,30,0.0,0.0
8,2,40,31,0.0,0.0
8,2,40,32,0.0,0.0
8,2,40,33,0.0,0.0
8,2,40,34,0.0,0.0
8,2,40,35,0.0,0.0
8,2,40,36,0.0,0.0
8,2,40,37,0.0,0.0
8,2,40,38,0.0,0.0
8,2,40,39,0.1,0.0
9,0,0,0,0.0,0.0
9,0,0,1,0.0,0.0
9,0,0,2,0.0,0.1
9,0,0,3,0.0,0.1
9,0,0,4,0.0,0.0
9,0,0,5,0.0,0.0
9,0,0,6,0.0,0.0
9,0,0,7,0.0,0.0
9,0,0,8,0.0,0.0
9,0,0,9,0.0,0.0
9,0,0,10,0.0,0.0
9,0,0,11,0.0,0.0
9,0,0,12,0.0,0.0
9,0,0,13,0.0,0.0
9,0,0,14,0.0,0.0
9,0,0,15,0.0,0.0
9,0,0,16,0.0,0.0
9,0,0,17,0.0,0.0
9,0,0,18,0.0,0.0
9,0,0,19,0.0,0.0
9,0,0,20,0.0,0.0
9,0,0,21,0.0,0.0
9,0,0,22,0.0,0.0
9,0,0,23,0.0,0.0
9,0,0,24,0.0,0.0
9,0,0,25,0.0,0.0
9,0,0,26,0.0,0.0
9,0,0,27,0.0,0.0
9,0,0,28,0.0,0.0
9,0,0,29,0.0,0.0
9,0,0,30,0.0,0.0
9,0,0,31,0.0,0.0
9,0,0,32,0.0,0.0
9,0,0,33,0.0,0.0
9,0,0,34,0.0,0.0
9,0,0,35,0.0,0.0
9,0,0,36,0.0,0.0
9,0,0,37,0.0,0.0
9,0,0,38,0.0,0.0
9,0,0,39,0.2,0.1
9,0,20,0,0.0,0.0
9,0,20,1,0.0,0.0
9,0,20,2,0.0,0.0
9,0,20,3,0.0,0.0
9,0,20,4,0.0,0.0
9,0,20,5,0.0,0.0
9,0,20,6,0.0,0.0
9,0,20,7,0.0,0.0
9,0,20,8,0.0,0.0
9,0,20,9,0.0,0.0
9,0,20,10,0.0,0.0
9,0,20,11,0.0,0.0
9,0,20,12,0.0,0.0
9,0,20,13,0.0,0.0
9,0,20,14,0.0,0.0
9,0,20,15,0.0,0.0
9,0,20,16,0.0,0.1
9,0,20,17,0.0,0.0
9,0,20,18,0.0,0.0
9,0,20,19,0.0,0.0
9,0,20,20,0.0,0.0
9,0,20,21,0.0,0.0
9,0,20,22,0.0,0.0
9,0,20,23,0.0,0.1
9,0,20,24,0.0,0.1
9,0,20,25,0.0,0.0
9,0,20,26,0.0,0.0
9,0,20,27,0.0,0.0
9,0,20,28,0.0,0.0
9,0,20,29,0.0,0.0
9,0,20,30,0.0,0.0
9,0,20,31,0.0,0.0
9,0,20,32,0.0,0.0
9,0,20,33,0.0,0.0
9,0,20,34,0.0,0.0
9,0,20,35,0.0,0.0
9,0,20,36,0.0,0.0
9,0,20,37,0.0,0.0
9,0,20,38,0.0,0.0
9,0,20,39,0.2,0.5
9,0,40,0,0.0,0.0
9,0,40,1,0.0,0.0
9,0,40,2,0.0,0.0
9,0,40,3,0.0,0.0
9,0,40,4,0.0,0.0
9,0,40,5,0.0,0.0
9,0,40,6,0.2,0.0
9,0,40,7,0.2,0.0
9,0,40,8,0.2,0.0
9,0,40,9,0.2,0.0
9,0,40,10,0.2,0.0
9,0,40,11,0.2,0.0
9,0,40,12,0.2,0.0
9,0,40,13,0.2,0.0
9,0,40,14,0.2,0.0
9,0,40,15,0.2,0.0
9,0,40,16,0.2,0.0
9,0,40,17,0.2,0.0
9,0,40,18,0.2,0.0
9,0,40,19,0.2,0.0
9,0,40,20,0.1,0.0
9,0,40,21,0.1,0.0
9,0,40,22,0.0,0.0
9,0,40,23,0.0,0.0
9,0,40,24,0.1,0.0
9,0,40,25,0.0,0.0
9,0,40,26,0.0,0.0
9,0,40,27,0.0,0.0
9,0,40,28,0.0,0.0
9,0,40,29,0.0,0.0
9,0,40,30,0.0,0.0
9,0,40,31,0.0,0.0
9,0,40,32,0.0,0.0
9,0,40,33,0.0,0.0
9,0,40,34,0.0,0.0
9,0,40,35,0.0,0.0
9,0,40,36,0.0,0.0
9,0,40,37,0.0,0.0
9,0,40,38,0.0,0.0
9,0,40,39,0.1,0.7
9,1,0,0,0.0,0.0
9,1,0,1,0.0,0.0
9,1,0,2,0.0,0.0
9,1,0,3,0.0,0.0
9,1,0,4,0.0,0.0
9,1,0,5,0.0,0.0
9,1,0,6,0.7,0.7
9,1,0,7,0.7,0.7
9,1,0,8,0.7,0.7
9,1,0,9,0.7,0.7
9,1,0,10,0.7,0.7
9,1,0,11,0.7,0.7
9,1,0,12,0.7,0.7
9,1,0,13,0.7,0.7
9,1,0,14,0.7,0.7
9,1,0,15,0.7,0.7
9,1,0,16,0.7,0.7
9,1,0,17,0.7,0.7
9,1,0,18,0.7,0.7
9,1,0,19,0.5,0.5
9,1,0,20,0.5,0.5
9,1,0,21,0.5,0.5
9,1,0,22,0.5,0.5
9,1,0,23,0.5,0.5
9,1,0,24,0.5,0.5
9,1,0,25,0.5,0.5
9,1,0,26,0.5,0.5
9,1,0,27,0.5,0.5
9,1,0,28,0.5,0.5
9,1,0,29,0.5,0.5
9,1,0,30,0.5,0.5
9,1,0,31,0.5,0.5
9,1,0,32,0.5,0.5
9,1,0,33,0.5,0.5
9,1,0,34,0.5,0.5
9,1,0,35,0.5,0.5
9,1,0,36,0.5,0.5
9,1,0,37,0.6,0.6
9,1,0,38,0.3,0.2
9,1,0,39,0.3,0.2
9,1,20,0,0.0,0.0
9,1,20,1,0.0,0.0
9,1,20,2,0.0,0.0
9,1,20,3,0.0,0.0
9,1,20,4,0.0,0.0
9,1,20,5,0.0,0.0
9,1,20,6,0.0,0.0
9,1,20,7,0.0,0.0
9,1,20,8,0.0,0.0
9,1,20,9,0.0,0.0
9,1,20,10,0.0,0.0
9,1,20,11,0.0,0.0
9,1,20,12,0.0,0.0
9,1,20,13,0.0,0.0
9,1,20,14,0.0,0.0
9,1,20,15,0.0,0.0
9,1,20,16,0.0,0.0
9,1,20,17,0.0,0.0
9,1,20,18,0.0,0.0
9,1,20,19,0.0,0.0
9,1,20,20,0.0,0.0
9,1,20,21,0.0,0.0
9,1,20,22,0.0,0.0
9,1,20,23,0.0,0.0
9,1,20,24,0.0,0.0
9,1,20,25,0.0,0.0
9,1,20,26,0.0,0.0
9,1,20,27,0.0,0.0
9,1,20,28,0.0,0.0
9,1,20,29,0.0,0.0
9,1,20,30,0.0,0.0
9,1,20,31,0.0,0.0
9,1,20,32,0.0,0.0
9,1,20,33,0.0,0.0
9,1,20,34,0.0,0.0
9,1,20,35,0.0,0.0
9,1,20,36,0.0,0.0
9,1,20,37,0.0,0.0
9,1,20,38,0.0,0.0
9,1,20,39,0.1,0.0
9,1,40,0,0.0,0.0
9,1,40,1,0.1,0.0
9,1,40,2,0.1,0.0
9,1,40,3,0.0,0.0
9,1,40,4,0.0,0.0
9,1,40,5,0.0,0.0
9,1,40,6,0.0,0.0
9,1,40,7,0.0,0.0
9,1,40,8,0.0,0.0
9,1,40,9,0.0,0.0
9,1,40,10,0.0,0.0
9,1,40,11,0.0,0.0
9,1,40,12,0.0,0.0
9,1,40,13,0.0,0.0
9,1,40,14,0.0,0.0
9,1,40,15,0.0,0.0
9,1,40,16,0.0,0.0
9,1,40,17,0.0,0.0
9,1,40,18,0.0,0.0
9,1,40,19,0.0,0.0
9,1,40,20,0.0,0.0
9,1,40,21,0.0,0.0
9,1,40,22,0.0,0.0
9,1,40,23,0.0,0.0
9,1,40,24,0.0,0.0
9,1,40,25,0.0,0.0
9,1,40,26,0.0,0.0
9,1,40,27,0.0,0.0
9,1,40,28,0.0,0.0
9,1,40,29,0.0,0.0
9,1,40,30,0.0,0.0
9,1,40,31,0.0,0.0
9,1,40,32,0.0,0.0
9,1,40,33,0.0,0.0
9,1,40,34,0.0,0.0
9,1,40,35,0.0,0.0
9,1,40,36,0.0,0.0
9,1,40,37,0.0,0.0
9,1,40,38,0.0,0.0
9,1,40,39,0.2,0.0
9,2,0,0,0.0,0.0
9,2,0,1,0.0,0.0
9,2,0,2,0.0,0.0
9,2,0,3,0.0,0.0
9,2,0,4,0.0,0.0
9,2,0,5,0.0,0.0
9,2,0,6,0.7,0.7
9,2,0,7,0.7,0.7
9,2,0,8,0.7,0.7
9,2,0,9,0.7,0.7
9,2,0,10,0.7,0.7
9,2,0,11,0.7,0.7
9,2,0,12,0.7,0.7
9,2,0,13,0.7,0.7
9,2,0,14,0.7,0.7
9,2,0,15,0.7,0.7
9,2,0,16,0.7,0.7
9,2,0,17,0.7,0.7
9,2,0,18,0.7,0.7
9,2,0,19,0.6,0.6
9,2,0,20,0.6,0.6
9,2,0,21,0.5,0.5
9,2,0,22,0.5,0.5
9,2,0,23,0.5,0.5
9,2,0,24,0.5,0.5
9,2,0,25,0.5,0.5
9,2,0,26,0.5,0.5
9,2,0,27,0.5,0.5
9,2,0,28,0.5,0.5
9,2,0,29,0.5,0.5
9,2,0,30,0.5,0.5
9,2,0,31,0.6,0.5
9,2,0,32,0.6,0.5
9,2,0,33,0.6,0.5
9,2,0,34,0.6,0.5
9,2,0,35,0.6,0.5
9,2,0,36,0.6,0.5
9,2,0,37,0.6,0.6
9,2,0,38,0.0,0.0
9,2,0,39,0.4,0.3
9,2,20,0,0.0,0.0
9,2,20,1,0.0,0.0
9,2,20,2,0.0,0.0
9,2,20,3,0.0,0.0
9,2,20,4,0.0,0.0
9,2,20,5,0.0,0.0
9,2,20,6,0.3,0.2
9,2,20,7,0.2,0.1
9,2,20,8,0.2,0.1
9,2,20,9,0.2,0.1
9,2,20,10,0.2,0.1
9,2,20,11,0.2,0.1
9,2,20,12,0.2,0.1
9,2,20,13,0.2,0.1
9,2,20,14,0.2,0.1
9,2,20,15,0.2,0.1
9,2,20,16,0.2,0.1
9,2,20,17,0.2,0.1
9,2,20,18,0.2,0.1
9,2,20,19,0.1,0.1
9,2,20,20,0.1,0.1
9,2,20,21,0.1,0.1
9,2,20,22,0.0,0.0
9,2,20,23,0.1,0.1
9,2,20,24,0.1,0.1
9,2,20,25,0.1,0.1
9,2,20,26,0.0,0.0
9,2,20,27,0.0,0.0
9,2,20,28,0.0,0.0
9,2,20,29,0.0,0.0
9,2,20,30,0.0,0.0
9,2,20,31,0.0,0.0
9,2,20,32,0.0,0.0
9,2,20,33,0.0,0.0
9,2,20,34,0.0,0.0
9,2,20,35,0.0,0.0
9,2,20,36,0.0,0.0
9,2,20,37,0.0,0.0
9,2,20,38,0.0,0.0
9,2,20,39,0.2,0.1
9,2,40,0,0.0,0.0
9,2,40,1,0.0,0.0
9,2,40,2,0.1,0.0
9,2,40,3,0.0,0.0
9,2,40,4,0.0,0.0
9,2,40,5,0.0,0.0
9,2,40,6,0.1,0.1
9,2,40,7,0.1,0.1
9,2,40,8,0.1,0.1
9,2,40,9,0.1,0.1
9,2,40,10,0.1,0.1
9,2,40,11,0.1,0.1
9,2,40,12,0.1,0.1
9,2,40,13,0.0,0.0
9,2,40,14,0.0,0.0
9,2,40,15,0.0,0.0
9,2,40,16,0.0,0.0
9,2,40,17,0.0,0.0
9,2,40,18,0.0,0.0
9,2,40,19,0.0,0.0
9,2,40,20,0.0,0.0
9,2,40,21,0.0,0.0
9,2,40,22,0.0,0.0
9,2,40,23,0.0,0.0
9,2,40,24,0.0,0.0
9,2,40,25,0.0,0.0
9,2,40,26,0.0,0.0
9,2,40,27,0.0,0.0
9,2,40,28,0.0,0.0
9,2,40,29,0.0,0.0
9,2,40,30,0.0,0.0
9,2,40,31,0.0,0.0
9,2,40,32,0.0,0.0
9,2,40,33,0.0,0.0
9,2,40,34,0.0,0.0
9,2,40,35,0.0,0.0
9,2,40,36,0.0,0.0
9,2,40,37,0.0,0.0
9,2,40,38,0.0,0.0
9,2,40,39,0.2,0.2
10,0,0,0,0.0,0.0
10,0,0,1,0.0,0.0
10,0,0,2,0.0,0.1
10,0,0,3,0.0,0.1
10,0,0,4,0.0,0.0
10,0,0,5,0.0,0.0
10,0,0,6,0.0,0.0
10,0,0,7,0.0,0.0
10,0,0,8,0.0,0.0
10,0,0,9,0.0,0.0
10,0,0,10,0.0,0.0
10,0,0,11,0.0,0.0
10,0,0,12,0.0,0.0
10,0,0,13,0.0,0.0
10,0,0,14,0.0,0.0
10,0,0,15,0.0,0.0
10,0,0,16,0.0,0.0
10,0,0,17,0.0,0.0
10,0,0,18,0.0,0.0
10,0,0,19,0.0,0.0
10,0,0,20,0.0,0.0
10,0,0,21,0.0,0.0
10,0,0,22,0.0,0.0
10,0,0,23,0.0,0.0
10,0,0,24,0.0,0.0
10,0,0,25,0.0,0.0
10,0,0,26,0.0,0.0
10,0,0,27,0.0,0.0
10,0,0,28,0.0,0.0
10,0,0,29,0.0,0.0
10,0,0,30,0.0,0.0
10,0,0,31,0.0,0.0
10,0,0,32,0.0,0.0
10,0,0,33,0.0,0.0
10,0,0,34,0.0,0.0
10,0,0,35,0.0,0.0
10,0,0,36,0.0,0.0
10,0,0,37,0.0,0.0
10,0,0,38,0.0,0.0
10,0,0,39,0.2,0.1
10,0,20,0,0.0,0.0
10,0,20,1,0.0,0.0
10,0,20,2,0.0,0.0
10,0,20,3,0.0,0.0
10,0,20,4,0.0,0.0
10,0,20,5,0.0,0.0
10,0,20,6,0.0,0.3
10,0,20,7,0.0,0.4
10,0,20,8,0.0,0.4
10,0,20,9,0.0,0.4
10,0,20,10,0.0,0.4
10,0,20,11,0.0,0.3
10,0,20,12,0.0,0.4
10,0,20,13,0.0,0.4
10,0,20,14,0.0,0.3
10,0,20,15,0.0,0.3
10,0,20,16,0.0,0.3
10,0,20,17,0.0,0.3
10,0,20,18,0.0,0.3
10,0,20,19,0.0,0.4
10,0,20,20,0.0,0.3
10,0,20,21,0.0,0.3
10,0,20,22,0.0,0.4
10,0,20,23,0.0,0.3
10,0,20,24,0.0,0.3
10,0,20,25,0.0,0.3
10,0,20,26,0.0,0.3
10,0,20,27,0.0,0.4
10,0,20,28,0.0,0.4
10,0,20,29,0.0,0.4
10,0,20,30,0.0,0.4
10,0,20,31,0.0,0.4
10,0,20,32,0.0,0.4
10,0,20,33,0.0,0.4
10,0,20,34,0.0,0.4
10,0,20,35,0.0,0.4
10,0,20,36,0.0,0.4
10,0,20,37,0.0,0.4
10,0,20,38,0.0,0.0
10,0,20,39,0.5,0.3
10,0,40,0,0.0,0.0
10,0,40,1,0.0,0.6
10,0,40,2,0.4,0.7
10,0,40,3,0.4,0.7
10,0,40,4,0.7,0.8
10,0,40,5,0.6,0.7
10,0,40,6,0.8,0.8
10,0,40,7,0.7,0.8
10,0,40,8,0.7,0.7
10,0,40,9,0.7,0.7
10,0,40,10,0.7,0.8
10,0,40,11,0.6,0.6
10,0,40,12,0.6,0.6
10,0,40,13,0.6,0.6
10,0,40,14,0.7,0.7
10,0,40,15,0.7,0.7
10,0,40,16,0.7,0.7
10,0,40,17,0.7,0.7
10,0,40,18,0.7,0.8
10,0,40,19,0.5,0.5
10,0,40,20,0.6,0.6
10,0,40,21,0.6,0.6
10,0,40,22,0.6,0.6
10,0,40,23,0.6,0.6
10,0,40,24,0.6,0.6
10,0,40,25,0.5,0.5
10,0,40,26,0.5,0.5
10,0,40,27,0.5,0.5
10,0,40,28,0.5,0.5
10,0,40,29,0.5,0.5
10,0,40,30,0.5,0.5
10,0,40,31,0.5,0.5
10,0,40,32,0.5,0.5
10,0,40,33,0.6,0.6
10,0,40,34,0.6,0.6
10,0,40,35,0.6,0.6
10,0,40,36,0.5,0.6
10,0,40,37,0.5,0.6
10,0,40,38,0.3,0.4
10,0,40,39,0.6,0.6
10,1,0,0,0.0,0.0
10,1,0,1,0.0,0.0
10,1,0,2,0.0,0.0
10,1,0,3,0.0,0.0
10,1,0,4,0.0,0.0
10,1,0,5,0.0,0.0
10,1,0,6,0.7,0.7
10,1,0,7,0.7,0.7
10,1,0,8,0.7,0.7
10,1,0,9,0.7,0.7
10,1,0,10,0.7,0.7
10,1,0,11,0.7,0.7
10,1,0,12,0.7,0.7
10,1,0,13,0.7,0.7
10,1,0,14,0.7,0.7
10,1,0,15,0.7,0.7
10,1,0,16,0.7,0.7
10,1,0,17,0.7,0.7
10,1,0,18,0.7,0.7
10,1,0,19,0.7,0.7
10,1,0,20,0.7,0.7
10,1,0,21,0.6,0.6
10,1,0,22,0.6,0.6
10,1,0,23,0.6,0.6
10,1,0,24,0.6,0.6
10,1,0,25,0.6,0.6
10,1,0,26,0.5,0.5
10,1,0,27,0.5,0.5
10,1,0,28,0.5,0.5
10,1,0,29,0.5,0.5
10,1,0,30,0.5,0.5
10,1,0,31,0.5,0.5
10,1,0,32,0.5,0.5
10,1,0,33,0.5,0.5
10,1,0,34,0.5,0.5
10,1,0,35,0.5,0.5
10,1,0,36,0.5,0.5
10,1,0,37,0.6,0.6
10,1,0,38,0.4,0.5
10,1,0,39,0.2,0.3
10,1,20,0,0.0,0.0
10,1,20,1,0.0,0.0
10,1,20,2,0.0,0.0
10,1,20,3,0.0,0.0
10,1,20,4,0.0,0.0
10,1,20,5,0.0,0.0
10,1,20,6,0.6,0.4
10,1,20,7,0.4,0.3
10,1,20,8,0.4,0.3
10,1,20,9,0.4,0.3
10,1,20,10,0.3,0.2
10,1,20,11,0.4,0.3
10,1,20,12,0.4,0.3
10,1,20,13,0.4,0.3
10,1,20,14,0.5,0.3
10,1,20,15,0.5,0.3
10,1,20,16,0.5,0.3
10,1,20,17,0.5,0.3
10,1,20,18,0.5,0.3
10,1,20,19,0.3,0.3
10,1,20,20,0.3,0.3
10,1,20,21,0.2,0.2
10,1,20,22,0.2,0.2
10,1,20,23,0.2,0.2
10,1,20,24,0.2,0.2
10,1,20,25,0.2,0.2
10,1,20,26,0.2,0.2
10,1,20,27,0.2,0.2
10,1,20,28,0.2,0.2
10,1,20,29,0.2,0.2
10,1,20,30,0.2,0.2
10,1,20,31,0.2,0.2
10,1,20,32,0.1,0.1
10,1,20,33,0.3,0.2
10,1,20,34,0.2,0.1
10,1,20,35,0.2,0.1
10,1,20,36,0.2,0.1
10,1,20,37,0.2,0.1
10,1,20,38,0.0,0.0
10,1,20,39,0.3,0.2
10,1,40,0,0.0,0.0
10,1,40,1,0.0,0.0
10,1,40,2,0.0,0.0
10,1,40,3,0.0,0.0
10,1,40,4,0.0,0.0
10,1,40,5,0.0,0.0
10,1,40,6,0.0,0.0
10,1,40,7,0.0,0.0
10,1,40,8,0.0,0.0
10,1,40,9,0.0,0.0
10,1,40,10,0.0,0.0
10,1,40,11,0.0,0.0
10,1,40,12,0.0,0.0
10,1,40,13,0.0,0.0
10,1,40,14,0.0,0.0
10,1,40,15,0.0,0.0
10,1,40,16,0.0,0.0
10,1,40,17,0.0,0.0
10,1,40,18,0.0,0.0
10,1,40,19,0.0,0.0
10,1,40,20,0.0,0.0
10,1,40,21,0.0,0.0
10,1,40,22,0.0,0.0
10,1,40,23,0.0,0.0
10,1,40,24,0.0,0.0
10,1,40,25,0.0,0.0
10,1,40,26,0.0,0.0
10,1,40,27,0.0,0.0
10,1,40,28,0.0,0.0
10,1,40,29,0.0,0.0
10,1,40,30,0.0,0.0
10,1,40,31,0.0,0.0
10,1,40,32,0.0,0.0
10,1,40,33,0.0,0.0
10,1,40,34,0.0,0.0
10,1,40,35,0.0,0.0
10,1,40,36,0.0,0.0
10,1,40,37,0.0,0.0
10,1,40,38,0.0,0.1
10,1,40,39,0.1,0.1
10,2,0,0,0.0,0.0
10,2,0,1,0.0,0.0
10,2,0,2,0.0,0.0
10,2,0,3,0.0,0.0
10,2,0,4,0.0,0.0
10,2,0,5,0.0,0.0
10,2,0,6,0.7,0.7
10,2,0,7,0.7,0.7
10,2,0,8,0.7,0.7
10,2,0,9,0.7,0.7
10,2,0,10,0.7,0.7
10,2,0,11,0.7,0.7
10,2,0,12,0.7,0.7
10,2,0,13,0.7,0.7
10,2,0,14,0.7,0.7
10,2,0,15,0.7,0.7
10,2,0,16,0.7,0.7
10,2,0,17,0.7,0.7
10,2,0,18,0.7,0.7
10,2,0,19,0.6,0.6
10,2,0,20,0.6,0.6
10,2,0,21,0.6,0.6
10,2,0,22,0.6,0.6
10,2,0,23,0.5,0.5
10,2,0,24,0.5,0.5
10,2,0,25,0.5,0.5
10,2,0,26,0.5,0.5
10,2,0,27,0.5,0.5
10,2,0,28,0.5,0.5
10,2,0,29,0.5,0.5
10,2,0,30,0.5,0.5
10,2,0,31,0.5,0.5
10,2,0,32,0.5,0.5
10,2,0,33,0.5,0.5
10,2,0,34,0.5,0.5
10,2,0,35,0.5,0.5
10,2,0,36,0.5,0.5
10,2,0,37,0.6,0.6
10,2,0,38,0.4,0.4
10,2,0,39,0.4,0.3
10,2,20,0,0.0,0.0
10,2,20,1,0.0,0.0
10,2,20,2,0.0,0.0
10,2,20,3,0.0,0.0
10,2,20,4,0.0,0.0
10,2,20,5,0.0,0.0
10,2,20,6,0.0,0.0
10,2,20,7,0.0,0.0
10,2,20,8,0.0,0.0
10,2,20,9,0.0,0.0
10,2,20,10,0.0,0.0
10,2,20,11,0.0,0.0
10,2,20,12,0.0,0.0
10,2,20,13,0.0,0.0
10,2,20,14,0.0,0.0
10,2,20,15,0.0,0.0
10,2,20,16,0.0,0.0
10,2,20,17,0.0,0.0
10,2,20,18,0.0,0.0
10,2,20,19,0.0,0.0
10,2,20,20,0.0,0.0
10,2,20,21,0.0,0.0
10,2,20,22,0.0,0.0
10,2,20,23,0.0,0.0
10,2,20,24,0.0,0.0
10,2,20,25,0.0,0.0
10,2,20,26,0.0,0.0
10,2,20,27,0.0,0.0
10,2,20,28,0.0,0.0
10,2,20,29,0.0,0.0
10,2,20,30,0.0,0.0
10,2,20,31,0.0,0.0
10,2,20,32,0.0,0.0
10,2,20,33,0.0,0.0
10,2,20,34,0.0,0.0
10,2,20,35,0.0,0.0
10,2,20,36,0.0,0.0
10,2,20,37,0.0,0.0
10,2,20,38,0.0,0.0
10,2,20,39,0.1,0.0
10,2,40,0,0.0,0.0
10,2,40,1,0.0,0.0
10,2,40,2,0.0,0.0
10,2,40,3,0.0,0.0
10,2,40,4,0.0,0.0
10,2,40,5,0.0,0.0
10,2,40,6,0.0,0.0
10,2,40,7,0.0,0.0
10,2,40,8,0.0,0.0
10,2,40,9,0.0,0.0
10,2,40,10,0.0,0.0
10,2,40,11,0.0,0.0
10,2,40,12,0.0,0.0
10,2,40,13,0.0,0.0
10,2,40,14,0.0,0.0
10,2,40,15,0.0,0.0
10,2,40,16,0.0,0.0
10,2,40,17,0.0,0.0
10,2,40,18,0.0,0.0
10,2,40,19,0.0,0.0
10,2,40,20,0.0,0.0
10,2,40,21,0.0,0.0
10,2,40,22,0.0,0.0
10,2,40,23,0.0,0.0
10,2,40,24,0.0,0.0
10,2,40,25,0.0,0.0
10,2,40,26,0.0,0.0
10,2,40,27,0.0,0.0
10,2,40,28,0.0,0.0
10,2,40,29,0.0,0.0
10,2,40,30,0.0,0.0
10,2,40,31,0.0,0.0
10,2,40,32,0.0,0.0
10,2,40,33,0.0,0.0
10,2,40,34,0.0,0.0
10,2,40,35,0.0,0.0
10,2,40,36,0.0,0.0
10,2,40,37,0.0,0.0
10,2,40,38,0.0,0.0
10,2,40,39,0.1,0.1
11,0,0,0,0.0,0.0
11,0,0,1,0.0,0.0
11,0,0,2,0.0,0.1
11,0,0,3,0.0,0.1
11,0,0,4,0.0,0.0
11,0,0,5,0.0,0.0
11,0,0,6,0.0,0.0
11,0,0,7,0.0,0.0
11,0,0,8,0.0,0.0
11,0,0,9,0.0,0.0
11,0,0,10,0.0,0.0
11,0,0,11,0.0,0.0
11,0,0,12,0.0,0.0
11,0,0,13,0.0,0.0
11,0,0,14,0.0,0.0
11,0,0,15,0.0,0.0
11,0,0,16,0.0,0.0
11,0,0,17,0.0,0.0
11,0,0,18,0.0,0.0
11,0,0,19,0.0,0.0
11,0,0,20,0.0,0.0
11,0,0,21,0.0,0.0
11,0,0,22,0.0,0.0
11,0,0,23,0.0,0.0
11,0,0,24,0.0,0.0
11,0,0,25,0.0,0.0
11,0,0,26,0.0,0.0
11,0,0,27,0.0,0.0
11,0,0,28,0.0,0.0
11,0,0,29,0.0,0.0
11,0,0,30,0.0,0.0
11,0,0,31,0.0,0.0
11,0,0,32,0.0,0.0
11,0,0,33,0.0,0.0
11,0,0,34,0.0,0.0
11,0,0,35,0.0,0.0
11,0,0,36,0.0,0.0
11,0,0,37,0.0,0.0
11,0,0,38,0.0,0.0
11,0,0,39,0.2,0.1
11,0,20,0,0.0,0.0
11,0,20,1,0.0,0.0
11,0,20,2,0.0,0.0
11,0,20,3,0.0,0.0
11,0,20,4,0.0,0.0
11,0,20,5,0.0,0.0
11,0,20,6,0.3,0.0
11,0,20,7,0.2,0.0
11,0,20,8,0.2,0.0
11,0,20,9,0.2,0.0
11,0,20,10,0.2,0.0
11,0,20,11,0.3,0.0
11,0,20,12,0.3,0.0
11,0,20,13,0.3,0.0
11,0,20,14,0.3,0.0
11,0,20,15,0.3,0.0
11,0,20,16,0.3,0.0
11,0,20,17,0.3,0.0
11,0,20,18,0.3,0.0
11,0,20,19,0.2,0.0
11,0,20,20,0.1,0.0
11,0,20,21,0.1,0.0
11,0,20,22,0.1,0.0
11,0,20,23,0.1,0.0
11,0,20,24,0.1,0.0
11,0,20,25,0.1,0.0
11,0,20,26,0.1,0.0
11,0,20,27,0.2,0.0
11,0,20,28,0.1,0.0
11,0,20,29,0.1,0.0
11,0,20,30,0.1,0.0
11,0,20,31,0.1,0.0
11,0,20,32,0.1,0.0
11,0,20,33,0.1,0.0
11,0,20,34,0.1,0.0
11,0,20,35,0.1,0.0
11,0,20,36,0.0,0.0
11,0,20,37,0.0,0.0
11,0,20,38,0.0,0.1
11,0,20,39,0.2,0.8
11,0,40,0,0.0,0.0
11,0,40,1,0.0,0.0
11,0,40,2,0.0,0.0
11,0,40,3,0.0,0.0
11,0,40,4,0.0,0.0
11,0,40,5,0.0,0.0
11,0,40,6,0.7,0.7
11,0,40,7,0.7,0.7
11,0,40,8,0.8,0.7
11,0,40,9,0.8,0.7
11,0,40,10,0.8,0.7
11,0,40,11,0.7,0.7
11,0,40,12,0.7,0.7
11,0,40,13,0.7,0.7
11,0,40,14,0.7,0.7
11,0,40,15,0.7,0.7
11,0,40,16,0.7,0.7
11,0,40,17,0.7,0.7
11,0,40,18,0.7,0.7
11,0,40,19,0.5,0.5
11,0,40,20,0.6,0.6
11,0,40,21,0.5,0.5
11,0,40,22,0.5,0.5
11,0,40,23,0.5,0.5
11,0,40,24,0.5,0.5
11,0,40,25,0.5,0.5
11,0,40,26,0.5,0.5
11,0,40,27,0.5,0.5
11,0,40,28,0.5,0.5
11,0,40,29,0.5,0.5
11,0,40,30,0.5,0.5
11,0,40,31,0.5,0.5
11,0,40,32,0.5,0.5
11,0,40,33,0.6,0.6
11,0,40,34,0.6,0.6
11,0,40,35,0.6,0.6
11,0,40,36,0.6,0.5
11,0,40,37,0.5,0.5
11,0,40,38,0.3,0.3
11,0,40,39,0.7,0.7
11,1,0,0,0.0,0.0
11,1,0,1,0.0,0.0
11,1,0,2,0.0,0.1
11,1,0,3,0.0,0.1
11,1,0,4,0.0,0.0
11,1,0,5,0.0,0.0
11,1,0,6,0.8,0.8
11,1,0,7,0.8,0.8
11,1,0,8,0.8,0.8
11,1,0,9,0.8,0.8
11,1,0,10,0.8,0.8
11,1,0,11,0.8,0.8
11,1,0,12,0.8,0.8
11,1,0,13,0.8,0.8
11,1,0,14,0.8,0.8
11,1,0,15,0.8,0.8
11,1,0,16,0.8,0.8
11,1,0,17,0.8,0.8
11,1,0,18,0.8,0.8
11,1,0,19,0.8,0.8
11,1,0,20,0.8,0.8
11,1,0,21,0.7,0.7
11,1,0,22,0.8,0.8
11,1,0,23,0.8,0.8
11,1,0,24,0.8,0.8
11,1,0,25,0.8,0.8
11,1,0,26,0.8,0.8
11,1,0,27,0.8,0.8
11,1,0,28,0.8,0.8
11,1,0,29,0.8,0.8
11,1,0,30,0.8,0.8
11,1,0,31,0.7,0.7
11,1,0,32,0.7,0.7
11,1,0,33,0.7,0.7
11,1,0,34,0.7,0.7
11,1,0,35,0.6,0.6
11,1,0,36,0.6,0.6
11,1,0,37,0.6,0.6
11,1,0,38,0.6,0.6
11,1,0,39,0.3,0.2
11,1,20,0,0.2,0.2
11,1,20,1,0.2,0.2
11,1,20,2,0.3,0.1
11,1,20,3,0.2,0.1
11,1,20,4,0.1,0.0
11,1,20,5,0.0,0.0
11,1,20,6,0.5,0.4
11,1,20,7,0.5,0.4
11,1,20,8,0.4,0.3
11,1,20,9,0.4,0.3
11,1,20,10,0.4,0.3
11,1,20,11,0.5,0.4
11,1,20,12,0.4,0.3
11,1,20,13,0.4,0.3
11,1,20,14,0.4,0.3
11,1,20,15,0.4,0.3
11,1,20,16,0.4,0.3
11,1,20,17,0.4,0.3
11,1,20,18,0.3,0.2
11,1,20,19,0.3,0.2
11,1,20,20,0.2,0.2
11,1,20,21,0.2,0.2
11,1,20,22,0.3,0.2
11,1,20,23,0.2,0.2
11,1,20,24,0.2,0.2
11,1,20,25,0.2,0.2
11,1,20,26,0.2,0.2
11,1,20,27,0.3,0.2
11,1,20,28,0.3,0.2
11,1,20,29,0.3,0.2
11,1,20,30,0.3,0.2
11,1,20,31,0.2,0.2
11,1,20,32,0.2,0.3
11,1,20,33,0.2,0.3
11,1,20,34,0.2,0.3
11,1,20,35,0.1,0.2
11,1,20,36,0.1,0.2
11,1,20,37,0.1,0.2
11,1,20,38,0.0,0.0
11,1,20,39,0.3,0.9
11,1,40,0,0.0,0.1
11,1,40,1,0.0,0.0
11,1,40,2,0.0,0.0
11,1,40,3,0.0,0.0
11,1,40,4,0.1,0.0
11,1,40,5,0.0,0.0
11,1,40,6,0.0,0.0
11,1,40,7,0.0,0.0
11,1,40,8,0.0,0.0
11,1,40,9,0.0,0.0
11,1,40,10,0.0,0.0
11,1,40,11,0.0,0.0
11,1,40,12,0.0,0.0
11,1,40,13,0.0,0.0
11,1,40,14,0.0,0.0
11,1,40,15,0.0,0.0
11,1,40,16,0.0,0.0
11,1,40,17,0.0,0.0
11,1,40,18,0.0,0.0
11,1,40,19,0.0,0.0
11,1,40,20,0.0,0.0
11,1,40,21,0.0,0.0
11,1,40,22,0.0,0.0
11,1,40,23,0.0,0.0
11,1,40,24,0.0,0.0
11,1,40,25,0.0,0.0
11,1,40,26,0.0,0.0
11,1,40,27,0.0,0.0
11,1,40,28,0.0,0.0
11,1,40,29,0.0,0.0
11,1,40,30,0.0,0.0
11,1,40,31,0.0,0.0
11,1,40,32,0.0,0.0
11,1,40,33,0.0,0.0
11,1,40,34,0.0,0.0
11,1,40,35,0.0,0.0
11,1,40,36,0.0,0.0
11,1,40,37,0.0,0.0
11,1,40,38,0.0,0.0
11,1,40,39,0.2,0.1
11,2,0,0,0.0,0.0
11,2,0,1,0.0,0.0
11,2,0,2,0.0,0.1
11,2,0,3,0.0,0.1
11,2,0,4,0.0,0.0
11,2,0,5,0.0,0.0
11,2,0,6,0.6,0.6
11,2,0,7,0.6,0.6
11,2,0,8,0.6,0.6
11,2,0,9,0.6,0.6
11,2,0,10,0.6,0.6
11,2,0,11,0.6,0.6
11,2,0,12,0.6,0.6
11,2,0,13,0.6,0.6
11,2,0,14,0.6,0.6
11,2,0,15,0.6,0.6
11,2,0,16,0.6,0.6
11,2,0,17,0.6,0.6
11,2,0,18,0.6,0.6
11,2,0,19,0.6,0.6
11,2,0,20,0.6,0.6
11,2,0,21,0.5,0.5
11,2,0,22,0.5,0.5
11,2,0,23,0.5,0.5
11,2,0,24,0.5,0.5
11,2,0,25,0.5,0.5
11,2,0,26,0.5,0.5
11,2,0,27,0.5,0.5
11,2,0,28,0.5,0.5
11,2,0,29,0.5,0.5
11,2,0,30,0.5,0.5
11,2,0,31,0.5,0.5
11,2,0,32,0.5,0.5
11,2,0,33,0.5,0.5
11,2,0,34,0.5,0.5
11,2,0,35,0.5,0.5
11,2,0,36,0.5,0.5
11,2,0,37,0.6,0.6
11,2,0,38,0.2,0.2
11,2,0,39,0.3,0.2
11,2,20,0,0.0,0.0
11,2,20,1,0.0,0.0
11,2,20,2,0.0,0.0
11,2,20,3,0.0,0.0
11,2,20,4,0.0,0.0
11,2,20,5,0.0,0.0
11,2,20,6,0.0,0.0
11,2,20,7,0.0,0.0
11,2,20,8,0.0,0.0
11,2,20,9,0.0,0.0
11,2,20,10,0.0,0.0
11,2,20,11,0.0,0.0
11,2,20,12,0.0,0.0
11,2,20,13,0.0,0.0
11,2,20,14,0.0,0.0
11,2,20,15,0.0,0.0
11,2,20,16,0.0,0.0
11,2,20,17,0.0,0.0
11,2,20,18,0.0,0.0
11,2,20,19,0.0,0.0
11,2,20,20,0.0,0.0
11,2,20,21,0.0,0.0
11,2,20,22,0.0,0.0
11,2,20,23,0.0,0.0
11,2,20,24,0.0,0.0
11,2,20,25,0.0,0.0
11,2,20,26,0.0,0.0
11,2,20,27,0.0,0.0
11,2,20,28,0.0,0.0
11,2,20,29,0.0,0.0
11,2,20,30,0.0,0.0
11,2,20,31,0.0,0.0
11,2,20,32,0.0,0.0
11,2,20,33,0.0,0.0
11,2,20,34,0.0,0.0
11,2,20,35,0.0,0.0
11,2,20,36,0.0,0.0
11,2,20,37,0.0,0.0
11,2,20,38,0.0,0.0
11,2,20,39,0.2,0.1
11,2,40,0,0.0,0.0
11,2,40,1,0.0,0.0
11,2,40,2,0.0,0.0
11,2,40,3,0.0,0.0
11,2,40,4,0.0,0.0
11,2,40,5,0.0,0.0
11,2,40,6,0.0,0.0
11,2,40,7,0.0,0.0
11,2,40,8,0.0,0.0
11,2,40,9,0.0,0.0
11,2,40,10,0.0,0.0
11,2,40,11,0.0,0.0
11,2,40,12,0.0,0.0
11,2,40,13,0.0,0.0
11,2,40,14,0.0,0.0
11,2,40,15,0.0,0.0
11,2,40,16,0.0,0.0
11,2,40,17,0.0,0.0
11,2,40,18,0.0,0.0
11,2,40,19,0.0,0.0
11,2,40,20,0.0,0.0
11,2,40,21,0.0,0.0
11,2,40,22,0.0,0.0
11,2,40,23,0.0,0.0
11,2,40,24,0.0,0.0
11,2,40,25,0.0,0.0
11,2,40,26,0.0,0.0
11,2,40,27,0.0,0.0
11,2,40,28,0.0,0.0
11,2,40,29,0.0,0.0
11,2,40,30,0.0,0.0
11,2,40,31,0.0,0.0
11,2,40,32,0.0,0.0
11,2,40,33,0.0,0.0
11,2,40,34,0.0,0.0
11,2,40,35,0.0,0.0
11,2,40,36,0.0,0.0
11,2,40,37,0.0,0.0
11,2,40,38,0.0,0.0
11,2,40,39,0.2,0.1
12,0,0,0,0.0,0.0
12,0,0,1,0.0,0.0
12,0,0,2,0.0,0.0
12,0,0,3,0.0,0.0
12,0,0,4,0.0,0.0
12,0,0,5,0.0,0.0
12,0,0,6,0.0,0.0
12,0,0,7,0.0,0.0
12,0,0,8,0.0,0.0
12,0,0,9,0.0,0.0
12,0,0,10,0.0,0.0
12,0,0,11,0.0,0.0
12,0,0,12,0.0,0.0
12,0,0,13,0.0,0.0
12,0,0,14,0.0,0.0
12,0,0,15,0.0,0.0
12,0,0,16,0.0,0.0
12,0,0,17,0.0,0.0
12,0,0,18,0.0,0.0
12,0,0,19,0.0,0.0
12,0,0,20,0.0,0.0
12,0,0,21,0.0,0.0
12,0,0,22,0.0,0.0
12,0,0,23,0.0,0.0
12,0,0,24,0.0,0.0
12,0,0,25,0.0,0.0
12,0,0,26,0.0,0.0
12,0,0,27,0.0,0.0
12,0,0,28,0.0,0.0
12,0,0,29,0.0,0.0
12,0,0,30,0.0,0.0
12,0,0,31,0.0,0.0
12,0,0,32,0.0,0.0
12,0,0,33,0.0,0.0
12,0,0,34,0.0,0.0
12,0,0,35,0.0,0.0
12,0,0,36,0.0,0.0
12,0,0,37,0.0,0.0
12,0,0,38,0.0,0.0
12,0,0,39,0.2,0.0
12,0,20,0,0.0,0.0
12,0,20,1,0.0,0.0
12,0,20,2,0.0,0.0
12,0,20,3,0.0,0.0
12,0,20,4,0.0,0.0
12,0,20,5,0.0,0.0
12,0,20,6,0.0,0.0
12,0,20,7,0.0,0.0
12,0,20,8,0.0,0.0
12,0,20,9,0.0,0.0
12,0,20,10,0.0,0.0
12,0,20,11,0.0,0.0
12,0,20,12,0.0,0.0
12,0,20,13,0.0,0.0
12,0,20,14,0.0,0.0
12,0,20,15,0.0,0.0
12,0,20,16,0.0,0.0
12,0,20,17,0.0,0.0
12,0,20,18,0.0,0.0
12,0,20,19,0.0,0.0
12,0,20,20,0.0,0.0
12,0,20,21,0.0,0.0
12,0,20,22,0.0,0.0
12,0,20,23,0.0,0.0
12,0,20,24,0.0,0.0
12,0,20,25,0.0,0.0
12,0,20,26,0.0,0.0
12,0,20,27,0.0,0.0
12,0,20,28,0.0,0.0
12,0,20,29,0.0,0.0
12,0,20,30,0.0,0.0
12,0,20,31,0.0,0.0
12,0,20,32,0.0,0.0
12,0,20,33,0.0,0.0
12,0,20,34,0.0,0.0
12,0,20,35,0.0,0.0
12,0,20,36,0.0,0.0
12,0,20,37,0.0,0.0
12,0,20,38,0.0,0.0
12,0,20,39,0.2,0.3
12,0,40,0,0.1,0.1
12,0,40,1,0.0,0.0
12,0,40,2,0.0,0.0
12,0,40,3,0.0,0.0
12,0,40,4,0.0,0.0
12,0,40,5,0.0,0.0
12,0,40,6,0.7,0.0
12,0,40,7,0.7,0.0
12,0,40,8,0.7,0.0
12,0,40,9,0.7,0.0
12,0,40,10,0.7,0.0
12,0,40,11,0.7,0.0
12,0,40,12,0.7,0.0
12,0,40,13,0.7,0.0
12,0,40,14,0.7,0.0
12,0,40,15,0.7,0.0
12,0,40,16,0.7,0.0
12,0,40,17,0.6,0.0
12,0,40,18,0.7,0.0
12,0,40,19,0.5,0.0
12,0,40,20,0.4,0.0
12,0,40,21,0.4,0.0
12,0,40,22,0.5,0.0
12,0,40,23,0.4,0.0
12,0,40,24,0.4,0.0
12,0,40,25,0.4,0.0
12,0,40,26,0.4,0.0
12,0,40,27,0.5,0.0
12,0,40,28,0.5,0.0
12,0,40,29,0.6,0.0
12,0,40,30,0.6,0.0
12,0,40,31,0.5,0.0
12,0,40,32,0.5,0.0
12,0,40,33,0.5,0.0
12,0,40,34,0.5,0.0
12,0,40,35,0.5,0.0
12,0,40,36,0.5,0.0
12,0,40,37,0.5,0.0
12,0,40,38,0.0,0.0
12,0,40,39,0.3,0.7
12,1,0,0,0.0,0.0
12,1,0,1,0.0,0.0
12,1,0,2,0.0,0.0
12,1,0,3,0.0,0.0
12,1,0,4,0.0,0.0
12,1,0,5,0.0,0.0
12,1,0,6,0.7,0.7
12,1,0,7,0.8,0.8
12,1,0,8,0.7,0.7
12,1,0,9,0.8,0.8
12,1,0,10,0.8,0.8
12,1,0,11,0.8,0.8
12,1,0,12,0.8,0.8
12,1,0,13,0.7,0.7
12,1,0,14,0.7,0.7
12,1,0,15,0.7,0.7
12,1,0,16,0.7,0.7
12,1,0,17,0.7,0.7
12,1,0,18,0.7,0.7
12,1,0,19,0.6,0.6
12,1,0,20,0.6,0.6
12,1,0,21,0.5,0.5
12,1,0,22,0.5,0.5
12,1,0,23,0.5,0.5
12,1,0,24,0.5,0.5
12,1,0,25,0.5,0.5
12,1,0,26,0.6,0.6
12,1,0,27,0.6,0.7
12,1,0,28,0.6,0.7
12,1,0,29,0.6,0.7
12,1,0,30,0.6,0.7
12,1,0,31,0.6,0.6
12,1,0,32,0.5,0.6
12,1,0,33,0.6,0.6
12,1,0,34,0.6,0.7
12,1,0,35,0.5,0.6
12,1,0,36,0.6,0.7
12,1,0,37,0.5,0.6
12,1,0,38,0.0,0.0
12,1,0,39,0.4,0.4
12,1,20,0,0.0,0.0
12,1,20,1,0.0,0.0
12,1,20,2,0.0,0.0
12,1,20,3,0.0,0.0
12,1,20,4,0.0,0.0
12,1,20,5,0.0,0.0
12,1,20,6,0.3,0.0
12,1,20,7,0.3,0.0
12,1,20,8,0.3,0.0
12,1,20,9,0.3,0.0
12,1,20,10,0.3,0.0
12,1,20,11,0.3,0.0
12,1,20,12,0.3,0.0
12,1,20,13,0.3,0.0
12,1,20,14,0.3,0.0
12,1,20,15,0.3,0.0
12,1,20,16,0.3,0.0
12,1,20,17,0.2,0.0
12,1,20,18,0.2,0.0
12,1,20,19,0.2,0.0
12,1,20,20,0.2,0.0
12,1,20,21,0.1,0.0
12,1,20,22,0.2,0.0
12,1,20,23,0.2,0.0
12,1,20,24,0.1,0.0
12,1,20,25,0.1,0.0
12,1,20,26,0.1,0.0
12,1,20,27,0.1,0.0
12,1,20,28,0.1,0.0
12,1,20,29,0.1,0.0
12,1,20,30,0.1,0.0
12,1,20,31,0.1,0.0
12,1,20,32,0.1,0.0
12,1,20,33,0.1,0.0
12,1,20,34,0.1,0.0
12,1,20,35,0.1,0.0
12,1,20,36,0.1,0.0
12,1,20,37,0.0,0.0
12,1,20,38,0.0,0.0
12,1,20,39,0.1,0.7
12,1,40,0,0.1,0.0
12,1,40,1,0.1,0.0
12,1,40,2,0.1,0.0
12,1,40,3,0.1,0.0
12,1,40,4,0.0,0.0
12,1,40,5,0.0,0.0
12,1,40,6,0.1,0.1
12,1,40,7,0.1,0.1
12,1,40,8,0.1,0.1
12,1,40,9,0.1,0.1
12,1,40,10,0.1,0.1
12,1,40,11,0.1,0.1
12,1,40,12,0.1,0.1
12,1,40,13,0.1,0.1
12,1,40,14,0.1,0.1
12,1,40,15,0.1,0.1
12,1,40,16,0.0,0.0
12,1,40,17,0.0,0.0
12,1,40,18,0.0,0.0
12,1,40,19,0.1,0.1
12,1,40,20,0.1,0.1
12,1,40,21,0.0,0.0
12,1,40,22,0.0,0.0
12,1,40,23,0.0,0.0
12,1,40,24,0.0,0.0
12,1,40,25,0.0,0.0
12,1,40,26,0.0,0.0
12,1,40,27,0.0,0.0
12,1,40,28,0.0,0.0
12,1,40,29,0.0,0.0
12,1,40,30,0.0,0.0
12,1,40,31,0.0,0.0
12,1,40,32,0.0,0.0
12,1,40,33,0.0,0.0
12,1,40,34,0.0,0.0
12,1,40,35,0.0,0.0
12,1,40,36,0.0,0.0
12,1,40,37,0.0,0.0
12,1,40,38,0.0,0.0
12,1,40,39,0.0,0.0
12,2,0,0,0.0,0.0
12,2,0,1,0.0,0.0
12,2,0,2,0.0,0.0
12,2,0,3,0.0,0.0
12,2,0,4,0.0,0.0
12,2,0,5,0.0,0.0
12,2,0,6,0.7,0.7
12,2,0,7,0.7,0.7
12,2,0,8,0.7,0.7
12,2,0,9,0.8,0.8
12,2,0,10,0.7,0.7
12,2,0,11,0.8,0.8
12,2,0,12,0.8,0.8
12,2,0,13,0.7,0.7
12,2,0,14,0.7,0.7
12,2,0,15,0.6,0.6
12,2,0,16,0.6,0.6
12,2,0,17,0.6,0.6
12,2,0,18,0.6,0.6
12,2,0,19,0.7,0.7
12,2,0,20,0.7,0.7
12,2,0,21,0.7,0.7
12,2,0,22,0.7,0.7
12,2,0,23,0.7,0.7
12,2,0,24,0.7,0.7
12,2,0,25,0.7,0.7
12,2,0,26,0.6,0.6
12,2,0,27,0.6,0.6
12,2,0,28,0.6,0.6
12,2,0,29,0.5,0.5
12,2,0,30,0.5,0.5
12,2,0,31,0.5,0.5
12,2,0,32,0.5,0.5
12,2,0,33,0.5,0.5
12,2,0,34,0.5,0.5
12,2,0,35,0.5,0.5
12,2,0,36,0.5,0.5
12,2,0,37,0.6,0.6
12,2,0,38,0.2,0.2
12,2,0,39,0.3,0.2
12,2,20,0,0.0,0.0
12,2,20,1,0.0,0.0
12,2,20,2,0.0,0.0
12,2,20,3,0.0,0.0
12,2,20,4,0.0,0.0
12,2,20,5,0.0,0.0
12,2,20,6,0.0,0.0
12,2,20,7,0.0,0.0
12,2,20,8,0.0,0.0
12,2,20,9,0.0,0.0
12,2,20,10,0.0,0.0
12,2,20,11,0.0,0.0
12,2,20,12,0.0,0.0
12,2,20,13,0.0,0.0
12,2,20,14,0.0,0.0
12,2,20,15,0.0,0.0
12,2,20,16,0.0,0.0
12,2,20,17,0.0,0.0
12,2,20,18,0.0,0.0
12,2,20,19,0.0,0.0
12,2,20,20,0.0,0.0
12,2,20,21,0.0,0.0
12,2,20,22,0.0,0.0
12,2,20,23,0.0,0.0
12,2,20,24,0.0,0.0
12,2,20,25,0.0,0.0
12,2,20,26,0.0,0.0
12,2,20,27,0.0,0.0
12,2,20,28,0.0,0.0
12,2,20,29,0.0,0.0
12,2,20,30,0.0,0.0
12,2,20,31,0.0,0.0
12,2,20,32,0.0,0.0
12,2,20,33,0.0,0.0
12,2,20,34,0.0,0.0
12,2,20,35,0.0,0.0
12,2,20,36,0.0,0.0
12,2,20,37,0.0,0.0
12,2,20,38,0.0,0.0
12,2,20,39,0.3,0.3
12,2,40,0,0.0,0.1
12,2,40,1,0.0,0.0
12,2,40,2,0.0,0.0
12,2,40,3,0.0,0.0
12,2,40,4,0.0,0.0
12,2,40,5,0.0,0.0
12,2,40,6,0.0,0.0
12,2,40,7,0.0,0.0
12,2,40,8,0.0,0.0
12,2,40,9,0.0,0.0
12,2,40,10,0.0,0.0
12,2,40,11,0.0,0.0
12,2,40,12,0.0,0.0
12,2,40,13,0.0,0.0
12,2,40,14,0.0,0.0
12,2,40,15,0.0,0.0
12,2,40,16,0.0,0.0
12,2,40,17,0.0,0.0
12,2,40,18,0.0,0.0
12,2,40,19,0.0,0.0
12,2,40,20,0.0,0.0
12,2,40,21,0.0,0.0
12,2,40,22,0.0,0.0
12,2,40,23,0.0,0.0
12,2,40,24,0.0,0.0
12,2,40,25,0.0,0.0
12,2,40,26,0.0,0.0
12,2,40,27,0.0,0.0
12,2,40,28,0.0,0.0
12,2,40,29,0.0,0.0
12,2,40,30,0.0,0.0
12,2,40,31,0.0,0.0
12,2,40,32,0.0,0.0
12,2,40,33,0.0,0.0
12,2,40,34,0.0,0.0
12,2,40,35,0.0,0.0
12,2,40,36,0.0,0.0
12,2,40,37,0.0,0.0
12,2,40,38,0.0,0.0
12,2,40,39,0.1,0.1
13,0,0,0,0.0,0.0
13,0,0,1,0.0,0.0
13,0,0,2,0.0,0.1
13,0,0,3,0.0,0.1
13,0,0,4,0.0,0.0
13,0,0,5,0.0,0.0
13,0,0,6,0.0,0.0
13,0,0,7,0.0,0.0
13,0,0,8,0.0,0.0
13,0,0,9,0.0,0.0
13,0,0,10,0.0,0.0
13,0,0,11,0.0,0.0
13,0,0,12,0.0,0.0
13,0,0,13,0.0,0.0
13,0,0,14,0.0,0.0
13,0,0,15,0.0,0.0
13,0,0,16,0.0,0.0
13,0,0,17,0.0,0.0
13,0,0,18,0.0,0.0
13,0,0,19,0.0,0.0
13,0,0,20,0.0,0.0
13,0,0,21,0.0,0.0
13,0,0,22,0.0,0.0
13,0,0,23,0.0,0.0
13,0,0,24,0.0,0.0
13,0,0,25,0.0,0.0
13,0,0,26,0.0,0.0
13,0,0,27,0.0,0.0
13,0,0,28,0.0,0.0
13,0,0,29,0.0,0.0
13,0,0,30,0.0,0.0
13,0,0,31,0.0,0.0
13,0,0,32,0.0,0.0
13,0,0,33,0.0,0.0
13,0,0,34,0.0,0.0
13,0,0,35,0.0,0.0
13,0,0,36,0.0,0.0
13,0,0,37,0.0,0.0
13,0,0,38,0.0,0.0
13,0,0,39,0.2,0.1
13,0,20,0,0.0,0.0
13,0,20,1,0.0,0.0
13,0,20,2,0.0,0.0
13,0,20,3,0.0,0.0
13,0,20,4,0.0,0.0
13,0,20,5,0.0,0.0
13,0,20,6,0.8,0.8
13,0,20,7,0.9,0.8
13,0,20,8,0.7,0.7
13,0,20,9,0.8,0.8
13,0,20,10,0.9,0.8
13,0,20,11,0.7,0.7
13,0,20,12,0.7,0.7
13,0,20,13,0.7,0.7
13,0,20,14,0.7,0.7
13,0,20,15,0.7,0.7
13,0,20,16,0.7,0.7
13,0,20,17,0.7,0.7
13,0,20,18,0.8,0.7
13,0,20,19,0.8,0.8
13,0,20,20,0.8,0.8
13,0,20,21,0.8,0.8
13,0,20,22,0.8,0.8
13,0,20,23,0.8,0.8
13,0,20,24,0.8,0.8
13,0,20,25,0.8,0.8
13,0,20,26,0.8,0.8
13,0,20,27,0.8,0.8
13,0,20,28,0.8,0.8
13,0,20,29,0.8,0.8
13,0,20,30,0.8,0.8
13,0,20,31,0.8,0.8
13,0,20,32,0.8,0.8
13,0,20,33,0.8,0.8
13,0,20,34,0.8,0.8
13,0,20,35,0.8,0.8
13,0,20,36,0.8,0.7
13,0,20,37,0.8,0.7
13,0,20,38,0.5,0.4
13,0,20,39,0.4,0.4
13,0,40,0,0.0,0.0
13,0,40,1,0.0,0.0
13,0,40,2,0.0,0.0
13,0,40,3,0.0,0.0
13,0,40,4,0.0,0.0
13,0,40,5,0.0,0.0
13,0,40,6,0.8,0.8
13,0,40,7,0.7,0.7
13,0,40,8,0.7,0.8
13,0,40,9,0.7,0.8
13,0,40,10,0.7,0.8
13,0,40,11,0.7,0.7
13,0,40,12,0.7,0.7
13,0,40,13,0.7,0.7
13,0,40,14,0.7,0.7
13,0,40,15,0.7,0.7
13,0,40,16,0.7,0.7
13,0,40,17,0.7,0.7
13,0,40,18,0.7,0.7
13,0,40,19,0.6,0.6
13,0,40,20,0.6,0.6
13,0,40,21,0.6,0.6
13,0,40,22,0.6,0.6
13,0,40,23,0.6,0.6
13,0,40,24,0.6,0.6
13,0,40,25,0.6,0.6
13,0,40,26,0.6,0.6
13,0,40,27,0.6,0.6
13,0,40,28,0.6,0.6
13,0,40,29,0.6,0.6
13,0,40,30,0.6,0.6
13,0,40,31,0.6,0.6
13,0,40,32,0.6,0.6
13,0,40,33,0.6,0.6
13,0,40,34,0.6,0.6
13,0,40,35,0.6,0.6
13,0,40,36,0.6,0.7
13,0,40,37,0.5,0.5
13,0,40,38,0.3,0.3
13,0,40,39,0.4,0.5
13,1,0,0,0.0,0.0
13,1,0,1,0.0,0.0
13,1,0,2,0.0,0.0
13,1,0,3,0.0,0.0
13,1,0,4,0.0,0.0
13,1,0,5,0.0,0.0
13,1,0,6,0.6,0.6
13,1,0,7,0.7,0.7
13,1,0,8,0.7,0.7
13,1,0,9,0.7,0.7
13,1,0,10,0.7,0.7
13,1,0,11,0.7,0.7
13,1,0,12,0.7,0.7
13,1,0,13,0.7,0.7
13,1,0,14,0.6,0.6
13,1,0,15,0.6,0.6
13,1,0,16,0.6,0.6
13,1,0,17,0.6,0.6
13,1,0,18,0.6,0.6
13,1,0,19,0.6,0.6
13,1,0,20,0.6,0.6
13,1,0,21,0.6,0.6
13,1,0,22,0.6,0.6
13,1,0,23,0.6,0.6
13,1,0,24,0.6,0.6
13,1,0,25,0.6,0.6
13,1,0,26,0.6,0.6
13,1,0,27,0.5,0.5
13,1,0,28,0.5,0.5
13,1,0,29,0.5,0.5
13,1,0,30,0.5,0.5
13,1,0,31,0.5,0.5
13,1,0,32,0.5,0.5
13,1,0,33,0.5,0.5
13,1,0,34,0.5,0.5
13,1,0,35,0.5,0.5
13,1,0,36,0.5,0.5
13,1,0,37,0.6,0.6
13,1,0,38,0.0,0.0
13,1,0,39,0.3,0.2
13,1,20,0,0.0,0.0
13,1,20,1,0.1,0.0
13,1,20,2,0.1,0.0
13,1,20,3,0.0,0.0
13,1,20,4,0.0,0.0
13,1,20,5,0.0,0.0
13,1,20,6,0.2,0.1
13,1,20,7,0.2,0.1
13,1,20,8,0.2,0.1
13,1,20,9,0.2,0.1
13,1,20,10,0.2,0.1
13,1,20,11,0.2,0.1
13,1,20,12,0.2,0.1
13,1,20,13,0.2,0.1
13,1,20,14,0.2,0.1
13,1,20,15,0.2,0.1
13,1,20,16,0.2,0.1
13,1,20,17,0.2,0.1
13,1,20,18,0.1,0.1
13,1,20,19,0.2,0.1
13,1,20,20,0.1,0.1
13,1,20,21,0.1,0.1
13,1,20,22,0.0,0.0
13,1,20,23,0.0,0.0
13,1,20,24,0.0,0.0
13,1,20,25,0.0,0.0
13,1,20,26,0.0,0.0
13,1,20,27,0.0,0.0
13,1,20,28,0.0,0.0
13,1,20,29,0.0,0.0
13,1,20,30,0.0,0.0
13,1,20,31,0.0,0.0
13,1,20,32,0.0,0.0
13,1,20,33,0.0,0.0
13,1,20,34,0.0,0.0
13,1,20,35,0.0,0.0
13,1,20,36,0.0,0.0
13,1,20,37,0.0,0.0
13,1,20,38,0.0,0.0
13,1,20,39,0.1,0.0
13,1,40,0,0.0,0.1
13,1,40,1,0.1,0.0
13,1,40,2,0.1,0.0
13,1,40,3,0.0,0.1
13,1,40,4,0.0,0.0
13,1,40,5,0.0,0.0
13,1,40,6,0.0,0.0
13,1,40,7,0.0,0.0
13,1,40,8,0.0,0.0
13,1,40,9,0.0,0.0
13,1,40,10,0.0,0.0
13,1,40,11,0.0,0.0
13,1,40,12,0.0,0.0
13,1,40,13,0.0,0.0
13,1,40,14,0.0,0.0
13,1,40,15,0.0,0.0
13,1,40,16,0.0,0.0
13,1,40,17,0.0,0.0
13,1,40,18,0.0,0.0
13,1,40,19,0.0,0.0
13,1,40,20,0.0,0.0
13,1,40,21,0.0,0.0
13,1,40,22,0.0,0.0
13,1,40,23,0.0,0.0
13,1,40,24,0.0,0.0
13,1,40,25,0.0,0.0
13,1,40,26,0.0,0.0
13,1,40,27,0.0,0.0
13,1,40,28,0.0,0.0
13,1,40,29,0.0,0.0
13,1,40,30,0.0,0.0
13,1,40,31,0.0,0.0
13,1,40,32,0.0,0.0
13,1,40,33,0.0,0.0
13,1,40,34,0.0,0.0
13,1,40,35,0.0,0.0
13,1,40,36,0.0,0.0
13,1,40,37,0.0,0.0
13,1,40,38,0.0,0.0
13,1,40,39,0.1,0.1
13,2,0,0,0.0,0.0
13,2,0,1,0.0,0.0
13,2,0,2,0.0,0.0
13,2,0,3,0.0,0.0
13,2,0,4,0.0,0.0
13,2,0,5,0.0,0.0
13,2,0,6,0.6,0.6
13,2,0,7,0.6,0.6
13,2,0,8,0.6,0.6
13,2,0,9,0.6,0.6
13,2,0,10,0.6,0.6
13,2,0,11,0.6,0.6
13,2,0,12,0.6,0.6
13,2,0,13,0.6,0.6
13,2,0,14,0.6,0.6
13,2,0,15,0.6,0.6
13,2,0,16,0.6,0.6
13,2,0,17,0.6,0.6
13,2,0,18,0.6,0.6
13,2,0,19,0.5,0.5
13,2,0,20,0.5,0.5
13,2,0,21,0.5,0.5
13,2,0,22,0.5,0.5
13,2,0,23,0.5,0.5
13,2,0,24,0.5,0.5
13,2,0,25,0.5,0.5
13,2,0,26,0.5,0.5
13,2,0,27,0.5,0.5
13,2,0,28,0.5,0.5
13,2,0,29,0.5,0.5
13,2,0,30,0.5,0.5
13,2,0,31,0.5,0.5
13,2,0,32,0.5,0.5
13,2,0,33,0.5,0.5
13,2,0,34,0.5,0.5
13,2,0,35,0.5,0.5
13,2,0,36,0.5,0.5
13,2,0,37,0.6,0.6
13,2,0,38,0.0,0.0
13,2,0,39,0.3,0.2
13,2,20,0,0.0,0.0
13,2,20,1,0.0,0.0
13,2,20,2,0.0,0.0
13,2,20,3,0.0,0.0
13,2,20,4,0.0,0.0
13,2,20,5,0.0,0.0
13,2,20,6,0.0,0.0
13,2,20,7,0.0,0.0
13,2,20,8,0.0,0.0
13,2,20,9,0.0,0.0
13,2,20,10,0.0,0.0
13,2,20,11,0.0,0.0
13,2,20,12,0.0,0.0
13,2,20,13,0.0,0.0
13,2,20,14,0.0,0.0
13,2,20,15,0.0,0.0
13,2,20,16,0.0,0.0
13,2,20,17,0.0,0.0
13,2,20,18,0.0,0.0
13,2,20,19,0.0,0.0
13,2,20,20,0.0,0.0
13,2,20,21,0.0,0.0
13,2,20,22,0.0,0.0
13,2,20,23,0.0,0.0
13,2,20,24,0.0,0.0
13,2,20,25,0.0,0.0
13,2,20,26,0.0,0.0
13,2,20,27,0.0,0.0
13,2,20,28,0.0,0.0
13,2,20,29,0.0,0.0
13,2,20,30,0.0,0.0
13,2,20,31,0.0,0.0
13,2,20,32,0.0,0.0
13,2,20,33,0.0,0.0
13,2,20,34,0.0,0.0
13,2,20,35,0.0,0.0
13,2,20,36,0.0,0.0
13,2,20,37,0.0,0.0
13,2,20,38,0.0,0.0
13,2,20,39,0.0,0.1
13,2,40,0,0.0,0.0
13,2,40,1,0.2,0.0
13,2,40,2,0.2,0.0
13,2,40,3,0.1,0.0
13,2,40,4,0.1,0.0
13,2,40,5,0.0,0.0
13,2,40,6,0.3,0.2
13,2,40,7,0.2,0.1
13,2,40,8,0.2,0.1
13,2,40,9,0.2,0.1
13,2,40,10,0.2,0.1
13,2,40,11,0.2,0.1
13,2,40,12,0.2,0.1
13,2,40,13,0.2,0.1
13,2,40,14,0.2,0.1
13,2,40,15,0.2,0.1
13,2,40,16,0.1,0.1
13,2,40,17,0.1,0.1
13,2,40,18,0.1,0.1
13,2,40,19,0.1,0.1
13,2,40,20,0.1,0.1
13,2,40,21,0.1,0.1
13,2,40,22,0.1,0.1
13,2,40,23,0.1,0.1
13,2,40,24,0.1,0.1
13,2,40,25,0.1,0.1
13,2,40,26,0.1,0.1
13,2,40,27,0.0,0.0
13,2,40,28,0.1,0.1
13,2,40,29,0.0,0.0
13,2,40,30,0.0,0.0
13,2,40,31,0.0,0.0
13,2,40,32,0.0,0.0
13,2,40,33,0.0,0.0
13,2,40,34,0.0,0.0
13,2,40,35,0.0,0.0
13,2,40,36,0.0,0.0
13,2,40,37,0.0,0.0
13,2,40,38,0.0,0.0
13,2,40,39,0.1,0.0
14,0,0,0,0.0,0.0
14,0,0,1,0.0,0.0
14,0,0,2,0.0,0.1
14,0,0,3,0.0,0.1
14,0,0,4,0.0,0.0
14,0,0,5,0.0,0.0
14,0,0,6,0.0,0.0
14,0,0,7,0.0,0.0
14,0,0,8,0.0,0.0
14,0,0,9,0.0,0.0
14,0,0,10,0.0,0.0
14,0,0,11,0.0,0.0
14,0,0,12,0.0,0.0
14,0,0,13,0.0,0.0
14,0,0,14,0.0,0.0
14,0,0,15,0.0,0.0
14,0,0,16,0.0,0.0
14,0,0,17,0.0,0.0
14,0,0,18,0.0,0.0
14,0,0,19,0.0,0.0
14,0,0,20,0.0,0.0
14,0,0,21,0.0,0.0
14,0,0,22,0.0,0.0
14,0,0,23,0.0,0.0
14,0,0,24,0.0,0.0
14,0,0,25,0.0,0.0
14,0,0,26,0.0,0.0
14,0,0,27,0.0,0.0
14,0,0,28,0.0,0.0
14,0,0,29,0.0,0.0
14,0,0,30,0.0,0.0
14,0,0,31,0.0,0.0
14,0,0,32,0.0,0.0
14,0,0,33,0.0,0.0
14,0,0,34,0.0,0.0
14,0,0,35,0.0,0.0
14,0,0,36,0.0,0.0
14,0,0,37,0.0,0.0
14,0,0,38,0.0,0.0
14,0,0,39,0.2,0.1
14,0,20,0,0.0,0.0
14,0,20,1,0.0,0.0
14,0,20,2,0.0,0.0
14,0,20,3,0.0,0.0
14,0,20,4,0.0,0.0
14,0,20,5,0.0,0.0
14,0,20,6,0.2,0.0
14,0,20,7,0.0,0.0
14,0,20,8,0.1,0.0
14,0,20,9,0.1,0.0
14,0,20,10,0.1,0.0
14,0,20,11,0.1,0.0
14,0,20,12,0.2,0.0
14,0,20,13,0.2,0.0
14,0,20,14,0.2,0.0
14,0,20,15,0.2,0.0
14,0,20,16,0.2,0.0
14,0,20,17,0.2,0.0
14,0,20,18,0.2,0.0
14,0,20,19,0.2,0.0
14,0,20,20,0.0,0.0
14,0,20,21,0.0,0.0
14,0,20,22,0.0,0.0
14,0,20,23,0.0,0.0
14,0,20,24,0.0,0.0
14,0,20,25,0.0,0.0
14,0,20,26,0.0,0.0
14,0,20,27,0.0,0.0
14,0,20,28,0.0,0.0
14,0,20,29,0.0,0.0
14,0,20,30,0.1,0.0
14,0,20,31,0.0,0.0
14,0,20,32,0.0,0.0
14,0,20,33,0.0,0.0
14,0,20,34,0.0,0.0
14,0,20,35,0.0,0.0
14,0,20,36,0.0,0.0
14,0,20,37,0.0,0.0
14,0,20,38,0.0,0.0
14,0,20,39,0.2,0.8
14,0,40,0,0.0,0.0
14,0,40,1,0.0,0.0
14,0,40,2,0.0,0.0
14,0,40,3,0.0,0.0
14,0,40,4,0.0,0.0
14,0,40,5,0.0,0.0
14,0,40,6,0.0,0.0
14,0,40,7,0.0,0.0
14,0,40,8,0.0,0.0
14,0,40,9,0.0,0.0
14,0,40,10,0.0,0.0
14,0,40,11,0.0,0.0
14,0,40,12,0.0,0.0
14,0,40,13,0.0,0.0
14,0,40,14,0.0,0.0
14,0,40,15,0.0,0.0
14,0,40,16,0.0,0.0
14,0,40,17,0.0,0.0
14,0,40,18,0.0,0.0
14,0,40,19,0.0,0.0
14,0,40,20,0.0,0.0
14,0,40,21,0.0,0.0
14,0,40,22,0.0,0.0
14,0,40,23,0.0,0.0
14,0,40,24,0.0,0.0
14,0,40,25,0.0,0.0
14,0,40,26,0.0,0.0
14,0,40,27,0.0,0.0
14,0,40,28,0.0,0.0
14,0,40,29,0.0,0.0
14,0,40,30,0.0,0.0
14,0,40,31,0.0,0.0
14,0,40,32,0.0,0.0
14,0,40,33,0.0,0.0
14,0,40,34,0.0,0.0
14,0,40,35,0.0,0.0
14,0,40,36,0.0,0.0
14,0,40,37,0.0,0.0
14,0,40,38,0.0,0.0
14,0,40,39,0.2,0.1
14,1,0,0,0.0,0.0
14,1,0,1,0.0,0.1
14,1,0,2,0.0,0.1
14,1,0,3,0.0,0.0
14,1,0,4,0.0,0.0
14,1,0,5,0.0,0.0
14,1,0,6,0.6,0.6
14,1,0,7,0.6,0.6
14,1,0,8,0.6,0.6
14,1,0,9,0.6,0.6
14,1,0,10,0.6,0.6
14,1,0,11,0.6,0.6
14,1,0,12,0.6,0.6
14,1,0,13,0.6,0.6
14,1,0,14,0.6,0.6
14,1,0,15,0.6,0.6
14,1,0,16,0.6,0.6
14,1,0,17,0.6,0.6
14,1,0,18,0.7,0.7
14,1,0,19,0.7,0.7
14,1,0,20,0.7,0.7
14,1,0,21,0.7,0.7
14,1,0,22,0.7,0.7
14,1,0,23,0.7,0.7
14,1,0,24,0.7,0.7
14,1,0,25,0.7,0.7
14,1,0,26,0.6,0.6
14,1,0,27,0.6,0.6
14,1,0,28,0.6,0.6
14,1,0,29,0.6,0.6
14,1,0,30,0.6,0.6
14,1,0,31,0.5,0.5
14,1,0,32,0.5,0.5
14,1,0,33,0.5,0.5
14,1,0,34,0.5,0.5
14,1,0,35,0.5,0.5
14,1,0,36,0.5,0.5
14,1,0,37,0.6,0.6
14,1,0,38,0.0,0.0
14,1,0,39,0.3,0.2
14,1,20,0,0.0,0.0
14,1,20,1,0.0,0.0
14,1,20,2,0.0,0.0
14,1,20,3,0.0,0.0
14,1,20,4,0.0,0.0
14,1,20,5,0.0,0.0
14,1,20,6,0.4,0.3
14,1,20,7,0.3,0.2
14,1,20,8,0.3,0.2
14,1,20,9,0.3,0.2
14,1,20,10,0.3,0.2
14,1,20,11,0.3,0.2
14,1,20,12,0.3,0.2
14,1,20,13,0.3,0.2
14,1,20,14,0.3,0.2
14,1,20,15,0.3,0.2
14,1,20,16,0.3,0.2
14,1,20,17,0.3,0.2
14,1,20,18,0.3,0.2
14,1,20,19,0.2,0.1
14,1,20,20,0.1,0.1
14,1,20,21,0.1,0.1
14,1,20,22,0.1,0.1
14,1,20,23,0.1,0.1
14,1,20,24,0.1,0.1
14,1,20,25,0.1,0.1
14,1,20,26,0.1,0.1
14,1,20,27,0.1,0.1
14,1,20,28,0.1,0.1
14,1,20,29,0.1,0.1
14,1,20,30,0.1,0.1
14,1,20,31,0.1,0.1
14,1,20,32,0.1,0.1
14,1,20,33,0.1,0.1
14,1,20,34,0.1,0.1
14,1,20,35,0.1,0.1
14,1,20,36,0.1,0.1
14,1,20,37,0.0,0.0
14,1,20,38,0.0,0.0
14,1,20,39,0.2,0.1
14,1,40,0,0.0,0.0
14,1,40,1,0.0,0.1
14,1,40,2,0.0,0.1
14,1,40,3,0.0,0.1
14,1,40,4,0.0,0.0
14,1,40,5,0.0,0.0
14,1,40,6,0.1,0.1
14,1,40,7,0.1,0.1
14,1,40,8,0.1,0.1
14,1,40,9,0.1,0.1
14,1,40,10,0.1,0.1
14,1,40,11,0.1,0.1
14,1,40,12,0.1,0.1
14,1,40,13,0.1,0.1
14,1,40,14,0.1,0.1
14,1,40,15,0.1,0.1
14,1,40,16,0.1,0.1
14,1,40,17,0.1,0.1
14,1,40,18,0.1,0.1
14,1,40,19,0.1,0.1
14,1,40,20,0.1,0.1
14,1,40,21,0.1,0.1
14,1,40,22,0.0,0.0
14,1,40,23,0.0,0.0
14,1,40,24,0.0,0.0
14,1,40,25,0.0,0.0
14,1,40,26,0.0,0.0
14,1,40,27,0.0,0.0
14,1,40,28,0.0,0.0
14,1,40,29,0.0,0.0
14,1,40,30,0.0,0.0
14,1,40,31,0.0,0.0
14,1,40,32,0.0,0.0
14,1,40,33,0.0,0.0
14,1,40,34,0.0,0.0
14,1,40,35,0.0,0.0
14,1,40,36,0.0,0.0
14,1,40,37,0.0,0.0
14,1,40,38,0.0,0.0
14,1,40,39,0.1,0.0
14,2,0,0,0.0,0.0
14,2,0,1,0.0,0.0
14,2,0,2,0.0,0.0
14,2,0,3,0.0,0.0
14,2,0,4,0.0,0.0
14,2,0,5,0.0,0.0
14,2,0,6,0.7,0.7
14,2,0,7,0.7,0.7
14,2,0,8,0.7,0.7
14,2,0,9,0.7,0.7
14,2,0,10,0.7,0.7
14,2,0,11,0.7,0.7
14,2,0,12,0.7,0.7
14,2,0,13,0.7,0.7
14,2,0,14,0.7,0.7
14,2,0,15,0.6,0.6
14,2,0,16,0.6,0.6
14,2,0,17,0.6,0.6
14,2,0,18,0.6,0.6
14,2,0,19,0.6,0.6
14,2,0,20,0.6,0.6
14,2,0,21,0.6,0.6
14,2,0,22,0.5,0.5
14,2,0,23,0.5,0.5
14,2,0,24,0.6,0.6
14,2,0,25,0.5,0.5
14,2,0,26,0.5,0.5
14,2,0,27,0.5,0.5
14,2,0,28,0.5,0.5
14,2,0,29,0.5,0.5
14,2,0,30,0.5,0.5
14,2,0,31,0.5,0.5
14,2,0,32,0.5,0.5
14,2,0,33,0.5,0.5
14,2,0,34,0.5,0.5
14,2,0,35,0.5,0.5
14,2,0,36,0.5,0.5
14,2,0,37,0.6,0.6
14,2,0,38,0.0,0.0
14,2,0,39,0.3,0.2
14,2,20,0,0.0,0.0
14,2,20,1,0.0,0.0
14,2,20,2,0.0,0.0
14,2,20,3,0.0,0.0
14,2,20,4,0.0,0.0
14,2,20,5,0.0,0.0
14,2,20,6,0.0,0.0
14,2,20,7,0.0,0.0
14,2,20,8,0.0,0.0
14,2,20,9,0.0,0.0
14,2,20,10,0.0,0.0
14,2,20,11,0.0,0.0
14,2,20,12,0.0,0.0
14,2,20,13,0.0,0.0
14,2,20,14,0.0,0.0
14,2,20,15,0.0,0.0
14,2,20,16,0.0,0.0
14,2,20,17,0.0,0.0
14,2,20,18,0.0,0.0
14,2,20,19,0.0,0.0
14,2,20,20,0.0,0.0
14,2,20,21,0.0,0.0
14,2,20,22,0.0,0.0
14,2,20,23,0.0,0.0
14,2,20,24,0.0,0.0
14,2,20,25,0.0,0.0
14,2,20,26,0.0,0.0
14,2,20,27,0.0,0.0
14,2,20,28,0.0,0.0
14,2,20,29,0.0,0.0
14,2,20,30,0.0,0.0
14,2,20,31,0.0,0.0
14,2,20,32,0.0,0.0
14,2,20,33,0.0,0.0
14,2,20,34,0.0,0.0
14,2,20,35,0.0,0.0
14,2,20,36,0.0,0.0
14,2,20,37,0.0,0.0
14,2,20,38,0.0,0.0
14,2,20,39,0.1,0.1
14,2,40,0,0.0,0.0
14,2,40,1,0.0,0.0
14,2,40,2,0.0,0.0
14,2,40,3,0.0,0.0
14,2,40,4,0.0,0.0
14,2,40,5,0.0,0.0
14,2,40,6,0.0,0.0
14,2,40,7,0.0,0.0
14,2,40,8,0.0,0.0
14,2,40,9,0.0,0.0
14,2,40,10,0.0,0.0
14,2,40,11,0.0,0.0
14,2,40,12,0.0,0.0
14,2,40,13,0.0,0.0
14,2,40,14,0.0,0.0
14,2,40,15,0.0,0.0
14,2,40,16,0.0,0.0
14,2,40,17,0.0,0.0
14,2,40,18,0.0,0.0
14,2,40,19,0.0,0.0
14,2,40,20,0.0,0.0
14,2,40,21,0.0,0.0
14,2,40,22,0.0,0.0
14,2,40,23,0.0,0.0
14,2,40,24,0.0,0.0
14,2,40,25,0.0,0.0
14,2,40,26,0.0,0.0
14,2,40,27,0.0,0.0
14,2,40,28,0.0,0.0
14,2,40,29,0.0,0.0
14,2,40,30,0.0,0.0
14,2,40,31,0.0,0.0
14,2,40,32,0.0,0.0
14,2,40,33,0.0,0.0
14,2,40,34,0.0,0.0
14,2,40,35,0.0,0.0
14,2,40,36,0.0,0.0
14,2,40,37,0.0,0.0
14,2,40,38,0.0,0.0
14,2,40,39,0.0,0.1
15,0,0,0,0.0,0.0
15,0,0,1,0.0,0.0
15,0,0,2,0.0,0.1
15,0,0,3,0.0,0.1
15,0,0,4,0.0,0.0
15,0,0,5,0.0,0.0
15,0,0,6,0.0,0.0
15,0,0,7,0.0,0.0
15,0,0,8,0.0,0.0
15,0,0,9,0.0,0.0
15,0,0,10,0.0,0.0
15,0,0,11,0.0,0.0
15,0,0,12,0.0,0.0
15,0,0,13,0.0,0.0
15,0,0,14,0.0,0.0
15,0,0,15,0.0,0.0
15,0,0,16,0.0,0.0
15,0,0,17,0.0,0.0
15,0,0,18,0.0,0.0
15,0,0,19,0.0,0.0
15,0,0,20,0.0,0.0
15,0,0,21,0.0,0.0
15,0,0,22,0.0,0.0
15,0,0,23,0.0,0.0
15,0,0,24,0.0,0.0
15,0,0,25,0.0,0.0
15,0,0,26,0.0,0.0
15,0,0,27,0.0,0.0
15,0,0,28,0.0,0.0
15,0,0,29,0.0,0.0
15,0,0,30,0.0,0.0
15,0,0,31,0.0,0.0
15,0,0,32,0.0,0.0
15,0,0,33,0.0,0.0
15,0,0,34,0.0,0.0
15,0,0,35,0.0,0.0
15,0,0,36,0.0,0.0
15,0,0,37,0.0,0.0
15,0,0,38,0.0,0.0
15,0,0,39,0.2,0.1
15,0,20,0,0.0,0.0
15,0,20,1,0.0,0.0
15,0,20,2,0.0,0.0
15,0,20,3,0.0,0.0
15,0,20,4,0.0,0.0
15,0,20,5,0.0,0.0
15,0,20,6,0.8,0.8
15,0,20,7,0.9,0.9
15,0,20,8,0.8,0.9
15,0,20,9,0.8,0.9
15,0,20,10,0.9,0.9
15,0,20,11,0.8,0.9
15,0,20,12,0.8,0.9
15,0,20,13,0.7,0.8
15,0,20,14,0.7,0.8
15,0,20,15,0.7,0.8
15,0,20,16,0.7,0.8
15,0,20,17,0.7,0.8
15,0,20,18,0.8,0.8
15,0,20,19,0.9,0.9
15,0,20,20,0.9,0.9
15,0,20,21,0.9,0.9
15,0,20,22,0.9,0.9
15,0,20,23,0.9,0.9
15,0,20,24,0.9,0.9
15,0,20,25,0.9,0.9
15,0,20,26,0.9,0.9
15,0,20,27,0.9,0.9
15,0,20,28,0.9,0.9
15,0,20,29,0.9,0.9
15,0,20,30,0.9,0.8
15,0,20,31,0.9,0.8
15,0,20,32,0.9,0.8
15,0,20,33,0.9,0.8
15,0,20,34,0.9,0.8
15,0,20,35,0.9,0.8
15,0,20,36,0.8,0.7
15,0,20,37,0.8,0.8
15,0,20,38,0.7,0.6
15,0,20,39,0.1,0.1
15,0,40,0,0.0,0.0
15,0,40,1,0.0,0.0
15,0,40,2,0.0,0.0
15,0,40,3,0.0,0.0
15,0,40,4,0.0,0.0
15,0,40,5,0.0,0.0
15,0,40,6,0.0,0.0
15,0,40,7,0.0,0.0
15,0,40,8,0.0,0.0
15,0,40,9,0.0,0.0
15,0,40,10,0.0,0.0
15,0,40,11,0.0,0.0
15,0,40,12,0.0,0.0
15,0,40,13,0.0,0.0
15,0,40,14,0.0,0.0
15,0,40,15,0.0,0.0
15,0,40,16,0.0,0.0
15,0,40,17,0.0,0.0
15,0,40,18,0.0,0.0
15,0,40,19,0.0,0.0
15,0,40,20,0.0,0.0
15,0,40,21,0.0,0.0
15,0,40,22,0.0,0.0
15,0,40,23,0.0,0.0
15,0,40,24,0.0,0.0
15,0,40,25,0.0,0.0
15,0,40,26,0.0,0.0
15,0,40,27,0.0,0.0
15,0,40,28,0.0,0.0
15,0,40,29,0.0,0.0
15,0,40,30,0.0,0.0
15,0,40,31,0.0,0.0
15,0,40,32,0.0,0.0
15,0,40,33,0.0,0.0
15,0,40,34,0.0,0.0
15,0,40,35,0.0,0.0
15,0,40,36,0.0,0.0
15,0,40,37,0.0,0.0
15,0,40,38,0.0,0.0
15,0,40,39,0.4,0.6
15,1,0,0,0.0,0.0
15,1,0,1,0.0,0.1
15,1,0,2,0.0,0.1
15,1,0,3,0.0,0.1
15,1,0,4,0.0,0.0
15,1,0,5,0.0,0.0
15,1,0,6,0.6,0.6
15,1,0,7,0.7,0.7
15,1,0,8,0.7,0.7
15,1,0,9,0.7,0.7
15,1,0,10,0.7,0.7
15,1,0,11,0.7,0.7
15,1,0,12,0.7,0.7
15,1,0,13,0.7,0.7
15,1,0,14,0.8,0.8
15,1,0,15,0.7,0.7
15,1,0,16,0.7,0.7
15,1,0,17,0.7,0.7
15,1,0,18,0.7,0.7
15,1,0,19,0.7,0.7
15,1,0,20,0.7,0.7
15,1,0,21,0.7,0.7
15,1,0,22,0.7,0.7
15,1,0,23,0.7,0.7
15,1,0,24,0.7,0.7
15,1,0,25,0.7,0.7
15,1,0,26,0.6,0.6
15,1,0,27,0.6,0.6
15,1,0,28,0.6,0.6
15,1,0,29,0.6,0.6
15,1,0,30,0.5,0.5
15,1,0,31,0.5,0.5
15,1,0,32,0.5,0.5
15,1,0,33,0.5,0.5
15,1,0,34,0.5,0.5
15,1,0,35,0.5,0.5
15,1,0,36,0.5,0.5
15,1,0,37,0.6,0.6
15,1,0,38,0.5,0.4
15,1,0,39,0.3,0.2
15,1,20,0,0.0,0.0
15,1,20,1,0.0,0.0
15,1,20,2,0.0,0.0
15,1,20,3,0.0,0.0
15,1,20,4,0.0,0.0
15,1,20,5,0.0,0.0
15,1,20,6,0.0,0.0
15,1,20,7,0.0,0.0
15,1,20,8,0.0,0.0
15,1,20,9,0.0,0.0
15,1,20,10,0.0,0.0
15,1,20,11,0.0,0.0
15,1,20,12,0.0,0.0
15,1,20,13,0.0,0.0
15,1,20,14,0.0,0.0
15,1,20,15,0.0,0.0
15,1,20,16,0.0,0.0
15,1,20,17,0.0,0.0
15,1,20,18,0.0,0.0
15,1,20,19,0.0,0.0
15,1,20,20,0.0,0.0
15,1,20,21,0.0,0.0
15,1,20,22,0.0,0.0
15,1,20,23,0.0,0.0
15,1,20,24,0.0,0.0
15,1,20,25,0.0,0.0
15,1,20,26,0.0,0.0
15,1,20,27,0.0,0.0
15,1,20,28,0.0,0.0
15,1,20,29,0.0,0.0
15,1,20,30,0.0,0.0
15,1,20,31,0.0,0.0
15,1,20,32,0.0,0.0
15,1,20,33,0.0,0.0
15,1,20,34,0.0,0.0
15,1,20,35,0.0,0.0
15,1,20,36,0.0,0.0
15,1,20,37,0.0,0.0
15,1,20,38,0.0,0.0
15,1,20,39,0.1,0.1
15,1,40,0,0.0,0.0
15,1,40,1,0.0,0.0
15,1,40,2,0.0,0.0
15,1,40,3,0.0,0.0
15,1,40,4,0.0,0.0
15,1,40,5,0.0,0.0
15,1,40,6,0.0,0.0
15,1,40,7,0.0,0.0
15,1,40,8,0.0,0.0
15,1,40,9,0.0,0.0
15,1,40,10,0.0,0.0
15,1,40,11,0.0,0.0
15,1,40,12,0.0,0.0
15,1,40,13,0.0,0.0
15,1,40,14,0.0,0.0
15,1,40,15,0.0,0.0
15,1,40,16,0.0,0.0
15,1,40,17,0.0,0.0
15,1,40,18,0.0,0.0
15,1,40,19,0.0,0.0
15,1,40,20,0.0,0.0
15,1,40,21,0.0,0.0
15,1,40,22,0.0,0.0
15,1,40,23,0.0,0.0
15,1,40,24,0.0,0.0
15,1,40,25,0.0,0.0
15,1,40,26,0.0,0.0
15,1,40,27,0.0,0.0
15,1,40,28,0.0,0.0
15,1,40,29,0.0,0.0
15,1,40,30,0.0,0.0
15,1,40,31,0.0,0.0
15,1,40,32,0.0,0.0
15,1,40,33,0.0,0.0
15,1,40,34,0.0,0.0
15,1,40,35,0.0,0.0
15,1,40,36,0.0,0.0
15,1,40,37,0.0,0.0
15,1,40,38,0.0,0.0
15,1,40,39,0.1,0.0
15,2,0,0,0.0,0.0
15,2,0,1,0.0,0.0
15,2,0,2,0.0,0.0
15,2,0,3,0.0,0.0
15,2,0,4,0.0,0.0
15,2,0,5,0.0,0.0
15,2,0,6,0.6,0.6
15,2,0,7,0.6,0.6
15,2,0,8,0.6,0.6
15,2,0,9,0.6,0.6
15,2,0,10,0.6,0.6
15,2,0,11,0.6,0.6
15,2,0,12,0.6,0.6
15,2,0,13,0.6,0.6
15,2,0,14,0.6,0.6
15,2,0,15,0.6,0.6
15,2,0,16,0.6,0.6
15,2,0,17,0.6,0.6
15,2,0,18,0.6,0.6
15,2,0,19,0.5,0.5
15,2,0,20,0.5,0.5
15,2,0,21,0.5,0.5
15,2,0,22,0.5,0.5
15,2,0,23,0.5,0.5
15,2,0,24,0.5,0.5
15,2,0,25,0.5,0.5
15,2,0,26,0.5,0.5
15,2,0,27,0.5,0.5
15,2,0,28,0.5,0.5
15,2,0,29,0.5,0.5
15,2,0,30,0.5,0.5
15,2,0,31,0.5,0.5
15,2,0,32,0.5,0.5
15,2,0,33,0.5,0.5
15,2,0,34,0.5,0.5
15,2,0,35,0.5,0.5
15,2,0,36,0.5,0.5
15,2,0,37,0.5,0.5
15,2,0,38,0.0,0.0
15,2,0,39,0.3,0.2
15,2,20,0,0.0,0.0
15,2,20,1,0.0,0.1
15,2,20,2,0.0,0.1
15,2,20,3,0.0,0.0
15,2,20,4,0.0,0.0
15,2,20,5,0.0,0.0
15,2,20,6,0.0,0.0
15,2,20,7,0.0,0.0
15,2,20,8,0.0,0.0
15,2,20,9,0.0,0.0
15,2,20,10,0.0,0.0
15,2,20,11,0.0,0.0
15,2,20,12,0.0,0.0
15,2,20,13,0.0,0.0
15,2,20,14,0.0,0.0
15,2,20,15,0.0,0.0
15,2,20,16,0.0,0.0
15,2,20,17,0.0,0.0
15,2,20,18,0.0,0.0
15,2,20,19,0.0,0.0
15,2,20,20,0.0,0.0
15,2,20,21,0.0,0.0
15,2,20,22,0.0,0.0
15,2,20,23,0.0,0.0
15,2,20,24,0.0,0.0
15,2,20,25,0.0,0.0
15,2,20,26,0.0,0.0
15,2,20,27,0.0,0.0
15,2,20,28,0.0,0.0
15,2,20,29,0.0,0.0
15,2,20,30,0.0,0.0
15,2,20,31,0.0,0.0
15,2,20,32,0.0,0.0
15,2,20,33,0.0,0.0
15,2,20,34,0.0,0.0
15,2,20,35,0.0,0.0
15,2,20,36,0.0,0.0
15,2,20,37,0.0,0.0
15,2,20,38,0.0,0.0
15,2,20,39,0.0,0.1
15,2,40,0,0.0,0.0
15,2,40,1,0.0,0.1
15,2,40,2,0.0,0.1
15,2,40,3,0.0,0.0
15,2,40,4,0.0,0.0
15,2,40,5,0.0,0.0
15,2,40,6,0.0,0.0
15,2,40,7,0.0,0.0
15,2,40,8,0.0,0.0
15,2,40,9,0.0,0.0
15,2,40,10,0.0,0.0
15,2,40,11,0.0,0.0
15,2,40,12,0.0,0.0
15,2,40,13,0.0,0.0
15,2,40,14,0.0,0.0
15,2,40,15,0.0,0.0
15,2,40,16,0.0,0.0
15,2,40,17,0.0,0.0
15,2,40,18,0.0,0.0
15,2,40,19,0.0,0.0
15,2,40,20,0.0,0.0
15,2,40,21,0.0,0.0
15,2,40,22,0.0,0.0
15,2,40,23,0.0,0.0
15,2,40,24,0.0,0.0
15,2,40,25,0.0,0.0
15,2,40,26,0.0,0.0
15,2,40,27,0.0,0.0
15,2,40,28,0.0,0.0
15,2,40,29,0.0,0.0
15,2,40,30,0.0,0.0
15,2,40,31,0.0,0.0
15,2,40,32,0.0,0.0
15,2,40,33,0.0,0.0
15,2,40,34,0.0,0.0
15,2,40,35,0.0,0.0
15,2,40,36,0.0,0.0
15,2,40,37,0.0,0.0
15,2,40,38,0.0,0.0
15,2,40,39,0.0,0.1
16,0,0,0,0.0,0.0
16,0,0,1,0.0,0.0
16,0,0,2,0.0,0.1
16,0,0,3,0.0,0.1
16,0,0,4,0.0,0.0
16,0,0,5,0.0,0.0
16,0,0,6,0.0,0.0
16,0,0,7,0.0,0.0
16,0,0,8,0.0,0.0
16,0,0,9,0.0,0.0
16,0,0,10,0.0,0.0
16,0,0,11,0.0,0.0
16,0,0,12,0.0,0.0
16,0,0,13,0.0,0.0
16,0,0,14,0.0,0.0
16,0,0,15,0.0,0.0
16,0,0,16,0.0,0.0
16,0,0,17,0.0,0.0
16,0,0,18,0.0,0.0
16,0,0,19,0.0,0.0
16,0,0,20,0.0,0.0
16,0,0,21,0.0,0.0
16,0,0,22,0.0,0.0
16,0,0,23,0.0,0.0
16,0,0,24,0.0,0.0
16,0,0,25,0.0,0.0
16,0,0,26,0.0,0.0
16,0,0,27,0.0,0.0
16,0,0,28,0.0,0.0
16,0,0,29,0.0,0.0
16,0,0,30,0.0,0.0
16,0,0,31,0.0,0.0
16,0,0,32,0.0,0.0
16,0,0,33,0.0,0.0
16,0,0,34,0.0,0.0
16,0,0,35,0.0,0.0
16,0,0,36,0.0,0.0
16,0,0,37,0.0,0.0
16,0,0,38,0.0,0.0
16,0,0,39,0.3,0.2
16,0,20,0,0.0,0.0
16,0,20,1,0.0,0.0
16,0,20,2,0.0,0.0
16,0,20,3,0.0,0.0
16,0,20,4,0.0,0.0
16,0,20,5,0.0,0.0
16,0,20,6,0.7,0.0
16,0,20,7,0.7,0.0
16,0,20,8,0.7,0.0
16,0,20,9,0.7,0.0
16,0,20,10,0.7,0.0
16,0,20,11,0.7,0.0
16,0,20,12,0.7,0.0
16,0,20,13,0.7,0.0
16,0,20,14,0.7,0.0
16,0,20,15,0.7,0.0
16,0,20,16,0.7,0.0
16,0,20,17,0.7,0.0
16,0,20,18,0.7,0.0
16,0,20,19,0.5,0.0
16,0,20,20,0.5,0.0
16,0,20,21,0.5,0.0
16,0,20,22,0.5,0.0
16,0,20,23,0.5,0.0
16,0,20,24,0.5,0.0
16,0,20,25,0.5,0.0
16,0,20,26,0.5,0.0
16,0,20,27,0.5,0.0
16,0,20,28,0.5,0.0
16,0,20,29,0.5,0.0
16,0,20,30,0.5,0.0
16,0,20,31,0.6,0.0
16,0,20,32,0.7,0.0
16,0,20,33,0.7,0.0
16,0,20,34,0.7,0.0
16,0,20,35,0.7,0.0
16,0,20,36,0.6,0.0
16,0,20,37,0.6,0.0
16,0,20,38,0.3,0.0
16,0,20,39,0.9,0.4
16,0,40,0,0.0,0.0
16,0,40,1,0.0,0.0
16,0,40,2,0.0,0.0
16,0,40,3,0.0,0.0
16,0,40,4,0.0,0.0
16,0,40,5,0.0,0.0
16,0,40,6,0.8,0.8
16,0,40,7,0.8,0.8
16,0,40,8,0.7,0.8
16,0,40,9,0.7,0.8
16,0,40,10,0.7,0.8
16,0,40,11,0.7,0.7
16,0,40,12,0.7,0.7
16,0,40,13,0.7,0.7
16,0,40,14,0.7,0.7
16,0,40,15,0.7,0.7
16,0,40,16,0.7,0.7
16,0,40,17,0.7,0.7
16,0,40,18,0.7,0.7
16,0,40,19,0.6,0.6
16,0,40,20,0.6,0.6
16,0,40,21,0.6,0.6
16,0,40,22,0.6,0.6
16,0,40,23,0.6,0.6
16,0,40,24,0.6,0.6
16,0,40,25,0.6,0.6
16,0,40,26,0.6,0.6
16,0,40,27,0.6,0.6
16,0,40,28,0.6,0.6
16,0,40,29,0.6,0.6
16,0,40,30,0.6,0.6
16,0,40,31,0.6,0.6
16,0,40,32,0.6,0.6
16,0,40,33,0.6,0.6
16,0,40,34,0.7,0.7
16,0,40,35,0.7,0.7
16,0,40,36,0.6,0.7
16,0,40,37,0.6,0.6
16,0,40,38,0.3,0.3
16,0,40,39,0.3,0.4
16,1,0,0,0.0,0.0
16,1,0,1,0.0,0.0
16,1,0,2,0.0,0.0
16,1,0,3,0.0,0.0
16,1,0,4,0.0,0.0
16,1,0,5,0.0,0.0
16,1,0,6,0.8,0.8
16,1,0,7,0.8,0.8
16,1,0,8,0.8,0.8
16,1,0,9,0.8,0.8
16,1,0,10,0.8,0.8
16,1,0,11,0.8,0.8
16,1,0,12,0.8,0.8
16,1,0,13,0.8,0.8
16,1,0,14,0.8,0.8
16,1,0,15,0.8,0.8
16,1,0,16,0.8,0.8
16,1,0,17,0.8,0.8
16,1,0,18,0.8,0.8
16,1,0,19,0.7,0.7
16,1,0,20,0.7,0.7
16,1,0,21,0.7,0.7
16,1,0,22,0.7,0.7
16,1,0,23,0.7,0.7
16,1,0,24,0.7,0.7
16,1,0,25,0.7,0.7
16,1,0,26,0.7,0.7
16,1,0,27,0.7,0.7
16,1,0,28,0.7,0.7
16,1,0,29,0.7,0.7
16,1,0,30,0.6,0.6
16,1,0,31,0.6,0.6
16,1,0,32,0.6,0.6
16,1,0,33,0.6,0.6
16,1,0,34,0.5,0.5
16,1,0,35,0.5,0.5
16,1,0,36,0.5,0.5
16,1,0,37,0.6,0.6
16,1,0,38,0.5,0.4
16,1,0,39,0.3,0.2
16,1,20,0,0.0,0.0
16,1,20,1,0.0,0.0
16,1,20,2,0.0,0.0
16,1,20,3,0.0,0.0
16,1,20,4,0.0,0.0
16,1,20,5,0.0,0.0
16,1,20,6,0.0,0.8
16,1,20,7,0.0,0.7
16,1,20,8,0.0,0.7
16,1,20,9,0.0,0.7
16,1,20,10,0.0,0.7
16,1,20,11,0.0,0.7
16,1,20,12,0.0,0.7
16,1,20,13,0.0,0.7
16,1,20,14,0.0,0.7
16,1,20,15,0.0,0.7
16,1,20,16,0.0,0.7
16,1,20,17,0.0,0.7
16,1,20,18,0.0,0.7
16,1,20,19,0.0,0.5
16,1,20,20,0.0,0.5
16,1,20,21,0.0,0.4
16,1,20,22,0.0,0.4
16,1,20,23,0.0,0.4
16,1,20,24,0.0,0.4
16,1,20,25,0.0,0.4
16,1,20,26,0.0,0.4
16,1,20,27,0.0,0.4
16,1,20,28,0.0,0.4
16,1,20,29,0.0,0.4
16,1,20,30,0.0,0.5
16,1,20,31,0.0,0.5
16,1,20,32,0.0,0.4
16,1,20,33,0.0,0.3
16,1,20,34,0.0,0.4
16,1,20,35,0.0,0.4
16,1,20,36,0.0,0.5
16,1,20,37,0.0,0.5
16,1,20,38,0.0,0.3
16,1,20,39,0.5,0.6
16,1,40,0,0.0,0.0
16,1,40,1,0.0,0.0
16,1,40,2,0.0,0.0
16,1,40,3,0.0,0.0
16,1,40,4,0.0,0.0
16,1,40,5,0.0,0.0
16,1,40,6,0.8,0.0
16,1,40,7,0.7,0.0
16,1,40,8,0.7,0.0
16,1,40,9,0.7,0.0
16,1,40,10,0.7,0.0
16,1,40,11,0.7,0.0
16,1,40,12,0.7,0.0
16,1,40,13,0.7,0.0
16,1,40,14,0.7,0.0
16,1,40,15,0.7,0.0
16,1,40,16,0.7,0.0
16,1,40,17,0.7,0.0
16,1,40,18,0.7,0.0
16,1,40,19,0.4,0.0
16,1,40,20,0.4,0.0
16,1,40,21,0.4,0.0
16,1,40,22,0.4,0.0
16,1,40,23,0.4,0.0
16,1,40,24,0.4,0.0
16,1,40,25,0.4,0.0
16,1,40,26,0.4,0.0
16,1,40,27,0.4,0.0
16,1,40,28,0.5,0.0
16,1,40,29,0.5,0.0
16,1,40,30,0.5,0.0
16,1,40,31,0.5,0.0
16,1,40,32,0.4,0.0
16,1,40,33,0.3,0.0
16,1,40,34,0.4,0.0
16,1,40,35,0.4,0.0
16,1,40,36,0.4,0.0
16,1,40,37,0.4,0.0
16,1,40,38,0.3,0.0
16,1,40,39,0.6,0.5
16,2,0,0,0.0,0.0
16,2,0,1,0.0,0.0
16,2,0,2,0.0,0.0
16,2,0,3,0.0,0.0
16,2,0,4,0.0,0.0
16,2,0,5,0.0,0.0
16,2,0,6,0.6,0.6
16,2,0,7,0.6,0.6
16,2,0,8,0.6,0.6
16,2,0,9,0.6,0.6
16,2,0,10,0.6,0.6
16,2,0,11,0.6,0.6
16,2,0,12,0.6,0.6
16,2,0,13,0.6,0.6
16,2,0,14,0.5,0.5
16,2,0,15,0.5,0.5
16,2,0,16,0.5,0.5
16,2,0,17,0.5,0.5
16,2,0,18,0.5,0.5
16,2,0,19,0.5,0.5
16,2,0,20,0.5,0.5
16,2,0,21,0.5,0.5
16,2,0,22,0.5,0.5
16,2,0,23,0.5,0.5
16,2,0,24,0.5,0.5
16,2,0,25,0.5,0.5
16,2,0,26,0.5,0.5
16,2,0,27,0.5,0.5
16,2,0,28,0.5,0.5
16,2,0,29,0.5,0.5
16,2,0,30,0.5,0.5
16,2,0,31,0.5,0.5
16,2,0,32,0.5,0.5
16,2,0,33,0.5,0.5
16,2,0,34,0.5,0.5
16,2,0,35,0.5,0.5
16,2,0,36,0.5,0.5
16,2,0,37,0.5,0.5
16,2,0,38,0.0,0.0
16,2,0,39,0.3,0.2
16,2,20,0,0.0,0.0
16,2,20,1,0.0,0.0
16,2,20,2,0.0,0.0
16,2,20,3,0.0,0.0
16,2,20,4,0.0,0.0
16,2,20,5,0.0,0.0
16,2,20,6,0.0,0.0
16,2,20,7,0.0,0.0
16,2,20,8,0.0,0.0
16,2,20,9,0.0,0.0
16,2,20,10,0.0,0.0
16,2,20,11,0.0,0.0
16,2,20,12,0.0,0.0
16,2,20,13,0.0,0.0
16,2,20,14,0.0,0.0
16,2,20,15,0.0,0.0
16,2,20,16,0.0,0.0
16,2,20,17,0.0,0.0
16,2,20,18,0.0,0.0
16,2,20,19,0.0,0.0
16,2,20,20,0.0,0.0
16,2,20,21,0.0,0.0
16,2,20,22,0.0,0.0
16,2,20,23,0.0,0.0
16,2,20,24,0.0,0.0
16,2,20,25,0.0,0.0
16,2,20,26,0.0,0.0
16,2,20,27,0.0,0.0
16,2,20,28,0.0,0.0
16,2,20,29,0.0,0.0
16,2,20,30,0.0,0.0
16,2,20,31,0.0,0.0
16,2,20,32,0.0,0.0
16,2,20,33,0.0,0.0
16,2,20,34,0.0,0.0
16,2,20,35,0.0,0.0
16,2,20,36,0.0,0.0
16,2,20,37,0.0,0.0
16,2,20,38,0.0,0.0
16,2,20,39,0.2,0.1
16,2,40,0,0.0,0.0
16,2,40,1,0.0,0.0
16,2,40,2,0.0,0.0
16,2,40,3,0.0,0.0
16,2,40,4,0.0,0.0
16,2,40,5,0.0,0.0
16,2,40,6,0.0,0.0
16,2,40,7,0.0,0.0
16,2,40,8,0.0,0.0
16,2,40,9,0.0,0.0
16,2,40,10,0.0,0.0
16,2,40,11,0.0,0.0
16,2,40,12,0.0,0.0
16,2,40,13,0.0,0.0
16,2,40,14,0.0,0.0
16,2,40,15,0.0,0.0
16,2,40,16,0.0,0.0
16,2,40,17,0.0,0.0
16,2,40,18,0.0,0.0
16,2,40,19,0.0,0.0
16,2,40,20,0.0,0.0
16,2,40,21,0.0,0.0
16,2,40,22,0.0,0.0
16,2,40,23,0.0,0.0
16,2,40,24,0.0,0.0
16,2,40,25,0.0,0.0
16,2,40,26,0.0,0.0
16,2,40,27,0.0,0.0
16,2,40,28,0.0,0.0
16,2,40,29,0.0,0.0
16,2,40,30,0.0,0.0
16,2,40,31,0.0,0.0
16,2,40,32,0.0,0.0
16,2,40,33,0.0,0.0
16,2,40,34,0.0,0.0
16,2,40,35,0.0,0.0
16,2,40,36,0.0,0.0
16,2,40,37,0.0,0.0
16,2,40,38,0.0,0.0
16,2,40,39,0.2,0.0
17,0,0,0,0.0,0.0
17,0,0,1,0.0,0.0
17,0,0,2,0.0,0.0
17,0,0,3,0.0,0.0
17,0,0,4,0.0,0.0
17,0,0,5,0.0,0.0
17,0,0,6,0.0,0.0
17,0,0,7,0.0,0.0
17,0,0,8,0.0,0.0
17,0,0,9,0.0,0.0
17,0,0,10,0.0,0.0
17,0,0,11,0.0,0.0
17,0,0,12,0.0,0.0
17,0,0,13,0.0,0.0
17,0,0,14,0.0,0.0
17,0,0,15,0.0,0.0
17,0,0,16,0.0,0.0
17,0,0,17,0.0,0.0
17,0,0,18,0.0,0.0
17,0,0,19,0.0,0.0
17,0,0,20,0.0,0.0
17,0,0,21,0.0,0.0
17,0,0,22,0.0,0.0
17,0,0,23,0.0,0.0
17,0,0,24,0.0,0.0
17,0,0,25,0.0,0.0
17,0,0,26,0.0,0.0
17,0,0,27,0.0,0.0
17,0,0,28,0.0,0.0
17,0,0,29,0.0,0.0
17,0,0,30,0.0,0.0
17,0,0,31,0.0,0.0
17,0,0,32,0.0,0.0
17,0,0,33,0.0,0.0
17,0,0,34,0.0,0.0
17,0,0,35,0.0,0.0
17,0,0,36,0.0,0.0
17,0,0,37,0.0,0.0
17,0,0,38,0.0,0.0
17,0,0,39,0.1,0.0
17,0,20,0,0.0,0.0
17,0,20,1,0.0,0.0
17,0,20,2,0.0,0.0
17,0,20,3,0.0,0.0
17,0,20,4,0.0,0.0
17,0,20,5,0.0,0.0
17,0,20,6,0.2,0.0
17,0,20,7,0.2,0.0
17,0,20,8,0.2,0.0
17,0,20,9,0.1,0.0
17,0,20,10,0.0,0.0
17,0,20,11,0.1,0.0
17,0,20,12,0.2,0.0
17,0,20,13,0.2,0.0
17,0,20,14,0.2,0.0
17,0,20,15,0.2,0.0
17,0,20,16,0.2,0.0
17,0,20,17,0.2,0.0
17,0,20,18,0.2,0.0
17,0,20,19,0.2,0.0
17,0,20,20,0.1,0.0
17,0,20,21,0.1,0.0
17,0,20,22,0.2,0.0
17,0,20,23,0.1,0.0
17,0,20,24,0.1,0.0
17,0,20,25,0.1,0.0
17,0,20,26,0.1,0.0
17,0,20,27,0.2,0.0
17,0,20,28,0.3,0.0
17,0,20,29,0.2,0.0
17,0,20,30,0.2,0.0
17,0,20,31,0.2,0.0
17,0,20,32,0.2,0.0
17,0,20,33,0.2,0.0
17,0,20,34,0.2,0.0
17,0,20,35,0.1,0.0
17,0,20,36,0.0,0.0
17,0,20,37,0.0,0.0
17,0,20,38,0.0,0.0
17,0,20,39,0.3,0.7
17,0,40,0,0.0,0.0
17,0,40,1,0.0,0.0
17,0,40,2,0.0,0.0
17,0,40,3,0.0,0.0
17,0,40,4,0.0,0.0
17,0,40,5,0.0,0.0
17,0,40,6,0.0,0.0
17,0,40,7,0.0,0.0
17,0,40,8,0.0,0.0
17,0,40,9,0.0,0.0
17,0,40,10,0.0,0.0
17,0,40,11,0.0,0.0
17,0,40,12,0.0,0.0
17,0,40,13,0.0,0.0
17,0,40,14,0.0,0.0
17,0,40,15,0.0,0.0
17,0,40,16,0.0,0.0
17,0,40,17,0.0,0.0
17,0,40,18,0.0,0.0
17,0,40,19,0.0,0.0
17,0,40,20,0.0,0.0
17,0,40,21,0.0,0.0
17,0,40,22,0.0,0.0
17,0,40,23,0.0,0.0
17,0,40,24,0.0,0.0
17,0,40,25,0.0,0.0
17,0,40,26,0.0,0.0
17,0,40,27,0.0,0.0
17,0,40,28,0.0,0.0
17,0,40,29,0.0,0.0
17,0,40,30,0.0,0.0
17,0,40,31,0.0,0.0
17,0,40,32,0.0,0.0
17,0,40,33,0.0,0.0
17,0,40,34,0.0,0.0
17,0,40,35,0.0,0.0
17,0,40,36,0.0,0.0
17,0,40,37,0.0,0.0
17,0,40,38,0.0,0.0
17,0,40,39,0.1,0.5
17,1,0,0,0.0,0.0
17,1,0,1,0.0,0.0
17,1,0,2,0.0,0.0
17,1,0,3,0.0,0.0
17,1,0,4,0.0,0.0
17,1,0,5,0.0,0.0
17,1,0,6,0.6,0.6
17,1,0,7,0.6,0.6
17,1,0,8,0.6,0.6
17,1,0,9,0.6,0.6
17,1,0,10,0.6,0.6
17,1,0,11,0.7,0.7
17,1,0,12,0.7,0.7
17,1,0,13,0.6,0.6
17,1,0,14,0.6,0.6
17,1,0,15,0.6,0.6
17,1,0,16,0.6,0.6
17,1,0,17,0.6,0.6
17,1,0,18,0.6,0.6
17,1,0,19,0.6,0.6
17,1,0,20,0.6,0.6
17,1,0,21,0.6,0.6
17,1,0,22,0.6,0.6
17,1,0,23,0.6,0.6
17,1,0,24,0.6,0.6
17,1,0,25,0.6,0.6
17,1,0,26,0.6,0.6
17,1,0,27,0.5,0.5
17,1,0,28,0.5,0.5
17,1,0,29,0.5,0.5
17,1,0,30,0.5,0.5
17,1,0,31,0.5,0.5
17,1,0,32,0.5,0.5
17,1,0,33,0.5,0.5
17,1,0,34,0.5,0.5
17,1,0,35,0.5,0.5
17,1,0,36,0.5,0.5
17,1,0,37,0.5,0.5
17,1,0,38,0.0,0.0
17,1,0,39,0.4,0.3
17,1,20,0,0.0,0.0
17,1,20,1,0.0,0.0
17,1,20,2,0.0,0.0
17,1,20,3,0.0,0.0
17,1,20,4,0.0,0.0
17,1,20,5,0.0,0.0
17,1,20,6,0.0,0.0
17,1,20,7,0.0,0.0
17,1,20,8,0.0,0.0
17,1,20,9,0.0,0.0
17,1,20,10,0.0,0.0
17,1,20,11,0.0,0.0
17,1,20,12,0.0,0.0
17,1,20,13,0.0,0.0
17,1,20,14,0.0,0.0
17,1,20,15,0.0,0.0
17,1,20,16,0.0,0.0
17,1,20,17,0.0,0.0
17,1,20,18,0.0,0.0
17,1,20,19,0.0,0.0
17,1,20,20,0.0,0.0
17,1,20,21,0.0,0.0
17,1,20,22,0.0,0.0
17,1,20,23,0.0,0.0
17,1,20,24,0.0,0.0
17,1,20,25,0.0,0.0
17,1,20,26,0.0,0.0
17,1,20,27,0.0,0.0
17,1,20,28,0.0,0.0
17,1,20,29,0.0,0.0
17,1,20,30,0.0,0.0
17,1,20,31,0.0,0.0
17,1,20,32,0.0,0.0
17,1,20,33,0.0,0.0
17,1,20,34,0.0,0.0
17,1,20,35,0.0,0.0
17,1,20,36,0.0,0.0
17,1,20,37,0.0,0.0
17,1,20,38,0.0,0.0
17,1,20,39,0.2,0.2
17,1,40,0,0.0,0.0
17,1,40,1,0.0,0.0
17,1,40,2,0.0,0.0
17,1,40,3,0.0,0.0
17,1,40,4,0.0,0.0
17,1,40,5,0.0,0.0
17,1,40,6,0.5,0.0
17,1,40,7,0.4,0.0
17,1,40,8,0.4,0.0
17,1,40,9,0.4,0.0
17,1,40,10,0.4,0.0
17,1,40,11,0.4,0.0
17,1,40,12,0.3,0.0
17,1,40,13,0.3,0.0
17,1,40,14,0.3,0.0
17,1,40,15,0.3,0.0
17,1,40,16,0.3,0.0
17,1,40,17,0.3,0.0
17,1,40,18,0.3,0.0
17,1,40,19,0.4,0.0
17,1,40,20,0.3,0.0
17,1,40,21,0.3,0.0
17,1,40,22,0.3,0.0
17,1,40,23,0.2,0.0
17,1,40,24,0.2,0.0
17,1,40,25,0.2,0.0
17,1,40,26,0.2,0.0
17,1,40,27,0.3,0.0
17,1,40,28,0.3,0.0
17,1,40,29,0.3,0.0
17,1,40,30,0.3,0.0
17,1,40,31,0.3,0.0
17,1,40,32,0.2,0.0
17,1,40,33,0.2,0.0
17,1,40,34,0.2,0.0
17,1,40,35,0.1,0.0
17,1,40,36,0.2,0.0
17,1,40,37,0.1,0.0
17,1,40,38,0.0,0.0
17,1,40,39,0.3,0.7
17,2,0,0,0.2,0.3
17,2,0,1,0.2,0.0
17,2,0,2,0.3,0.1
17,2,0,3,0.1,0.0
17,2,0,4,0.3,0.0
17,2,0,5,0.3,0.0
17,2,0,6,0.8,0.8
17,2,0,7,0.8,0.8
17,2,0,8,0.8,0.8
17,2,0,9,0.8,0.8
17,2,0,10,0.8,0.8
17,2,0,11,0.8,0.8
17,2,0,12,0.8,0.8
17,2,0,13,0.8,0.8
17,2,0,14,0.8,0.8
17,2,0,15,0.8,0.8
17,2,0,16,0.8,0.8
17,2,0,17,0.8,0.8
17,2,0,18,0.8,0.8
17,2,0,19,0.7,0.7
17,2,0,20,0.7,0.7
17,2,0,21,0.7,0.7
17,2,0,22,0.7,0.7
17,2,0,23,0.7,0.7
17,2,0,24,0.7,0.7
17,2,0,25,0.7,0.7
17,2,0,26,0.7,0.7
17,2,0,27,0.7,0.7
17,2,0,28,0.7,0.7
17,2,0,29,0.7,0.7
17,2,0,30,0.7,0.7
17,2,0,31,0.7,0.7
17,2,0,32,0.6,0.6
17,2,0,33,0.6,0.6
17,2,0,34,0.7,0.6
17,2,0,35,0.7,0.6
17,2,0,36,0.7,0.6
17,2,0,37,0.7,0.7
17,2,0,38,0.3,0.3
17,2,0,39,0.3,0.2
17,2,20,0,0.0,0.0
17,2,20,1,0.0,0.0
17,2,20,2,0.0,0.0
17,2,20,3,0.0,0.0
17,2,20,4,0.0,0.0
17,2,20,5,0.0,0.0
17,2,20,6,0.0,0.0
17,2,20,7,0.0,0.0
17,2,20,8,0.0,0.0
17,2,20,9,0.0,0.0
17,2,20,10,0.0,0.0
17,2,20,11,0.0,0.0
17,2,20,12,0.0,0.0
17,2,20,13,0.0,0.0
17,2,20,14,0.0,0.0
17,2,20,15,0.0,0.0
17,2,20,16,0.0,0.0
17,2,20,17,0.1,0.0
17,2,20,18,0.0,0.0
17,2,20,19,0.0,0.0
17,2,20,20,0.0,0.0
17,2,20,21,0.0,0.1
17,2,20,22,0.0,0.0
17,2,20,23,0.0,0.0
17,2,20,24,0.0,0.0
17,2,20,25,0.0,0.0
17,2,20,26,0.0,0.0
17,2,20,27,0.0,0.0
17,2,20,28,0.0,0.0
17,2,20,29,0.0,0.0
17,2,20,30,0.0,0.0
17,2,20,31,0.0,0.0
17,2,20,32,0.0,0.0
17,2,20,33,0.0,0.0
17,2,20,34,0.0,0.0
17,2,20,35,0.0,0.0
17,2,20,36,0.0,0.0
17,2,20,37,0.0,0.0
17,2,20,38,0.0,0.1
17,2,20,39,0.1,0.1
17,2,40,0,0.0,0.0
17,2,40,1,0.0,0.0
17,2,40,2,0.0,0.0
17,2,40,3,0.0,0.0
17,2,40,4,0.0,0.0
17,2,40,5,0.0,0.0
17,2,40,6,0.0,0.0
17,2,40,7,0.0,0.0
17,2,40,8,0.0,0.0
17,2,40,9,0.0,0.0
17,2,40,10,0.0,0.0
17,2,40,11,0.0,0.0
17,2,40,12,0.0,0.0
17,2,40,13,0.0,0.0
17,2,40,14,0.0,0.0
17,2,40,15,0.0,0.0
17,2,40,16,0.0,0.0
17,2,40,17,0.0,0.0
17,2,40,18,0.0,0.0
17,2,40,19,0.0,0.0
17,2,40,20,0.0,0.0
17,2,40,21,0.0,0.0
17,2,40,22,0.0,0.0
17,2,40,23,0.0,0.0
17,2,40,24,0.0,0.0
17,2,40,25,0.0,0.0
17,2,40,26,0.0,0.0
17,2,40,27,0.0,0.0
17,2,40,28,0.0,0.0
17,2,40,29,0.0,0.0
17,2,40,30,0.0,0.0
17,2,40,31,0.0,0.0
17,2,40,32,0.0,0.0
17,2,40,33,0.0,0.0
17,2,40,34,0.0,0.0
17,2,40,35,0.0,0.0
17,2,40,36,0.0,0.0
17,2,40,37,0.0,0.0
17,2,40,38,0.0,0.0
17,2,40,39,0.1,0.2
18,0,0,0,0.0,0.0
18,0,0,1,0.0,0.0
18,0,0,2,0.0,0.1
18,0,0,3,0.0,0.1
18,0,0,4,0.0,0.0
18,0,0,5,0.0,0.0
18,0,0,6,0.0,0.0
18,0,0,7,0.0,0.0
18,0,0,8,0.0,0.0
18,0,0,9,0.0,0.0
18,0,0,10,0.0,0.0
18,0,0,11,0.0,0.0
18,0,0,12,0.0,0.0
18,0,0,13,0.0,0.0
18,0,0,14,0.0,0.0
18,0,0,15,0.0,0.0
18,0,0,16,0.0,0.0
18,0,0,17,0.0,0.0
18,0,0,18,0.0,0.0
18,0,0,19,0.0,0.0
18,0,0,20,0.0,0.0
18,0,0,21,0.0,0.0
18,0,0,22,0.0,0.0
18,0,0,23,0.0,0.0
18,0,0,24,0.0,0.0
18,0,0,25,0.0,0.0
18,0,0,26,0.0,0.0
18,0,0,27,0.0,0.0
18,0,0,28,0.0,0.0
18,0,0,29,0.0,0.0
18,0,0,30,0.0,0.0
18,0,0,31,0.0,0.0
18,0,0,32,0.0,0.0
18,0,0,33,0.0,0.0
18,0,0,34,0.0,0.0
18,0,0,35,0.0,0.0
18,0,0,36,0.0,0.0
18,0,0,37,0.0,0.0
18,0,0,38,0.0,0.0
18,0,0,39,0.2,0.1
18,0,20,0,0.0,0.0
18,0,20,1,0.0,0.0
18,0,20,2,0.0,0.0
18,0,20,3,0.0,0.0
18,0,20,4,0.0,0.0
18,0,20,5,0.0,0.0
18,0,20,6,0.0,0.0
18,0,20,7,0.1,0.0
18,0,20,8,0.1,0.0
18,0,20,9,0.1,0.0
18,0,20,10,0.1,0.0
18,0,20,11,0.1,0.0
18,0,20,12,0.1,0.0
18,0,20,13,0.1,0.0
18,0,20,14,0.1,0.0
18,0,20,15,0.1,0.0
18,0,20,16,0.1,0.0
18,0,20,17,0.1,0.0
18,0,20,18,0.1,0.0
18,0,20,19,0.1,0.1
18,0,20,20,0.1,0.1
18,0,20,21,0.1,0.1
18,0,20,22,0.1,0.1
18,0,20,23,0.1,0.1
18,0,20,24,0.1,0.1
18,0,20,25,0.2,0.2
18,0,20,26,0.2,0.2
18,0,20,27,0.2,0.2
18,0,20,28,0.2,0.2
18,0,20,29,0.2,0.2
18,0,20,30,0.2,0.2
18,0,20,31,0.2,0.2
18,0,20,32,0.1,0.1
18,0,20,33,0.1,0.1
18,0,20,34,0.1,0.1
18,0,20,35,0.1,0.1
18,0,20,36,0.1,0.0
18,0,20,37,0.1,0.0
18,0,20,38,0.0,0.0
18,0,20,39,0.5,0.7
18,0,40,0,0.0,0.0
18,0,40,1,0.0,0.0
18,0,40,2,0.0,0.0
18,0,40,3,0.0,0.0
18,0,40,4,0.0,0.0
18,0,40,5,0.0,0.0
18,0,40,6,0.8,0.8
18,0,40,7,0.7,0.8
18,0,40,8,0.7,0.7
18,0,40,9,0.7,0.7
18,0,40,10,0.7,0.8
18,0,40,11,0.7,0.7
18,0,40,12,0.7,0.7
18,0,40,13,0.7,0.7
18,0,40,14,0.7,0.7
18,0,40,15,0.7,0.7
18,0,40,16,0.7,0.7
18,0,40,17,0.7,0.7
18,0,40,18,0.7,0.8
18,0,40,19,0.6,0.6
18,0,40,20,0.6,0.6
18,0,40,21,0.6,0.6
18,0,40,22,0.6,0.6
18,0,40,23,0.6,0.6
18,0,40,24,0.6,0.6
18,0,40,25,0.6,0.6
18,0,40,26,0.6,0.6
18,0,40,27,0.6,0.6
18,0,40,28,0.6,0.6
18,0,40,29,0.6,0.6
18,0,40,30,0.6,0.6
18,0,40,31,0.6,0.6
18,0,40,32,0.6,0.6
18,0,40,33,0.7,0.7
18,0,40,34,0.7,0.7
18,0,40,35,0.7,0.7
18,0,40,36,0.6,0.7
18,0,40,37,0.6,0.7
18,0,40,38,0.3,0.4
18,0,40,39,0.5,0.5
18,1,0,0,0.0,0.0
18,1,0,1,0.0,0.0
18,1,0,2,0.0,0.0
18,1,0,3,0.0,0.0
18,1,0,4,0.0,0.0
18,1,0,5,0.0,0.0
18,1,0,6,0.6,0.6
18,1,0,7,0.5,0.5
18,1,0,8,0.5,0.5
18,1,0,9,0.5,0.5
18,1,0,10,0.5,0.5
18,1,0,11,0.5,0.5
18,1,0,12,0.5,0.5
18,1,0,13,0.5,0.5
18,1,0,14,0.5,0.5
18,1,0,15,0.5,0.5
18,1,0,16,0.5,0.5
18,1,0,17,0.5,0.5
18,1,0,18,0.5,0.5
18,1,0,19,0.5,0.5
18,1,0,20,0.5,0.5
18,1,0,21,0.4,0.4
18,1,0,22,0.4,0.4
18,1,0,23,0.4,0.4
18,1,0,24,0.4,0.4
18,1,0,25,0.4,0.4
18,1,0,26,0.4,0.4
18,1,0,27,0.4,0.4
18,1,0,28,0.4,0.4
18,1,0,29,0.4,0.4
18,1,0,30,0.5,0.5
18,1,0,31,0.5,0.5
18,1,0,32,0.5,0.5
18,1,0,33,0.5,0.5
18,1,0,34,0.5,0.5
18,1,0,35,0.5,0.5
18,1,0,36,0.4,0.4
18,1,0,37,0.2,0.2
18,1,0,38,0.0,0.0
18,1,0,39,0.3,0.2
18,1,20,0,0.0,0.0
18,1,20,1,0.0,0.0
18,1,20,2,0.0,0.0
18,1,20,3,0.0,0.0
18,1,20,4,0.0,0.0
18,1,20,5,0.0,0.0
18,1,20,6,0.4,0.4
18,1,20,7,0.3,0.3
18,1,20,8,0.3,0.3
18,1,20,9,0.3,0.3
18,1,20,10,0.2,0.2
18,1,20,11,0.2,0.2
18,1,20,12,0.2,0.2
18,1,20,13,0.2,0.2
18,1,20,14,0.2,0.2
18,1,20,15,0.2,0.2
18,1,20,16,0.2,0.2
18,1,20,17,0.2,0.2
18,1,20,18,0.2,0.2
18,1,20,19,0.3,0.3
18,1,20,20,0.2,0.2
18,1,20,21,0.2,0.2
18,1,20,22,0.2,0.2
18,1,20,23,0.2,0.2
18,1,20,24,0.2,0.2
18,1,20,25,0.2,0.2
18,1,20,26,0.2,0.2
18,1,20,27,0.2,0.2
18,1,20,28,0.2,0.2
18,1,20,29,0.2,0.2
18,1,20,30,0.2,0.2
18,1,20,31,0.2,0.2
18,1,20,32,0.1,0.1
18,1,20,33,0.1,0.1
18,1,20,34,0.1,0.1
18,1,20,35,0.1,0.1
18,1,20,36,0.1,0.1
18,1,20,37,0.1,0.1
18,1,20,38,0.0,0.0
18,1,20,39,0.1,0.2
18,1,40,0,0.0,0.0
18,1,40,1,0.0,0.1
18,1,40,2,0.0,0.1
18,1,40,3,0.0,0.0
18,1,40,4,0.0,0.0
18,1,40,5,0.0,0.0
18,1,40,6,0.0,0.0
18,1,40,7,0.0,0.0
18,1,40,8,0.0,0.0
18,1,40,9,0.0,0.0
18,1,40,10,0.0,0.0
18,1,40,11,0.0,0.0
18,1,40,12,0.0,0.0
18,1,40,13,0.0,0.0
18,1,40,14,0.0,0.0
18,1,40,15,0.0,0.0
18,1,40,16,0.0,0.0
18,1,40,17,0.0,0.0
18,1,40,18,0.0,0.0
18,1,40,19,0.0,0.0
18,1,40,20,0.0,0.0
18,1,40,21,0.0,0.0
18,1,40,22,0.0,0.0
18,1,40,23,0.0,0.0
18,1,40,24,0.0,0.0
18,1,40,25,0.0,0.0
18,1,40,26,0.0,0.0
18,1,40,27,0.0,0.0
18,1,40,28,0.0,0.0
18,1,40,29,0.0,0.0
18,1,40,30,0.0,0.0
18,1,40,31,0.0,0.0
18,1,40,32,0.0,0.0
18,1,40,33,0.0,0.0
18,1,40,34,0.0,0.0
18,1,40,35,0.0,0.0
18,1,40,36,0.0,0.0
18,1,40,37,0.0,0.0
18,1,40,38,0.0,0.0
18,1,40,39,0.1,0.2
18,2,0,0,0.0,0.0
18,2,0,1,0.0,0.0
18,2,0,2,0.0,0.0
18,2,0,3,0.0,0.0
18,2,0,4,0.0,0.0
18,2,0,5,0.0,0.0
18,2,0,6,0.6,0.6
18,2,0,7,0.6,0.6
18,2,0,8,0.6,0.6
18,2,0,9,0.6,0.6
18,2,0,10,0.6,0.6
18,2,0,11,0.6,0.6
18,2,0,12,0.6,0.6
18,2,0,13,0.6,0.6
18,2,0,14,0.6,0.6
18,2,0,15,0.6,0.6
18,2,0,16,0.6,0.6
18,2,0,17,0.6,0.6
18,2,0,18,0.6,0.6
18,2,0,19,0.5,0.5
18,2,0,20,0.5,0.5
18,2,0,21,0.5,0.5
18,2,0,22,0.5,0.5
18,2,0,23,0.5,0.5
18,2,0,24,0.5,0.5
18,2,0,25,0.5,0.5
18,2,0,26,0.5,0.5
18,2,0,27,0.5,0.5
18,2,0,28,0.5,0.5
18,2,0,29,0.5,0.5
18,2,0,30,0.5,0.5
18,2,0,31,0.5,0.5
18,2,0,32,0.5,0.5
18,2,0,33,0.5,0.5
18,2,0,34,0.5,0.5
18,2,0,35,0.5,0.5
18,2,0,36,0.5,0.5
18,2,0,37,0.5,0.5
18,2,0,38,0.0,0.0
18,2,0,39,0.3,0.2
18,2,20,0,0.0,0.0
18,2,20,1,0.0,0.0
18,2,20,2,0.0,0.0
18,2,20,3,0.0,0.0
18,2,20,4,0.0,0.0
18,2,20,5,0.0,0.0
18,2,20,6,0.0,0.0
18,2,20,7,0.0,0.0
18,2,20,8,0.0,0.0
18,2,20,9,0.0,0.0
18,2,20,10,0.0,0.0
18,2,20,11,0.0,0.0
18,2,20,12,0.0,0.0
18,2,20,13,0.0,0.0
18,2,20,14,0.0,0.0
18,2,20,15,0.0,0.0
18,2,20,16,0.0,0.0
18,2,20,17,0.0,0.0
18,2,20,18,0.0,0.0
18,2,20,19,0.0,0.0
18,2,20,20,0.0,0.0
18,2,20,21,0.0,0.0
18,2,20,22,0.0,0.0
18,2,20,23,0.0,0.0
18,2,20,24,0.0,0.0
18,2,20,25,0.0,0.0
18,2,20,26,0.0,0.0
18,2,20,27,0.0,0.0
18,2,20,28,0.0,0.0
18,2,20,29,0.0,0.0
18,2,20,30,0.0,0.0
18,2,20,31,0.0,0.0
18,2,20,32,0.0,0.0
18,2,20,33,0.0,0.0
18,2,20,34,0.0,0.0
18,2,20,35,0.0,0.0
18,2,20,36,0.0,0.0
18,2,20,37,0.0,0.0
18,2,20,38,0.0,0.0
18,2,20,39,0.1,0.1
18,2,40,0,0.0,0.0
18,2,40,1,0.0,0.0
18,2,40,2,0.0,0.0
18,2,40,3,0.0,0.0
18,2,40,4,0.0,0.0
18,2,40,5,0.0,0.0
18,2,40,6,0.0,0.0
18,2,40,7,0.0,0.0
18,2,40,8,0.0,0.0
18,2,40,9,0.0,0.0
18,2,40,10,0.0,0.0
18,2,40,11,0.0,0.0
18,2,40,12,0.0,0.0
18,2,40,13,0.0,0.0
18,2,40,14,0.0,0.0
18,2,40,15,0.0,0.0
18,2,40,16,0.0,0.0
18,2,40,17,0.0,0.0
18,2,40,18,0.0,0.0
18,2,40,19,0.0,0.0
18,2,40,20,0.0,0.0
18,2,40,21,0.0,0.0
18,2,40,22,0.0,0.0
18,2,40,23,0.0,0.0
18,2,40,24,0.0,0.0
18,2,40,25,0.0,0.0
18,2,40,26,0.0,0.0
18,2,40,27,0.0,0.0
18,2,40,28,0.0,0.0
18,2,40,29,0.0,0.0
18,2,40,30,0.0,0.0
18,2,40,31,0.0,0.0
18,2,40,32,0.0,0.0
18,2,40,33,0.0,0.0
18,2,40,34,0.0,0.0
18,2,40,35,0.0,0.0
18,2,40,36,0.0,0.0
18,2,40,37,0.0,0.0
18,2,40,38,0.0,0.0
18,2,40,39,0.1,0.1
19,0,0,0,0.0,0.0
19,0,0,1,0.0,0.0
19,0,0,2,0.0,0.0
19,0,0,3,0.0,0.0
19,0,0,4,0.0,0.0
19,0,0,5,0.0,0.0
19,0,0,6,0.0,0.0
19,0,0,7,0.0,0.0
19,0,0,8,0.0,0.0
19,0,0,9,0.0,0.0
19,0,0,10,0.0,0.0
19,0,0,11,0.0,0.0
19,0,0,12,0.0,0.0
19,0,0,13,0.0,0.0
19,0,0,14,0.0,0.0
19,0,0,15,0.0,0.0
19,0,0,16,0.0,0.0
19,0,0,17,0.0,0.0
19,0,0,18,0.0,0.0
19,0,0,19,0.0,0.0
19,0,0,20,0.0,0.0
19,0,0,21,0.0,0.0
19,0,0,22,0.0,0.0
19,0,0,23,0.0,0.0
19,0,0,24,0.0,0.0
19,0,0,25,0.0,0.0
19,0,0,26,0.0,0.0
19,0,0,27,0.0,0.0
19,0,0,28,0.0,0.0
19,0,0,29,0.0,0.0
19,0,0,30,0.0,0.0
19,0,0,31,0.0,0.0
19,0,0,32,0.0,0.0
19,0,0,33,0.0,0.0
19,0,0,34,0.0,0.0
19,0,0,35,0.0,0.0
19,0,0,36,0.0,0.0
19,0,0,37,0.0,0.0
19,0,0,38,0.0,0.0
19,0,0,39,0.2,0.0
19,0,20,0,0.0,0.0
19,0,20,1,0.1,0.0
19,0,20,2,0.1,0.0
19,0,20,3,0.0,0.0
19,0,20,4,0.0,0.0
19,0,20,5,0.0,0.0
19,0,20,6,0.7,0.0
19,0,20,7,0.6,0.0
19,0,20,8,0.6,0.0
19,0,20,9,0.6,0.0
19,0,20,10,0.6,0.0
19,0,20,11,0.5,0.0
19,0,20,12,0.5,0.0
19,0,20,13,0.5,0.0
19,0,20,14,0.5,0.0
19,0,20,15,0.4,0.0
19,0,20,16,0.4,0.0
19,0,20,17,0.4,0.0
19,0,20,18,0.5,0.0
19,0,20,19,0.3,0.0
19,0,20,20,0.2,0.0
19,0,20,21,0.2,0.0
19,0,20,22,0.3,0.0
19,0,20,23,0.2,0.0
19,0,20,24,0.2,0.0
19,0,20,25,0.2,0.0
19,0,20,26,0.2,0.0
19,0,20,27,0.3,0.0
19,0,20,28,0.3,0.0
19,0,20,29,0.3,0.0
19,0,20,30,0.3,0.0
19,0,20,31,0.3,0.0
19,0,20,32,0.3,0.0
19,0,20,33,0.3,0.0
19,0,20,34,0.3,0.0
19,0,20,35,0.2,0.0
19,0,20,36,0.2,0.0
19,0,20,37,0.1,0.0
19,0,20,38,0.0,0.1
19,0,20,39,0.3,0.7
19,0,40,0,0.0,0.0
19,0,40,1,0.0,0.0
19,0,40,2,0.0,0.0
19,0,40,3,0.0,0.0
19,0,40,4,0.0,0.0
19,0,40,5,0.0,0.0
19,0,40,6,0.2,0.1
19,0,40,7,0.1,0.0
19,0,40,8,0.1,0.0
19,0,40,9,0.1,0.0
19,0,40,10,0.1,0.0
19,0,40,11,0.1,0.0
19,0,40,12,0.1,0.0
19,0,40,13,0.1,0.0
19,0,40,14,0.1,0.0
19,0,40,15,0.1,0.0
19,0,40,16,0.1,0.0
19,0,40,17,0.1,0.1
19,0,40,18,0.1,0.1
19,0,40,19,0.1,0.0
19,0,40,20,0.0,0.0
19,0,40,21,0.0,0.0
19,0,40,22,0.0,0.0
19,0,40,23,0.0,0.0
19,0,40,24,0.0,0.0
19,0,40,25,0.0,0.0
19,0,40,26,0.0,0.0
19,0,40,27,0.0,0.0
19,0,40,28,0.0,0.0
19,0,40,29,0.0,0.1
19,0,40,30,0.0,0.1
19,0,40,31,0.0,0.1
19,0,40,32,0.0,0.1
19,0,40,33,0.0,0.1
19,0,40,34,0.0,0.0
19,0,40,35,0.0,0.0
19,0,40,36,0.0,0.0
19,0,40,37,0.0,0.0
19,0,40,38,0.0,0.0
19,0,40,39,0.1,0.0
19,1,0,0,0.0,0.0
19,1,0,1,0.0,0.0
19,1,0,2,0.0,0.0
19,1,0,3,0.0,0.0
19,1,0,4,0.0,0.0
19,1,0,5,0.0,0.0
19,1,0,6,0.8,0.8
19,1,0,7,0.8,0.8
19,1,0,8,0.8,0.8
19,1,0,9,0.8,0.8
19,1,0,10,0.8,0.8
19,1,0,11,0.8,0.8
19,1,0,12,0.8,0.8
19,1,0,13,0.8,0.8
19,1,0,14,0.8,0.8
19,1,0,15,0.8,0.8
19,1,0,16,0.8,0.8
19,1,0,17,0.8,0.8
19,1,0,18,0.8,0.8
19,1,0,19,0.7,0.7
19,1,0,20,0.7,0.7
19,1,0,21,0.7,0.7
19,1,0,22,0.7,0.7
19,1,0,23,0.8,0.8
19,1,0,24,0.7,0.7
19,1,0,25,0.8,0.8
19,1,0,26,0.8,0.8
19,1,0,27,0.8,0.8
19,1,0,28,0.8,0.8
19,1,0,29,0.8,0.8
19,1,0,30,0.7,0.7
19,1,0,31,0.7,0.7
19,1,0,32,0.7,0.7
19,1,0,33,0.6,0.6
19,1,0,34,0.6,0.6
19,1,0,35,0.6,0.6
19,1,0,36,0.6,0.6
19,1,0,37,0.6,0.6
19,1,0,38,0.6,0.6
19,1,0,39,0.3,0.2
19,1,20,0,0.0,0.0
19,1,20,1,0.0,0.0
19,1,20,2,0.0,0.0
19,1,20,3,0.0,0.0
19,1,20,4,0.0,0.0
19,1,20,5,0.0,0.0
19,1,20,6,0.0,0.0
19,1,20,7,0.0,0.0
19,1,20,8,0.0,0.0
19,1,20,9,0.0,0.0
19,1,20,10,0.0,0.0
19,1,20,11,0.0,0.0
19,1,20,12,0.0,0.0
19,1,20,13,0.0,0.0
19,1,20,14,0.0,0.0
19,1,20,15,0.0,0.0
19,1,20,16,0.0,0.0
19,1,20,17,0.0,0.0
19,1,20,18,0.0,0.0
19,1,20,19,0.0,0.0
19,1,20,20,0.0,0.0
19,1,20,21,0.0,0.0
19,1,20,22,0.0,0.0
19,1,20,23,0.0,0.0
19,1,20,24,0.0,0.0
19,1,20,25,0.0,0.0
19,1,20,26,0.0,0.0
19,1,20,27,0.0,0.0
19,1,20,28,0.0,0.0
19,1,20,29,0.0,0.0
19,1,20,30,0.0,0.0
19,1,20,31,0.0,0.0
19,1,20,32,0.0,0.0
19,1,20,33,0.0,0.0
19,1,20,34,0.0,0.0
19,1,20,35,0.0,0.0
19,1,20,36,0.0,0.0
19,1,20,37,0.0,0.0
19,1,20,38,0.0,0.0
19,1,20,39,0.1,0.1
19,1,40,0,0.0,0.0
19,1,40,1,0.0,0.0
19,1,40,2,0.0,0.0
19,1,40,3,0.0,0.0
19,1,40,4,0.0,0.0
19,1,40,5,0.0,0.0
19,1,40,6,0.0,0.0
19,1,40,7,0.0,0.0
19,1,40,8,0.0,0.0
19,1,40,9,0.0,0.0
19,1,40,10,0.0,0.0
19,1,40,11,0.0,0.0
19,1,40,12,0.0,0.0
19,1,40,13,0.0,0.0
19,1,40,14,0.0,0.0
19,1,40,15,0.0,0.0
19,1,40,16,0.0,0.0
19,1,40,17,0.0,0.0
19,1,40,18,0.0,0.0
19,1,40,19,0.0,0.0
19,1,40,20,0.0,0.0
19,1,40,21,0.0,0.0
19,1,40,22,0.0,0.0
19,1,40,23,0.0,0.0
19,1,40,24,0.0,0.0
19,1,40,25,0.0,0.0
19,1,40,26,0.0,0.0
19,1,40,27,0.0,0.0
19,1,40,28,0.0,0.0
19,1,40,29,0.0,0.0
19,1,40,30,0.0,0.0
19,1,40,31,0.0,0.0
19,1,40,32,0.0,0.0
19,1,40,33,0.0,0.0
19,1,40,34,0.0,0.0
19,1,40,35,0.0,0.0
19,1,40,36,0.0,0.0
19,1,40,37,0.0,0.0
19,1,40,38,0.0,0.0
19,1,40,39,0.1,0.0
19,2,0,0,0.0,0.1
19,2,0,1,0.1,0.1
19,2,0,2,0.1,0.2
19,2,0,3,0.1,0.1
19,2,0,4,0.1,0.2
19,2,0,5,0.0,0.2
19,2,0,6,0.8,0.8
19,2,0,7,0.8,0.8
19,2,0,8,0.8,0.8
19,2,0,9,0.8,0.8
19,2,0,10,0.8,0.8
19,2,0,11,0.8,0.8
19,2,0,12,0.8,0.8
19,2,0,13,0.8,0.8
19,2,0,14,0.8,0.8
19,2,0,15,0.8,0.8
19,2,0,16,0.8,0.8
19,2,0,17,0.8,0.8
19,2,0,18,0.8,0.8
19,2,0,19,0.7,0.7
19,2,0,20,0.7,0.7
19,2,0,21,0.7,0.7
19,2,0,22,0.7,0.7
19,2,0,23,0.7,0.7
19,2,0,24,0.7,0.7
19,2,0,25,0.7,0.7
19,2,0,26,0.7,0.7
19,2,0,27,0.7,0.7
19,2,0,28,0.7,0.7
19,2,0,29,0.7,0.7
19,2,0,30,0.7,0.7
19,2,0,31,0.7,0.7
19,2,0,32,0.7,0.6
19,2,0,33,0.8,0.7
19,2,0,34,0.8,0.7
19,2,0,35,0.7,0.7
19,2,0,36,0.7,0.7
19,2,0,37,0.7,0.7
19,2,0,38,0.4,0.4
19,2,0,39,0.4,0.5
19,2,20,0,0.0,0.0
19,2,20,1,0.0,0.0
19,2,20,2,0.0,0.0
19,2,20,3,0.0,0.0
19,2,20,4,0.0,0.0
19,2,20,5,0.0,0.0
19,2,20,6,0.0,0.0
19,2,20,7,0.0,0.0
19,2,20,8,0.0,0.0
19,2,20,9,0.0,0.0
19,2,20,10,0.0,0.0
19,2,20,11,0.0,0.0
19,2,20,12,0.0,0.0
19,2,20,13,0.0,0.0
19,2,20,14,0.0,0.0
19,2,20,15,0.0,0.0
19,2,20,16,0.0,0.0
19,2,20,17,0.0,0.0
19,2,20,18,0.0,0.0
19,2,20,19,0.0,0.0
19,2,20,20,0.0,0.0
19,2,20,21,0.0,0.0
19,2,20,22,0.0,0.0
19,2,20,23,0.0,0.0
19,2,20,24,0.0,0.0
19,2,20,25,0.0,0.0
19,2,20,26,0.0,0.0
19,2,20,27,0.0,0.0
19,2,20,28,0.0,0.0
19,2,20,29,0.0,0.0
19,2,20,30,0.0,0.0
19,2,20,31,0.0,0.0
19,2,20,32,0.0,0.0
19,2,20,33,0.0,0.0
19,2,20,34,0.0,0.0
19,2,20,35,0.0,0.0
19,2,20,36,0.0,0.0
19,2,20,37,0.0,0.0
19,2,20,38,0.0,0.0
19,2,20,39,0.2,0.4
19,2,40,0,0.0,0.0
19,2,40,1,0.0,0.0
19,2,40,2,0.0,0.0
19,2,40,3,0.0,0.0
19,2,40,4,0.0,0.0
19,2,40,5,0.0,0.0
19,2,40,6,0.0,0.0
19,2,40,7,0.0,0.0
19,2,40,8,0.0,0.0
19,2,40,9,0.0,0.0
19,2,40,10,0.0,0.0
19,2,40,11,0.0,0.0
19,2,40,12,0.0,0.0
19,2,40,13,0.0,0.0
19,2,40,14,0.0,0.0
19,2,40,15,0.0,0.0
19,2,40,16,0.0,0.0
19,2,40,17,0.0,0.0
19,2,40,18,0.0,0.0
19,2,40,19,0.0,0.0
19,2,40,20,0.0,0.0
19,2,40,21,0.0,0.0
19,2,40,22,0.0,0.0
19,2,40,23,0.0,0.0
19,2,40,24,0.0,0.0
19,2,40,25,0.0,0.0
19,2,40,26,0.0,0.0
19,2,40,27,0.0,0.0
19,2,40,28,0.0,0.0
19,2,40,29,0.0,0.0
19,2,40,30,0.0,0.0
19,2,40,31,0.0,0.0
19,2,40,32,0.0,0.0
19,2,40,33,0.0,0.0
19,2,40,34,0.0,0.0
19,2,40,35,0.0,0.0
19,2,40,36,0.0,0.0
19,2,40,37,0.0,0.0
19,2,40,38,0.0,0.0
19,2,40,39,0.1,0.0
20,0,0,0,0.0,0.0
20,0,0,1,0.0,0.0
20,0,0,2,0.0,0.0
20,0,0,3,0.0,0.0
20,0,0,4,0.0,0.0
20,0,0,5,0.0,0.0
20,0,0,6,0.0,0.0
20,0,0,7,0.0,0.0
20,0,0,8,0.0,0.0
20,0,0,9,0.0,0.0
20,0,0,10,0.0,0.0
20,0,0,11,0.0,0.0
20,0,0,12,0.0,0.0
20,0,0,13,0.0,0.0
20,0,0,14,0.0,0.0
20,0,0,15,0.0,0.0
20,0,0,16,0.0,0.0
20,0,0,17,0.0,0.0
20,0,0,18,0.0,0.0
20,0,0,19,0.0,0.0
20,0,0,20,0.0,0.0
20,0,0,21,0.0,0.0
20,0,0,22,0.0,0.0
20,0,0,23,0.0,0.0
20,0,0,24,0.0,0.0
20,0,0,25,0.0,0.0
20,0,0,26,0.0,0.0
20,0,0,27,0.0,0.0
20,0,0,28,0.0,0.0
20,0,0,29,0.0,0.0
20,0,0,30,0.0,0.0
20,0,0,31,0.0,0.0
20,0,0,32,0.0,0.0
20,0,0,33,0.0,0.0
20,0,0,34,0.0,0.0
20,0,0,35,0.0,0.0
20,0,0,36,0.0,0.0
20,0,0,37,0.0,0.0
20,0,0,38,0.0,0.0
20,0,0,39,0.1,0.0
20,0,20,0,0.0,0.0
20,0,20,1,0.0,0.0
20,0,20,2,0.0,0.0
20,0,20,3,0.0,0.0
20,0,20,4,0.0,0.0
20,0,20,5,0.0,0.0
20,0,20,6,0.0,0.0
20,0,20,7,0.0,0.0
20,0,20,8,0.0,0.0
20,0,20,9,0.0,0.0
20,0,20,10,0.0,0.0
20,0,20,11,0.0,0.0
20,0,20,12,0.0,0.0
20,0,20,13,0.0,0.0
20,0,20,14,0.0,0.1
20,0,20,15,0.0,0.1
20,0,20,16,0.0,0.1
20,0,20,17,0.0,0.1
20,0,20,18,0.0,0.1
20,0,20,19,0.0,0.1
20,0,20,20,0.0,0.1
20,0,20,21,0.0,0.2
20,0,20,22,0.0,0.1
20,0,20,23,0.0,0.1
20,0,20,24,0.0,0.1
20,0,20,25,0.0,0.0
20,0,20,26,0.0,0.0
20,0,20,27,0.0,0.0
20,0,20,28,0.0,0.1
20,0,20,29,0.0,0.0
20,0,20,30,0.0,0.0
20,0,20,31,0.0,0.0
20,0,20,32,0.0,0.0
20,0,20,33,0.0,0.0
20,0,20,34,0.0,0.0
20,0,20,35,0.0,0.0
20,0,20,36,0.0,0.0
20,0,20,37,0.0,0.0
20,0,20,38,0.0,0.0
20,0,20,39,0.2,0.3
20,0,40,0,0.0,0.0
20,0,40,1,0.0,0.0
20,0,40,2,0.0,0.0
20,0,40,3,0.0,0.0
20,0,40,4,0.0,0.0
20,0,40,5,0.0,0.0
20,0,40,6,0.0,0.0
20,0,40,7,0.0,0.0
20,0,40,8,0.0,0.0
20,0,40,9,0.0,0.0
20,0,40,10,0.0,0.0
20,0,40,11,0.0,0.0
20,0,40,12,0.0,0.0
20,0,40,13,0.0,0.0
20,0,40,14,0.0,0.0
20,0,40,15,0.0,0.0
20,0,40,16,0.0,0.0
20,0,40,17,0.0,0.0
20,0,40,18,0.0,0.0
20,0,40,19,0.0,0.0
20,0,40,20,0.0,0.0
20,0,40,21,0.0,0.0
20,0,40,22,0.0,0.0
20,0,40,23,0.0,0.0
20,0,40,24,0.0,0.0
20,0,40,25,0.0,0.0
20,0,40,26,0.0,0.0
20,0,40,27,0.0,0.0
20,0,40,28,0.0,0.0
20,0,40,29,0.0,0.0
20,0,40,30,0.0,0.0
20,0,40,31,0.0,0.0
20,0,40,32,0.0,0.0
20,0,40,33,0.0,0.0
20,0,40,34,0.0,0.0
20,0,40,35,0.0,0.0
20,0,40,36,0.0,0.0
20,0,40,37,0.0,0.0
20,0,40,38,0.0,0.0
20,0,40,39,0.6,0.3
20,1,0,0,0.0,0.0
20,1,0,1,0.0,0.0
20,1,0,2,0.0,0.0
20,1,0,3,0.0,0.0
20,1,0,4,0.0,0.0
20,1,0,5,0.0,0.0
20,1,0,6,0.7,0.7
20,1,0,7,0.7,0.7
20,1,0,8,0.7,0.7
20,1,0,9,0.7,0.7
20,1,0,10,0.7,0.7
20,1,0,11,0.7,0.7
20,1,0,12,0.7,0.7
20,1,0,13,0.7,0.7
20,1,0,14,0.7,0.7
20,1,0,15,0.7,0.7
20,1,0,16,0.7,0.7
20,1,0,17,0.7,0.7
20,1,0,18,0.7,0.7
20,1,0,19,0.6,0.6
20,1,0,20,0.6,0.6
20,1,0,21,0.6,0.6
20,1,0,22,0.6,0.6
20,1,0,23,0.6,0.6
20,1,0,24,0.6,0.6
20,1,0,25,0.6,0.6
20,1,0,26,0.6,0.6
20,1,0,27,0.5,0.5
20,1,0,28,0.5,0.5
20,1,0,29,0.5,0.5
20,1,0,30,0.5,0.5
20,1,0,31,0.5,0.6
20,1,0,32,0.5,0.6
20,1,0,33,0.5,0.6
20,1,0,34,0.5,0.6
20,1,0,35,0.5,0.6
20,1,0,36,0.5,0.6
20,1,0,37,0.6,0.6
20,1,0,38,0.5,0.6
20,1,0,39,0.3,0.4
20,1,20,0,0.0,0.0
20,1,20,1,0.0,0.0
20,1,20,2,0.0,0.0
20,1,20,3,0.0,0.0
20,1,20,4,0.0,0.0
20,1,20,5,0.0,0.0
20,1,20,6,0.0,0.0
20,1,20,7,0.0,0.0
20,1,20,8,0.0,0.0
20,1,20,9,0.0,0.0
20,1,20,10,0.0,0.0
20,1,20,11,0.0,0.0
20,1,20,12,0.0,0.0
20,1,20,13,0.0,0.0
20,1,20,14,0.0,0.0
20,1,20,15,0.0,0.0
20,1,20,16,0.0,0.0
20,1,20,17,0.0,0.0
20,1,20,18,0.0,0.0
20,1,20,19,0.0,0.0
20,1,20,20,0.0,0.0
20,1,20,21,0.0,0.0
20,1,20,22,0.0,0.0
20,1,20,23,0.0,0.0
20,1,20,24,0.0,0.0
20,1,20,25,0.0,0.0
20,1,20,26,0.0,0.0
20,1,20,27,0.0,0.0
20,1,20,28,0.0,0.0
20,1,20,29,0.0,0.0
20,1,20,30,0.0,0.0
20,1,20,31,0.0,0.0
20,1,20,32,0.0,0.0
20,1,20,33,0.0,0.0
20,1,20,34,0.0,0.0
20,1,20,35,0.0,0.0
20,1,20,36,0.0,0.0
20,1,20,37,0.0,0.0
20,1,20,38,0.0,0.0
20,1,20,39,0.2,0.5
20,1,40,0,0.0,0.0
20,1,40,1,0.0,0.0
20,1,40,2,0.0,0.0
20,1,40,3,0.0,0.0
20,1,40,4,0.0,0.0
20,1,40,5,0.0,0.0
20,1,40,6,0.0,0.0
20,1,40,7,0.0,0.0
20,1,40,8,0.0,0.0
20,1,40,9,0.0,0.0
20,1,40,10,0.0,0.0
20,1,40,11,0.0,0.0
20,1,40,12,0.0,0.0
20,1,40,13,0.0,0.0
20,1,40,14,0.0,0.0
20,1,40,15,0.0,0.0
20,1,40,16,0.0,0.0
20,1,40,17,0.0,0.0
20,1,40,18,0.0,0.0
20,1,40,19,0.0,0.0
20,1,40,20,0.0,0.0
20,1,40,21,0.0,0.0
20,1,40,22,0.0,0.0
20,1,40,23,0.0,0.0
20,1,40,24,0.0,0.0
20,1,40,25,0.0,0.0
20,1,40,26,0.0,0.0
20,1,40,27,0.0,0.0
20,1,40,28,0.0,0.0
20,1,40,29,0.0,0.0
20,1,40,30,0.0,0.0
20,1,40,31,0.0,0.0
20,1,40,32,0.0,0.0
20,1,40,33,0.0,0.0
20,1,40,34,0.0,0.0
20,1,40,35,0.0,0.0
20,1,40,36,0.0,0.0
20,1,40,37,0.0,0.0
20,1,40,38,0.0,0.0
20,1,40,39,0.1,0.0
20,2,0,0,0.0,0.0
20,2,0,1,0.0,0.0
20,2,0,2,0.0,0.0
20,2,0,3,0.0,0.0
20,2,0,4,0.0,0.0
20,2,0,5,0.0,0.0
20,2,0,6,0.6,0.6
20,2,0,7,0.6,0.6
20,2,0,8,0.6,0.6
20,2,0,9,0.6,0.6
20,2,0,10,0.6,0.6
20,2,0,11,0.6,0.6
20,2,0,12,0.6,0.6
20,2,0,13,0.6,0.6
20,2,0,14,0.6,0.6
20,2,0,15,0.6,0.6
20,2,0,16,0.6,0.6
20,2,0,17,0.6,0.6
20,2,0,18,0.5,0.5
20,2,0,19,0.5,0.5
20,2,0,20,0.5,0.5
20,2,0,21,0.5,0.5
20,2,0,22,0.5,0.5
20,2,0,23,0.5,0.5
20,2,0,24,0.5,0.5
20,2,0,25,0.5,0.5
20,2,0,26,0.5,0.5
20,2,0,27,0.5,0.5
20,2,0,28,0.5,0.5
20,2,0,29,0.5,0.5
20,2,0,30,0.5,0.5
20,2,0,31,0.5,0.5
20,2,0,32,0.5,0.5
20,2,0,33,0.5,0.5
20,2,0,34,0.5,0.5
20,2,0,35,0.5,0.5
20,2,0,36,0.5,0.5
20,2,0,37,0.5,0.5
20,2,0,38,0.0,0.0
20,2,0,39,0.2,0.3
20,2,20,0,0.0,0.0
20,2,20,1,0.0,0.0
20,2,20,2,0.0,0.0
20,2,20,3,0.0,0.0
20,2,20,4,0.0,0.0
20,2,20,5,0.0,0.0
20,2,20,6,0.0,0.0
20,2,20,7,0.0,0.0
20,2,20,8,0.0,0.0
20,2,20,9,0.0,0.0
20,2,20,10,0.0,0.0
20,2,20,11,0.0,0.0
20,2,20,12,0.0,0.0
20,2,20,13,0.0,0.0
20,2,20,14,0.0,0.0
20,2,20,15,0.0,0.0
20,2,20,16,0.0,0.0
20,2,20,17,0.0,0.0
20,2,20,18,0.0,0.0
20,2,20,19,0.0,0.0
20,2,20,20,0.0,0.0
20,2,20,21,0.0,0.0
20,2,20,22,0.0,0.0
20,2,20,23,0.0,0.0
20,2,20,24,0.0,0.0
20,2,20,25,0.0,0.0
20,2,20,26,0.0,0.0
20,2,20,27,0.0,0.0
20,2,20,28,0.0,0.0
20,2,20,29,0.0,0.0
20,2,20,30,0.0,0.0
20,2,20,31,0.0,0.0
20,2,20,32,0.0,0.0
20,2,20,33,0.0,0.0
20,2,20,34,0.0,0.0
20,2,20,35,0.0,0.0
20,2,20,36,0.0,0.0
20,2,20,37,0.0,0.0
20,2,20,38,0.0,0.0
20,2,20,39,0.0,0.0
20,2,40,0,0.0,0.0
20,2,40,1,0.0,0.0
20,2,40,2,0.0,0.0
20,2,40,3,0.0,0.0
20,2,40,4,0.0,0.0
20,2,40,5,0.0,0.0
20,2,40,6,0.0,0.0
20,2,40,7,0.0,0.0
20,2,40,8,0.0,0.0
20,2,40,9,0.0,0.0
20,2,40,10,0.0,0.0
20,2,40,11,0.0,0.0
20,2,40,12,0.0,0.0
20,2,40,13,0.0,0.0
20,2,40,14,0.0,0.0
20,2,40,15,0.0,0.0
20,2,40,16,0.0,0.0
20,2,40,17,0.0,0.0
20,2,40,18,0.0,0.0
20,2,40,19,0.0,0.0
20,2,40,20,0.0,0.0
20,2,40,21,0.0,0.0
20,2,40,22,0.0,0.0
20,2,40,23,0.0,0.0
20,2,40,24,0.0,0.0
20,2,40,25,0.0,0.0
20,2,40,26,0.0,0.0
20,2,40,27,0.0,0.0
20,2,40,28,0.0,0.0
20,2,40,29,0.0,0.0
20,2,40,30,0.0,0.0
20,2,40,31,0.0,0.0
20,2,40,32,0.0,0.0
20,2,40,33,0.0,0.0
20,2,40,34,0.0,0.0
20,2,40,35,0.0,0.0
20,2,40,36,0.0,0.0
20,2,40,37,0.0,0.0
20,2,40,38,0.0,0.0
20,2,40,39,0.2,0.1
21,0,0,0,0.0,0.0
21,0,0,1,0.0,0.0
21,0,0,2,0.0,0.1
21,0,0,3,0.0,0.1
21,0,0,4,0.0,0.0
21,0,0,5,0.0,0.0
21,0,0,6,0.0,0.0
21,0,0,7,0.0,0.0
21,0,0,8,0.0,0.0
21,0,0,9,0.0,0.0
21,0,0,10,0.0,0.0
21,0,0,11,0.0,0.0
21,0,0,12,0.0,0.0
21,0,0,13,0.0,0.0
21,0,0,14,0.0,0.0
21,0,0,15,0.0,0.0
21,0,0,16,0.0,0.0
21,0,0,17,0.0,0.0
21,0,0,18,0.0,0.0
21,0,0,19,0.0,0.0
21,0,0,20,0.0,0.0
21,0,0,21,0.0,0.0
21,0,0,22,0.0,0.0
21,0,0,23,0.0,0.0
21,0,0,24,0.0,0.0
21,0,0,25,0.0,0.0
21,0,0,26,0.0,0.0
21,0,0,27,0.0,0.0
21,0,0,28,0.0,0.0
21,0,0,29,0.0,0.0
21,0,0,30,0.0,0.0
21,0,0,31,0.0,0.0
21,0,0,32,0.0,0.0
21,0,0,33,0.0,0.0
21,0,0,34,0.0,0.0
21,0,0,35,0.0,0.0
21,0,0,36,0.0,0.0
21,0,0,37,0.0,0.0
21,0,0,38,0.0,0.0
21,0,0,39,0.2,0.1
21,0,20,0,0.0,0.0
21,0,20,1,0.0,0.0
21,0,20,2,0.0,0.0
21,0,20,3,0.0,0.0
21,0,20,4,0.1,0.0
21,0,20,5,0.4,0.5
21,0,20,6,0.8,0.8
21,0,20,7,0.7,0.7
21,0,20,8,0.7,0.8
21,0,20,9,0.7,0.8
21,0,20,10,0.7,0.8
21,0,20,11,0.7,0.7
21,0,20,12,0.7,0.7
21,0,20,13,0.7,0.7
21,0,20,14,0.7,0.7
21,0,20,15,0.7,0.7
21,0,20,16,0.7,0.7
21,0,20,17,0.7,0.7
21,0,20,18,0.7,0.7
21,0,20,19,0.5,0.5
21,0,20,20,0.5,0.5
21,0,20,21,0.5,0.5
21,0,20,22,0.6,0.6
21,0,20,23,0.6,0.6
21,0,20,24,0.5,0.5
21,0,20,25,0.5,0.5
21,0,20,26,0.5,0.5
21,0,20,27,0.5,0.5
21,0,20,28,0.6,0.6
21,0,20,29,0.6,0.6
21,0,20,30,0.6,0.6
21,0,20,31,0.6,0.6
21,0,20,32,0.6,0.6
21,0,20,33,0.6,0.6
21,0,20,34,0.6,0.6
21,0,20,35,0.6,0.6
21,0,20,36,0.5,0.6
21,0,20,37,0.5,0.5
21,0,20,38,0.3,0.3
21,0,20,39,0.4,0.4
21,0,40,0,0.0,0.0
21,0,40,1,0.0,0.0
21,0,40,2,0.1,0.1
21,0,40,3,0.1,0.1
21,0,40,4,0.2,0.2
21,0,40,5,0.5,0.5
21,0,40,6,0.7,0.7
21,0,40,7,0.6,0.6
21,0,40,8,0.6,0.6
21,0,40,9,0.7,0.7
21,0,40,10,0.6,0.6
21,0,40,11,0.7,0.7
21,0,40,12,0.7,0.7
21,0,40,13,0.7,0.7
21,0,40,14,0.7,0.7
21,0,40,15,0.7,0.7
21,0,40,16,0.7,0.7
21,0,40,17,0.7,0.7
21,0,40,18,0.7,0.7
21,0,40,19,0.6,0.6
21,0,40,20,0.6,0.6
21,0,40,21,0.5,0.5
21,0,40,22,0.6,0.6
21,0,40,23,0.6,0.6
21,0,40,24,0.6,0.6
21,0,40,25,0.6,0.6
21,0,40,26,0.6,0.6
21,0,40,27,0.5,0.5
21,0,40,28,0.5,0.5
21,0,40,29,0.5,0.5
21,0,40,30,0.5,0.5
21,0,40,31,0.5,0.5
21,0,40,32,0.5,0.5
21,0,40,33,0.5,0.4
21,0,40,34,0.5,0.4
21,0,40,35,0.5,0.5
21,0,40,36,0.4,0.4
21,0,40,37,0.4,0.4
21,0,40,38,0.4,0.2
21,0,40,39,0.6,0.5
21,1,0,0,0.1,0.0
21,1,0,1,0.1,0.0
21,1,0,2,0.1,0.0
21,1,0,3,0.1,0.0
21,1,0,4,0.0,0.0
21,1,0,5,0.0,0.0
21,1,0,6,0.6,0.6
21,1,0,7,0.6,0.6
21,1,0,8,0.6,0.6
21,1,0,9,0.6,0.6
21,1,0,10,0.6,0.6
21,1,0,11,0.6,0.6
21,1,0,12,0.6,0.6
21,1,0,13,0.6,0.6
21,1,0,14,0.6,0.6
21,1,0,15,0.6,0.6
21,1,0,16,0.6,0.6
21,1,0,17,0.6,0.6
21,1,0,18,0.6,0.6
21,1,0,19,0.6,0.6
21,1,0,20,0.6,0.6
21,1,0,21,0.6,0.6
21,1,0,22,0.6,0.6
21,1,0,23,0.6,0.6
21,1,0,24,0.6,0.6
21,1,0,25,0.6,0.6
21,1,0,26,0.6,0.6
21,1,0,27,0.6,0.6
21,1,0,28,0.6,0.6
21,1,0,29,0.6,0.6
21,1,0,30,0.6,0.6
21,1,0,31,0.5,0.5
21,1,0,32,0.6,0.6
21,1,0,33,0.5,0.5
21,1,0,34,0.5,0.5
21,1,0,35,0.5,0.5
21,1,0,36,0.5,0.5
21,1,0,37,0.5,0.5
21,1,0,38,0.0,0.0
21,1,0,39,0.2,0.3
21,1,20,0,0.0,0.0
21,1,20,1,0.0,0.0
21,1,20,2,0.0,0.0
21,1,20,3,0.0,0.0
21,1,20,4,0.0,0.0
21,1,20,5,0.0,0.0
21,1,20,6,0.3,0.0
21,1,20,7,0.2,0.0
21,1,20,8,0.2,0.0
21,1,20,9,0.2,0.0
21,1,20,10,0.2,0.0
21,1,20,11,0.2,0.0
21,1,20,12,0.3,0.0
21,1,20,13,0.3,0.0
21,1,20,14,0.3,0.0
21,1,20,15,0.3,0.0
21,1,20,16,0.3,0.0
21,1,20,17,0.3,0.0
21,1,20,18,0.3,0.0
21,1,20,19,0.2,0.0
21,1,20,20,0.0,0.0
21,1,20,21,0.0,0.0
21,1,20,22,0.1,0.0
21,1,20,23,0.0,0.0
21,1,20,24,0.0,0.0
21,1,20,25,0.0,0.0
21,1,20,26,0.1,0.0
21,1,20,27,0.2,0.0
21,1,20,28,0.2,0.0
21,1,20,29,0.1,0.0
21,1,20,30,0.2,0.0
21,1,20,31,0.1,0.0
21,1,20,32,0.1,0.0
21,1,20,33,0.1,0.0
21,1,20,34,0.1,0.0
21,1,20,35,0.1,0.0
21,1,20,36,0.0,0.0
21,1,20,37,0.0,0.0
21,1,20,38,0.0,0.0
21,1,20,39,0.2,0.8
21,1,40,0,0.0,0.2
21,1,40,1,0.0,0.1
21,1,40,2,0.0,0.1
21,1,40,3,0.0,0.2
21,1,40,4,0.1,0.1
21,1,40,5,0.1,0.1
21,1,40,6,0.0,0.0
21,1,40,7,0.0,0.0
21,1,40,8,0.0,0.0
21,1,40,9,0.0,0.0
21,1,40,10,0.0,0.0
21,1,40,11,0.0,0.0
21,1,40,12,0.0,0.0
21,1,40,13,0.0,0.0
21,1,40,14,0.0,0.0
21,1,40,15,0.0,0.0
21,1,40,16,0.0,0.0
21,1,40,17,0.0,0.0
21,1,40,18,0.0,0.0
21,1,40,19,0.0,0.0
21,1,40,20,0.0,0.0
21,1,40,21,0.0,0.0
21,1,40,22,0.0,0.0
21,1,40,23,0.0,0.0
21,1,40,24,0.0,0.0
21,1,40,25,0.0,0.0
21,1,40,26,0.0,0.0
21,1,40,27,0.0,0.0
21,1,40,28,0.0,0.0
21,1,40,29,0.0,0.0
21,1,40,30,0.0,0.0
21,1,40,31,0.0,0.0
21,1,40,32,0.0,0.0
21,1,40,33,0.0,0.0
21,1,40,34,0.0,0.0
21,1,40,35,0.0,0.0
21,1,40,36,0.0,0.0
21,1,40,37,0.0,0.0
21,1,40,38,0.0,0.0
21,1,40,39,0.1,0.1
21,2,0,0,0.0,0.0
21,2,0,1,0.0,0.0
21,2,0,2,0.0,0.0
21,2,0,3,0.0,0.0
21,2,0,4,0.0,0.0
21,2,0,5,0.0,0.0
21,2,0,6,0.6,0.6
21,2,0,7,0.6,0.6
21,2,0,8,0.6,0.6
21,2,0,9,0.6,0.6
21,2,0,10,0.6,0.6
21,2,0,11,0.6,0.6
21,2,0,12,0.6,0.6
21,2,0,13,0.6,0.6
21,2,0,14,0.6,0.6
21,2,0,15,0.6,0.6
21,2,0,16,0.6,0.6
21,2,0,17,0.6,0.6
21,2,0,18,0.6,0.6
21,2,0,19,0.6,0.6
21,2,0,20,0.7,0.7
21,2,0,21,0.6,0.6
21,2,0,22,0.6,0.6
21,2,0,23,0.6,0.6
21,2,0,24,0.6,0.6
21,2,0,25,0.6,0.6
21,2,0,26,0.5,0.5
21,2,0,27,0.5,0.5
21,2,0,28,0.5,0.5
21,2,0,29,0.5,0.5
21,2,0,30,0.5,0.5
21,2,0,31,0.5,0.5
21,2,0,32,0.5,0.5
21,2,0,33,0.5,0.5
21,2,0,34,0.5,0.5
21,2,0,35,0.5,0.5
21,2,0,36,0.5,0.5
21,2,0,37,0.6,0.6
21,2,0,38,0.0,0.0
21,2,0,39,0.3,0.2
21,2,20,0,0.0,0.0
21,2,20,1,0.0,0.0
21,2,20,2,0.0,0.0
21,2,20,3,0.0,0.0
21,2,20,4,0.0,0.0
21,2,20,5,0.0,0.0
21,2,20,6,0.0,0.0
21,2,20,7,0.0,0.0
21,2,20,8,0.0,0.0
21,2,20,9,0.0,0.0
21,2,20,10,0.0,0.0
21,2,20,11,0.0,0.0
21,2,20,12,0.0,0.0
21,2,20,13,0.0,0.0
21,2,20,14,0.0,0.0
21,2,20,15,0.0,0.0
21,2,20,16,0.0,0.0
21,2,20,17,0.0,0.0
21,2,20,18,0.0,0.0
21,2,20,19,0.0,0.0
21,2,20,20,0.0,0.0
21,2,20,21,0.0,0.0
21,2,20,22,0.0,0.0
21,2,20,23,0.0,0.0
21,2,20,24,0.0,0.0
21,2,20,25,0.0,0.0
21,2,20,26,0.0,0.0
21,2,20,27,0.0,0.0
21,2,20,28,0.0,0.0
21,2,20,29,0.0,0.0
21,2,20,30,0.0,0.0
21,2,20,31,0.0,0.0
21,2,20,32,0.0,0.0
21,2,20,33,0.0,0.0
21,2,20,34,0.0,0.0
21,2,20,35,0.0,0.0
21,2,20,36,0.0,0.0
21,2,20,37,0.0,0.0
21,2,20,38,0.0,0.0
21,2,20,39,0.3,0.4
21,2,40,0,0.0,0.0
21,2,40,1,0.0,0.0
21,2,40,2,0.0,0.0
21,2,40,3,0.0,0.0
21,2,40,4,0.0,0.0
21,2,40,5,0.0,0.0
21,2,40,6,0.0,0.0
21,2,40,7,0.0,0.0
21,2,40,8,0.0,0.0
21,2,40,9,0.0,0.0
21,2,40,10,0.0,0.0
21,2,40,11,0.0,0.0
21,2,40,12,0.0,0.0
21,2,40,13,0.0,0.0
21,2,40,14,0.0,0.0
21,2,40,15,0.0,0.0
21,2,40,16,0.0,0.0
21,2,40,17,0.0,0.0
21,2,40,18,0.0,0.0
21,2,40,19,0.0,0.0
21,2,40,20,0.0,0.0
21,2,40,21,0.0,0.0
21,2,40,22,0.0,0.0
21,2,40,23,0.0,0.0
21,2,40,24,0.0,0.0
21,2,40,25,0.0,0.0
21,2,40,26,0.0,0.0
21,2,40,27,0.0,0.0
21,2,40,28,0.0,0.0
21,2,40,29,0.0,0.0
21,2,40,30,0.0,0.0
21,2,40,31,0.0,0.0
21,2,40,32,0.0,0.0
21,2,40,33,0.0,0.0
21,2,40,34,0.0,0.0
21,2,40,35,0.0,0.0
21,2,40,36,0.0,0.0
21,2,40,37,0.0,0.0
21,2,40,38,0.0,0.0
21,2,40,39,0.2,0.2
22,0,0,0,0.0,0.0
22,0,0,1,0.0,0.0
22,0,0,2,0.0,0.0
22,0,0,3,0.0,0.0
22,0,0,4,0.0,0.0
22,0,0,5,0.0,0.0
22,0,0,6,0.0,0.0
22,0,0,7,0.0,0.0
22,0,0,8,0.0,0.0
22,0,0,9,0.0,0.0
22,0,0,10,0.0,0.0
22,0,0,11,0.0,0.0
22,0,0,12,0.0,0.0
22,0,0,13,0.0,0.0
22,0,0,14,0.0,0.0
22,0,0,15,0.0,0.0
22,0,0,16,0.0,0.0
22,0,0,17,0.0,0.0
22,0,0,18,0.0,0.0
22,0,0,19,0.0,0.0
22,0,0,20,0.0,0.0
22,0,0,21,0.0,0.0
22,0,0,22,0.0,0.0
22,0,0,23,0.0,0.0
22,0,0,24,0.0,0.0
22,0,0,25,0.0,0.0
22,0,0,26,0.0,0.0
22,0,0,27,0.0,0.0
22,0,0,28,0.0,0.0
22,0,0,29,0.0,0.0
22,0,0,30,0.0,0.0
22,0,0,31,0.0,0.0
22,0,0,32,0.0,0.0
22,0,0,33,0.0,0.0
22,0,0,34,0.0,0.0
22,0,0,35,0.0,0.0
22,0,0,36,0.0,0.0
22,0,0,37,0.0,0.0
22,0,0,38,0.0,0.0
22,0,0,39,0.2,0.1
22,0,20,0,0.0,0.0
22,0,20,1,0.0,0.0
22,0,20,2,0.0,0.0
22,0,20,3,0.0,0.0
22,0,20,4,0.0,0.0
22,0,20,5,0.0,0.0
22,0,20,6,0.4,0.4
22,0,20,7,0.3,0.4
22,0,20,8,0.3,0.4
22,0,20,9,0.3,0.4
22,0,20,10,0.3,0.4
22,0,20,11,0.3,0.4
22,0,20,12,0.3,0.4
22,0,20,13,0.3,0.4
22,0,20,14,0.3,0.4
22,0,20,15,0.3,0.4
22,0,20,16,0.3,0.4
22,0,20,17,0.3,0.4
22,0,20,18,0.3,0.4
22,0,20,19,0.3,0.4
22,0,20,20,0.3,0.3
22,0,20,21,0.3,0.3
22,0,20,22,0.4,0.5
22,0,20,23,0.4,0.4
22,0,20,24,0.4,0.4
22,0,20,25,0.4,0.4
22,0,20,26,0.4,0.4
22,0,20,27,0.4,0.5
22,0,20,28,0.3,0.4
22,0,20,29,0.4,0.5
22,0,20,30,0.3,0.4
22,0,20,31,0.3,0.4
22,0,20,32,0.3,0.4
22,0,20,33,0.2,0.4
22,0,20,34,0.3,0.4
22,0,20,35,0.2,0.4
22,0,20,36,0.3,0.5
22,0,20,37,0.3,0.5
22,0,20,38,0.0,0.0
22,0,20,39,0.5,0.3
22,0,40,0,0.0,0.0
22,0,40,1,0.0,0.0
22,0,40,2,0.0,0.0
22,0,40,3,0.0,0.0
22,0,40,4,0.0,0.0
22,0,40,5,0.0,0.0
22,0,40,6,0.0,0.0
22,0,40,7,0.0,0.0
22,0,40,8,0.0,0.0
22,0,40,9,0.0,0.0
22,0,40,10,0.0,0.0
22,0,40,11,0.0,0.0
22,0,40,12,0.0,0.0
22,0,40,13,0.0,0.0
22,0,40,14,0.0,0.1
22,0,40,15,0.0,0.1
22,0,40,16,0.0,0.1
22,0,40,17,0.0,0.2
22,0,40,18,0.0,0.1
22,0,40,19,0.0,0.1
22,0,40,20,0.0,0.1
22,0,40,21,0.0,0.2
22,0,40,22,0.0,0.1
22,0,40,23,0.0,0.1
22,0,40,24,0.0,0.1
22,0,40,25,0.0,0.0
22,0,40,26,0.0,0.0
22,0,40,27,0.0,0.0
22,0,40,28,0.0,0.0
22,0,40,29,0.0,0.0
22,0,40,30,0.0,0.0
22,0,40,31,0.0,0.0
22,0,40,32,0.0,0.0
22,0,40,33,0.0,0.0
22,0,40,34,0.0,0.0
22,0,40,35,0.0,0.0
22,0,40,36,0.0,0.0
22,0,40,37,0.0,0.0
22,0,40,38,0.0,0.0
22,0,40,39,0.2,0.6
22,1,0,0,0.0,0.0
22,1,0,1,0.0,0.0
22,1,0,2,0.0,0.0
22,1,0,3,0.0,0.0
22,1,0,4,0.0,0.0
22,1,0,5,0.0,0.0
22,1,0,6,0.6,0.6
22,1,0,7,0.6,0.6
22,1,0,8,0.6,0.6
22,1,0,9,0.6,0.6
22,1,0,10,0.6,0.6
22,1,0,11,0.6,0.6
22,1,0,12,0.6,0.6
22,1,0,13,0.6,0.6
22,1,0,14,0.6,0.6
22,1,0,15,0.6,0.6
22,1,0,16,0.6,0.6
22,1,0,17,0.6,0.6
22,1,0,18,0.6,0.6
22,1,0,19,0.4,0.4
22,1,0,20,0.4,0.4
22,1,0,21,0.4,0.4
22,1,0,22,0.4,0.4
22,1,0,23,0.4,0.4
22,1,0,24,0.4,0.4
22,1,0,25,0.4,0.4
22,1,0,26,0.5,0.5
22,1,0,27,0.5,0.5
22,1,0,28,0.5,0.5
22,1,0,29,0.5,0.5
22,1,0,30,0.5,0.5
22,1,0,31,0.5,0.5
22,1,0,32,0.5,0.5
22,1,0,33,0.5,0.5
22,1,0,34,0.5,0.5
22,1,0,35,0.5,0.5
22,1,0,36,0.5,0.5
22,1,0,37,0.5,0.5
22,1,0,38,0.0,0.0
22,1,0,39,0.2,0.3
22,1,20,0,0.0,0.0
22,1,20,1,0.0,0.0
22,1,20,2,0.0,0.0
22,1,20,3,0.0,0.0
22,1,20,4,0.0,0.0
22,1,20,5,0.0,0.0
22,1,20,6,0.0,0.0
22,1,20,7,0.0,0.0
22,1,20,8,0.0,0.0
22,1,20,9,0.0,0.0
22,1,20,10,0.0,0.0
22,1,20,11,0.0,0.0
22,1,20,12,0.0,0.0
22,1,20,13,0.0,0.0
22,1,20,14,0.0,0.0
22,1,20,15,0.0,0.0
22,1,20,16,0.0,0.0
22,1,20,17,0.0,0.0
22,1,20,18,0.0,0.0
22,1,20,19,0.0,0.0
22,1,20,20,0.0,0.0
22,1,20,21,0.0,0.0
22,1,20,22,0.0,0.0
22,1,20,23,0.0,0.0
22,1,20,24,0.0,0.0
22,1,20,25,0.0,0.0
22,1,20,26,0.0,0.0
22,1,20,27,0.0,0.0
22,1,20,28,0.0,0.0
22,1,20,29,0.0,0.0
22,1,20,30,0.1,0.1
22,1,20,31,0.1,0.1
22,1,20,32,0.1,0.1
22,1,20,33,0.0,0.0
22,1,20,34,0.0,0.0
22,1,20,35,0.0,0.0
22,1,20,36,0.0,0.0
22,1,20,37,0.0,0.0
22,1,20,38,0.0,0.0
22,1,20,39,0.2,0.0
22,1,40,0,0.0,0.2
22,1,40,1,0.1,0.0
22,1,40,2,0.1,0.1
22,1,40,3,0.0,0.2
22,1,40,4,0.0,0.2
22,1,40,5,0.0,0.0
22,1,40,6,0.0,0.0
22,1,40,7,0.0,0.0
22,1,40,8,0.0,0.0
22,1,40,9,0.0,0.0
22,1,40,10,0.0,0.0
22,1,40,11,0.0,0.0
22,1,40,12,0.0,0.0
22,1,40,13,0.0,0.0
22,1,40,14,0.0,0.0
22,1,40,15,0.0,0.0
22,1,40,16,0.0,0.0
22,1,40,17,0.0,0.0
22,1,40,18,0.0,0.0
22,1,40,19,0.0,0.0
22,1,40,20,0.0,0.0
22,1,40,21,0.0,0.0
22,1,40,22,0.0,0.0
22,1,40,23,0.0,0.0
22,1,40,24,0.0,0.0
22,1,40,25,0.0,0.0
22,1,40,26,0.0,0.0
22,1,40,27,0.0,0.0
22,1,40,28,0.0,0.0
22,1,40,29,0.0,0.0
22,1,40,30,0.0,0.0
22,1,40,31,0.0,0.0
22,1,40,32,0.0,0.0
22,1,40,33,0.0,0.0
22,1,40,34,0.0,0.0
22,1,40,35,0.0,0.0
22,1,40,36,0.0,0.0
22,1,40,37,0.0,0.0
22,1,40,38,0.0,0.0
22,1,40,39,0.2,0.1
22,2,0,0,0.0,0.0
22,2,0,1,0.0,0.0
22,2,0,2,0.0,0.0
22,2,0,3,0.0,0.0
22,2,0,4,0.0,0.0
22,2,0,5,0.0,0.0
22,2,0,6,0.6,0.6
22,2,0,7,0.6,0.6
22,2,0,8,0.6,0.6
22,2,0,9,0.6,0.6
22,2,0,10,0.6,0.6
22,2,0,11,0.6,0.6
22,2,0,12,0.6,0.6
22,2,0,13,0.6,0.6
22,2,0,14,0.6,0.6
22,2,0,15,0.6,0.6
22,2,0,16,0.6,0.6
22,2,0,17,0.6,0.6
22,2,0,18,0.6,0.6
22,2,0,19,0.5,0.5
22,2,0,20,0.5,0.5
22,2,0,21,0.5,0.5
22,2,0,22,0.5,0.5
22,2,0,23,0.5,0.5
22,2,0,24,0.5,0.5
22,2,0,25,0.5,0.5
22,2,0,26,0.5,0.5
22,2,0,27,0.5,0.5
22,2,0,28,0.5,0.5
22,2,0,29,0.5,0.5
22,2,0,30,0.5,0.5
22,2,0,31,0.6,0.5
22,2,0,32,0.6,0.5
22,2,0,33,0.6,0.5
22,2,0,34,0.5,0.5
22,2,0,35,0.6,0.5
22,2,0,36,0.6,0.5
22,2,0,37,0.5,0.5
22,2,0,38,0.0,0.0
22,2,0,39,0.2,0.1
22,2,20,0,0.0,0.0
22,2,20,1,0.0,0.0
22,2,20,2,0.0,0.0
22,2,20,3,0.0,0.0
22,2,20,4,0.0,0.0
22,2,20,5,0.0,0.0
22,2,20,6,0.1,0.1
22,2,20,7,0.1,0.1
22,2,20,8,0.1,0.1
22,2,20,9,0.1,0.1
22,2,20,10,0.1,0.1
22,2,20,11,0.1,0.1
22,2,20,12,0.1,0.1
22,2,20,13,0.1,0.1
22,2,20,14,0.1,0.1
22,2,20,15,0.1,0.1
22,2,20,16,0.1,0.1
22,2,20,17,0.1,0.1
22,2,20,18,0.0,0.0
22,2,20,19,0.1,0.1
22,2,20,20,0.1,0.1
22,2,20,21,0.0,0.0
22,2,20,22,0.0,0.0
22,2,20,23,0.0,0.0
22,2,20,24,0.0,0.0
22,2,20,25,0.0,0.0
22,2,20,26,0.0,0.0
22,2,20,27,0.0,0.0
22,2,20,28,0.0,0.0
22,2,20,29,0.0,0.0
22,2,20,30,0.0,0.0
22,2,20,31,0.0,0.0
22,2,20,32,0.0,0.0
22,2,20,33,0.0,0.0
22,2,20,34,0.0,0.0
22,2,20,35,0.0,0.0
22,2,20,36,0.0,0.0
22,2,20,37,0.0,0.0
22,2,20,38,0.0,0.0
22,2,20,39,0.0,0.0
22,2,40,0,0.0,0.0
22,2,40,1,0.0,0.1
22,2,40,2,0.0,0.1
22,2,40,3,0.0,0.0
22,2,40,4,0.0,0.0
22,2,40,5,0.0,0.0
22,2,40,6,0.0,0.0
22,2,40,7,0.0,0.0
22,2,40,8,0.0,0.0
22,2,40,9,0.0,0.0
22,2,40,10,0.0,0.0
22,2,40,11,0.0,0.0
22,2,40,12,0.0,0.0
22,2,40,13,0.0,0.0
22,2,40,14,0.0,0.0
22,2,40,15,0.0,0.0
22,2,40,16,0.0,0.0
22,2,40,17,0.0,0.0
22,2,40,18,0.0,0.0
22,2,40,19,0.0,0.0
22,2,40,20,0.0,0.0
22,2,40,21,0.0,0.0
22,2,40,22,0.0,0.0
22,2,40,23,0.0,0.0
22,2,40,24,0.0,0.0
22,2,40,25,0.0,0.0
22,2,40,26,0.0,0.0
22,2,40,27,0.0,0.0
22,2,40,28,0.0,0.0
22,2,40,29,0.0,0.0
22,2,40,30,0.0,0.0
22,2,40,31,0.0,0.0
22,2,40,32,0.0,0.0
22,2,40,33,0.0,0.0
22,2,40,34,0.0,0.0
22,2,40,35,0.0,0.0
22,2,40,36,0.0,0.0
22,2,40,37,0.0,0.0
22,2,40,38,0.0,0.0
22,2,40,39,0.1,0.1
23,0,0,0,0.0,0.0
23,0,0,1,0.0,0.0
23,0,0,2,0.0,0.1
23,0,0,3,0.0,0.1
23,0,0,4,0.0,0.0
23,0,0,5,0.0,0.0
23,0,0,6,0.0,0.0
23,0,0,7,0.0,0.0
23,0,0,8,0.0,0.0
23,0,0,9,0.0,0.0
23,0,0,10,0.0,0.0
23,0,0,11,0.0,0.0
23,0,0,12,0.0,0.0
23,0,0,13,0.0,0.0
23,0,0,14,0.0,0.0
23,0,0,15,0.0,0.0
23,0,0,16,0.0,0.0
23,0,0,17,0.0,0.0
23,0,0,18,0.0,0.0
23,0,0,19,0.0,0.0
23,0,0,20,0.0,0.0
23,0,0,21,0.0,0.0
23,0,0,22,0.0,0.0
23,0,0,23,0.0,0.0
23,0,0,24,0.0,0.0
23,0,0,25,0.0,0.0
23,0,0,26,0.0,0.0
23,0,0,27,0.0,0.0
23,0,0,28,0.0,0.0
23,0,0,29,0.0,0.0
23,0,0,30,0.0,0.0
23,0,0,31,0.0,0.0
23,0,0,32,0.0,0.0
23,0,0,33,0.0,0.0
23,0,0,34,0.0,0.0
23,0,0,35,0.0,0.0
23,0,0,36,0.0,0.0
23,0,0,37,0.0,0.0
23,0,0,38,0.0,0.0
23,0,0,39,0.2,0.1
23,0,20,0,0.0,0.0
23,0,20,1,0.0,0.0
23,0,20,2,0.0,0.0
23,0,20,3,0.0,0.0
23,0,20,4,0.0,0.0
23,0,20,5,0.0,0.0
23,0,20,6,0.3,0.0
23,0,20,7,0.3,0.0
23,0,20,8,0.3,0.0
23,0,20,9,0.3,0.0
23,0,20,10,0.3,0.0
23,0,20,11,0.3,0.0
23,0,20,12,0.3,0.0
23,0,20,13,0.3,0.0
23,0,20,14,0.3,0.0
23,0,20,15,0.3,0.0
23,0,20,16,0.3,0.0
23,0,20,17,0.3,0.0
23,0,20,18,0.3,0.0
23,0,20,19,0.3,0.0
23,0,20,20,0.2,0.0
23,0,20,21,0.2,0.0
23,0,20,22,0.3,0.0
23,0,20,23,0.2,0.0
23,0,20,24,0.2,0.0
23,0,20,25,0.2,0.0
23,0,20,26,0.2,0.0
23,0,20,27,0.3,0.0
23,0,20,28,0.3,0.0
23,0,20,29,0.3,0.0
23,0,20,30,0.3,0.0
23,0,20,31,0.3,0.0
23,0,20,32,0.1,0.0
23,0,20,33,0.1,0.0
23,0,20,34,0.1,0.0
23,0,20,35,0.1,0.0
23,0,20,36,0.1,0.0
23,0,20,37,0.1,0.0
23,0,20,38,0.0,0.0
23,0,20,39,0.2,0.8
23,0,40,0,0.0,0.0
23,0,40,1,0.0,0.0
23,0,40,2,0.0,0.0
23,0,40,3,0.0,0.0
23,0,40,4,0.0,0.0
23,0,40,5,0.0,0.0
23,0,40,6,0.2,0.0
23,0,40,7,0.2,0.0
23,0,40,8,0.2,0.0
23,0,40,9,0.2,0.0
23,0,40,10,0.2,0.0
23,0,40,11,0.2,0.0
23,0,40,12,0.2,0.0
23,0,40,13,0.2,0.0
23,0,40,14,0.2,0.0
23,0,40,15,0.1,0.0
23,0,40,16,0.1,0.0
23,0,40,17,0.1,0.0
23,0,40,18,0.1,0.0
23,0,40,19,0.2,0.0
23,0,40,20,0.1,0.0
23,0,40,21,0.1,0.0
23,0,40,22,0.0,0.0
23,0,40,23,0.0,0.0
23,0,40,24,0.0,0.0
23,0,40,25,0.0,0.0
23,0,40,26,0.0,0.0
23,0,40,27,0.0,0.0
23,0,40,28,0.0,0.0
23,0,40,29,0.0,0.0
23,0,40,30,0.0,0.0
23,0,40,31,0.0,0.0
23,0,40,32,0.0,0.0
23,0,40,33,0.0,0.0
23,0,40,34,0.0,0.0
23,0,40,35,0.0,0.0
23,0,40,36,0.0,0.0
23,0,40,37,0.0,0.0
23,0,40,38,0.0,0.0
23,0,40,39,0.1,0.7
23,1,0,0,0.0,0.0
23,1,0,1,0.0,0.0
23,1,0,2,0.1,0.0
23,1,0,3,0.0,0.0
23,1,0,4,0.0,0.0
23,1,0,5,0.0,0.0
23,1,0,6,0.6,0.6
23,1,0,7,0.7,0.7
23,1,0,8,0.7,0.7
23,1,0,9,0.7,0.7
23,1,0,10,0.7,0.7
23,1,0,11,0.7,0.7
23,1,0,12,0.7,0.7
23,1,0,13,0.7,0.7
23,1,0,14,0.6,0.6
23,1,0,15,0.6,0.6
23,1,0,16,0.6,0.6
23,1,0,17,0.6,0.6
23,1,0,18,0.6,0.6
23,1,0,19,0.7,0.7
23,1,0,20,0.7,0.7
23,1,0,21,0.7,0.7
23,1,0,22,0.7,0.7
23,1,0,23,0.7,0.7
23,1,0,24,0.7,0.7
23,1,0,25,0.7,0.7
23,1,0,26,0.7,0.7
23,1,0,27,0.6,0.6
23,1,0,28,0.6,0.6
23,1,0,29,0.5,0.5
23,1,0,30,0.5,0.5
23,1,0,31,0.5,0.5
23,1,0,32,0.5,0.5
23,1,0,33,0.5,0.5
23,1,0,34,0.5,0.5
23,1,0,35,0.5,0.5
23,1,0,36,0.5,0.5
23,1,0,37,0.6,0.6
23,1,0,38,0.2,0.2
23,1,0,39,0.2,0.3
23,1,20,0,0.0,0.0
23,1,20,1,0.0,0.0
23,1,20,2,0.0,0.0
23,1,20,3,0.0,0.0
23,1,20,4,0.0,0.0
23,1,20,5,0.0,0.0
23,1,20,6,0.0,0.0
23,1,20,7,0.0,0.0
23,1,20,8,0.0,0.0
23,1,20,9,0.0,0.0
23,1,20,10,0.0,0.0
23,1,20,11,0.0,0.0
23,1,20,12,0.0,0.0
23,1,20,13,0.0,0.0
23,1,20,14,0.0,0.0
23,1,20,15,0.0,0.0
23,1,20,16,0.0,0.0
23,1,20,17,0.0,0.0
23,1,20,18,0.0,0.0
23,1,20,19,0.0,0.0
23,1,20,20,0.0,0.0
23,1,20,21,0.0,0.0
23,1,20,22,0.0,0.0
23,1,20,23,0.0,0.0
23,1,20,24,0.0,0.0
23,1,20,25,0.0,0.0
23,1,20,26,0.0,0.0
23,1,20,27,0.0,0.0
23,1,20,28,0.0,0.0
23,1,20,29,0.0,0.0
23,1,20,30,0.0,0.0
23,1,20,31,0.0,0.0
23,1,20,32,0.0,0.0
23,1,20,33,0.0,0.0
23,1,20,34,0.0,0.0
23,1,20,35,0.0,0.0
23,1,20,36,0.0,0.0
23,1,20,37,0.0,0.0
23,1,20,38,0.0,0.0
23,1,20,39,0.1,0.1
23,1,40,0,0.0,0.0
23,1,40,1,0.1,0.1
23,1,40,2,0.1,0.1
23,1,40,3,0.1,0.0
23,1,40,4,0.0,0.0
23,1,40,5,0.0,0.0
23,1,40,6,0.0,0.0
23,1,40,7,0.0,0.0
23,1,40,8,0.0,0.0
23,1,40,9,0.0,0.0
23,1,40,10,0.0,0.0
23,1,40,11,0.0,0.0
23,1,40,12,0.0,0.0
23,1,40,13,0.0,0.0
23,1,40,14,0.0,0.0
23,1,40,15,0.0,0.0
23,1,40,16,0.0,0.0
23,1,40,17,0.0,0.0
23,1,40,18,0.0,0.0
23,1,40,19,0.0,0.0
23,1,40,20,0.0,0.0
23,1,40,21,0.0,0.0
23,1,40,22,0.0,0.0
23,1,40,23,0.0,0.0
23,1,40,24,0.0,0.0
23,1,40,25,0.0,0.0
23,1,40,26,0.0,0.0
23,1,40,27,0.0,0.0
23,1,40,28,0.0,0.0
23,1,40,29,0.0,0.0
23,1,40,30,0.0,0.0
23,1,40,31,0.0,0.0
23,1,40,32,0.0,0.0
23,1,40,33,0.0,0.0
23,1,40,34,0.0,0.0
23,1,40,35,0.0,0.0
23,1,40,36,0.0,0.0
23,1,40,37,0.0,0.0
23,1,40,38,0.0,0.0
23,1,40,39,0.0,0.0
23,2,0,0,0.0,0.0
23,2,0,1,0.0,0.0
23,2,0,2,0.0,0.0
23,2,0,3,0.0,0.0
23,2,0,4,0.0,0.0
23,2,0,5,0.0,0.0
23,2,0,6,0.6,0.6
23,2,0,7,0.6,0.6
23,2,0,8,0.6,0.6
23,2,0,9,0.6,0.6
23,2,0,10,0.6,0.6
23,2,0,11,0.6,0.6
23,2,0,12,0.6,0.6
23,2,0,13,0.6,0.6
23,2,0,14,0.6,0.6
23,2,0,15,0.6,0.6
23,2,0,16,0.6,0.6
23,2,0,17,0.6,0.6
23,2,0,18,0.6,0.6
23,2,0,19,0.6,0.6
23,2,0,20,0.6,0.6
23,2,0,21,0.6,0.6
23,2,0,22,0.6,0.6
23,2,0,23,0.6,0.6
23,2,0,24,0.6,0.6
23,2,0,25,0.5,0.5
23,2,0,26,0.5,0.5
23,2,0,27,0.5,0.5
23,2,0,28,0.5,0.5
23,2,0,29,0.5,0.5
23,2,0,30,0.5,0.5
23,2,0,31,0.5,0.5
23,2,0,32,0.5,0.5
23,2,0,33,0.5,0.5
23,2,0,34,0.5,0.5
23,2,0,35,0.5,0.5
23,2,0,36,0.5,0.5
23,2,0,37,0.6,0.6
23,2,0,38,0.0,0.0
23,2,0,39,0.3,0.2
23,2,20,0,0.0,0.0
23,2,20,1,0.0,0.0
23,2,20,2,0.0,0.0
23,2,20,3,0.0,0.0
23,2,20,4,0.0,0.0
23,2,20,5,0.0,0.0
23,2,20,6,0.0,0.0
23,2,20,7,0.0,0.0
23,2,20,8,0.0,0.0
23,2,20,9,0.0,0.0
23,2,20,10,0.0,0.0
23,2,20,11,0.0,0.0
23,2,20,12,0.0,0.0
23,2,20,13,0.0,0.0
23,2,20,14,0.0,0.0
23,2,20,15,0.0,0.0
23,2,20,16,0.0,0.0
23,2,20,17,0.0,0.0
23,2,20,18,0.0,0.0
23,2,20,19,0.0,0.0
23,2,20,20,0.0,0.0
23,2,20,21,0.0,0.0
23,2,20,22,0.0,0.0
23,2,20,23,0.0,0.0
23,2,20,24,0.0,0.0
23,2,20,25,0.0,0.0
23,2,20,26,0.0,0.0
23,2,20,27,0.0,0.0
23,2,20,28,0.0,0.0
23,2,20,29,0.0,0.0
23,2,20,30,0.0,0.0
23,2,20,31,0.0,0.0
23,2,20,32,0.0,0.0
23,2,20,33,0.0,0.0
23,2,20,34,0.0,0.0
23,2,20,35,0.0,0.0
23,2,20,36,0.0,0.0
23,2,20,37,0.0,0.0
23,2,20,38,0.0,0.0
23,2,20,39,0.1,0.1
23,2,40,0,0.0,0.0
23,2,40,1,0.1,0.1
23,2,40,2,0.1,0.1
23,2,40,3,0.0,0.0
23,2,40,4,0.0,0.0
23,2,40,5,0.0,0.0
23,2,40,6,0.0,0.0
23,2,40,7,0.0,0.0
23,2,40,8,0.0,0.0
23,2,40,9,0.0,0.0
23,2,40,10,0.0,0.0
23,2,40,11,0.0,0.0
23,2,40,12,0.0,0.0
23,2,40,13,0.0,0.0
23,2,40,14,0.0,0.0
23,2,40,15,0.0,0.0
23,2,40,16,0.0,0.0
23,2,40,17,0.0,0.0
23,2,40,18,0.0,0.0
23,2,40,19,0.0,0.0
23,2,40,20,0.0,0.0
23,2,40,21,0.0,0.0
23,2,40,22,0.0,0.0
23,2,40,23,0.0,0.0
23,2,40,24,0.0,0.0
23,2,40,25,0.0,0.0
23,2,40,26,0.0,0.0
23,2,40,27,0.0,0.0
23,2,40,28,0.0,0.0
23,2,40,29,0.0,0.0
23,2,40,30,0.0,0.0
23,2,40,31,0.0,0.0
23,2,40,32,0.0,0.0
23,2,40,33,0.0,0.0
23,2,40,34,0.0,0.0
23,2,40,35,0.0,0.0
23,2,40,36,0.0,0.0
23,2,40,37,0.0,0.0
23,2,40,38,0.0,0.0
23,2,40,39,0.0,0.1
24,0,0,0,0.0,0.0
24,0,0,1,0.0,0.0
24,0,0,2,0.0,0.0
24,0,0,3,0.0,0.0
24,0,0,4,0.0,0.0
24,0,0,5,0.0,0.0
24,0,0,6,0.0,0.0
24,0,0,7,0.0,0.0
24,0,0,8,0.0,0.0
24,0,0,9,0.0,0.0
24,0,0,10,0.0,0.0
24,0,0,11,0.0,0.0
24,0,0,12,0.0,0.0
24,0,0,13,0.0,0.0
24,0,0,14,0.0,0.0
24,0,0,15,0.0,0.0
24,0,0,16,0.0,0.0
24,0,0,17,0.0,0.0
24,0,0,18,0.0,0.0
24,0,0,19,0.0,0.0
24,0,0,20,0.0,0.0
24,0,0,21,0.0,0.0
24,0,0,22,0.0,0.0
24,0,0,23,0.0,0.0
24,0,0,24,0.0,0.0
24,0,0,25,0.0,0.0
24,0,0,26,0.0,0.0
24,0,0,27,0.0,0.0
24,0,0,28,0.0,0.0
24,0,0,29,0.0,0.0
24,0,0,30,0.0,0.0
24,0,0,31,0.0,0.0
24,0,0,32,0.0,0.0
24,0,0,33,0.0,0.0
24,0,0,34,0.0,0.0
24,0,0,35,0.0,0.0
24,0,0,36,0.0,0.0
24,0,0,37,0.0,0.0
24,0,0,38,0.0,0.0
24,0,0,39,0.3,0.3
24,0,20,0,0.0,0.0
24,0,20,1,0.1,0.0
24,0,20,2,0.1,0.0
24,0,20,3,0.0,0.0
24,0,20,4,0.0,0.0
24,0,20,5,0.0,0.0
24,0,20,6,0.0,0.0
24,0,20,7,0.0,0.0
24,0,20,8,0.0,0.0
24,0,20,9,0.0,0.0
24,0,20,10,0.0,0.0
24,0,20,11,0.0,0.0
24,0,20,12,0.0,0.0
24,0,20,13,0.0,0.0
24,0,20,14,0.0,0.1
24,0,20,15,0.0,0.1
24,0,20,16,0.0,0.1
24,0,20,17,0.0,0.1
24,0,20,18,0.0,0.1
24,0,20,19,0.0,0.1
24,0,20,20,0.0,0.1
24,0,20,21,0.0,0.2
24,0,20,22,0.0,0.0
24,0,20,23,0.0,0.1
24,0,20,24,0.0,0.1
24,0,20,25,0.0,0.1
24,0,20,26,0.0,0.1
24,0,20,27,0.0,0.1
24,0,20,28,0.0,0.0
24,0,20,29,0.0,0.0
24,0,20,30,0.0,0.0
24,0,20,31,0.0,0.0
24,0,20,32,0.0,0.0
24,0,20,33,0.0,0.0
24,0,20,34,0.0,0.0
24,0,20,35,0.0,0.0
24,0,20,36,0.0,0.0
24,0,20,37,0.0,0.0
24,0,20,38,0.0,0.0
24,0,20,39,0.1,0.7
24,0,40,0,0.0,0.0
24,0,40,1,0.0,0.4
24,0,40,2,0.3,0.4
24,0,40,3,0.3,0.4
24,0,40,4,0.3,0.4
24,0,40,5,0.4,0.6
24,0,40,6,0.8,0.8
24,0,40,7,0.8,0.8
24,0,40,8,0.8,0.8
24,0,40,9,0.8,0.8
24,0,40,10,0.8,0.8
24,0,40,11,0.8,0.8
24,0,40,12,0.8,0.8
24,0,40,13,0.8,0.8
24,0,40,14,0.7,0.7
24,0,40,15,0.7,0.7
24,0,40,16,0.7,0.7
24,0,40,17,0.7,0.7
24,0,40,18,0.7,0.7
24,0,40,19,0.8,0.8
24,0,40,20,0.8,0.8
24,0,40,21,0.8,0.8
24,0,40,22,0.8,0.8
24,0,40,23,0.8,0.8
24,0,40,24,0.8,0.8
24,0,40,25,0.8,0.8
24,0,40,26,0.8,0.8
24,0,40,27,0.8,0.7
24,0,40,28,0.8,0.7
24,0,40,29,0.8,0.7
24,0,40,30,0.8,0.7
24,0,40,31,0.8,0.7
24,0,40,32,0.8,0.8
24,0,40,33,0.8,0.8
24,0,40,34,0.8,0.8
24,0,40,35,0.8,0.8
24,0,40,36,0.8,0.7
24,0,40,37,0.8,0.8
24,0,40,38,0.3,0.3
24,0,40,39,0.5,0.7
24,1,0,0,0.0,0.0
24,1,0,1,0.0,0.0
24,1,0,2,0.0,0.0
24,1,0,3,0.0,0.0
24,1,0,4,0.0,0.0
24,1,0,5,0.0,0.0
24,1,0,6,0.7,0.7
24,1,0,7,0.6,0.6
24,1,0,8,0.6,0.6
24,1,0,9,0.6,0.6
24,1,0,10,0.6,0.6
24,1,0,11,0.6,0.6
24,1,0,12,0.6,0.6
24,1,0,13,0.7,0.7
24,1,0,14,0.6,0.6
24,1,0,15,0.6,0.6
24,1,0,16,0.6,0.6
24,1,0,17,0.6,0.6
24,1,0,18,0.6,0.6
24,1,0,19,0.6,0.6
24,1,0,20,0.6,0.6
24,1,0,21,0.6,0.6
24,1,0,22,0.6,0.6
24,1,0,23,0.6,0.6
24,1,0,24,0.6,0.6
24,1,0,25,0.6,0.6
24,1,0,26,0.6,0.6
24,1,0,27,0.6,0.6
24,1,0,28,0.5,0.5
24,1,0,29,0.5,0.5
24,1,0,30,0.5,0.5
24,1,0,31,0.5,0.5
24,1,0,32,0.5,0.5
24,1,0,33,0.5,0.5
24,1,0,34,0.5,0.5
24,1,0,35,0.5,0.5
24,1,0,36,0.5,0.5
24,1,0,37,0.6,0.6
24,1,0,38,0.0,0.0
24,1,0,39,0.4,0.3
24,1,20,0,0.0,0.0
24,1,20,1,0.0,0.0
24,1,20,2,0.0,0.0
24,1,20,3,0.0,0.0
24,1,20,4,0.0,0.0
24,1,20,5,0.0,0.0
24,1,20,6,0.0,0.0
24,1,20,7,0.0,0.0
24,1,20,8,0.0,0.0
24,1,20,9,0.0,0.0
24,1,20,10,0.0,0.0
24,1,20,11,0.0,0.0
24,1,20,12,0.0,0.0
24,1,20,13,0.0,0.0
24,1,20,14,0.0,0.0
24,1,20,15,0.0,0.0
24,1,20,16,0.0,0.0
24,1,20,17,0.0,0.0
24,1,20,18,0.0,0.0
24,1,20,19,0.0,0.0
24,1,20,20,0.0,0.0
24,1,20,21,0.0,0.0
24,1,20,22,0.0,0.0
24,1,20,23,0.0,0.0
24,1,20,24,0.0,0.0
24,1,20,25,0.0,0.0
24,1,20,26,0.0,0.0
24,1,20,27,0.0,0.0
24,1,20,28,0.0,0.0
24,1,20,29,0.0,0.0
24,1,20,30,0.0,0.0
24,1,20,31,0.0,0.0
24,1,20,32,0.0,0.0
24,1,20,33,0.0,0.0
24,1,20,34,0.0,0.0
24,1,20,35,0.0,0.0
24,1,20,36,0.0,0.0
24,1,20,37,0.0,0.0
24,1,20,38,0.0,0.0
24,1,20,39,0.1,0.1
24,1,40,0,0.0,0.2
24,1,40,1,0.1,0.0
24,1,40,2,0.1,0.0
24,1,40,3,0.0,0.1
24,1,40,4,0.0,0.0
24,1,40,5,0.0,0.0
24,1,40,6,0.0,0.0
24,1,40,7,0.0,0.0
24,1,40,8,0.0,0.0
24,1,40,9,0.0,0.0
24,1,40,10,0.0,0.0
24,1,40,11,0.0,0.0
24,1,40,12,0.0,0.0
24,1,40,13,0.0,0.0
24,1,40,14,0.0,0.0
24,1,40,15,0.0,0.0
24,1,40,16,0.0,0.0
24,1,40,17,0.0,0.0
24,1,40,18,0.0,0.0
24,1,40,19,0.0,0.0
24,1,40,20,0.0,0.0
24,1,40,21,0.0,0.0
24,1,40,22,0.0,0.0
24,1,40,23,0.0,0.0
24,1,40,24,0.0,0.0
24,1,40,25,0.0,0.0
24,1,40,26,0.0,0.0
24,1,40,27,0.0,0.0
24,1,40,28,0.0,0.0
24,1,40,29,0.0,0.0
24,1,40,30,0.0,0.0
24,1,40,31,0.0,0.0
24,1,40,32,0.0,0.0
24,1,40,33,0.0,0.0
24,1,40,34,0.0,0.0
24,1,40,35,0.0,0.0
24,1,40,36,0.0,0.0
24,1,40,37,0.0,0.0
24,1,40,38,0.0,0.0
24,1,40,39,0.1,0.1
24,2,0,0,0.0,0.0
24,2,0,1,0.0,0.0
24,2,0,2,0.0,0.0
24,2,0,3,0.0,0.0
24,2,0,4,0.0,0.0
24,2,0,5,0.0,0.0
24,2,0,6,0.6,0.6
24,2,0,7,0.6,0.6
24,2,0,8,0.6,0.6
24,2,0,9,0.6,0.6
24,2,0,10,0.6,0.6
24,2,0,11,0.6,0.6
24,2,0,12,0.6,0.6
24,2,0,13,0.6,0.6
24,2,0,14,0.6,0.6
24,2,0,15,0.6,0.6
24,2,0,16,0.6,0.6
24,2,0,17,0.6,0.6
24,2,0,18,0.6,0.6
24,2,0,19,0.6,0.6
24,2,0,20,0.6,0.6
24,2,0,21,0.6,0.6
24,2,0,22,0.6,0.6
24,2,0,23,0.6,0.6
24,2,0,24,0.5,0.5
24,2,0,25,0.6,0.6
24,2,0,26,0.5,0.5
24,2,0,27,0.5,0.5
24,2,0,28,0.5,0.5
24,2,0,29,0.5,0.5
24,2,0,30,0.5,0.5
24,2,0,31,0.5,0.5
24,2,0,32,0.5,0.5
24,2,0,33,0.5,0.5
24,2,0,34,0.5,0.5
24,2,0,35,0.5,0.5
24,2,0,36,0.5,0.5
24,2,0,37,0.6,0.6
24,2,0,38,0.0,0.0
24,2,0,39,0.3,0.2
24,2,20,0,0.0,0.0
24,2,20,1,0.1,0.0
24,2,20,2,0.1,0.0
24,2,20,3,0.0,0.0
24,2,20,4,0.0,0.0
24,2,20,5,0.0,0.0
24,2,20,6,0.0,0.0
24,2,20,7,0.0,0.0
24,2,20,8,0.0,0.0
24,2,20,9,0.0,0.0
24,2,20,10,0.0,0.0
24,2,20,11,0.0,0.0
24,2,20,12,0.0,0.0
24,2,20,13,0.0,0.0
24,2,20,14,0.0,0.0
24,2,20,15,0.0,0.0
24,2,20,16,0.0,0.0
24,2,20,17,0.0,0.0
24,2,20,18,0.0,0.0
24,2,20,19,0.0,0.0
24,2,20,20,0.0,0.0
24,2,20,21,0.0,0.0
24,2,20,22,0.0,0.0
24,2,20,23,0.0,0.0
24,2,20,24,0.0,0.0
24,2,20,25,0.0,0.0
24,2,20,26,0.0,0.0
24,2,20,27,0.0,0.0
24,2,20,28,0.0,0.0
24,2,20,29,0.0,0.0
24,2,20,30,0.0,0.0
24,2,20,31,0.0,0.0
24,2,20,32,0.0,0.0
24,2,20,33,0.0,0.0
24,2,20,34,0.0,0.0
24,2,20,35,0.0,0.0
24,2,20,36,0.0,0.0
24,2,20,37,0.0,0.0
24,2,20,38,0.0,0.0
24,2,20,39,0.1,0.0
24,2,40,0,0.0,0.0
24,2,40,1,0.0,0.1
24,2,40,2,0.0,0.1
24,2,40,3,0.0,0.0
24,2,40,4,0.0,0.0
24,2,40,5,0.0,0.0
24,2,40,6,0.0,0.0
24,2,40,7,0.0,0.0
24,2,40,8,0.0,0.0
24,2,40,9,0.0,0.0
24,2,40,10,0.0,0.0
24,2,40,11,0.0,0.0
24,2,40,12,0.0,0.0
24,2,40,13,0.0,0.0
24,2,40,14,0.0,0.0
24,2,40,15,0.0,0.0
24,2,40,16,0.0,0.0
24,2,40,17,0.0,0.0
24,2,40,18,0.0,0.0
24,2,40,19,0.0,0.0
24,2,40,20,0.0,0.0
24,2,40,21,0.0,0.0
24,2,40,22,0.0,0.0
24,2,40,23,0.0,0.0
24,2,40,24,0.0,0.0
24,2,40,25,0.0,0.0
24,2,40,26,0.0,0.0
24,2,40,27,0.0,0.0
24,2,40,28,0.0,0.0
24,2,40,29,0.0,0.0
24,2,40,30,0.0,0.0
24,2,40,31,0.0,0.0
24,2,40,32,0.0,0.0
24,2,40,33,0.0,0.0
24,2,40,34,0.0,0.0
24,2,40,35,0.0,0.0
24,2,40,36,0.0,0.0
24,2,40,37,0.0,0.0
24,2,40,38,0.0,0.0
24,2,40,39,0.1,0.1
25,0,0,0,0.0,0.0
25,0,0,1,0.0,0.0
25,0,0,2,0.0,0.1
25,0,0,3,0.0,0.1
25,0,0,4,0.0,0.0
25,0,0,5,0.0,0.0
25,0,0,6,0.0,0.0
25,0,0,7,0.0,0.0
25,0,0,8,0.0,0.0
25,0,0,9,0.0,0.0
25,0,0,10,0.0,0.0
25,0,0,11,0.0,0.0
25,0,0,12,0.0,0.0
25,0,0,13,0.0,0.0
25,0,0,14,0.0,0.0
25,0,0,15,0.0,0.0
25,0,0,16,0.0,0.0
25,0,0,17,0.0,0.0
25,0,0,18,0.0,0.0
25,0,0,19,0.0,0.0
25,0,0,20,0.0,0.0
25,0,0,21,0.0,0.0
25,0,0,22,0.0,0.0
25,0,0,23,0.0,0.0
25,0,0,24,0.0,0.0
25,0,0,25,0.0,0.0
25,0,0,26,0.0,0.0
25,0,0,27,0.0,0.0
25,0,0,28,0.0,0.0
25,0,0,29,0.0,0.0
25,0,0,30,0.0,0.0
25,0,0,31,0.0,0.0
25,0,0,32,0.0,0.0
25,0,0,33,0.0,0.0
25,0,0,34,0.0,0.0
25,0,0,35,0.0,0.0
25,0,0,36,0.0,0.0
25,0,0,37,0.0,0.0
25,0,0,38,0.0,0.0
25,0,0,39,0.3,0.2
25,0,20,0,0.0,0.0
25,0,20,1,0.0,0.0
25,0,20,2,0.0,0.0
25,0,20,3,0.0,0.0
25,0,20,4,0.0,0.0
25,0,20,5,0.0,0.0
25,0,20,6,0.0,0.8
25,0,20,7,0.0,0.8
25,0,20,8,0.0,0.8
25,0,20,9,0.0,0.7
25,0,20,10,0.0,0.7
25,0,20,11,0.0,0.7
25,0,20,12,0.0,0.7
25,0,20,13,0.0,0.7
25,0,20,14,0.0,0.7
25,0,20,15,0.0,0.7
25,0,20,16,0.0,0.7
25,0,20,17,0.0,0.7
25,0,20,18,0.0,0.7
25,0,20,19,0.0,0.6
25,0,20,20,0.0,0.7
25,0,20,21,0.0,0.7
25,0,20,22,0.0,0.7
25,0,20,23,0.0,0.7
25,0,20,24,0.0,0.7
25,0,20,25,0.0,0.7
25,0,20,26,0.0,0.7
25,0,20,27,0.0,0.7
25,0,20,28,0.0,0.7
25,0,20,29,0.0,0.7
25,0,20,30,0.0,0.7
25,0,20,31,0.0,0.6
25,0,20,32,0.0,0.6
25,0,20,33,0.0,0.6
25,0,20,34,0.0,0.6
25,0,20,35,0.0,0.6
25,0,20,36,0.0,0.6
25,0,20,37,0.0,0.7
25,0,20,38,0.0,0.3
25,0,20,39,0.2,0.5
25,0,40,0,0.0,0.0
25,0,40,1,0.0,0.0
25,0,40,2,0.0,0.0
25,0,40,3,0.0,0.0
25,0,40,4,0.0,0.0
25,0,40,5,0.0,0.0
25,0,40,6,0.4,0.3
25,0,40,7,0.4,0.2
25,0,40,8,0.4,0.2
25,0,40,9,0.4,0.3
25,0,40,10,0.4,0.3
25,0,40,11,0.4,0.3
25,0,40,12,0.4,0.3
25,0,40,13,0.4,0.3
25,0,40,14,0.4,0.3
25,0,40,15,0.4,0.3
25,0,40,16,0.4,0.3
25,0,40,17,0.4,0.3
25,0,40,18,0.5,0.4
25,0,40,19,0.3,0.2
25,0,40,20,0.2,0.2
25,0,40,21,0.2,0.2
25,0,40,22,0.3,0.2
25,0,40,23,0.3,0.3
25,0,40,24,0.3,0.3
25,0,40,25,0.3,0.3
25,0,40,26,0.3,0.3
25,0,40,27,0.4,0.3
25,0,40,28,0.4,0.3
25,0,40,29,0.4,0.3
25,0,40,30,0.4,0.3
25,0,40,31,0.4,0.3
25,0,40,32,0.3,0.3
25,0,40,33,0.4,0.4
25,0,40,34,0.3,0.3
25,0,40,35,0.2,0.2
25,0,40,36,0.2,0.2
25,0,40,37,0.2,0.2
25,0,40,38,0.0,0.0
25,0,40,39,0.2,0.2
25,1,0,0,0.0,0.0
25,1,0,1,0.0,0.0
25,1,0,2,0.0,0.0
25,1,0,3,0.0,0.0
25,1,0,4,0.0,0.0
25,1,0,5,0.0,0.0
25,1,0,6,0.0,0.0
25,1,0,7,0.0,0.0
25,1,0,8,0.0,0.0
25,1,0,9,0.0,0.0
25,1,0,10,0.0,0.0
25,1,0,11,0.0,0.0
25,1,0,12,0.0,0.0
25,1,0,13,0.0,0.0
25,1,0,14,0.0,0.0
25,1,0,15,0.0,0.0
25,1,0,16,0.0,0.0
25,1,0,17,0.0,0.0
25,1,0,18,0.0,0.0
25,1,0,19,0.0,0.0
25,1,0,20,0.0,0.0
25,1,0,21,0.0,0.0
25,1,0,22,0.0,0.0
25,1,0,23,0.0,0.0
25,1,0,24,0.0,0.0
25,1,0,25,0.0,0.0
25,1,0,26,0.0,0.0
25,1,0,27,0.0,0.0
25,1,0,28,0.0,0.0
25,1,0,29,0.0,0.0
25,1,0,30,0.0,0.0
25,1,0,31,0.0,0.0
25,1,0,32,0.0,0.0
25,1,0,33,0.0,0.0
25,1,0,34,0.0,0.0
25,1,0,35,0.0,0.0
25,1,0,36,0.0,0.0
25,1,0,37,0.0,0.0
25,1,0,38,0.0,0.0
25,1,0,39,0.2,0.2
25,1,20,0,0.0,0.0
25,1,20,1,0.0,0.0
25,1,20,2,0.0,0.0
25,1,20,3,0.0,0.0
25,1,20,4,0.0,0.0
25,1,20,5,0.0,0.0
25,1,20,6,0.0,0.0
25,1,20,7,0.0,0.0
25,1,20,8,0.0,0.0
25,1,20,9,0.0,0.0
25,1,20,10,0.0,0.0
25,1,20,11,0.0,0.0
25,1,20,12,0.0,0.0
25,1,20,13,0.0,0.0
25,1,20,14,0.0,0.0
25,1,20,15,0.0,0.0
25,1,20,16,0.0,0.0
25,1,20,17,0.0,0.0
25,1,20,18,0.0,0.0
25,1,20,19,0.0,0.0
25,1,20,20,0.0,0.0
25,1,20,21,0.0,0.0
25,1,20,22,0.0,0.0
25,1,20,23,0.0,0.0
25,1,20,24,0.0,0.0
25,1,20,25,0.0,0.0
25,1,20,26,0.0,0.0
25,1,20,27,0.0,0.0
25,1,20,28,0.0,0.0
25,1,20,29,0.0,0.0
25,1,20,30,0.0,0.0
25,1,20,31,0.0,0.0
25,1,20,32,0.0,0.0
25,1,20,33,0.0,0.0
25,1,20,34,0.0,0.0
25,1,20,35,0.0,0.0
25,1,20,36,0.0,0.0
25,1,20,37,0.0,0.0
25,1,20,38,0.0,0.0
25,1,20,39,0.2,0.1
25,1,40,0,0.0,0.0
25,1,40,1,0.0,0.0
25,1,40,2,0.0,0.0
25,1,40,3,0.0,0.0
25,1,40,4,0.0,0.0
25,1,40,5,0.0,0.0
25,1,40,6,0.0,0.0
25,1,40,7,0.0,0.0
25,1,40,8,0.0,0.0
25,1,40,9,0.0,0.0
25,1,40,10,0.0,0.0
25,1,40,11,0.0,0.0
25,1,40,12,0.0,0.0
25,1,40,13,0.0,0.0
25,1,40,14,0.0,0.0
25,1,40,15,0.0,0.0
25,1,40,16,0.0,0.0
25,1,40,17,0.0,0.0
25,1,40,18,0.0,0.0
25,1,40,19,0.0,0.0
25,1,40,20,0.0,0.0
25,1,40,21,0.0,0.0
25,1,40,22,0.0,0.0
25,1,40,23,0.0,0.0
25,1,40,24,0.0,0.0
25,1,40,25,0.0,0.0
25,1,40,26,0.0,0.0
25,1,40,27,0.0,0.0
25,1,40,28,0.0,0.0
25,1,40,29,0.0,0.0
25,1,40,30,0.0,0.0
25,1,40,31,0.0,0.0
25,1,40,32,0.0,0.0
25,1,40,33,0.0,0.0
25,1,40,34,0.0,0.0
25,1,40,35,0.0,0.0
25,1,40,36,0.0,0.0
25,1,40,37,0.0,0.0
25,1,40,38,0.0,0.0
25,1,40,39,0.2,0.1
25,2,0,0,0.0,0.0
25,2,0,1,0.0,0.0
25,2,0,2,0.0,0.0
25,2,0,3,0.0,0.0
25,2,0,4,0.0,0.0
25,2,0,5,0.0,0.0
25,2,0,6,0.6,0.6
25,2,0,7,0.6,0.6
25,2,0,8,0.6,0.6
25,2,0,9,0.5,0.5
25,2,0,10,0.5,0.5
25,2,0,11,0.5,0.5
25,2,0,12,0.5,0.5
25,2,0,13,0.5,0.5
25,2,0,14,0.5,0.5
25,2,0,15,0.5,0.5
25,2,0,16,0.5,0.5
25,2,0,17,0.5,0.5
25,2,0,18,0.5,0.5
25,2,0,19,0.6,0.6
25,2,0,20,0.6,0.6
25,2,0,21,0.5,0.5
25,2,0,22,0.5,0.5
25,2,0,23,0.5,0.5
25,2,0,24,0.5,0.5
25,2,0,25,0.5,0.5
25,2,0,26,0.5,0.5
25,2,0,27,0.5,0.5
25,2,0,28,0.5,0.5
25,2,0,29,0.5,0.5
25,2,0,30,0.5,0.5
25,2,0,31,0.5,0.5
25,2,0,32,0.5,0.5
25,2,0,33,0.5,0.5
25,2,0,34,0.5,0.5
25,2,0,35,0.5,0.5
25,2,0,36,0.5,0.5
25,2,0,37,0.5,0.5
25,2,0,38,0.0,0.0
25,2,0,39,0.3,0.2
25,2,20,0,0.0,0.0
25,2,20,1,0.0,0.0
25,2,20,2,0.0,0.0
25,2,20,3,0.0,0.0
25,2,20,4,0.0,0.0
25,2,20,5,0.1,0.2
25,2,20,6,0.0,0.0
25,2,20,7,0.0,0.0
25,2,20,8,0.0,0.0
25,2,20,9,0.0,0.0
25,2,20,10,0.0,0.0
25,2,20,11,0.0,0.0
25,2,20,12,0.0,0.0
25,2,20,13,0.0,0.0
25,2,20,14,0.0,0.0
25,2,20,15,0.0,0.0
25,2,20,16,0.0,0.0
25,2,20,17,0.0,0.0
25,2,20,18,0.0,0.0
25,2,20,19,0.0,0.0
25,2,20,20,0.0,0.0
25,2,20,21,0.0,0.0
25,2,20,22,0.0,0.0
25,2,20,23,0.0,0.0
25,2,20,24,0.0,0.0
25,2,20,25,0.0,0.0
25,2,20,26,0.0,0.0
25,2,20,27,0.0,0.0
25,2,20,28,0.0,0.0
25,2,20,29,0.0,0.0
25,2,20,30,0.0,0.0
25,2,20,31,0.0,0.0
25,2,20,32,0.0,0.0
25,2,20,33,0.0,0.0
25,2,20,34,0.0,0.0
25,2,20,35,0.0,0.0
25,2,20,36,0.0,0.0
25,2,20,37,0.0,0.0
25,2,20,38,0.0,0.0
25,2,20,39,0.3,0.3
25,2,40,0,0.0,0.0
25,2,40,1,0.0,0.0
25,2,40,2,0.0,0.0
25,2,40,3,0.0,0.0
25,2,40,4,0.0,0.0
25,2,40,5,0.0,0.0
25,2,40,6,0.0,0.0
25,2,40,7,0.0,0.0
25,2,40,8,0.0,0.0
25,2,40,9,0.0,0.0
25,2,40,10,0.0,0.0
25,2,40,11,0.0,0.0
25,2,40,12,0.0,0.0
25,2,40,13,0.0,0.0
25,2,40,14,0.0,0.0
25,2,40,15,0.0,0.0
25,2,40,16,0.0,0.0
25,2,40,17,0.0,0.0
25,2,40,18,0.0,0.0
25,2,40,19,0.0,0.0
25,2,40,20,0.0,0.0
25,2,40,21,0.0,0.0
25,2,40,22,0.0,0.0
25,2,40,23,0.0,0.0
25,2,40,24,0.0,0.0
25,2,40,25,0.0,0.0
25,2,40,26,0.0,0.0
25,2,40,27,0.0,0.0
25,2,40,28,0.0,0.0
25,2,40,29,0.0,0.0
25,2,40,30,0.0,0.0
25,2,40,31,0.0,0.0
25,2,40,32,0.0,0.0
25,2,40,33,0.0,0.0
25,2,40,34,0.0,0.0
25,2,40,35,0.0,0.0
25,2,40,36,0.0,0.0
25,2,40,37,0.0,0.0
25,2,40,38,0.0,0.0
25,2,40,39,0.3,0.3
26,0,0,0,0.0,0.0
26,0,0,1,0.0,0.0
26,0,0,2,0.0,0.1
26,0,0,3,0.0,0.1
26,0,0,4,0.0,0.0
26,0,0,5,0.0,0.0
26,0,0,6,0.0,0.0
26,0,0,7,0.0,0.0
26,0,0,8,0.0,0.0
26,0,0,9,0.0,0.0
26,0,0,10,0.0,0.0
26,0,0,11,0.0,0.0
26,0,0,12,0.0,0.0
26,0,0,13,0.0,0.0
26,0,0,14,0.0,0.0
26,0,0,15,0.0,0.0
26,0,0,16,0.0,0.0
26,0,0,17,0.0,0.0
26,0,0,18,0.0,0.0
26,0,0,19,0.0,0.0
26,0,0,20,0.0,0.0
26,0,0,21,0.0,0.0
26,0,0,22,0.0,0.0
26,0,0,23,0.0,0.0
26,0,0,24,0.0,0.0
26,0,0,25,0.0,0.0
26,0,0,26,0.0,0.0
26,0,0,27,0.0,0.0
26,0,0,28,0.0,0.0
26,0,0,29,0.0,0.0
26,0,0,30,0.0,0.0
26,0,0,31,0.0,0.0
26,0,0,32,0.0,0.0
26,0,0,33,0.0,0.0
26,0,0,34,0.0,0.0
26,0,0,35,0.0,0.0
26,0,0,36,0.0,0.0
26,0,0,37,0.0,0.0
26,0,0,38,0.0,0.0
26,0,0,39,0.2,0.1
26,0,20,0,0.0,0.0
26,0,20,1,0.0,0.0
26,0,20,2,0.0,0.0
26,0,20,3,0.0,0.0
26,0,20,4,0.0,0.1
26,0,20,5,0.5,0.4
26,0,20,6,0.8,0.8
26,0,20,7,0.7,0.7
26,0,20,8,0.8,0.7
26,0,20,9,0.8,0.7
26,0,20,10,0.8,0.7
26,0,20,11,0.7,0.7
26,0,20,12,0.7,0.7
26,0,20,13,0.7,0.7
26,0,20,14,0.7,0.7
26,0,20,15,0.7,0.7
26,0,20,16,0.7,0.7
26,0,20,17,0.7,0.7
26,0,20,18,0.7,0.7
26,0,20,19,0.7,0.7
26,0,20,20,0.7,0.7
26,0,20,21,0.6,0.6
26,0,20,22,0.7,0.7
26,0,20,23,0.6,0.6
26,0,20,24,0.7,0.7
26,0,20,25,0.7,0.7
26,0,20,26,0.7,0.7
26,0,20,27,0.7,0.7
26,0,20,28,0.7,0.7
26,0,20,29,0.7,0.7
26,0,20,30,0.7,0.7
26,0,20,31,0.7,0.7
26,0,20,32,0.7,0.7
26,0,20,33,0.7,0.7
26,0,20,34,0.7,0.7
26,0,20,35,0.7,0.7
26,0,20,36,0.6,0.5
26,0,20,37,0.5,0.5
26,0,20,38,0.3,0.3
26,0,20,39,0.5,0.4
26,0,40,0,0.0,0.0
26,0,40,1,0.0,0.0
26,0,40,2,0.0,0.0
26,0,40,3,0.0,0.0
26,0,40,4,0.0,0.0
26,0,40,5,0.0,0.0
26,0,40,6,0.0,0.0
26,0,40,7,0.0,0.0
26,0,40,8,0.0,0.0
26,0,40,9,0.0,0.0
26,0,40,10,0.0,0.0
26,0,40,11,0.0,0.0
26,0,40,12,0.0,0.0
26,0,40,13,0.0,0.0
26,0,40,14,0.0,0.0
26,0,40,15,0.0,0.0
26,0,40,16,0.0,0.0
26,0,40,17,0.0,0.0
26,0,40,18,0.0,0.0
26,0,40,19,0.0,0.0
26,0,40,20,0.0,0.0
26,0,40,21,0.0,0.0
26,0,40,22,0.0,0.0
26,0,40,23,0.0,0.0
26,0,40,24,0.0,0.0
26,0,40,25,0.0,0.0
26,0,40,26,0.0,0.0
26,0,40,27,0.0,0.0
26,0,40,28,0.0,0.0
26,0,40,29,0.0,0.0
26,0,40,30,0.0,0.0
26,0,40,31,0.0,0.0
26,0,40,32,0.0,0.0
26,0,40,33,0.0,0.0
26,0,40,34,0.0,0.0
26,0,40,35,0.0,0.0
26,0,40,36,0.0,0.0
26,0,40,37,0.0,0.0
26,0,40,38,0.0,0.0
26,0,40,39,0.1,0.1
26,1,0,0,0.0,0.0
26,1,0,1,0.0,0.0
26,1,0,2,0.0,0.0
26,1,0,3,0.0,0.0
26,1,0,4,0.0,0.0
26,1,0,5,0.0,0.0
26,1,0,6,0.6,0.6
26,1,0,7,0.7,0.7
26,1,0,8,0.7,0.7
26,1,0,9,0.7,0.7
26,1,0,10,0.7,0.7
26,1,0,11,0.7,0.7
26,1,0,12,0.7,0.7
26,1,0,13,0.7,0.7
26,1,0,14,0.7,0.7
26,1,0,15,0.6,0.6
26,1,0,16,0.6,0.6
26,1,0,17,0.6,0.6
26,1,0,18,0.7,0.7
26,1,0,19,0.6,0.6
26,1,0,20,0.7,0.7
26,1,0,21,0.7,0.7
26,1,0,22,0.7,0.7
26,1,0,23,0.7,0.7
26,1,0,24,0.6,0.6
26,1,0,25,0.6,0.6
26,1,0,26,0.6,0.6
26,1,0,27,0.6,0.6
26,1,0,28,0.5,0.5
26,1,0,29,0.5,0.5
26,1,0,30,0.5,0.5
26,1,0,31,0.5,0.5
26,1,0,32,0.5,0.5
26,1,0,33,0.5,0.5
26,1,0,34,0.5,0.5
26,1,0,35,0.5,0.5
26,1,0,36,0.5,0.5
26,1,0,37,0.6,0.6
26,1,0,38,0.0,0.0
26,1,0,39,0.3,0.2
26,1,20,0,0.0,0.0
26,1,20,1,0.0,0.0
26,1,20,2,0.0,0.0
26,1,20,3,0.0,0.0
26,1,20,4,0.0,0.0
26,1,20,5,0.0,0.0
26,1,20,6,0.0,0.0
26,1,20,7,0.0,0.0
26,1,20,8,0.0,0.0
26,1,20,9,0.0,0.0
26,1,20,10,0.0,0.0
26,1,20,11,0.0,0.0
26,1,20,12,0.0,0.0
26,1,20,13,0.0,0.0
26,1,20,14,0.0,0.0
26,1,20,15,0.0,0.0
26,1,20,16,0.0,0.0
26,1,20,17,0.0,0.0
26,1,20,18,0.0,0.0
26,1,20,19,0.0,0.0
26,1,20,20,0.0,0.0
26,1,20,21,0.0,0.0
26,1,20,22,0.0,0.0
26,1,20,23,0.0,0.0
26,1,20,24,0.0,0.0
26,1,20,25,0.0,0.0
26,1,20,26,0.0,0.0
26,1,20,27,0.0,0.0
26,1,20,28,0.0,0.0
26,1,20,29,0.0,0.0
26,1,20,30,0.0,0.0
26,1,20,31,0.0,0.0
26,1,20,32,0.0,0.0
26,1,20,33,0.0,0.0
26,1,20,34,0.0,0.0
26,1,20,35,0.0,0.0
26,1,20,36,0.0,0.0
26,1,20,37,0.0,0.0
26,1,20,38,0.0,0.0
26,1,20,39,0.1,0.1
26,1,40,0,0.0,0.0
26,1,40,1,0.0,0.0
26,1,40,2,0.1,0.0
26,1,40,3,0.2,0.0
26,1,40,4,0.2,0.2
26,1,40,5,0.1,0.1
26,1,40,6,0.0,0.0
26,1,40,7,0.0,0.0
26,1,40,8,0.0,0.0
26,1,40,9,0.0,0.0
26,1,40,10,0.0,0.0
26,1,40,11,0.0,0.0
26,1,40,12,0.0,0.0
26,1,40,13,0.0,0.0
26,1,40,14,0.0,0.0
26,1,40,15,0.0,0.0
26,1,40,16,0.0,0.0
26,1,40,17,0.0,0.0
26,1,40,18,0.0,0.0
26,1,40,19,0.0,0.0
26,1,40,20,0.0,0.0
26,1,40,21,0.0,0.0
26,1,40,22,0.0,0.0
26,1,40,23,0.0,0.0
26,1,40,24,0.0,0.0
26,1,40,25,0.0,0.0
26,1,40,26,0.0,0.0
26,1,40,27,0.0,0.0
26,1,40,28,0.0,0.0
26,1,40,29,0.0,0.0
26,1,40,30,0.0,0.0
26,1,40,31,0.0,0.0
26,1,40,32,0.0,0.0
26,1,40,33,0.0,0.0
26,1,40,34,0.0,0.0
26,1,40,35,0.0,0.0
26,1,40,36,0.0,0.0
26,1,40,37,0.0,0.0
26,1,40,38,0.0,0.0
26,1,40,39,0.1,0.1
26,2,0,0,0.0,0.0
26,2,0,1,0.0,0.0
26,2,0,2,0.0,0.0
26,2,0,3,0.0,0.0
26,2,0,4,0.0,0.0
26,2,0,5,0.0,0.0
26,2,0,6,0.6,0.6
26,2,0,7,0.6,0.6
26,2,0,8,0.6,0.6
26,2,0,9,0.6,0.6
26,2,0,10,0.6,0.6
26,2,0,11,0.6,0.6
26,2,0,12,0.6,0.6
26,2,0,13,0.6,0.6
26,2,0,14,0.6,0.6
26,2,0,15,0.6,0.6
26,2,0,16,0.6,0.6
26,2,0,17,0.6,0.6
26,2,0,18,0.6,0.6
26,2,0,19,0.6,0.6
26,2,0,20,0.6,0.6
26,2,0,21,0.6,0.6
26,2,0,22,0.6,0.6
26,2,0,23,0.6,0.6
26,2,0,24,0.5,0.5
26,2,0,25,0.5,0.5
26,2,0,26,0.5,0.5
26,2,0,27,0.5,0.5
26,2,0,28,0.5,0.5
26,2,0,29,0.5,0.5
26,2,0,30,0.5,0.5
26,2,0,31,0.6,0.5
26,2,0,32,0.6,0.5
26,2,0,33,0.6,0.5
26,2,0,34,0.6,0.5
26,2,0,35,0.6,0.5
26,2,0,36,0.6,0.5
26,2,0,37,0.5,0.5
26,2,0,38,0.0,0.0
26,2,0,39,0.3,0.3
26,2,20,0,0.0,0.0
26,2,20,1,0.0,0.0
26,2,20,2,0.0,0.0
26,2,20,3,0.0,0.0
26,2,20,4,0.0,0.0
26,2,20,5,0.0,0.0
26,2,20,6,0.0,0.0
26,2,20,7,0.0,0.0
26,2,20,8,0.0,0.0
26,2,20,9,0.0,0.0
26,2,20,10,0.0,0.0
26,2,20,11,0.0,0.0
26,2,20,12,0.0,0.0
26,2,20,13,0.0,0.0
26,2,20,14,0.0,0.1
26,2,20,15,0.0,0.1
26,2,20,16,0.0,0.1
26,2,20,17,0.0,0.2
26,2,20,18,0.0,0.2
26,2,20,19,0.0,0.2
26,2,20,20,0.0,0.1
26,2,20,21,0.0,0.2
26,2,20,22,0.0,0.1
26,2,20,23,0.0,0.0
26,2,20,24,0.0,0.0
26,2,20,25,0.0,0.0
26,2,20,26,0.0,0.0
26,2,20,27,0.0,0.0
26,2,20,28,0.0,0.0
26,2,20,29,0.0,0.0
26,2,20,30,0.0,0.0
26,2,20,31,0.0,0.0
26,2,20,32,0.0,0.0
26,2,20,33,0.0,0.0
26,2,20,34,0.0,0.0
26,2,20,35,0.0,0.0
26,2,20,36,0.0,0.0
26,2,20,37,0.0,0.0
26,2,20,38,0.0,0.0
26,2,20,39,0.1,0.1
26,2,40,0,0.0,0.0
26,2,40,1,0.0,0.0
26,2,40,2,0.0,0.0
26,2,40,3,0.0,0.0
26,2,40,4,0.0,0.0
26,2,40,5,0.0,0.0
26,2,40,6,0.0,0.0
26,2,40,7,0.0,0.0
26,2,40,8,0.0,0.0
26,2,40,9,0.0,0.0
26,2,40,10,0.0,0.0
26,2,40,11,0.0,0.0
26,2,40,12,0.0,0.0
26,2,40,13,0.0,0.0
26,2,40,14,0.0,0.0
26,2,40,15,0.0,0.0
26,2,40,16,0.0,0.0
26,2,40,17,0.0,0.0
26,2,40,18,0.0,0.0
26,2,40,19,0.0,0.0
26,2,40,20,0.0,0.0
26,2,40,21,0.0,0.0
26,2,40,22,0.0,0.0
26,2,40,23,0.0,0.0
26,2,40,24,0.0,0.0
26,2,40,25,0.0,0.0
26,2,40,26,0.0,0.0
26,2,40,27,0.0,0.0
26,2,40,28,0.0,0.0
26,2,40,29,0.0,0.0
26,2,40,30,0.0,0.0
26,2,40,31,0.0,0.0
26,2,40,32,0.0,0.0
26,2,40,33,0.0,0.0
26,2,40,34,0.0,0.0
26,2,40,35,0.0,0.0
26,2,40,36,0.0,0.0
26,2,40,37,0.0,0.0
26,2,40,38,0.0,0.0
26,2,40,39,0.1,0.1
27,0,0,0,0.0,0.0
27,0,0,1,0.0,0.0
27,0,0,2,0.0,0.1
27,0,0,3,0.0,0.1
27,0,0,4,0.0,0.0
27,0,0,5,0.0,0.0
27,0,0,6,0.0,0.0
27,0,0,7,0.0,0.0
27,0,0,8,0.0,0.0
27,0,0,9,0.0,0.0
27,0,0,10,0.0,0.0
27,0,0,11,0.0,0.0
27,0,0,12,0.0,0.0
27,0,0,13,0.0,0.0
27,0,0,14,0.0,0.0
27,0,0,15,0.0,0.0
27,0,0,16,0.0,0.0
27,0,0,17,0.0,0.0
27,0,0,18,0.0,0.0
27,0,0,19,0.0,0.0
27,0,0,20,0.0,0.0
27,0,0,21,0.0,0.0
27,0,0,22,0.0,0.0
27,0,0,23,0.0,0.0
27,0,0,24,0.0,0.0
27,0,0,25,0.0,0.0
27,0,0,26,0.0,0.0
27,0,0,27,0.0,0.0
27,0,0,28,0.0,0.0
27,0,0,29,0.0,0.0
27,0,0,30,0.0,0.0
27,0,0,31,0.0,0.0
27,0,0,32,0.0,0.0
27,0,0,33,0.0,0.0
27,0,0,34,0.0,0.0
27,0,0,35,0.0,0.0
27,0,0,36,0.0,0.0
27,0,0,37,0.0,0.0
27,0,0,38,0.0,0.0
27,0,0,39,0.2,0.1
27,0,20,0,0.0,0.0
27,0,20,1,0.0,0.0
27,0,20,2,0.0,0.0
27,0,20,3,0.0,0.0
27,0,20,4,0.0,0.0
27,0,20,5,0.0,0.0
27,0,20,6,0.0,0.0
27,0,20,7,0.0,0.0
27,0,20,8,0.0,0.0
27,0,20,9,0.0,0.0
27,0,20,10,0.0,0.0
27,0,20,11,0.0,0.0
27,0,20,12,0.0,0.0
27,0,20,13,0.0,0.0
27,0,20,14,0.0,0.0
27,0,20,15,0.0,0.0
27,0,20,16,0.0,0.0
27,0,20,17,0.0,0.0
27,0,20,18,0.0,0.0
27,0,20,19,0.0,0.0
27,0,20,20,0.0,0.0
27,0,20,21,0.0,0.0
27,0,20,22,0.0,0.0
27,0,20,23,0.0,0.0
27,0,20,24,0.0,0.0
27,0,20,25,0.0,0.0
27,0,20,26,0.0,0.0
27,0,20,27,0.0,0.0
27,0,20,28,0.0,0.0
27,0,20,29,0.0,0.0
27,0,20,30,0.0,0.0
27,0,20,31,0.0,0.0
27,0,20,32,0.0,0.0
27,0,20,33,0.0,0.0
27,0,20,34,0.0,0.0
27,0,20,35,0.0,0.0
27,0,20,36,0.0,0.0
27,0,20,37,0.1,0.0
27,0,20,38,0.0,0.0
27,0,20,39,0.8,0.2
27,0,40,0,0.0,0.0
27,0,40,1,0.0,0.0
27,0,40,2,0.0,0.0
27,0,40,3,0.0,0.0
27,0,40,4,0.0,0.0
27,0,40,5,0.0,0.0
27,0,40,6,0.8,0.8
27,0,40,7,0.7,0.7
27,0,40,8,0.8,0.7
27,0,40,9,0.8,0.7
27,0,40,10,0.8,0.7
27,0,40,11,0.7,0.7
27,0,40,12,0.7,0.7
27,0,40,13,0.7,0.7
27,0,40,14,0.7,0.7
27,0,40,15,0.7,0.7
27,0,40,16,0.7,0.7
27,0,40,17,0.7,0.7
27,0,40,18,0.7,0.7
27,0,40,19,0.6,0.6
27,0,40,20,0.6,0.6
27,0,40,21,0.5,0.5
27,0,40,22,0.5,0.5
27,0,40,23,0.5,0.5
27,0,40,24,0.6,0.6
27,0,40,25,0.6,0.6
27,0,40,26,0.5,0.5
27,0,40,27,0.6,0.6
27,0,40,28,0.6,0.6
27,0,40,29,0.6,0.6
27,0,40,30,0.6,0.6
27,0,40,31,0.6,0.6
27,0,40,32,0.6,0.6
27,0,40,33,0.6,0.6
27,0,40,34,0.6,0.6
27,0,40,35,0.6,0.6
27,0,40,36,0.6,0.5
27,0,40,37,0.5,0.5
27,0,40,38,0.3,0.3
27,0,40,39,0.5,0.4
27,1,0,0,0.0,0.0
27,1,0,1,0.1,0.0
27,1,0,2,0.1,0.0
27,1,0,3,0.1,0.0
27,1,0,4,0.0,0.0
27,1,0,5,0.0,0.0
27,1,0,6,0.8,0.8
27,1,0,7,0.8,0.8
27,1,0,8,0.8,0.8
27,1,0,9,0.8,0.8
27,1,0,10,0.8,0.8
27,1,0,11,0.8,0.8
27,1,0,12,0.8,0.8
27,1,0,13,0.8,0.8
27,1,0,14,0.8,0.8
27,1,0,15,0.7,0.7
27,1,0,16,0.8,0.8
27,1,0,17,0.7,0.7
27,1,0,18,0.8,0.8
27,1,0,19,0.7,0.7
27,1,0,20,0.7,0.7
27,1,0,21,0.7,0.7
27,1,0,22,0.7,0.7
27,1,0,23,0.7,0.7
27,1,0,24,0.7,0.7
27,1,0,25,0.7,0.7
27,1,0,26,0.7,0.7
27,1,0,27,0.7,0.7
27,1,0,28,0.7,0.7
27,1,0,29,0.7,0.7
27,1,0,30,0.6,0.6
27,1,0,31,0.6,0.6
27,1,0,32,0.6,0.6
27,1,0,33,0.6,0.6
27,1,0,34,0.6,0.6
27,1,0,35,0.6,0.6
27,1,0,36,0.6,0.6
27,1,0,37,0.6,0.6
27,1,0,38,0.5,0.6
27,1,0,39,0.2,0.3
27,1,20,0,0.0,0.0
27,1,20,1,0.0,0.0
27,1,20,2,0.0,0.0
27,1,20,3,0.0,0.0
27,1,20,4,0.0,0.0
27,1,20,5,0.0,0.0
27,1,20,6,0.0,0.0
27,1,20,7,0.0,0.0
27,1,20,8,0.0,0.0
27,1,20,9,0.0,0.0
27,1,20,10,0.0,0.0
27,1,20,11,0.0,0.0
27,1,20,12,0.0,0.0
27,1,20,13,0.0,0.0
27,1,20,14,0.0,0.0
27,1,20,15,0.0,0.0
27,1,20,16,0.0,0.0
27,1,20,17,0.0,0.0
27,1,20,18,0.0,0.0
27,1,20,19,0.0,0.0
27,1,20,20,0.0,0.0
27,1,20,21,0.0,0.0
27,1,20,22,0.0,0.0
27,1,20,23,0.0,0.0
27,1,20,24,0.0,0.0
27,1,20,25,0.0,0.0
27,1,20,26,0.0,0.0
27,1,20,27,0.0,0.0
27,1,20,28,0.0,0.0
27,1,20,29,0.0,0.0
27,1,20,30,0.0,0.0
27,1,20,31,0.0,0.0
27,1,20,32,0.0,0.0
27,1,20,33,0.0,0.0
27,1,20,34,0.0,0.0
27,1,20,35,0.0,0.0
27,1,20,36,0.0,0.0
27,1,20,37,0.0,0.0
27,1,20,38,0.0,0.0
27,1,20,39,0.2,0.2
27,1,40,0,0.0,0.0
27,1,40,1,0.0,0.0
27,1,40,2,0.0,0.0
27,1,40,3,0.0,0.0
27,1,40,4,0.0,0.0
27,1,40,5,0.0,0.0
27,1,40,6,0.0,0.0
27,1,40,7,0.0,0.0
27,1,40,8,0.0,0.0
27,1,40,9,0.0,0.0
27,1,40,10,0.0,0.0
27,1,40,11,0.0,0.0
27,1,40,12,0.0,0.0
27,1,40,13,0.0,0.0
27,1,40,14,0.0,0.0
27,1,40,15,0.0,0.0
27,1,40,16,0.0,0.0
27,1,40,17,0.0,0.0
27,1,40,18,0.0,0.0
27,1,40,19,0.0,0.0
27,1,40,20,0.0,0.0
27,1,40,21,0.0,0.0
27,1,40,22,0.0,0.0
27,1,40,23,0.0,0.0
27,1,40,24,0.0,0.0
27,1,40,25,0.0,0.0
27,1,40,26,0.0,0.0
27,1,40,27,0.0,0.0
27,1,40,28,0.0,0.0
27,1,40,29,0.0,0.0
27,1,40,30,0.0,0.0
27,1,40,31,0.0,0.0
27,1,40,32,0.0,0.0
27,1,40,33,0.0,0.0
27,1,40,34,0.0,0.0
27,1,40,35,0.0,0.0
27,1,40,36,0.0,0.0
27,1,40,37,0.0,0.0
27,1,40,38,0.0,0.0
27,1,40,39,0.3,0.4
27,2,0,0,0.0,0.0
27,2,0,1,0.0,0.0
27,2,0,2,0.0,0.0
27,2,0,3,0.0,0.0
27,2,0,4,0.0,0.0
27,2,0,5,0.0,0.0
27,2,0,6,0.2,0.2
27,2,0,7,0.2,0.2
27,2,0,8,0.2,0.2
27,2,0,9,0.2,0.2
27,2,0,10,0.2,0.2
27,2,0,11,0.2,0.2
27,2,0,12,0.2,0.2
27,2,0,13,0.2,0.2
27,2,0,14,0.2,0.2
27,2,0,15,0.2,0.2
27,2,0,16,0.2,0.2
27,2,0,17,0.2,0.2
27,2,0,18,0.2,0.2
27,2,0,19,0.4,0.4
27,2,0,20,0.4,0.4
27,2,0,21,0.4,0.4
27,2,0,22,0.4,0.4
27,2,0,23,0.3,0.3
27,2,0,24,0.3,0.3
27,2,0,25,0.3,0.3
27,2,0,26,0.3,0.3
27,2,0,27,0.3,0.3
27,2,0,28,0.3,0.3
27,2,0,29,0.3,0.3
27,2,0,30,0.3,0.3
27,2,0,31,0.3,0.3
27,2,0,32,0.3,0.3
27,2,0,33,0.3,0.3
27,2,0,34,0.2,0.2
27,2,0,35,0.2,0.2
27,2,0,36,0.2,0.2
27,2,0,37,0.2,0.2
27,2,0,38,0.0,0.0
27,2,0,39,0.4,0.3
27,2,20,0,0.0,0.0
27,2,20,1,0.0,0.0
27,2,20,2,0.0,0.0
27,2,20,3,0.0,0.0
27,2,20,4,0.0,0.0
27,2,20,5,0.0,0.0
27,2,20,6,0.0,0.0
27,2,20,7,0.0,0.0
27,2,20,8,0.0,0.0
27,2,20,9,0.0,0.0
27,2,20,10,0.0,0.0
27,2,20,11,0.0,0.0
27,2,20,12,0.0,0.0
27,2,20,13,0.0,0.0
27,2,20,14,0.0,0.0
27,2,20,15,0.0,0.0
27,2,20,16,0.0,0.0
27,2,20,17,0.0,0.0
27,2,20,18,0.0,0.0
27,2,20,19,0.0,0.0
27,2,20,20,0.0,0.0
27,2,20,21,0.0,0.0
27,2,20,22,0.0,0.0
27,2,20,23,0.0,0.0
27,2,20,24,0.0,0.0
27,2,20,25,0.0,0.0
27,2,20,26,0.0,0.0
27,2,20,27,0.0,0.0
27,2,20,28,0.0,0.0
27,2,20,29,0.0,0.0
27,2,20,30,0.0,0.0
27,2,20,31,0.0,0.0
27,2,20,32,0.0,0.0
27,2,20,33,0.0,0.0
27,2,20,34,0.0,0.0
27,2,20,35,0.0,0.0
27,2,20,36,0.0,0.0
27,2,20,37,0.0,0.0
27,2,20,38,0.0,0.0
27,2,20,39,0.3,0.2
27,2,40,0,0.0,0.0
27,2,40,1,0.0,0.0
27,2,40,2,0.0,0.1
27,2,40,3,0.0,0.0
27,2,40,4,0.0,0.0
27,2,40,5,0.0,0.0
27,2,40,6,0.0,0.0
27,2,40,7,0.0,0.0
27,2,40,8,0.0,0.0
27,2,40,9,0.0,0.0
27,2,40,10,0.0,0.0
27,2,40,11,0.0,0.0
27,2,40,12,0.0,0.0
27,2,40,13,0.0,0.0
27,2,40,14,0.0,0.0
27,2,40,15,0.0,0.0
27,2,40,16,0.0,0.0
27,2,40,17,0.0,0.0
27,2,40,18,0.0,0.0
27,2,40,19,0.0,0.0
27,2,40,20,0.0,0.0
27,2,40,21,0.0,0.0
27,2,40,22,0.0,0.0
27,2,40,23,0.0,0.0
27,2,40,24,0.0,0.0
27,2,40,25,0.0,0.0
27,2,40,26,0.0,0.0
27,2,40,27,0.0,0.0
27,2,40,28,0.0,0.0
27,2,40,29,0.0,0.0
27,2,40,30,0.0,0.0
27,2,40,31,0.0,0.0
27,2,40,32,0.0,0.0
27,2,40,33,0.0,0.0
27,2,40,34,0.0,0.0
27,2,40,35,0.0,0.0
27,2,40,36,0.0,0.0
27,2,40,37,0.0,0.0
27,2,40,38,0.0,0.0
27,2,40,39,0.1,0.1
28,0,0,0,0.0,0.0
28,0,0,1,0.0,0.0
28,0,0,2,0.0,0.1
28,0,0,3,0.0,0.1
28,0,0,4,0.0,0.0
28,0,0,5,0.0,0.0
28,0,0,6,0.0,0.0
28,0,0,7,0.0,0.0
28,0,0,8,0.0,0.0
28,0,0,9,0.0,0.0
28,0,0,10,0.0,0.0
28,0,0,11,0.0,0.0
28,0,0,12,0.0,0.0
28,0,0,13,0.0,0.0
28,0,0,14,0.0,0.0
28,0,0,15,0.0,0.0
28,0,0,16,0.0,0.0
28,0,0,17,0.0,0.0
28,0,0,18,0.0,0.0
28,0,0,19,0.0,0.0
28,0,0,20,0.0,0.0
28,0,0,21,0.0,0.0
28,0,0,22,0.0,0.0
28,0,0,23,0.0,0.0
28,0,0,24,0.0,0.0
28,0,0,25,0.0,0.0
28,0,0,26,0.0,0.0
28,0,0,27,0.0,0.0
28,0,0,28,0.0,0.0
28,0,0,29,0.0,0.0
28,0,0,30,0.0,0.0
28,0,0,31,0.0,0.0
28,0,0,32,0.0,0.0
28,0,0,33,0.0,0.0
28,0,0,34,0.0,0.0
28,0,0,35,0.0,0.0
28,0,0,36,0.0,0.0
28,0,0,37,0.0,0.0
28,0,0,38,0.0,0.0
28,0,0,39,0.3,0.2
28,0,20,0,0.0,0.0
28,0,20,1,0.0,0.0
28,0,20,2,0.0,0.0
28,0,20,3,0.0,0.0
28,0,20,4,0.0,0.0
28,0,20,5,0.0,0.0
28,0,20,6,0.0,0.0
28,0,20,7,0.0,0.0
28,0,20,8,0.0,0.0
28,0,20,9,0.0,0.0
28,0,20,10,0.0,0.0
28,0,20,11,0.0,0.0
28,0,20,12,0.0,0.0
28,0,20,13,0.0,0.0
28,0,20,14,0.0,0.0
28,0,20,15,0.0,0.0
28,0,20,16,0.0,0.0
28,0,20,17,0.0,0.0
28,0,20,18,0.0,0.0
28,0,20,19,0.0,0.0
28,0,20,20,0.0,0.0
28,0,20,21,0.0,0.0
28,0,20,22,0.0,0.0
28,0,20,23,0.0,0.0
28,0,20,24,0.0,0.0
28,0,20,25,0.0,0.0
28,0,20,26,0.0,0.0
28,0,20,27,0.0,0.0
28,0,20,28,0.0,0.0
28,0,20,29,0.0,0.0
28,0,20,30,0.0,0.0
28,0,20,31,0.0,0.0
28,0,20,32,0.0,0.0
28,0,20,33,0.0,0.0
28,0,20,34,0.0,0.0
28,0,20,35,0.0,0.0
28,0,20,36,0.0,0.0
28,0,20,37,0.0,0.0
28,0,20,38,0.0,0.0
28,0,20,39,0.2,0.3
28,0,40,0,0.0,0.0
28,0,40,1,0.0,0.0
28,0,40,2,0.0,0.0
28,0,40,3,0.0,0.0
28,0,40,4,0.0,0.0
28,0,40,5,0.0,0.0
28,0,40,6,0.2,0.2
28,0,40,7,0.1,0.1
28,0,40,8,0.1,0.1
28,0,40,9,0.1,0.1
28,0,40,10,0.1,0.1
28,0,40,11,0.1,0.1
28,0,40,12,0.1,0.1
28,0,40,13,0.2,0.2
28,0,40,14,0.2,0.2
28,0,40,15,0.2,0.2
28,0,40,16,0.2,0.2
28,0,40,17,0.3,0.2
28,0,40,18,0.3,0.2
28,0,40,19,0.3,0.3
28,0,40,20,0.3,0.3
28,0,40,21,0.3,0.3
28,0,40,22,0.3,0.3
28,0,40,23,0.3,0.3
28,0,40,24,0.3,0.3
28,0,40,25,0.3,0.3
28,0,40,26,0.3,0.3
28,0,40,27,0.3,0.3
28,0,40,28,0.3,0.3
28,0,40,29,0.4,0.3
28,0,40,30,0.4,0.3
28,0,40,31,0.4,0.3
28,0,40,32,0.4,0.3
28,0,40,33,0.3,0.3
28,0,40,34,0.2,0.1
28,0,40,35,0.2,0.1
28,0,40,36,0.2,0.1
28,0,40,37,0.2,0.1
28,0,40,38,0.0,0.0
28,0,40,39,0.4,0.5
28,1,0,0,0.0,0.1
28,1,0,1,0.0,0.1
28,1,0,2,0.0,0.1
28,1,0,3,0.0,0.1
28,1,0,4,0.0,0.0
28,1,0,5,0.0,0.0
28,1,0,6,0.7,0.7
28,1,0,7,0.8,0.8
28,1,0,8,0.8,0.8
28,1,0,9,0.8,0.8
28,1,0,10,0.7,0.7
28,1,0,11,0.7,0.7
28,1,0,12,0.7,0.7
28,1,0,13,0.7,0.7
28,1,0,14,0.7,0.7
28,1,0,15,0.7,0.7
28,1,0,16,0.7,0.7
28,1,0,17,0.7,0.7
28,1,0,18,0.7,0.7
28,1,0,19,0.7,0.7
28,1,0,20,0.7,0.7
28,1,0,21,0.7,0.7
28,1,0,22,0.7,0.7
28,1,0,23,0.7,0.7
28,1,0,24,0.7,0.7
28,1,0,25,0.7,0.7
28,1,0,26,0.7,0.7
28,1,0,27,0.7,0.7
28,1,0,28,0.6,0.6
28,1,0,29,0.6,0.6
28,1,0,30,0.5,0.5
28,1,0,31,0.6,0.6
28,1,0,32,0.5,0.5
28,1,0,33,0.5,0.5
28,1,0,34,0.5,0.5
28,1,0,35,0.5,0.5
28,1,0,36,0.5,0.5
28,1,0,37,0.6,0.6
28,1,0,38,0.2,0.2
28,1,0,39,0.3,0.2
28,1,20,0,0.0,0.0
28,1,20,1,0.0,0.0
28,1,20,2,0.0,0.0
28,1,20,3,0.0,0.0
28,1,20,4,0.0,0.0
28,1,20,5,0.0,0.0
28,1,20,6,0.1,0.0
28,1,20,7,0.0,0.0
28,1,20,8,0.0,0.0
28,1,20,9,0.0,0.0
28,1,20,10,0.0,0.0
28,1,20,11,0.0,0.0
28,1,20,12,0.0,0.0
28,1,20,13,0.0,0.0
28,1,20,14,0.0,0.1
28,1,20,15,0.0,0.1
28,1,20,16,0.0,0.1
28,1,20,17,0.0,0.1
28,1,20,18,0.0,0.1
28,1,20,19,0.1,0.0
28,1,20,20,0.0,0.0
28,1,20,21,0.0,0.0
28,1,20,22,0.0,0.0
28,1,20,23,0.0,0.0
28,1,20,24,0.0,0.1
28,1,20,25,0.0,0.0
28,1,20,26,0.0,0.0
28,1,20,27,0.0,0.0
28,1,20,28,0.0,0.0
28,1,20,29,0.0,0.0
28,1,20,30,0.0,0.0
28,1,20,31,0.0,0.0
28,1,20,32,0.0,0.0
28,1,20,33,0.0,0.0
28,1,20,34,0.0,0.0
28,1,20,35,0.0,0.0
28,1,20,36,0.0,0.0
28,1,20,37,0.0,0.0
28,1,20,38,0.0,0.0
28,1,20,39,0.1,0.7
28,1,40,0,0.0,0.0
28,1,40,1,0.0,0.0
28,1,40,2,0.0,0.0
28,1,40,3,0.0,0.0
28,1,40,4,0.0,0.0
28,1,40,5,0.0,0.0
28,1,40,6,0.0,0.0
28,1,40,7,0.0,0.0
28,1,40,8,0.0,0.0
28,1,40,9,0.0,0.0
28,1,40,10,0.0,0.0
28,1,40,11,0.0,0.0
28,1,40,12,0.0,0.0
28,1,40,13,0.0,0.0
28,1,40,14,0.0,0.0
28,1,40,15,0.0,0.0
28,1,40,16,0.0,0.0
28,1,40,17,0.0,0.0
28,1,40,18,0.0,0.0
28,1,40,19,0.0,0.0
28,1,40,20,0.0,0.0
28,1,40,21,0.0,0.0
28,1,40,22,0.0,0.0
28,1,40,23,0.0,0.0
28,1,40,24,0.0,0.0
28,1,40,25,0.0,0.0
28,1,40,26,0.0,0.0
28,1,40,27,0.0,0.0
28,1,40,28,0.0,0.0
28,1,40,29,0.0,0.0
28,1,40,30,0.0,0.0
28,1,40,31,0.0,0.0
28,1,40,32,0.0,0.0
28,1,40,33,0.0,0.0
28,1,40,34,0.0,0.0
28,1,40,35,0.0,0.0
28,1,40,36,0.0,0.0
28,1,40,37,0.0,0.0
28,1,40,38,0.0,0.0
28,1,40,39,0.1,0.2
28,2,0,0,0.0,0.0
28,2,0,1,0.0,0.0
28,2,0,2,0.0,0.0
28,2,0,3,0.0,0.0
28,2,0,4,0.0,0.0
28,2,0,5,0.0,0.0
28,2,0,6,0.6,0.6
28,2,0,7,0.6,0.6
28,2,0,8,0.6,0.6
28,2,0,9,0.6,0.6
28,2,0,10,0.6,0.6
28,2,0,11,0.6,0.6
28,2,0,12,0.6,0.6
28,2,0,13,0.6,0.6
28,2,0,14,0.6,0.6
28,2,0,15,0.6,0.6
28,2,0,16,0.6,0.6
28,2,0,17,0.6,0.6
28,2,0,18,0.6,0.6
28,2,0,19,0.6,0.6
28,2,0,20,0.5,0.5
28,2,0,21,0.5,0.5
28,2,0,22,0.5,0.5
28,2,0,23,0.5,0.5
28,2,0,24,0.5,0.5
28,2,0,25,0.5,0.5
28,2,0,26,0.5,0.5
28,2,0,27,0.5,0.5
28,2,0,28,0.5,0.5
28,2,0,29,0.5,0.5
28,2,0,30,0.5,0.5
28,2,0,31,0.5,0.5
28,2,0,32,0.5,0.5
28,2,0,33,0.5,0.5
28,2,0,34,0.5,0.5
28,2,0,35,0.5,0.5
28,2,0,36,0.5,0.5
28,2,0,37,0.6,0.6
28,2,0,38,0.0,0.0
28,2,0,39,0.3,0.2
28,2,20,0,0.0,0.0
28,2,20,1,0.0,0.0
28,2,20,2,0.0,0.0
28,2,20,3,0.0,0.0
28,2,20,4,0.0,0.0
28,2,20,5,0.0,0.0
28,2,20,6,0.0,0.0
28,2,20,7,0.0,0.0
28,2,20,8,0.0,0.0
28,2,20,9,0.0,0.0
28,2,20,10,0.0,0.0
28,2,20,11,0.0,0.0
28,2,20,12,0.0,0.0
28,2,20,13,0.0,0.0
28,2,20,14,0.0,0.0
28,2,20,15,0.0,0.0
28,2,20,16,0.0,0.0
28,2,20,17,0.0,0.0
28,2,20,18,0.0,0.0
28,2,20,19,0.0,0.0
28,2,20,20,0.0,0.0
28,2,20,21,0.0,0.0
28,2,20,22,0.0,0.0
28,2,20,23,0.0,0.0
28,2,20,24,0.0,0.0
28,2,20,25,0.0,0.0
28,2,20,26,0.0,0.0
28,2,20,27,0.0,0.0
28,2,20,28,0.0,0.0
28,2,20,29,0.0,0.0
28,2,20,30,0.0,0.0
28,2,20,31,0.0,0.0
28,2,20,32,0.0,0.0
28,2,20,33,0.0,0.0
28,2,20,34,0.0,0.0
28,2,20,35,0.0,0.0
28,2,20,36,0.0,0.0
28,2,20,37,0.0,0.0
28,2,20,38,0.0,0.0
28,2,20,39,0.3,0.3
28,2,40,0,0.0,0.0
28,2,40,1,0.0,0.0
28,2,40,2,0.0,0.0
28,2,40,3,0.0,0.0
28,2,40,4,0.0,0.0
28,2,40,5,0.0,0.0
28,2,40,6,0.0,0.0
28,2,40,7,0.0,0.0
28,2,40,8,0.0,0.0
28,2,40,9,0.0,0.0
28,2,40,10,0.0,0.0
28,2,40,11,0.0,0.0
28,2,40,12,0.0,0.0
28,2,40,13,0.0,0.0
28,2,40,14,0.0,0.0
28,2,40,15,0.0,0.0
28,2,40,16,0.0,0.0
28,2,40,17,0.0,0.0
28,2,40,18,0.0,0.0
28,2,40,19,0.0,0.0
28,2,40,20,0.0,0.0
28,2,40,21,0.0,0.0
28,2,40,22,0.0,0.0
28,2,40,23,0.0,0.0
28,2,40,24,0.0,0.0
28,2,40,25,0.0,0.0
28,2,40,26,0.0,0.0
28,2,40,27,0.0,0.0
28,2,40,28,0.0,0.0
28,2,40,29,0.0,0.0
28,2,40,30,0.0,0.0
28,2,40,31,0.0,0.0
28,2,40,32,0.0,0.0
28,2,40,33,0.0,0.0
28,2,40,34,0.0,0.0
28,2,40,35,0.0,0.0
28,2,40,36,0.0,0.0
28,2,40,37,0.0,0.0
28,2,40,38,0.0,0.0
28,2,40,39,0.3,0.3
29,0,0,0,0.0,0.0
29,0,0,1,0.0,0.0
29,0,0,2,0.0,0.1
29,0,0,3,0.0,0.1
29,0,0,4,0.0,0.0
29,0,0,5,0.0,0.0
29,0,0,6,0.0,0.0
29,0,0,7,0.0,0.0
29,0,0,8,0.0,0.0
29,0,0,9,0.0,0.0
29,0,0,10,0.0,0.0
29,0,0,11,0.0,0.0
29,0,0,12,0.0,0.0
29,0,0,13,0.0,0.0
29,0,0,14,0.0,0.0
29,0,0,15,0.0,0.0
29,0,0,16,0.0,0.0
29,0,0,17,0.0,0.0
29,0,0,18,0.0,0.0
29,0,0,19,0.0,0.0
29,0,0,20,0.0,0.0
29,0,0,21,0.0,0.0
29,0,0,22,0.0,0.0
29,0,0,23,0.0,0.0
29,0,0,24,0.0,0.0
29,0,0,25,0.0,0.0
29,0,0,26,0.0,0.0
29,0,0,27,0.0,0.0
29,0,0,28,0.0,0.0
29,0,0,29,0.0,0.0
29,0,0,30,0.0,0.0
29,0,0,31,0.0,0.0
29,0,0,32,0.0,0.0
29,0,0,33,0.0,0.0
29,0,0,34,0.0,0.0
29,0,0,35,0.0,0.0
29,0,0,36,0.0,0.0
29,0,0,37,0.0,0.0
29,0,0,38,0.0,0.0
29,0,0,39,0.2,0.1
29,0,20,0,0.0,0.0
29,0,20,1,0.0,0.0
29,0,20,2,0.0,0.0
29,0,20,3,0.0,0.0
29,0,20,4,0.0,0.0
29,0,20,5,0.0,0.0
29,0,20,6,0.8,0.8
29,0,20,7,0.7,0.8
29,0,20,8,0.8,0.8
29,0,20,9,0.8,0.8
29,0,20,10,0.8,0.8
29,0,20,11,0.7,0.8
29,0,20,12,0.7,0.8
29,0,20,13,0.7,0.8
29,0,20,14,0.7,0.8
29,0,20,15,0.7,0.8
29,0,20,16,0.7,0.8
29,0,20,17,0.7,0.8
29,0,20,18,0.7,0.8
29,0,20,19,0.5,0.5
29,0,20,20,0.5,0.5
29,0,20,21,0.5,0.5
29,0,20,22,0.5,0.5
29,0,20,23,0.5,0.5
29,0,20,24,0.5,0.5
29,0,20,25,0.5,0.5
29,0,20,26,0.5,0.5
29,0,20,27,0.5,0.5
29,0,20,28,0.5,0.5
29,0,20,29,0.5,0.5
29,0,20,30,0.5,0.4
29,0,20,31,0.6,0.5
29,0,20,32,0.6,0.5
29,0,20,33,0.6,0.5
29,0,20,34,0.6,0.5
29,0,20,35,0.6,0.5
29,0,20,36,0.6,0.5
29,0,20,37,0.6,0.7
29,0,20,38,0.4,0.3
29,0,20,39,0.7,0.5
29,0,40,0,0.0,0.0
29,0,40,1,0.0,0.0
29,0,40,2,0.0,0.0
29,0,40,3,0.0,0.0
29,0,40,4,0.0,0.0
29,0,40,5,0.0,0.0
29,0,40,6,0.8,0.8
29,0,40,7,0.7,0.7
29,0,40,8,0.8,0.7
29,0,40,9,0.8,0.7
29,0,40,10,0.8,0.7
29,0,40,11,0.7,0.7
29,0,40,12,0.7,0.7
29,0,40,13,0.7,0.7
29,0,40,14,0.7,0.7
29,0,40,15,0.7,0.7
29,0,40,16,0.7,0.7
29,0,40,17,0.7,0.7
29,0,40,18,0.7,0.7
29,0,40,19,0.6,0.6
29,0,40,20,0.7,0.7
29,0,40,21,0.7,0.7
29,0,40,22,0.7,0.7
29,0,40,23,0.7,0.7
29,0,40,24,0.7,0.7
29,0,40,25,0.7,0.7
29,0,40,26,0.7,0.7
29,0,40,27,0.7,0.7
29,0,40,28,0.7,0.7
29,0,40,29,0.7,0.7
29,0,40,30,0.6,0.6
29,0,40,31,0.7,0.7
29,0,40,32,0.7,0.7
29,0,40,33,0.7,0.7
29,0,40,34,0.7,0.7
29,0,40,35,0.7,0.7
29,0,40,36,0.7,0.6
29,0,40,37,0.6,0.6
29,0,40,38,0.4,0.4
29,0,40,39,0.4,0.3
29,1,0,0,0.0,0.0
29,1,0,1,0.0,0.0
29,1,0,2,0.0,0.0
29,1,0,3,0.0,0.0
29,1,0,4,0.0,0.0
29,1,0,5,0.0,0.0
29,1,0,6,0.7,0.7
29,1,0,7,0.7,0.7
29,1,0,8,0.6,0.6
29,1,0,9,0.6,0.6
29,1,0,10,0.6,0.6
29,1,0,11,0.6,0.6
29,1,0,12,0.6,0.6
29,1,0,13,0.6,0.6
29,1,0,14,0.6,0.6
29,1,0,15,0.6,0.6
29,1,0,16,0.6,0.6
29,1,0,17,0.6,0.6
29,1,0,18,0.6,0.6
29,1,0,19,0.6,0.6
29,1,0,20,0.6,0.6
29,1,0,21,0.6,0.6
29,1,0,22,0.6,0.6
29,1,0,23,0.5,0.5
29,1,0,24,0.6,0.6
29,1,0,25,0.5,0.5
29,1,0,26,0.6,0.6
29,1,0,27,0.6,0.6
29,1,0,28,0.6,0.6
29,1,0,29,0.6,0.6
29,1,0,30,0.5,0.5
29,1,0,31,0.5,0.5
29,1,0,32,0.5,0.5
29,1,0,33,0.5,0.5
29,1,0,34,0.5,0.5
29,1,0,35,0.5,0.5
29,1,0,36,0.5,0.5
29,1,0,37,0.5,0.5
29,1,0,38,0.0,0.0
29,1,0,39,0.4,0.3
29,1,20,0,0.0,0.0
29,1,20,1,0.0,0.0
29,1,20,2,0.0,0.0
29,1,20,3,0.0,0.0
29,1,20,4,0.0,0.0
29,1,20,5,0.0,0.0
29,1,20,6,0.3,0.0
29,1,20,7,0.3,0.0
29,1,20,8,0.3,0.0
29,1,20,9,0.3,0.0
29,1,20,10,0.3,0.0
29,1,20,11,0.3,0.0
29,1,20,12,0.3,0.0
29,1,20,13,0.3,0.0
29,1,20,14,0.3,0.0
29,1,20,15,0.3,0.0
29,1,20,16,0.3,0.0
29,1,20,17,0.3,0.0
29,1,20,18,0.3,0.0
29,1,20,19,0.4,0.0
29,1,20,20,0.3,0.0
29,1,20,21,0.2,0.0
29,1,20,22,0.3,0.0
29,1,20,23,0.2,0.0
29,1,20,24,0.2,0.0
29,1,20,25,0.2,0.0
29,1,20,26,0.2,0.0
29,1,20,27,0.3,0.0
29,1,20,28,0.3,0.0
29,1,20,29,0.3,0.0
29,1,20,30,0.2,0.0
29,1,20,31,0.2,0.0
29,1,20,32,0.1,0.0
29,1,20,33,0.1,0.0
29,1,20,34,0.1,0.0
29,1,20,35,0.1,0.0
29,1,20,36,0.1,0.0
29,1,20,37,0.0,0.0
29,1,20,38,0.0,0.0
29,1,20,39,0.2,0.8
29,1,40,0,0.0,0.0
29,1,40,1,0.0,0.0
29,1,40,2,0.0,0.0
29,1,40,3,0.0,0.0
29,1,40,4,0.0,0.0
29,1,40,5,0.0,0.0
29,1,40,6,0.0,0.0
29,1,40,7,0.0,0.0
29,1,40,8,0.0,0.0
29,1,40,9,0.0,0.0
29,1,40,10,0.0,0.0
29,1,40,11,0.0,0.0
29,1,40,12,0.0,0.0
29,1,40,13,0.0,0.0
29,1,40,14,0.0,0.0
29,1,40,15,0.0,0.0
29,1,40,16,0.0,0.0
29,1,40,17,0.0,0.0
29,1,40,18,0.0,0.0
29,1,40,19,0.0,0.0
29,1,40,20,0.0,0.0
29,1,40,21,0.0,0.0
29,1,40,22,0.0,0.0
29,1,40,23,0.0,0.0
29,1,40,24,0.0,0.0
29,1,40,25,0.0,0.0
29,1,40,26,0.0,0.0
29,1,40,27,0.0,0.0
29,1,40,28,0.0,0.0
29,1,40,29,0.0,0.0
29,1,40,30,0.0,0.0
29,1,40,31,0.0,0.0
29,1,40,32,0.0,0.0
29,1,40,33,0.0,0.0
29,1,40,34,0.0,0.0
29,1,40,35,0.0,0.0
29,1,40,36,0.0,0.0
29,1,40,37,0.0,0.0
29,1,40,38,0.0,0.0
29,1,40,39,0.1,0.1
29,2,0,0,0.0,0.0
29,2,0,1,0.0,0.0
29,2,0,2,0.0,0.0
29,2,0,3,0.0,0.0
29,2,0,4,0.0,0.0
29,2,0,5,0.0,0.0
29,2,0,6,0.6,0.6
29,2,0,7,0.6,0.6
29,2,0,8,0.6,0.6
29,2,0,9,0.6,0.6
29,2,0,10,0.6,0.6
29,2,0,11,0.6,0.6
29,2,0,12,0.6,0.6
29,2,0,13,0.6,0.6
29,2,0,14,0.6,0.6
29,2,0,15,0.6,0.6
29,2,0,16,0.5,0.5
29,2,0,17,0.5,0.5
29,2,0,18,0.4,0.4
29,2,0,19,0.6,0.6
29,2,0,20,0.6,0.6
29,2,0,21,0.5,0.5
29,2,0,22,0.5,0.5
29,2,0,23,0.5,0.5
29,2,0,24,0.5,0.5
29,2,0,25,0.5,0.5
29,2,0,26,0.5,0.5
29,2,0,27,0.5,0.5
29,2,0,28,0.5,0.5
29,2,0,29,0.5,0.5
29,2,0,30,0.5,0.5
29,2,0,31,0.5,0.5
29,2,0,32,0.5,0.5
29,2,0,33,0.5,0.5
29,2,0,34,0.5,0.5
29,2,0,35,0.5,0.5
29,2,0,36,0.5,0.5
29,2,0,37,0.5,0.5
29,2,0,38,0.0,0.0
29,2,0,39,0.4,0.3
29,2,20,0,0.2,0.0
29,2,20,1,0.0,0.0
29,2,20,2,0.0,0.0
29,2,20,3,0.1,0.0
29,2,20,4,0.0,0.0
29,2,20,5,0.0,0.0
29,2,20,6,0.0,0.0
29,2,20,7,0.0,0.0
29,2,20,8,0.0,0.0
29,2,20,9,0.0,0.0
29,2,20,10,0.0,0.0
29,2,20,11,0.0,0.0
29,2,20,12,0.0,0.0
29,2,20,13,0.0,0.0
29,2,20,14,0.0,0.0
29,2,20,15,0.0,0.0
29,2,20,16,0.0,0.0
29,2,20,17,0.0,0.0
29,2,20,18,0.0,0.0
29,2,20,19,0.0,0.0
29,2,20,20,0.0,0.0
29,2,20,21,0.0,0.0
29,2,20,22,0.0,0.0
29,2,20,23,0.0,0.0
29,2,20,24,0.0,0.0
29,2,20,25,0.0,0.0
29,2,20,26,0.0,0.0
29,2,20,27,0.0,0.0
29,2,20,28,0.0,0.0
29,2,20,29,0.0,0.0
29,2,20,30,0.0,0.0
29,2,20,31,0.0,0.0
29,2,20,32,0.0,0.0
29,2,20,33,0.0,0.0
29,2,20,34,0.0,0.0
29,2,20,35,0.0,0.0
29,2,20,36,0.0,0.0
29,2,20,37,0.0,0.0
29,2,20,38,0.0,0.0
29,2,20,39,0.1,0.0
29,2,40,0,0.2,0.0
29,2,40,1,0.0,0.0
29,2,40,2,0.0,0.0
29,2,40,3,0.1,0.0
29,2,40,4,0.0,0.0
29,2,40,5,0.0,0.0
29,2,40,6,0.0,0.0
29,2,40,7,0.0,0.0
29,2,40,8,0.0,0.0
29,2,40,9,0.0,0.0
29,2,40,10,0.0,0.0
29,2,40,11,0.0,0.0
29,2,40,12,0.0,0.0
29,2,40,13,0.0,0.0
29,2,40,14,0.0,0.0
29,2,40,15,0.0,0.0
29,2,40,16,0.0,0.0
29,2,40,17,0.0,0.0
29,2,40,18,0.0,0.0
29,2,40,19,0.0,0.0
29,2,40,20,0.0,0.0
29,2,40,21,0.0,0.0
29,2,40,22,0.0,0.0
29,2,40,23,0.0,0.0
29,2,40,24,0.0,0.0
29,2,40,25,0.0,0.0
29,2,40,26,0.0,0.0
29,2,40,27,0.0,0.0
29,2,40,28,0.0,0.0
29,2,40,29,0.0,0.0
29,2,40,30,0.0,0.0
29,2,40,31,0.0,0.0
29,2,40,32,0.0,0.0
29,2,40,33,0.0,0.0
29,2,40,34,0.0,0.0
29,2,40,35,0.0,0.0
29,2,40,36,0.0,0.0
29,2,40,37,0.0,0.0
29,2,40,38,0.0,0.0
29,2,40,39,0.1,0.1
